<?xml version="1.0" encoding="UTF-8"?>
<kml xmlns="http://www.opengis.net/kml/2.2"><Document><name>Mojave Desert Tortoise Conservation Bank - Ephemeral/Intermittent Stream service areas</name><description><![CDATA[Source: CDFW Advance Mitigation Dashboard, Bank_ServiceAreas_Split_2025 FeatureServer layer 3. Filter: Bank_Name = 'Mojave Desert Tortoise Conservation Bank' AND dash_group_only = 'stream'. Reprojected EPSG:3311 to WGS84.]]></description><Style id="sa"><LineStyle><color>ff3c8c1e</color><width>2</width></LineStyle><PolyStyle><color>6478c8a0</color></PolyStyle></Style><Placemark><name>Mojave Desert Tortoise Conservation Bank (sites 1-5) - stream</name><description><![CDATA[Bank: Mojave Desert Tortoise Conservation Bank<br/>Site group: Mojave Desert Tortoise Conservation Bank (sites 1-5)<br/>Credit type: Ephemeral/Intermittent Stream<br/>Credit group: stream<br/>HCPB number: 1798-2018-02-R6<br/>Status: Open<br/>Credits available: Yes<br/>CDFW region: R6 - Inland Deserts Region<br/>Note: This is non-contiguous bank with multiple sites<br/>OBJECTID: 242]]></description><styleUrl>#sa</styleUrl><Polygon><tessellate>1</tessellate><outerBoundaryIs><LinearRing><coordinates>-115.8890669,35.4647816,0 -115.8882577,35.4642621,0 -115.8873171,35.4634075,0 -115.8856413,35.4625905,0 -115.8845683,35.4614675,0 -115.8834104,35.4605886,0 -115.8818182,35.4596389,0 -115.8808455,35.4591401,0 -115.8793554,35.458681,0 -115.8780331,35.4578896,0 -115.877327,35.4577939,0 -115.8762629,35.4580067,0 -115.8740955,35.458901,0 -115.8736429,35.4588959,0 -115.8732964,35.4590373,0 -115.8725742,35.4594952,0 -115.8722128,35.4596608,0 -115.8704929,35.4600677,0 -115.8700883,35.4600957,0 -115.8702422,35.4604883,0 -115.8701756,35.4613559,0 -115.869872,35.4616648,0 -115.8696524,35.4617963,0 -115.8680203,35.4617587,0 -115.8663861,35.4618769,0 -115.8657382,35.4620066,0 -115.8648087,35.4618176,0 -115.8639728,35.4612754,0 -115.8631944,35.4605112,0 -115.8621763,35.4593885,0 -115.8609782,35.4587626,0 -115.8597424,35.4581979,0 -115.8588256,35.4580122,0 -115.8549037,35.4580857,0 -115.8522456,35.4586578,0 -115.8516987,35.4589625,0 -115.8513213,35.459003,0 -115.850564,35.4590179,0 -115.8455691,35.4584835,0 -115.844521,35.458031,0 -115.8392273,35.454946,0 -115.8363741,35.4533481,0 -115.8330687,35.4512806,0 -115.8325075,35.4507236,0 -115.8321722,35.4499182,0 -115.8320155,35.4492197,0 -115.8319967,35.4488898,0 -115.8322955,35.4478858,0 -115.8322732,35.4475077,0 -115.8318367,35.445853,0 -115.8316151,35.4417305,0 -115.8318053,35.4385465,0 -115.8321951,35.4365149,0 -115.8327783,35.4343396,0 -115.8327859,35.4330397,0 -115.8325603,35.4322824,0 -115.831442,35.4321313,0 -115.8307972,35.4318596,0 -115.8302125,35.4315399,0 -115.829142,35.430792,0 -115.8262462,35.429171,0 -115.8258236,35.4284884,0 -115.8254319,35.4281601,0 -115.8249266,35.4282142,0 -115.8233316,35.4288477,0 -115.8219425,35.4288,0 -115.8204977,35.4291675,0 -115.8189469,35.429432,0 -115.8182107,35.4291532,0 -115.8178408,35.428946,0 -115.8175335,35.4290579,0 -115.817137,35.429428,0 -115.8168509,35.4301208,0 -115.816753,35.4301597,0 -115.8163307,35.4299232,0 -115.8159874,35.4298369,0 -115.8154135,35.4302627,0 -115.8143297,35.4308992,0 -115.812719,35.4315139,0 -115.8112737,35.4319145,0 -115.8108063,35.4319928,0 -115.8101101,35.4316037,0 -115.8087461,35.4311533,0 -115.8073215,35.4306121,0 -115.807326,35.4305191,0 -115.8075468,35.4303013,0 -115.807569,35.430205,0 -115.8074215,35.4297999,0 -115.8072477,35.4295323,0 -115.8070844,35.4294187,0 -115.8070355,35.4292786,0 -115.8071165,35.4291739,0 -115.8081005,35.4287328,0 -115.8083164,35.4285715,0 -115.8087419,35.4280715,0 -115.8096819,35.42712,0 -115.8103166,35.4266949,0 -115.8104006,35.4264966,0 -115.8104059,35.4261316,0 -115.8102521,35.4255659,0 -115.8102372,35.4252007,0 -115.8105896,35.4246732,0 -115.8109727,35.4234325,0 -115.811137,35.4232848,0 -115.8114008,35.4232708,0 -115.8120921,35.4231283,0 -115.8128898,35.4226383,0 -115.8131533,35.4226409,0 -115.8140019,35.4228318,0 -115.814294,35.4227394,0 -115.8143902,35.4226199,0 -115.8144414,35.4218903,0 -115.8152091,35.4206865,0 -115.8153404,35.4200241,0 -115.8147343,35.4198854,0 -115.8142684,35.4198642,0 -115.8136628,35.4196924,0 -115.8131998,35.4194721,0 -115.8124306,35.4193982,0 -115.8117811,35.4194582,0 -115.8111089,35.4196838,0 -115.8108869,35.4196153,0 -115.8103604,35.4195769,0 -115.8093656,35.4196833,0 -115.8083114,35.4196895,0 -115.8078534,35.4191374,0 -115.8075562,35.4186698,0 -115.8071069,35.4188977,0 -115.806619,35.4189924,0 -115.8063152,35.4189728,0 -115.8058535,35.4186696,0 -115.8044014,35.418174,0 -115.8037008,35.4175698,0 -115.803504,35.4171696,0 -115.803285,35.4169019,0 -115.802457,35.4166946,0 -115.8013854,35.416518,0 -115.8010675,35.4160835,0 -115.8007736,35.4154002,0 -115.7994724,35.4145598,0 -115.799169,35.414256,0 -115.7993417,35.4135442,0 -115.7990893,35.412795,0 -115.7983621,35.4112612,0 -115.7974674,35.4087302,0 -115.7960916,35.4072065,0 -115.7952728,35.4063853,0 -115.7944079,35.4050462,0 -115.7940656,35.4041447,0 -115.793939,35.4039802,0 -115.7937209,35.4038369,0 -115.7936251,35.4036613,0 -115.7935282,35.4032272,0 -115.7933943,35.4031978,0 -115.7929627,35.4033745,0 -115.7922803,35.4032027,0 -115.791918,35.4030332,0 -115.7913781,35.4025466,0 -115.7909041,35.4017122,0 -115.790808,35.4013628,0 -115.790432,35.4009305,0 -115.7893365,35.3999296,0 -115.7892712,35.3997831,0 -115.7893635,35.3963206,0 -115.7896548,35.3958092,0 -115.789639,35.3955103,0 -115.7900601,35.3944526,0 -115.7901242,35.3928769,0 -115.7902929,35.3924306,0 -115.7907854,35.3920207,0 -115.7909942,35.391608,0 -115.7910414,35.3911604,0 -115.7910498,35.3905963,0 -115.790674,35.3899786,0 -115.7904412,35.3891168,0 -115.7899862,35.3883499,0 -115.7901061,35.3878188,0 -115.7902288,35.386808,0 -115.7899164,35.3860289,0 -115.7893912,35.3857038,0 -115.7883927,35.3853053,0 -115.7872288,35.3847681,0 -115.78621,35.3838667,0 -115.7847472,35.382801,0 -115.7835304,35.3820804,0 -115.7827871,35.3814103,0 -115.7821207,35.3811979,0 -115.7813644,35.3813959,0 -115.7805506,35.3817076,0 -115.7797947,35.3818828,0 -115.7791255,35.3818532,0 -115.7781574,35.381295,0 -115.7772847,35.3799609,0 -115.7765774,35.3787655,0 -115.7752364,35.3770382,0 -115.775212,35.3768095,0 -115.7770802,35.3750233,0 -115.7778268,35.3736142,0 -115.7777472,35.3731559,0 -115.7777683,35.373001,0 -115.7784122,35.3726041,0 -115.7785353,35.372209,0 -115.7786622,35.3720943,0 -115.7788169,35.3720367,0 -115.7790296,35.3717599,0 -115.7794734,35.3717561,0 -115.7795854,35.3716971,0 -115.7796611,35.3715909,0 -115.7797311,35.37128,0 -115.7797139,35.3705715,0 -115.779637,35.3701135,0 -115.7787999,35.3682773,0 -115.7780072,35.3671953,0 -115.7774408,35.36591,0 -115.7770056,35.3651744,0 -115.7766983,35.3645379,0 -115.7767803,35.3642814,0 -115.7771278,35.3641458,0 -115.7778499,35.3642091,0 -115.7781748,35.3640727,0 -115.7784304,35.3636295,0 -115.7805672,35.3620572,0 -115.7811071,35.3614,0 -115.7814834,35.3604898,0 -115.7817244,35.3593041,0 -115.7827007,35.3574402,0 -115.7837211,35.3563537,0 -115.7862525,35.3549397,0 -115.7873201,35.3544248,0 -115.7885322,35.3535687,0 -115.7885336,35.3534773,0 -115.7878109,35.3533101,0 -115.7871787,35.3526868,0 -115.7872124,35.3522987,0 -115.7886055,35.3505304,0 -115.7895067,35.3499454,0 -115.7907258,35.3486095,0 -115.7927827,35.347463,0 -115.7951921,35.3464605,0 -115.7968056,35.3448542,0 -115.7969229,35.344467,0 -115.7957596,35.3439298,0 -115.795377,35.3434005,0 -115.7951359,35.3427354,0 -115.7947778,35.3424348,0 -115.7926631,35.3421167,0 -115.7904084,35.3418428,0 -115.78944,35.3418088,0 -115.7877711,35.3410394,0 -115.7860102,35.3398377,0 -115.7844815,35.3391099,0 -115.7820897,35.3368237,0 -115.7806784,35.3361012,0 -115.7797959,35.3354525,0 -115.7789546,35.333913,0 -115.7786259,35.3335213,0 -115.7784337,35.3330678,0 -115.7783651,35.332293,0 -115.7784632,35.3317405,0 -115.7785839,35.3311889,0 -115.7788529,35.330828,0 -115.7789392,35.3304876,0 -115.7788743,35.3299821,0 -115.7789352,35.32964,0 -115.7793613,35.3291187,0 -115.7797361,35.3282999,0 -115.7810245,35.3260508,0 -115.7815383,35.3252564,0 -115.7817938,35.3249617,0 -115.7814592,35.3249584,0 -115.7792903,35.3245709,0 -115.7775413,35.3240734,0 -115.7742165,35.3245424,0 -115.77257,35.32464,0 -115.7688914,35.324534,0 -115.7669892,35.3249488,0 -115.7658634,35.3256456,0 -115.7635479,35.3275642,0 -115.7605326,35.3278304,0 -115.7598646,35.327755,0 -115.7583676,35.3271912,0 -115.7569229,35.3268565,0 -115.7550384,35.3261059,0 -115.7536322,35.325086,0 -115.7526656,35.3241967,0 -115.7521072,35.3227168,0 -115.7516146,35.3221176,0 -115.7505419,35.3211697,0 -115.7502906,35.3211899,0 -115.7498076,35.321779,0 -115.7482099,35.3223337,0 -115.7464206,35.3226579,0 -115.743838,35.3237965,0 -115.7422925,35.3245801,0 -115.7415653,35.3245721,0 -115.7378941,35.3241458,0 -115.733152,35.3243019,0 -115.731235,35.3256528,0 -115.7304126,35.3265353,0 -115.7294891,35.326754,0 -115.7280974,35.3266023,0 -115.7269334,35.3261559,0 -115.7259124,35.3254825,0 -115.7252205,35.3251553,0 -115.7227388,35.3251748,0 -115.7214504,35.3255497,0 -115.7210008,35.3257734,0 -115.7202868,35.3250804,0 -115.7197944,35.3244811,0 -115.7162417,35.319942,0 -115.7151676,35.319108,0 -115.713346,35.3179462,0 -115.7120465,35.3172697,0 -115.7105449,35.3170252,0 -115.7079394,35.3160834,0 -115.7046994,35.3147235,0 -115.7028414,35.3141095,0 -115.699712,35.3128191,0 -115.6961697,35.3112044,0 -115.6943739,35.3102025,0 -115.6906074,35.3086765,0 -115.6892202,35.3082731,0 -115.6877632,35.3087371,0 -115.6861773,35.3102736,0 -115.6856477,35.3109198,0 -115.6842487,35.3120999,0 -115.6822547,35.3128896,0 -115.6792668,35.313755,0 -115.6728972,35.3168342,0 -115.6701247,35.317127,0 -115.6654419,35.3165345,0 -115.6599752,35.3160935,0 -115.6560388,35.3156286,0 -115.6541316,35.3149557,0 -115.6517042,35.3143325,0 -115.6487302,35.3136458,0 -115.6461679,35.3126435,0 -115.6432208,35.3116593,0 -115.6377413,35.3102096,0 -115.6357228,35.3096319,0 -115.634325,35.3091686,0 -115.631862,35.3081351,0 -115.6304334,35.3069312,0 -115.6283601,35.3057639,0 -115.6264502,35.3044665,0 -115.6243383,35.302419,0 -115.6229099,35.301215,0 -115.6203563,35.2999101,0 -115.6191917,35.298973,0 -115.6175935,35.2982949,0 -115.6161524,35.2978385,0 -115.6146064,35.297249,0 -115.6131699,35.2965287,0 -115.6116247,35.2958951,0 -115.6066762,35.2934627,0 -115.6049672,35.2930031,0 -115.6031568,35.2921903,0 -115.6017704,35.2916904,0 -115.6008623,35.29146,0 -115.5999571,35.2910536,0 -115.5974549,35.2899248,0 -115.5968233,35.2892136,0 -115.5958186,35.2883662,0 -115.5935808,35.2874604,0 -115.5914919,35.2872601,0 -115.5894995,35.2876768,0 -115.5859309,35.2892627,0 -115.5852598,35.2892705,0 -115.5846668,35.2889798,0 -115.5835313,35.2892216,0 -115.5832018,35.2892224,0 -115.5833103,35.2889946,0 -115.582993,35.2881751,0 -115.5824441,35.2876248,0 -115.5819865,35.2868322,0 -115.5795085,35.2837973,0 -115.5779253,35.2824905,0 -115.5754562,35.2810301,0 -115.5741857,35.2797414,0 -115.5737774,35.2791354,0 -115.573525,35.2786028,0 -115.5731795,35.2773965,0 -115.5716723,35.2757613,0 -115.5704484,35.274888,0 -115.5679543,35.2737995,0 -115.5668299,35.2732135,0 -115.5658284,35.2726148,0 -115.5645704,35.2707106,0 -115.5636924,35.2690399,0 -115.5632462,35.2686051,0 -115.5627621,35.2683418,0 -115.5612885,35.2677948,0 -115.5598969,35.2675349,0 -115.559464,35.2673436,0 -115.5590504,35.2670197,0 -115.5566708,35.2654209,0 -115.5559262,35.2650973,0 -115.5552834,35.264932,0 -115.553647,35.2646979,0 -115.5527907,35.2647736,0 -115.551963,35.2646604,0 -115.5509661,35.2643366,0 -115.5505534,35.2639881,0 -115.54951,35.2628019,0 -115.5491665,35.262483,0 -115.5486984,35.2623199,0 -115.5474875,35.2617185,0 -115.5460579,35.2606481,0 -115.543798,35.2582246,0 -115.5427966,35.2566525,0 -115.5416535,35.2552073,0 -115.5401744,35.2540016,0 -115.5386171,35.2532671,0 -115.5363774,35.2526532,0 -115.5348189,35.2519903,0 -115.5323749,35.2510876,0 -115.527874,35.2491149,0 -115.524982,35.2479061,0 -115.5231195,35.2471841,0 -115.5216688,35.2463217,0 -115.5194468,35.2448344,0 -115.5176157,35.2435116,0 -115.5174233,35.2433194,0 -115.5151331,35.2416596,0 -115.5128451,35.2398854,0 -115.5095316,35.2379124,0 -115.5083195,35.2374107,0 -115.5077344,35.2369742,0 -115.5059011,35.2353538,0 -115.5046841,35.2338601,0 -115.5042687,35.2331156,0 -115.5037246,35.2323695,0 -115.5030589,35.2312347,0 -115.5023743,35.2302536,0 -115.5020423,35.2296472,0 -115.5018765,35.229187,0 -115.5016212,35.2288404,0 -115.5010527,35.2284469,0 -115.4997339,35.2280727,0 -115.4984588,35.2272124,0 -115.4979929,35.226949,0 -115.4972628,35.2268112,0 -115.4966347,35.2268177,0 -115.4960895,35.2270542,0 -115.4958799,35.2270802,0 -115.494293,35.2270462,0 -115.49366,35.2273246,0 -115.4935273,35.2278955,0 -115.49314,35.228091,0 -115.4925358,35.2286847,0 -115.4923603,35.2287398,0 -115.4919948,35.2287066,0 -115.4915059,35.228729,0 -115.4910853,35.2288383,0 -115.4908539,35.2290788,0 -115.4905891,35.2292472,0 -115.4894504,35.2295192,0 -115.4883027,35.2293189,0 -115.4876921,35.2293256,0 -115.4866694,35.2289836,0 -115.4861881,35.228591,0 -115.4858804,35.228258,0 -115.4856435,35.2278687,0 -115.4854714,35.2277376,0 -115.4852098,35.2277343,0 -115.4841221,35.2280644,0 -115.4838181,35.2284613,0 -115.4831327,35.2287389,0 -115.4826735,35.2290481,0 -115.4819898,35.2292256,0 -115.4803643,35.2294055,0 -115.47844,35.2296962,0 -115.4779484,35.2298618,0 -115.4774588,35.2299271,0 -115.4768323,35.2298477,0 -115.4765155,35.2300012,0 -115.4758355,35.2299784,0 -115.475537,35.2300891,0 -115.475235,35.2303716,0 -115.474947,35.2308545,0 -115.4749242,35.2311405,0 -115.474852,35.2312684,0 -115.4747117,35.2313095,0 -115.4738281,35.2309835,0 -115.4729564,35.2309583,0 -115.4724807,35.2312099,0 -115.4719388,35.2312745,0 -115.471165,35.2316084,0 -115.4703405,35.2318555,0 -115.470005,35.232066,0 -115.4694911,35.2324889,0 -115.4691772,35.232485,0 -115.4688141,35.2323229,0 -115.4681773,35.2318569,0 -115.4674512,35.2315041,0 -115.4671645,35.2309852,0 -115.4668402,35.230609,0 -115.4663384,35.2303879,0 -115.4618699,35.2296155,0 -115.4592814,35.2290531,0 -115.4556326,35.227984,0 -115.4540736,35.227469,0 -115.4528724,35.2271764,0 -115.4516943,35.2269435,0 -115.4508999,35.2268343,0 -115.4487634,35.2262326,0 -115.4480663,35.2260851,0 -115.4463956,35.2258341,0 -115.4449054,35.2255342,0 -115.4407954,35.2251598,0 -115.4401948,35.2250135,0 -115.4398355,35.2248702,0 -115.4391928,35.2244065,0 -115.4365411,35.2232797,0 -115.4347726,35.2228715,0 -115.4340731,35.2225357,0 -115.4328207,35.2217769,0 -115.4318999,35.221661,0 -115.4309821,35.2213817,0 -115.4302816,35.2211053,0 -115.4290982,35.2205255,0 -115.428289,35.2202477,0 -115.4275334,35.2200151,0 -115.4260556,35.219684,0 -115.4243214,35.2195129,0 -115.4238182,35.2193281,0 -115.4233523,35.2190844,0 -115.4228115,35.2189734,0 -115.4215454,35.2189272,0 -115.4208966,35.218785,0 -115.4196007,35.2184116,0 -115.4183935,35.2181285,0 -115.4181075,35.2179466,0 -115.4173456,35.2171048,0 -115.4169895,35.2168031,0 -115.4160957,35.216227,0 -115.4153482,35.2155786,0 -115.4151888,35.2153983,0 -115.4149881,35.214549,0 -115.4149737,35.2140123,0 -115.4150988,35.213858,0 -115.4154849,35.2135511,0 -115.4158816,35.2133892,0 -115.4165279,35.2129632,0 -115.41691,35.2128568,0 -115.41721,35.2125252,0 -115.4176447,35.2116286,0 -115.4177836,35.2102435,0 -115.4179833,35.2099203,0 -115.4179466,35.2097695,0 -115.4181833,35.2093435,0 -115.4181535,35.2090713,0 -115.4177312,35.2083644,0 -115.4171332,35.2077849,0 -115.4170143,35.2075678,0 -115.4170605,35.2069816,0 -115.4168566,35.2067071,0 -115.4165612,35.2066075,0 -115.4161231,35.206769,0 -115.4150451,35.2074992,0 -115.4147116,35.2076094,0 -115.4144318,35.2076071,0 -115.4141343,35.2077019,0 -115.4136758,35.2079678,0 -115.413533,35.2081377,0 -115.4129706,35.2083594,0 -115.4121315,35.2084629,0 -115.4113464,35.2084813,0 -115.4108734,35.2085895,0 -115.4106127,35.2085431,0 -115.4098172,35.2082035,0 -115.40938,35.208255,0 -115.4091537,35.2082377,0 -115.4088248,35.2081188,0 -115.4084674,35.2078749,0 -115.4081281,35.2080667,0 -115.4078655,35.2081207,0 -115.4074302,35.2080863,0 -115.4070964,35.2082107,0 -115.4067417,35.2085208,0 -115.4063887,35.2087309,0 -115.405879,35.208939,0 -115.4056517,35.2089645,0 -115.4052066,35.2087492,0 -115.4049877,35.2085914,0 -115.4048234,35.2086238,0 -115.4045911,35.2088074,0 -115.402905,35.2094149,0 -115.4026405,35.2095689,0 -115.4019387,35.2097744,0 -115.401076,35.2101923,0 -115.4008961,35.2104762,0 -115.4008614,35.210649,0 -115.4004655,35.2105069,0 -115.4000198,35.2104207,0 -115.3996753,35.2101637,0 -115.399651,35.2099798,0 -115.3994447,35.209805,0 -115.3992833,35.2094815,0 -115.3991577,35.208757,0 -115.3991743,35.2079288,0 -115.3990966,35.2075972,0 -115.3988497,35.207353,0 -115.398544,35.2072572,0 -115.3978179,35.2072131,0 -115.3971628,35.2071126,0 -115.3966224,35.2068645,0 -115.3957297,35.2067609,0 -115.3953271,35.2066179,0 -115.3947211,35.2061508,0 -115.3941666,35.205914,0 -115.3939019,35.2051532,0 -115.3938675,35.204774,0 -115.3936409,35.2042088,0 -115.3933792,35.2040102,0 -115.3927092,35.2039554,0 -115.392475,35.2037802,0 -115.3921331,35.203397,0 -115.3919399,35.2032682,0 -115.3913387,35.2025603,0 -115.3912466,35.2022722,0 -115.391151,35.2021562,0 -115.3905994,35.2017702,0 -115.3903916,35.2016756,0 -115.389941,35.2011303,0 -115.3898193,35.2009222,0 -115.389937,35.2006254,0 -115.3899242,35.1998564,0 -115.3897338,35.19959,0 -115.3894033,35.1993331,0 -115.3893085,35.1991827,0 -115.3890578,35.1991335,0 -115.3882162,35.1985715,0 -115.3877554,35.1985424,0 -115.3876274,35.1986554,0 -115.3873603,35.1987322,0 -115.3869353,35.1990134,0 -115.3865546,35.1991804,0 -115.386191,35.1991871,0 -115.3859965,35.1991271,0 -115.3856791,35.1989163,0 -115.3850822,35.1987018,0 -115.3845875,35.1982707,0 -115.3844239,35.1980619,0 -115.3842995,35.1979914,0 -115.3840617,35.1979997,0 -115.3838502,35.1980887,0 -115.3833872,35.1981743,0 -115.3833043,35.1981273,0 -115.3832101,35.1979425,0 -115.3827328,35.1973394,0 -115.3820302,35.1961137,0 -115.3820893,35.1959539,0 -115.3824626,35.195454,0 -115.3826908,35.1952275,0 -115.3826239,35.1950775,0 -115.3820064,35.1944955,0 -115.3818865,35.1941955,0 -115.3813274,35.1934881,0 -115.3812878,35.1919614,0 -115.3811743,35.1906403,0 -115.3814319,35.190334,0 -115.3816869,35.1901653,0 -115.3817187,35.1899706,0 -115.3816252,35.1897514,0 -115.3816082,35.1892003,0 -115.3815197,35.1887287,0 -115.380824,35.1871588,0 -115.3807603,35.1868482,0 -115.3809208,35.1865061,0 -115.3811361,35.1862221,0 -115.3828938,35.1849834,0 -115.3830981,35.1845501,0 -115.3831264,35.1838275,0 -115.3832459,35.183439,0 -115.3832399,35.1830373,0 -115.383134,35.1827375,0 -115.3828206,35.1823317,0 -115.3827284,35.1820436,0 -115.382699,35.1814121,0 -115.3825938,35.181078,0 -115.3822969,35.1805462,0 -115.3822819,35.1798919,0 -115.3821511,35.1794427,0 -115.382028,35.1793033,0 -115.3815566,35.1791134,0 -115.3812268,35.1788336,0 -115.3809942,35.1785781,0 -115.3809841,35.1783829,0 -115.3815647,35.1780005,0 -115.3826098,35.1774522,0 -115.3839874,35.177046,0 -115.3849904,35.1772086,0 -115.3856645,35.1770454,0 -115.3867005,35.176956,0 -115.3866293,35.1763124,0 -115.3865095,35.1760125,0 -115.3864915,35.1755074,0 -115.3865833,35.175107,0 -115.3865743,35.1748544,0 -115.3863963,35.1746685,0 -115.3863316,35.1744037,0 -115.3861832,35.1741378,0 -115.3856158,35.1738548,0 -115.3850788,35.1734461,0 -115.3849157,35.1732144,0 -115.3847826,35.1728799,0 -115.384747,35.1725581,0 -115.3848382,35.1700693,0 -115.3856318,35.1680948,0 -115.3863496,35.167129,0 -115.3871302,35.1665197,0 -115.3914583,35.1645807,0 -115.3939396,35.1641776,0 -115.3970256,35.1640364,0 -115.3979371,35.1641158,0 -115.3997717,35.164622,0 -115.4003787,35.1650201,0 -115.4009702,35.1654984,0 -115.401694,35.1656457,0 -115.4024486,35.1656441,0 -115.4029851,35.1653643,0 -115.4042377,35.1641875,0 -115.4055422,35.1632178,0 -115.4064801,35.1624155,0 -115.4083304,35.1613956,0 -115.4092456,35.1610404,0 -115.4105667,35.1606447,0 -115.4122216,35.1603336,0 -115.412981,35.1600797,0 -115.4134826,35.1601551,0 -115.4137169,35.1603188,0 -115.4141052,35.160473,0 -115.4171651,35.1612016,0 -115.4200809,35.1621576,0 -115.4204306,35.1621392,0 -115.4207707,35.1618912,0 -115.4208193,35.1615476,0 -115.4209359,35.1612967,0 -115.421478,35.1607185,0 -115.4213698,35.1605335,0 -115.4208093,35.1598951,0 -115.4206102,35.1593532,0 -115.420553,35.1586984,0 -115.4201769,35.1579132,0 -115.4201295,35.1574765,0 -115.4203627,35.1569747,0 -115.4211044,35.1561926,0 -115.4220075,35.1557339,0 -115.4230986,35.1549449,0 -115.4248857,35.1528338,0 -115.4259397,35.1517918,0 -115.4267187,35.1512397,0 -115.4276632,35.1508044,0 -115.4282285,35.1504675,0 -115.4285424,35.1501273,0 -115.428659,35.1498764,0 -115.4289598,35.1494902,0 -115.428952,35.1484459,0 -115.4290273,35.14816,0 -115.4288251,35.1477787,0 -115.4288738,35.1474236,0 -115.4290602,35.1471736,0 -115.4294149,35.1468913,0 -115.4297532,35.146735,0 -115.4301509,35.1463959,0 -115.4304124,35.1458715,0 -115.4308256,35.1454523,0 -115.430942,35.1452128,0 -115.4311391,35.145135,0 -115.4318677,35.1450182,0 -115.4320402,35.144768,0 -115.4322345,35.144105,0 -115.4322383,35.14391,0 -115.432438,35.1436945,0 -115.4329607,35.1433915,0 -115.4329784,35.1431966,0 -115.4328996,35.1429317,0 -115.4326577,35.1424352,0 -115.4325071,35.1422726,0 -115.4323138,35.1421553,0 -115.4313038,35.1416488,0 -115.4310153,35.1413926,0 -115.4303486,35.140466,0 -115.4302286,35.1401661,0 -115.4305276,35.1391487,0 -115.4306363,35.1385764,0 -115.4306006,35.1382546,0 -115.4301499,35.137721,0 -115.4299695,35.1369269,0 -115.429641,35.1365784,0 -115.4297724,35.1362817,0 -115.4300596,35.1358723,0 -115.4301584,35.1350301,0 -115.4300252,35.1341989,0 -115.4300878,35.1339264,0 -115.4304223,35.1332332,0 -115.4304514,35.1329131,0 -115.4305667,35.1328864,0 -115.4310931,35.1329592,0 -115.4321209,35.1332081,0 -115.4330393,35.1331823,0 -115.4334393,35.1332629,0 -115.4340187,35.1335625,0 -115.434317,35.1335664,0 -115.4345706,35.1335037,0 -115.4350591,35.1331613,0 -115.4357953,35.1330577,0 -115.4360067,35.1328059,0 -115.4360499,35.1323446,0 -115.4364124,35.1319911,0 -115.4364778,35.1315678,0 -115.4370426,35.1308304,0 -115.4375061,35.1305914,0 -115.4379019,35.1302948,0 -115.438576,35.1292384,0 -115.4388618,35.1286954,0 -115.4388573,35.1283278,0 -115.4387715,35.1280156,0 -115.438479,35.1277102,0 -115.4383233,35.1274537,0 -115.4383518,35.1271619,0 -115.4388198,35.1266872,0 -115.4389623,35.1264346,0 -115.4389019,35.1259908,0 -115.4390218,35.125719,0 -115.4390857,35.1253805,0 -115.4389764,35.1250963,0 -115.4389706,35.1247946,0 -115.4390319,35.124588,0 -115.4394856,35.124264,0 -115.4405314,35.1241643,0 -115.4416056,35.1237823,0 -115.4422625,35.1236305,0 -115.4425419,35.1234173,0 -115.4428406,35.1227896,0 -115.4433872,35.1224008,0 -115.443629,35.1223567,0 -115.4438696,35.1223693,0 -115.4441693,35.1222977,0 -115.444334,35.122083,0 -115.4445823,35.1210871,0 -115.4445874,35.1208232,0 -115.4450649,35.1204429,0 -115.4460611,35.1199373,0 -115.4463543,35.1196017,0 -115.446427,35.1193953,0 -115.4462964,35.119026,0 -115.4462892,35.1187997,0 -115.4464354,35.1183492,0 -115.4466601,35.1179939,0 -115.4470078,35.1178098,0 -115.4475839,35.1176758,0 -115.448365,35.1176198,0 -115.4497016,35.117307,0 -115.4500731,35.1170761,0 -115.4503902,35.1166843,0 -115.4503755,35.1162505,0 -115.4502096,35.1159279,0 -115.4495662,35.115373,0 -115.4494124,35.1150129,0 -115.4493314,35.1144463,0 -115.4493469,35.1136265,0 -115.4492815,35.1134466,0 -115.4479006,35.1124675,0 -115.4475985,35.1120677,0 -115.4476146,35.1118228,0 -115.4478522,35.1113923,0 -115.4478027,35.1103737,0 -115.4481203,35.1093504,0 -115.4481377,35.1090395,0 -115.4475408,35.1078537,0 -115.4473276,35.1076059,0 -115.4470891,35.1074803,0 -115.4467959,35.1072126,0 -115.4467678,35.1068824,0 -115.4469527,35.1062061,0 -115.4472594,35.1057576,0 -115.447356,35.1055043,0 -115.4473878,35.1050335,0 -115.447787,35.1045484,0 -115.4478038,35.1042659,0 -115.44773,35.1039256,0 -115.4474722,35.1036113,0 -115.4471226,35.1032957,0 -115.4457974,35.1006019,0 -115.4453194,35.099804,0 -115.4432694,35.097836,0 -115.4416725,35.0967786,0 -115.4398203,35.095275,0 -115.4395733,35.0949985,0 -115.439464,35.0947143,0 -115.4394255,35.0943273,0 -115.439597,35.092528,0 -115.4395872,35.0916684,0 -115.4394491,35.0904118,0 -115.4394682,35.0898108,0 -115.4399298,35.0899918,0 -115.4409851,35.0906823,0 -115.4414515,35.090734,0 -115.4417986,35.0906287,0 -115.4420011,35.0905124,0 -115.4423639,35.0901603,0 -115.4430823,35.0898402,0 -115.443921,35.0896314,0 -115.4441885,35.0896074,0 -115.4445992,35.0896676,0 -115.4448784,35.0896163,0 -115.4451426,35.0891805,0 -115.4454803,35.0889836,0 -115.4461734,35.0888187,0 -115.4464658,35.0886578,0 -115.4467216,35.0886702,0 -115.4480452,35.08812,0 -115.4483392,35.0878768,0 -115.4486533,35.0871581,0 -115.4489751,35.0866225,0 -115.4494708,35.0862996,0 -115.4495621,35.0861818,0 -115.4495019,35.0858334,0 -115.4497261,35.0851594,0 -115.450417,35.0851133,0 -115.4508907,35.0847809,0 -115.4512888,35.083734,0 -115.4514927,35.082959,0 -115.4515188,35.081578,0 -115.4516458,35.0813327,0 -115.4522777,35.0808742,0 -115.4526912,35.0807789,0 -115.4530255,35.0807557,0 -115.4531828,35.0806754,0 -115.4532426,35.0804566,0 -115.4531759,35.0798611,0 -115.4532605,35.0795054,0 -115.4536824,35.0789711,0 -115.4538418,35.0781864,0 -115.4540774,35.0780888,0 -115.4545323,35.0781586,0 -115.455112,35.078102,0 -115.4555153,35.0779608,0 -115.4559653,35.0777012,0 -115.4562511,35.0772932,0 -115.4565281,35.0767662,0 -115.4567195,35.0766497,0 -115.4582965,35.0762215,0 -115.4588988,35.0761468,0 -115.4596108,35.0761559,0 -115.4598467,35.0760399,0 -115.4600417,35.0757314,0 -115.4604499,35.0747303,0 -115.460794,35.0741858,0 -115.4612481,35.0737068,0 -115.4617456,35.0732831,0 -115.4629296,35.0724474,0 -115.4634333,35.0722891,0 -115.4645278,35.0720743,0 -115.4650936,35.0721638,0 -115.4660643,35.0720206,0 -115.4667588,35.0717732,0 -115.4675521,35.0716003,0 -115.4684169,35.0711721,0 -115.4691334,35.0709342,0 -115.4691468,35.0708154,0 -115.4687894,35.0702895,0 -115.4687172,35.0699867,0 -115.468754,35.0698042,0 -115.4685503,35.06939,0 -115.4685725,35.0687956,0 -115.4685332,35.0685207,0 -115.4679771,35.0679099,0 -115.4679081,35.0674334,0 -115.4674726,35.0669247,0 -115.4675077,35.0668337,0 -115.4680984,35.0667771,0 -115.4684008,35.0666712,0 -115.468989,35.0661572,0 -115.4692922,35.0660055,0 -115.4694183,35.0658058,0 -115.4694512,35.0652391,0 -115.4696555,35.0644275,0 -115.4701009,35.0638111,0 -115.4700191,35.0634259,0 -115.4695714,35.062972,0 -115.4695099,35.0626876,0 -115.4697645,35.0621602,0 -115.4697917,35.0618953,0 -115.469708,35.0616107,0 -115.4691389,35.0605149,0 -115.468845,35.0601636,0 -115.4688031,35.0600258,0 -115.4690652,35.0596907,0 -115.469364,35.0591821,0 -115.4704278,35.0588114,0 -115.4707425,35.0586415,0 -115.4710286,35.0582152,0 -115.4712279,35.0576688,0 -115.4712925,35.0571848,0 -115.4713746,35.0569571,0 -115.4715112,35.0567942,0 -115.4718498,35.0565332,0 -115.4720565,35.0561882,0 -115.4720566,35.0555844,0 -115.471926,35.0554273,0 -115.4714086,35.0551372,0 -115.4711875,35.0550612,0 -115.4707277,35.054662,0 -115.4707095,35.0544423,0 -115.4708254,35.0541967,0 -115.4710507,35.0540441,0 -115.4714033,35.0536277,0 -115.4714993,35.0532538,0 -115.4714422,35.0521371,0 -115.4715222,35.0517254,0 -115.4717518,35.0515791,0 -115.4721256,35.0515571,0 -115.4726932,35.051591,0 -115.4729344,35.0517142,0 -115.4731284,35.0517567,0 -115.4738278,35.0516854,0 -115.4743786,35.0517457,0 -115.4746225,35.0517221,0 -115.4749947,35.0514906,0 -115.4755536,35.0514134,0 -115.4761418,35.0512072,0 -115.4766374,35.0507462,0 -115.4768799,35.0508026,0 -115.4774961,35.0508371,0 -115.4792979,35.0508463,0 -115.4796788,35.0504373,0 -115.4801822,35.0504302,0 -115.4809253,35.0506264,0 -115.4812017,35.0506032,0 -115.4813677,35.050405,0 -115.4814383,35.0500989,0 -115.4826345,35.0486187,0 -115.4831243,35.0484646,0 -115.483698,35.0481648,0 -115.4837666,35.0479654,0 -115.4833993,35.0476404,0 -115.4831837,35.0470103,0 -115.4832053,35.0467168,0 -115.4833236,35.0464647,0 -115.4835223,35.0462536,0 -115.4834727,35.0454253,0 -115.4836453,35.0448668,0 -115.4835716,35.0444654,0 -115.4835923,35.0442253,0 -115.4842368,35.043606,0 -115.4847435,35.043412,0 -115.4850853,35.0433629,0 -115.4860652,35.0430414,0 -115.4871299,35.0425207,0 -115.4879961,35.0421978,0 -115.4881621,35.0419996,0 -115.4882496,35.0416536,0 -115.4891798,35.0413849,0 -115.4896735,35.0410172,0 -115.4904573,35.04076,0 -115.4906717,35.0405758,0 -115.4908305,35.0398836,0 -115.4907693,35.0396826,0 -115.4908431,35.0392029,0 -115.4907285,35.0383738,0 -115.4916677,35.0376112,0 -115.4919516,35.0371742,0 -115.4924814,35.0366068,0 -115.492503,35.0363133,0 -115.4920297,35.0355732,0 -115.491775,35.0353031,0 -115.491699,35.0350218,0 -115.4918984,35.0347706,0 -115.4923594,35.0344159,0 -115.4925587,35.0341647,0 -115.4926838,35.0335389,0 -115.4928168,35.033367,0 -115.4929046,35.0330076,0 -115.4928601,35.0327801,0 -115.4927497,35.0326052,0 -115.4927543,35.0323516,0 -115.4932966,35.0311035,0 -115.4936772,35.0307078,0 -115.493697,35.0305078,0 -115.4931854,35.0300876,0 -115.493412,35.029236,0 -115.4935647,35.0288775,0 -115.4937146,35.0286657,0 -115.4942557,35.0283654,0 -115.4945863,35.0280358,0 -115.4946227,35.0278226,0 -115.494809,35.0273978,0 -115.4960304,35.0262782,0 -115.496115,35.0260924,0 -115.4962396,35.0254932,0 -115.4965893,35.0250036,0 -115.4968492,35.0249934,0 -115.4976071,35.0252565,0 -115.4979163,35.0252069,0 -115.4986853,35.0248693,0 -115.4990132,35.0246865,0 -115.4992796,35.0243733,0 -115.4995962,35.0243132,0 -115.500748,35.0229992,0 -115.5008359,35.0226265,0 -115.5011067,35.0220158,0 -115.5010531,35.021401,0 -115.5011667,35.020508,0 -115.5017434,35.0191401,0 -115.5019387,35.0182214,0 -115.5021205,35.0180367,0 -115.5023736,35.0175059,0 -115.5024795,35.01704,0 -115.5026626,35.0167886,0 -115.5028597,35.0166575,0 -115.5032846,35.0164892,0 -115.5033694,35.01629,0 -115.5036188,35.0159593,0 -115.5035278,35.0156111,0 -115.5035467,35.0154645,0 -115.5036639,35.0152657,0 -115.5037703,35.0147731,0 -115.5042354,35.0141781,0 -115.5042911,35.0137917,0 -115.5044728,35.0136203,0 -115.5051454,35.0132148,0 -115.506391,35.0116415,0 -115.5064602,35.0114021,0 -115.5064697,35.0108816,0 -115.5065576,35.0105089,0 -115.5067097,35.010177,0 -115.5069249,35.0099393,0 -115.5069608,35.0097529,0 -115.5069172,35.009472,0 -115.5074143,35.0089041,0 -115.507708,35.0088143,0 -115.507808,35.0086686,0 -115.5080728,35.0074838,0 -115.5079637,35.0072421,0 -115.5082641,35.0067786,0 -115.5082678,35.0065784,0 -115.5088345,35.0057443,0 -115.5088723,35.0054511,0 -115.5091047,35.0051603,0 -115.5089951,35.0049453,0 -115.5088505,35.0048635,0 -115.5087404,35.0046752,0 -115.5086656,35.0043272,0 -115.5086849,35.0041539,0 -115.5089011,35.0038629,0 -115.5090532,35.003531,0 -115.5091583,35.0031051,0 -115.5093619,35.0026137,0 -115.5094359,35.0021073,0 -115.5093776,35.0017461,0 -115.5095902,35.0007609,0 -115.509496,35.0005862,0 -115.5094686,35.0003055,0 -115.5095059,35.0000389,0 -115.5097809,34.9991879,0 -115.511062,34.9974282,0 -115.5117035,34.9969421,0 -115.5122775,34.996602,0 -115.5123617,34.9964295,0 -115.5123677,34.9960959,0 -115.512792,34.9950598,0 -115.5139193,34.9937253,0 -115.5140909,34.9932067,0 -115.5140705,34.992539,0 -115.5150533,34.992017,0 -115.5164178,34.9919136,0 -115.5166604,34.9919566,0 -115.5167233,34.9920642,0 -115.5169334,34.9921068,0 -115.5179152,34.9916382,0 -115.5185489,34.9915792,0 -115.5194969,34.9920847,0 -115.5198518,34.9921958,0 -115.5203737,34.992042,0 -115.5206038,34.9918712,0 -115.5206733,34.9916184,0 -115.5210617,34.9907688,0 -115.5216587,34.9900418,0 -115.5218956,34.9894974,0 -115.5221597,34.9892469,0 -115.5225992,34.9891588,0 -115.5233302,34.989101,0 -115.5239753,34.9893091,0 -115.5254214,34.9891798,0 -115.5255533,34.9890613,0 -115.5256876,34.9888093,0 -115.5261171,34.9883739,0 -115.526639,34.9873123,0 -115.5266471,34.9868585,0 -115.5267848,34.9864196,0 -115.5267431,34.986032,0 -115.5265842,34.9858432,0 -115.5266997,34.9857378,0 -115.5273176,34.984744,0 -115.5279387,34.9844846,0 -115.5282861,34.9841016,0 -115.5281836,34.9834863,0 -115.5283191,34.9831676,0 -115.5289516,34.9822674,0 -115.5292718,34.9815905,0 -115.5295451,34.9808195,0 -115.5299551,34.9805708,0 -115.5301995,34.980507,0 -115.5304297,34.9803363,0 -115.5306087,34.9802984,0 -115.5310759,34.9804776,0 -115.5320327,34.9804892,0 -115.5326501,34.9804299,0 -115.5335959,34.9801476,0 -115.5355101,34.9801307,0 -115.5360629,34.9800573,0 -115.5364735,34.9797685,0 -115.5376655,34.9784078,0 -115.5376519,34.9782608,0 -115.537364,34.9780304,0 -115.537158,34.9777609,0 -115.5370805,34.9775598,0 -115.5370284,34.9768383,0 -115.5369533,34.9765036,0 -115.5369731,34.9763036,0 -115.5368488,34.9759951,0 -115.53687,34.975715,0 -115.5371737,34.9750511,0 -115.5372831,34.9743716,0 -115.5377579,34.9741237,0 -115.5382478,34.9730216,0 -115.5380145,34.9724581,0 -115.5381451,34.9714984,0 -115.5382608,34.9713797,0 -115.5384734,34.9712755,0 -115.5385907,34.9710633,0 -115.5387092,34.9707844,0 -115.538734,34.9703041,0 -115.5388851,34.9700122,0 -115.5395706,34.9697668,0 -115.5400167,34.9693049,0 -115.539988,34.969091,0 -115.5397658,34.9688213,0 -115.5397212,34.9685938,0 -115.5399288,34.9678621,0 -115.5401659,34.9672909,0 -115.5402215,34.9669044,0 -115.5401804,34.9664767,0 -115.5400251,34.9660877,0 -115.5397728,34.9656842,0 -115.5397499,34.9651499,0 -115.5398213,34.964777,0 -115.5399882,34.964512,0 -115.5400696,34.9635785,0 -115.5403421,34.9628475,0 -115.5407442,34.9621181,0 -115.5412191,34.9618568,0 -115.541632,34.9614346,0 -115.5419253,34.9604369,0 -115.5419832,34.9599169,0 -115.5405028,34.9592717,0 -115.5393104,34.9588435,0 -115.5380439,34.9580273,0 -115.5380007,34.9577197,0 -115.5380741,34.95724,0 -115.5380857,34.956586,0 -115.5378983,34.9561833,0 -115.5373234,34.9556824,0 -115.5367916,34.9555025,0 -115.5362883,34.9555364,0 -115.536176,34.9554683,0 -115.5358794,34.954824,0 -115.5358057,34.9544092,0 -115.5361797,34.9534392,0 -115.5361915,34.9527719,0 -115.5364938,34.9521881,0 -115.5364657,34.9519785,0 -115.5362932,34.9516117,0 -115.5364362,34.9508658,0 -115.536265,34.9504632,0 -115.5362693,34.950223,0 -115.5365841,34.9498396,0 -115.5366566,34.9494133,0 -115.5366675,34.9487994,0 -115.536948,34.9476146,0 -115.5372659,34.9470578,0 -115.5373855,34.9467121,0 -115.5376653,34.9455674,0 -115.5379534,34.9448633,0 -115.5380858,34.9441758,0 -115.5382081,34.9438447,0 -115.5386951,34.9435329,0 -115.5389469,34.9433027,0 -115.5393465,34.9427246,0 -115.5392786,34.9425634,0 -115.539035,34.9423273,0 -115.5389725,34.9418602,0 -115.5389046,34.9416991,0 -115.5386959,34.9414925,0 -115.5386818,34.9412883,0 -115.5388496,34.9408094,0 -115.5388524,34.9406491,0 -115.5385037,34.9403535,0 -115.538244,34.9400297,0 -115.538075,34.9395759,0 -115.5378335,34.9392232,0 -115.5378747,34.9390034,0 -115.5381246,34.9387749,0 -115.5382708,34.9385144,0 -115.5382807,34.9379607,0 -115.5383392,34.9376553,0 -115.5383352,34.9368829,0 -115.538582,34.9359385,0 -115.538946,34.9353745,0 -115.5389381,34.9348206,0 -115.5391046,34.9344146,0 -115.5398585,34.9338115,0 -115.5400232,34.9335075,0 -115.5400517,34.9328957,0 -115.5398461,34.9325143,0 -115.5399793,34.9319913,0 -115.5405293,34.9319104,0 -115.5407791,34.9317968,0 -115.5413871,34.9314398,0 -115.5415525,34.931092,0 -115.5416271,34.9308743,0 -115.5413859,34.9305071,0 -115.5412,34.9300093,0 -115.5411627,34.9291199,0 -115.5415379,34.9279147,0 -115.5415426,34.9276525,0 -115.5417416,34.9274071,0 -115.5420641,34.9271778,0 -115.5424993,34.9265855,0 -115.5426456,34.9253193,0 -115.5428633,34.9250159,0 -115.5430677,34.9244645,0 -115.5431141,34.9238384,0 -115.5433157,34.9234473,0 -115.5437657,34.9230155,0 -115.5443531,34.9228185,0 -115.544942,34.9225341,0 -115.5451066,34.92223,0 -115.545149,34.921837,0 -115.5452961,34.9215182,0 -115.5447858,34.9208689,0 -115.544696,34.9204325,0 -115.5446858,34.9200098,0 -115.5448853,34.9197352,0 -115.5460126,34.91902,0 -115.5476902,34.917743,0 -115.5477973,34.9175858,0 -115.5477842,34.9174723,0 -115.5474754,34.9169607,0 -115.5466477,34.9161129,0 -115.546285,34.915613,0 -115.5459602,34.9149679,0 -115.5458103,34.9144414,0 -115.5460125,34.9140066,0 -115.5462828,34.913733,0 -115.5468078,34.9130543,0 -115.5470506,34.9123285,0 -115.5471639,34.9119218,0 -115.5470486,34.9114394,0 -115.5470037,34.9109725,0 -115.5471532,34.9105225,0 -115.5471268,34.9100121,0 -115.5469732,34.9096897,0 -115.5463129,34.9090114,0 -115.5461407,34.908747,0 -115.5459743,34.9081475,0 -115.5457708,34.9076495,0 -115.5456606,34.9068758,0 -115.5457347,34.9066872,0 -115.54505,34.9063875,0 -115.5447189,34.9061067,0 -115.5445415,34.9051281,0 -115.5442007,34.9043953,0 -115.5442015,34.903346,0 -115.5439855,34.9025564,0 -115.5438822,34.9013893,0 -115.5439287,34.9007632,0 -115.5436248,34.8989378,0 -115.5436192,34.8982527,0 -115.5438738,34.8977206,0 -115.5437623,34.8971614,0 -115.5437887,34.8966662,0 -115.5436786,34.8958925,0 -115.5435258,34.8955263,0 -115.5434802,34.8951031,0 -115.5436302,34.894624,0 -115.5435833,34.8942736,0 -115.542405,34.8928896,0 -115.5421997,34.8924936,0 -115.542017,34.891821,0 -115.5435571,34.891752,0 -115.5440397,34.8914663,0 -115.5448876,34.8905292,0 -115.5452502,34.8900234,0 -115.5459876,34.8883271,0 -115.5464015,34.887924,0 -115.5468456,34.8878127,0 -115.5471673,34.8876271,0 -115.5475192,34.8867277,0 -115.5479343,34.8862517,0 -115.5482208,34.8860511,0 -115.5485635,34.8856763,0 -115.5488674,34.8854905,0 -115.5495091,34.8852067,0 -115.549975,34.8848624,0 -115.5505806,34.8846219,0 -115.5510116,34.8842481,0 -115.5512179,34.8835802,0 -115.5515259,34.8831612,0 -115.5514979,34.8827382,0 -115.5518549,34.8815474,0 -115.5519519,34.8810068,0 -115.5516982,34.8803942,0 -115.5516847,34.8801609,0 -115.5517943,34.8799581,0 -115.5522241,34.8796572,0 -115.5523868,34.8794551,0 -115.5527193,34.8786429,0 -115.5531644,34.8784733,0 -115.5538786,34.8780883,0 -115.5542224,34.8776406,0 -115.5545522,34.8769887,0 -115.5548419,34.8765987,0 -115.5550085,34.876178,0 -115.5552439,34.8758602,0 -115.5553026,34.8755402,0 -115.5551183,34.8749551,0 -115.55508,34.8741093,0 -115.5552627,34.8737763,0 -115.5555333,34.8734735,0 -115.5557295,34.8733738,0 -115.5564759,34.873164,0 -115.5566545,34.8730641,0 -115.5571754,34.872604,0 -115.5577965,34.8724802,0 -115.5587672,34.8718423,0 -115.5591455,34.8719059,0 -115.5593109,34.8720757,0 -115.5599469,34.8718942,0 -115.5604149,34.871849,0 -115.560625,34.8718769,0 -115.5607144,34.8719706,0 -115.5609735,34.8725031,0 -115.5611508,34.8726449,0 -115.5621146,34.8726282,0 -115.5629098,34.8724596,0 -115.564276,34.8717634,0 -115.5645974,34.871506,0 -115.5649827,34.8708814,0 -115.56548,34.870448,0 -115.5654792,34.8696645,0 -115.5656144,34.8693455,0 -115.5656181,34.8691319,0 -115.5654498,34.8688687,0 -115.5653264,34.8685111,0 -115.5653005,34.8683446,0 -115.5653787,34.8679894,0 -115.5656963,34.8679456,0 -115.5661345,34.8675947,0 -115.5662979,34.8673117,0 -115.5662882,34.8670385,0 -115.5663981,34.8665175,0 -115.5668199,34.8650715,0 -115.5667997,34.8649551,0 -115.5671262,34.864401,0 -115.5673751,34.8641665,0 -115.5678382,34.8640414,0 -115.5681877,34.8638199,0 -115.5686428,34.8633267,0 -115.5687917,34.8630435,0 -115.5688982,34.8627124,0 -115.5689287,34.8617867,0 -115.5688221,34.8612869,0 -115.5687658,34.860384,0 -115.5690064,34.8597932,0 -115.5693938,34.8590499,0 -115.5697601,34.8586862,0 -115.5698076,34.8584374,0 -115.5702643,34.8578492,0 -115.5703406,34.8576008,0 -115.5705737,34.8574492,0 -115.5707664,34.8571309,0 -115.5710001,34.8569437,0 -115.5711596,34.8560434,0 -115.5713828,34.8556305,0 -115.5715875,34.8554548,0 -115.5719497,34.8553285,0 -115.5720665,34.8552349,0 -115.5724236,34.8545742,0 -115.5726992,34.8544588,0 -115.5729874,34.8544503,0 -115.573263,34.8543348,0 -115.573595,34.8542912,0 -115.5742491,34.8539427,0 -115.5755085,34.8535657,0 -115.5769018,34.852941,0 -115.5784917,34.8527569,0 -115.5791117,34.8525632,0 -115.5799205,34.8524302,0 -115.5812605,34.8523984,0 -115.5813628,34.8523045,0 -115.5814723,34.8517953,0 -115.5814541,34.8511778,0 -115.5816116,34.8503961,0 -115.5817419,34.8503501,0 -115.5820155,34.8503533,0 -115.5823051,34.8502617,0 -115.5824819,34.8500263,0 -115.582618,34.849648,0 -115.5827596,34.8489493,0 -115.5829975,34.8485128,0 -115.5829294,34.8482864,0 -115.5830908,34.8481102,0 -115.5834271,34.8478174,0 -115.5838053,34.8475962,0 -115.5843694,34.8474484,0 -115.5855802,34.8473794,0 -115.5861162,34.8471957,0 -115.5866854,34.8467512,0 -115.5871419,34.8461629,0 -115.5880065,34.8452826,0 -115.5881247,34.8451059,0 -115.5881868,34.8448454,0 -115.5889376,34.8438807,0 -115.5888565,34.8435711,0 -115.5886144,34.8434139,0 -115.5883184,34.8430425,0 -115.587805,34.8426786,0 -115.58778,34.8425257,0 -115.58787,34.8423131,0 -115.5880312,34.8421487,0 -115.5881997,34.8415571,0 -115.5884487,34.8413107,0 -115.5885672,34.8411221,0 -115.5886756,34.8406723,0 -115.5886789,34.8404823,0 -115.5885511,34.840374,0 -115.5882362,34.8402635,0 -115.5880803,34.8401192,0 -115.5881722,34.8397998,0 -115.588162,34.8395504,0 -115.5882237,34.8393136,0 -115.5884895,34.838925,0 -115.5887531,34.8386668,0 -115.5889858,34.8385271,0 -115.5891478,34.8383153,0 -115.5891744,34.8376033,0 -115.58909,34.8374836,0 -115.5890647,34.8372815,0 -115.5890997,34.8369138,0 -115.5889308,34.8366863,0 -115.5885445,34.8344115,0 -115.588282,34.8335314,0 -115.5876519,34.8325136,0 -115.587454,34.8319202,0 -115.5875718,34.8317881,0 -115.5872638,34.8308694,0 -115.5872488,34.8290388,0 -115.5875673,34.8279939,0 -115.5875969,34.8276129,0 -115.5872549,34.8270956,0 -115.5874325,34.8263726,0 -115.5877283,34.8260126,0 -115.5878731,34.8256405,0 -115.5880898,34.8254873,0 -115.5891261,34.8252708,0 -115.5897304,34.8252778,0 -115.5901813,34.8254181,0 -115.5907358,34.8253933,0 -115.5914573,34.8252773,0 -115.5917068,34.8253111,0 -115.592589,34.8252694,0 -115.59389,34.8250352,0 -115.5938795,34.8249105,0 -115.5940352,34.8246423,0 -115.594627,34.8239015,0 -115.5949811,34.8238122,0 -115.5957886,34.8237176,0 -115.5963296,34.8237446,0 -115.5965953,34.823675,0 -115.5970428,34.8232752,0 -115.5973866,34.8230507,0 -115.5977291,34.8228989,0 -115.5987351,34.8229832,0 -115.5990362,34.823049,0 -115.5992023,34.8229055,0 -115.5993436,34.822741,0 -115.599643,34.8221629,0 -115.600258,34.8215366,0 -115.6002993,34.8213294,0 -115.6000951,34.8207455,0 -115.6000495,34.8204646,0 -115.5998794,34.8200992,0 -115.5999338,34.819861,0 -115.6000908,34.8195098,0 -115.6002825,34.8193458,0 -115.6003606,34.819191,0 -115.600364,34.8189937,0 -115.6004552,34.8188079,0 -115.6009803,34.8182843,0 -115.6010776,34.8177455,0 -115.6012738,34.8173116,0 -115.6009348,34.8150232,0 -115.6010406,34.8139756,0 -115.6011891,34.8133855,0 -115.6011169,34.8131873,0 -115.6014431,34.8132534,0 -115.6017029,34.8135264,0 -115.6021645,34.8137809,0 -115.6036888,34.8144733,0 -115.6052362,34.8145534,0 -115.6055266,34.8145048,0 -115.6058317,34.8143318,0 -115.6071963,34.8132986,0 -115.6077281,34.8131178,0 -115.6082265,34.812677,0 -115.6093337,34.8119731,0 -115.6107352,34.8109923,0 -115.6111133,34.8109655,0 -115.6113388,34.8110303,0 -115.6116137,34.8111581,0 -115.611849,34.8113892,0 -115.6121115,34.8115064,0 -115.6131571,34.8114664,0 -115.6134082,34.8115108,0 -115.6138534,34.8119936,0 -115.614266,34.8121644,0 -115.6147823,34.8121599,0 -115.6150859,34.8120699,0 -115.615605,34.8118993,0 -115.6157457,34.8117659,0 -115.6155623,34.8114419,0 -115.615556,34.811068,0 -115.6156103,34.8108298,0 -115.6158252,34.8107803,0 -115.6159956,34.8103773,0 -115.6171338,34.8100683,0 -115.6175992,34.8100944,0 -115.617762,34.8101481,0 -115.6182404,34.8101536,0 -115.6183669,34.8101135,0 -115.6184583,34.8099172,0 -115.6184368,34.8096989,0 -115.618637,34.8090158,0 -115.6188405,34.8088935,0 -115.6189838,34.8086044,0 -115.6193875,34.8085571,0 -115.619651,34.808612,0 -115.6199158,34.8085838,0 -115.6203516,34.8081215,0 -115.6206973,34.8080072,0 -115.6208701,34.8077926,0 -115.6210827,34.8076715,0 -115.6213912,34.8076198,0 -115.6216921,34.8076606,0 -115.6220603,34.8075801,0 -115.6226887,34.8076391,0 -115.6230167,34.8076013,0 -115.623195,34.8074787,0 -115.6233409,34.8070339,0 -115.6234918,34.807046,0 -115.6237406,34.8072253,0 -115.6250878,34.8072198,0 -115.6254414,34.8071511,0 -115.6255959,34.8069451,0 -115.6255973,34.8068621,0 -115.6252771,34.8064327,0 -115.6252797,34.806277,0 -115.6253573,34.8061533,0 -115.6257,34.8059806,0 -115.6265067,34.8059274,0 -115.6266348,34.8057939,0 -115.626742,34.8054005,0 -115.6269579,34.8052887,0 -115.6276253,34.8052754,0 -115.6279507,34.8053933,0 -115.6284285,34.8054299,0 -115.6286566,34.805339,0 -115.6288256,34.805019,0 -115.6290151,34.8049796,0 -115.629755,34.8051541,0 -115.6305476,34.8051838,0 -115.6308011,34.8050828,0 -115.6309052,34.8048763,0 -115.631225,34.8045683,0 -115.6316323,34.8043029,0 -115.6319747,34.804151,0 -115.6325095,34.8037832,0 -115.6329761,34.8037365,0 -115.6340971,34.8029392,0 -115.6346409,34.8027895,0 -115.6348567,34.8026777,0 -115.6357007,34.8026456,0 -115.6359792,34.8025553,0 -115.6366946,34.8026879,0 -115.6372444,34.8029329,0 -115.6373295,34.8031208,0 -115.6378033,34.8033961,0 -115.6380909,34.8035135,0 -115.6382818,34.803391,0 -115.6384077,34.8033924,0 -115.6386791,34.8037278,0 -115.6390773,34.8040126,0 -115.6395392,34.8042462,0 -115.6405943,34.804393,0 -115.6408568,34.8045102,0 -115.6409296,34.8046771,0 -115.6417055,34.8049558,0 -115.6419037,34.8051553,0 -115.6422177,34.8052003,0 -115.6428896,34.8049171,0 -115.643233,34.8047028,0 -115.6436924,34.8043237,0 -115.6439073,34.8042742,0 -115.6439838,34.8042128,0 -115.6441789,34.8038307,0 -115.6448139,34.8034951,0 -115.6453716,34.8032625,0 -115.6459822,34.8028747,0 -115.6465438,34.8024033,0 -115.6472053,34.8019849,0 -115.6479923,34.8015886,0 -115.6487971,34.8016391,0 -115.6494782,34.8015636,0 -115.6508826,34.8011327,0 -115.6511635,34.8008866,0 -115.6514156,34.8008686,0 -115.6515935,34.8007667,0 -115.651862,34.7997417,0 -115.6518167,34.7994296,0 -115.6514508,34.7987091,0 -115.6517174,34.7985667,0 -115.65228,34.7980329,0 -115.6527096,34.7979338,0 -115.6530277,34.7977297,0 -115.6532425,34.7976801,0 -115.6536515,34.7973004,0 -115.6541202,34.7971187,0 -115.6543382,34.7968719,0 -115.6545045,34.7964125,0 -115.6556942,34.7958489,0 -115.6561444,34.7956553,0 -115.6567195,34.7955293,0 -115.6571543,34.7952948,0 -115.6574302,34.795608,0 -115.6577291,34.7958086,0 -115.6581691,34.7958446,0 -115.6592018,34.7958145,0 -115.659694,34.7957368,0 -115.6605745,34.7957777,0 -115.6618016,34.7953966,0 -115.6624309,34.7954035,0 -115.6628256,34.7951275,0 -115.6635368,34.7947407,0 -115.6637262,34.7947012,0 -115.6642845,34.794427,0 -115.6645413,34.7941183,0 -115.6649492,34.7938008,0 -115.6653518,34.7938156,0 -115.6666893,34.7936122,0 -115.6673849,34.7934122,0 -115.668197,34.7930057,0 -115.6685744,34.7930202,0 -115.6687513,34.7929806,0 -115.6693187,34.7921353,0 -115.6696087,34.7921073,0 -115.6698721,34.7921621,0 -115.6709735,34.7925584,0 -115.6713764,34.7925524,0 -115.6722137,34.7921462,0 -115.6728441,34.7920804,0 -115.6732397,34.791742,0 -115.673326,34.791068,0 -115.6734049,34.7908611,0 -115.673584,34.7907792,0 -115.6752082,34.7906523,0 -115.6756725,34.7907405,0 -115.6771484,34.7913276,0 -115.6775258,34.7913421,0 -115.678197,34.7910898,0 -115.6783883,34.7909361,0 -115.678578,34.7908759,0 -115.6788547,34.7909205,0 -115.679947,34.7908769,0 -115.6803978,34.7910031,0 -115.6813133,34.7914248,0 -115.6818017,34.7915858,0 -115.6821887,34.7917873,0 -115.6823745,34.7919762,0 -115.682537,34.7928399,0 -115.6829733,34.7931042,0 -115.683639,34.7931945,0 -115.6840292,34.7931987,0 -115.6851387,34.7926643,0 -115.6857677,34.7925609,0 -115.6860852,34.792457,0 -115.6871151,34.7919547,0 -115.6875356,34.7917982,0 -115.6877404,34.7917775,0 -115.6880184,34.7918188,0 -115.6887089,34.7922171,0 -115.6892259,34.7924219,0 -115.6894487,34.792432,0 -115.6898416,34.7922599,0 -115.6903285,34.7921267,0 -115.6908542,34.7920652,0 -115.6911749,34.7921662,0 -115.6915374,34.7923473,0 -115.691966,34.792414,0 -115.6922753,34.7925591,0 -115.6930899,34.7926831,0 -115.6950221,34.7927836,0 -115.6953176,34.7931235,0 -115.695342,34.7936201,0 -115.6954264,34.7937185,0 -115.6959525,34.7937419,0 -115.69623,34.7938601,0 -115.6964631,34.7940664,0 -115.6971163,34.7942064,0 -115.6974813,34.7942191,0 -115.6977801,34.7943553,0 -115.6987485,34.7942416,0 -115.6997365,34.7942876,0 -115.700722,34.7944753,0 -115.7013442,34.7945352,0 -115.7032828,34.7949192,0 -115.7042175,34.7949203,0 -115.7048218,34.7947495,0 -115.7055647,34.794651,0 -115.7057811,34.7945558,0 -115.7062936,34.7940738,0 -115.7065854,34.7939617,0 -115.7071885,34.7938706,0 -115.7084854,34.7933792,0 -115.7092161,34.7933692,0 -115.7098261,34.7935264,0 -115.7111999,34.7936118,0 -115.7135582,34.7939558,0 -115.7143316,34.793964,0 -115.7149169,34.7943247,0 -115.7152391,34.794337,0 -115.7159091,34.794087,0 -115.7162645,34.7940287,0 -115.7164077,34.7939577,0 -115.7166967,34.7936716,0 -115.7167844,34.7936605,0 -115.7173435,34.7937299,0 -115.7186249,34.7942397,0 -115.7190438,34.7942442,0 -115.7191765,34.7941672,0 -115.7191155,34.7937752,0 -115.7199437,34.7930217,0 -115.720099,34.7927042,0 -115.7203416,34.7916078,0 -115.7203026,34.7913503,0 -115.7199752,34.7909835,0 -115.7197572,34.7904937,0 -115.7197698,34.7903698,0 -115.7202967,34.7896486,0 -115.720058,34.7891054,0 -115.7198584,34.7888108,0 -115.7202614,34.7884517,0 -115.7204874,34.7877361,0 -115.7204835,34.787293,0 -115.720691,34.7870736,0 -115.7209564,34.7865871,0 -115.7209574,34.7858267,0 -115.7207203,34.7851772,0 -115.720651,34.7847953,0 -115.7207143,34.7841756,0 -115.7214927,34.7831557,0 -115.72211,34.7828342,0 -115.7222427,34.7825874,0 -115.7223806,34.7820039,0 -115.7224359,34.7812068,0 -115.722316,34.7806206,0 -115.7220484,34.7798644,0 -115.7220203,34.7795983,0 -115.7224161,34.7791138,0 -115.722783,34.7789043,0 -115.7230127,34.7778291,0 -115.7234152,34.7771334,0 -115.7240183,34.7766366,0 -115.724336,34.7762656,0 -115.7245399,34.7759167,0 -115.7246357,34.7752158,0 -115.7246009,34.7747124,0 -115.724663,34.774362,0 -115.7246128,34.7739403,0 -115.7243919,34.773552,0 -115.7244655,34.7733772,0 -115.724996,34.7729967,0 -115.7255382,34.7727684,0 -115.7258293,34.7722801,0 -115.72629,34.7718286,0 -115.7274185,34.7711994,0 -115.7274344,34.7702378,0 -115.7275837,34.769748,0 -115.7280946,34.768794,0 -115.7285276,34.7682955,0 -115.7293125,34.7678368,0 -115.7310237,34.7671178,0 -115.7312106,34.7671418,0 -115.7326718,34.7670752,0 -115.7331129,34.7669745,0 -115.7340272,34.766516,0 -115.7342854,34.7663198,0 -115.7342254,34.7656055,0 -115.7343662,34.7647412,0 -115.7345748,34.7640765,0 -115.7350535,34.7633679,0 -115.7356214,34.7623793,0 -115.736369,34.7616968,0 -115.7374254,34.7612164,0 -115.7401171,34.760402,0 -115.7425716,34.7593276,0 -115.7436256,34.7589992,0 -115.7450669,34.7583706,0 -115.7463105,34.7576932,0 -115.7491711,34.7560028,0 -115.7527294,34.7540972,0 -115.7576889,34.7523228,0 -115.7588128,34.7520535,0 -115.7590822,34.7520445,0 -115.7593793,34.7520827,0 -115.7597599,34.7522269,0 -115.7603679,34.7523267,0 -115.7613467,34.7522782,0 -115.7618282,34.7523065,0 -115.7625073,34.7523953,0 -115.7634247,34.752662,0 -115.7648127,34.7527346,0 -115.7655135,34.7532681,0 -115.7665853,34.7536417,0 -115.7675051,34.7537446,0 -115.7704586,34.7543594,0 -115.7713764,34.7546027,0 -115.7717144,34.7547465,0 -115.7722661,34.7548222,0 -115.7731037,34.7547371,0 -115.7739533,34.7548041,0 -115.774561,34.7549272,0 -115.7759296,34.7553622,0 -115.7785339,34.7565934,0 -115.7790422,34.7567272,0 -115.77975,34.7567928,0 -115.7810789,34.7570401,0 -115.781784,34.7572928,0 -115.7831603,34.7581723,0 -115.7838246,34.7583076,0 -115.7851151,34.7582737,0 -115.7854851,34.7581721,0 -115.7859274,34.7579776,0 -115.7863894,34.757409,0 -115.7866025,34.757376,0 -115.7867721,34.7574128,0 -115.7871059,34.757849,0 -115.7875704,34.7580759,0 -115.7879385,34.758103,0 -115.7885911,34.7580744,0 -115.7894872,34.757861,0 -115.7903945,34.7578583,0 -115.7909876,34.7580163,0 -115.791551,34.7582676,0 -115.7918478,34.758329,0 -115.792246,34.7582394,0 -115.7931249,34.7582364,0 -115.7936449,34.7584172,0 -115.7943057,34.7590329,0 -115.7949459,34.7587692,0 -115.7951213,34.7584083,0 -115.7951748,34.7576483,0 -115.7954994,34.7567741,0 -115.7954249,34.756048,0 -115.7956993,34.7556997,0 -115.796231,34.7552019,0 -115.7967294,34.755043,0 -115.7969461,34.7547644,0 -115.7968378,34.7544123,0 -115.7962191,34.754067,0 -115.7950485,34.7536576,0 -115.7936468,34.7535501,0 -115.7926121,34.7535399,0 -115.7921576,34.7536055,0 -115.7913364,34.7535389,0 -115.7907712,34.7534163,0 -115.7900946,34.7531522,0 -115.7897172,34.7527858,0 -115.7891838,34.7524295,0 -115.7887791,34.7519926,0 -115.7884887,34.7514983,0 -115.7883422,34.7508534,0 -115.7883715,34.7498124,0 -115.7887832,34.7487987,0 -115.7893151,34.7482892,0 -115.7896132,34.7482571,0 -115.7901839,34.7480054,0 -115.7906819,34.7478699,0 -115.7916386,34.747388,0 -115.7917414,34.7471434,0 -115.7919023,34.7461506,0 -115.79214,34.7460476,0 -115.7926425,34.745608,0 -115.7935017,34.7450081,0 -115.7940057,34.7444633,0 -115.794195,34.7441141,0 -115.7944309,34.7434847,0 -115.7945115,34.7428186,0 -115.7946154,34.7424921,0 -115.7948292,34.7424123,0 -115.7959485,34.7424351,0 -115.7960217,34.742272,0 -115.7960717,34.7417577,0 -115.796052,34.7411609,0 -115.7961884,34.7405539,0 -115.7968412,34.7395191,0 -115.7967876,34.7393079,0 -115.7963814,34.7389763,0 -115.7959504,34.7383988,0 -115.7954739,34.7381221,0 -115.7949827,34.737699,0 -115.7946179,34.7364669,0 -115.7944067,34.7363712,0 -115.793734,34.7358498,0 -115.7936548,34.7354512,0 -115.7935143,34.7353679,0 -115.7931231,34.734978,0 -115.7928393,34.7340275,0 -115.7925498,34.7334748,0 -115.792187,34.7330851,0 -115.7920506,34.7327211,0 -115.7920014,34.7322058,0 -115.7921659,34.7316108,0 -115.7929423,34.7308463,0 -115.7938718,34.7302705,0 -115.7943709,34.7300532,0 -115.7974003,34.7283165,0 -115.7978441,34.728005,0 -115.7991061,34.7259935,0 -115.7995091,34.7255646,0 -115.8008419,34.7245247,0 -115.8014178,34.7238986,0 -115.8016244,34.7233274,0 -115.8019452,34.7226988,0 -115.8023031,34.7224449,0 -115.8027052,34.7220745,0 -115.8034058,34.7216368,0 -115.804057,34.7206955,0 -115.804456,34.7205357,0 -115.8052624,34.7196427,0 -115.805332,34.7187425,0 -115.8053082,34.7184264,0 -115.8049434,34.7181772,0 -115.8041274,34.7177714,0 -115.8036097,34.7173217,0 -115.8032616,34.7168971,0 -115.8032113,34.716452,0 -115.8033309,34.7160203,0 -115.8037324,34.715685,0 -115.803837,34.7153116,0 -115.8036931,34.7144796,0 -115.8038021,34.7138021,0 -115.8033437,34.7131658,0 -115.8029448,34.7123312,0 -115.8029753,34.7121794,0 -115.8033165,34.7121009,0 -115.8052033,34.7119322,0 -115.8056311,34.7117375,0 -115.8061051,34.7112859,0 -115.8065458,34.7111849,0 -115.8069426,34.7111771,0 -115.8070876,34.7109445,0 -115.8069235,34.7105334,0 -115.8066451,34.7101914,0 -115.806511,34.7096636,0 -115.8064536,34.7087271,0 -115.8070489,34.7070334,0 -115.808445,34.7081733,0 -115.8088959,34.7083415,0 -115.809475,34.7084642,0 -115.809915,34.70841,0 -115.8107771,34.7085588,0 -115.8116911,34.7090357,0 -115.8122791,34.7095328,0 -115.8126687,34.710028,0 -115.8135831,34.7104815,0 -115.8137986,34.7112674,0 -115.8143273,34.7119394,0 -115.8143653,34.7122557,0 -115.8145583,34.712632,0 -115.8145973,34.712878,0 -115.8148053,34.7131959,0 -115.815016,34.7133267,0 -115.8161924,34.7132913,0 -115.8166447,34.7133659,0 -115.8175997,34.7139602,0 -115.8180364,34.7141399,0 -115.8184012,34.7143891,0 -115.8184977,34.7145772,0 -115.8185061,34.7149868,0 -115.8185727,34.7152799,0 -115.8187368,34.7157027,0 -115.8189749,34.7158922,0 -115.8196373,34.7161443,0 -115.8199906,34.7162062,0 -115.8200736,34.7163474,0 -115.8199863,34.7165104,0 -115.8197131,34.7167885,0 -115.8192366,34.7174157,0 -115.8188873,34.7180675,0 -115.8187023,34.7191186,0 -115.8189625,34.7197529,0 -115.8193094,34.7202711,0 -115.8194734,34.7206938,0 -115.8197383,34.7210006,0 -115.820286,34.7213452,0 -115.8214703,34.7217661,0 -115.8216821,34.721815,0 -115.8227727,34.7218489,0 -115.8229875,34.7216872,0 -115.8234093,34.7209191,0 -115.8239234,34.7206433,0 -115.8240967,34.720411,0 -115.8241993,34.7201663,0 -115.8245267,34.7200641,0 -115.8248079,34.7202189,0 -115.8248896,34.7204537,0 -115.8250988,34.7206897,0 -115.8253663,34.7208093,0 -115.825694,34.7206838,0 -115.8260024,34.7199146,0 -115.825942,34.7191769,0 -115.826143,34.7189917,0 -115.82657,34.7188554,0 -115.8267431,34.7186348,0 -115.8268318,34.7183782,0 -115.8270191,34.7181577,0 -115.8273059,34.7179148,0 -115.8278205,34.7175922,0 -115.8281653,34.7172562,0 -115.8283131,34.7168247,0 -115.8285291,34.7165811,0 -115.8287699,34.7165834,0 -115.8291936,34.7166811,0 -115.8299523,34.717133,0 -115.8303637,34.7171018,0 -115.8307498,34.7168482,0 -115.831113,34.7162082,0 -115.8313985,34.7160588,0 -115.8315715,34.7158499,0 -115.8316509,34.7152423,0 -115.8318388,34.714975,0 -115.8320661,34.7149304,0 -115.8330524,34.7153259,0 -115.833723,34.7159992,0 -115.8338889,34.7162933,0 -115.8342265,34.716472,0 -115.8365018,34.7168915,0 -115.8381567,34.7170945,0 -115.8385372,34.7172385,0 -115.8398021,34.717976,0 -115.8402649,34.7183197,0 -115.8417337,34.7186612,0 -115.8428787,34.7188593,0 -115.8440215,34.7192094,0 -115.8443047,34.7192238,0 -115.8446025,34.7192032,0 -115.8459297,34.7185255,0 -115.8463971,34.7185417,0 -115.8469048,34.7187103,0 -115.8475235,34.7190554,0 -115.8484269,34.7192979,0 -115.8496149,34.7194613,0 -115.8496625,34.7201169,0 -115.8498149,34.720364,0 -115.8501369,34.7206478,0 -115.8502055,34.7208123,0 -115.8501524,34.7215723,0 -115.8504665,34.7224293,0 -115.850773,34.7228066,0 -115.8509074,34.7233343,0 -115.8509167,34.7236854,0 -115.8511394,34.72398,0 -115.8516594,34.7242891,0 -115.8529685,34.7249215,0 -115.8536598,34.7251386,0 -115.8539127,34.725293,0 -115.8542098,34.7253309,0 -115.8545677,34.7250652,0 -115.8550237,34.7248823,0 -115.8554751,34.7250269,0 -115.8556011,34.7251451,0 -115.8556927,34.7256959,0 -115.8558287,34.7261066,0 -115.8564453,34.7266038,0 -115.8567548,34.7267705,0 -115.8575049,34.726836,0 -115.8582008,34.7267256,0 -115.8584251,34.726727,0 -115.8583014,34.7271414,0 -115.8583593,34.7275815,0 -115.8583699,34.7280027,0 -115.8583,34.7283009,0 -115.8583466,34.7285051,0 -115.8588997,34.7289585,0 -115.8590115,34.729204,0 -115.8591179,34.7298434,0 -115.8597036,34.7303243,0 -115.8601614,34.7305324,0 -115.8603399,34.7307106,0 -115.8605159,34.731079,0 -115.8605065,34.7317581,0 -115.8603411,34.7330198,0 -115.8605352,34.7332661,0 -115.8613853,34.7336679,0 -115.8618568,34.7340798,0 -115.8629508,34.7346877,0 -115.8633767,34.7348275,0 -115.8639634,34.7352405,0 -115.8645678,34.7355585,0 -115.8652571,34.7356872,0 -115.8657641,34.7359093,0 -115.8663475,34.7365667,0 -115.8666089,34.7367049,0 -115.8672858,34.7365347,0 -115.8675986,34.736524,0 -115.8680576,34.7366505,0 -115.8684522,34.7366678,0 -115.8686968,34.736833,0 -115.8687763,34.7370375,0 -115.8687709,34.7374314,0 -115.8683875,34.7377945,0 -115.8682686,34.7380651,0 -115.8680342,34.7383618,0 -115.8679135,34.7387681,0 -115.8679433,34.7389993,0 -115.8686568,34.7397666,0 -115.8693003,34.7408456,0 -115.8701081,34.7419398,0 -115.8717547,34.7430689,0 -115.8720999,34.7430992,0 -115.8726789,34.7428737,0 -115.8733544,34.742812,0 -115.8737985,34.7428297,0 -115.8742299,34.742562,0 -115.8744778,34.7424828,0 -115.8748383,34.7425948,0 -115.8752304,34.7428022,0 -115.8756677,34.7433224,0 -115.8759455,34.7434608,0 -115.8762088,34.7434632,0 -115.8765667,34.7437653,0 -115.8767636,34.7438079,0 -115.8771095,34.7437839,0 -115.8773921,34.7435692,0 -115.8781598,34.7427749,0 -115.8785399,34.7426561,0 -115.8787076,34.7424268,0 -115.8791211,34.7422676,0 -115.8799129,34.7421254,0 -115.8806355,34.7422272,0 -115.8811483,34.7420281,0 -115.8816468,34.741666,0 -115.8819765,34.7416283,0 -115.8823216,34.7416586,0 -115.8827773,34.7420295,0 -115.8830558,34.7421271,0 -115.8845243,34.7430507,0 -115.8855905,34.7433049,0 -115.885985,34.7433357,0 -115.8863448,34.743502,0 -115.8865399,34.7436804,0 -115.887062,34.7440111,0 -115.8872724,34.7442711,0 -115.887486,34.7443003,0 -115.8883598,34.7441724,0 -115.8886394,34.7441885,0 -115.8891639,34.7443427,0 -115.8896728,34.7444289,0 -115.8907855,34.7449008,0 -115.8912252,34.7452444,0 -115.8914518,34.7455317,0 -115.8915984,34.7456417,0 -115.8918944,34.745658,0 -115.8921388,34.7458368,0 -115.892716,34.746983,0 -115.893677,34.7477253,0 -115.894148,34.7481914,0 -115.8943241,34.7485597,0 -115.894399,34.7491173,0 -115.8945096,34.7494579,0 -115.8947523,34.7497725,0 -115.8949653,34.7498424,0 -115.8950459,34.7499653,0 -115.895122,34.7504279,0 -115.8953671,34.7505659,0 -115.895381,34.7507562,0 -115.8954954,34.7508116,0 -115.8959894,34.7507889,0 -115.8965185,34.7506035,0 -115.8967017,34.7504422,0 -115.8972118,34.7504468,0 -115.8974438,34.7503266,0 -115.8977073,34.7503154,0 -115.897989,34.7501686,0 -115.8980756,34.7498434,0 -115.8980625,34.7495852,0 -115.8982128,34.7494235,0 -115.8985777,34.7492095,0 -115.898861,34.7489404,0 -115.8993885,34.7488773,0 -115.8996344,34.7489474,0 -115.8999765,34.7492086,0 -115.9003698,34.7493344,0 -115.9009305,34.7492443,0 -115.9018456,34.7484919,0 -115.902084,34.7478829,0 -115.9022415,34.747178,0 -115.9025563,34.7470178,0 -115.903118,34.7468463,0 -115.9039549,34.7470304,0 -115.9043167,34.7470472,0 -115.9047141,34.7468606,0 -115.9048996,34.7465227,0 -115.9050827,34.7463614,0 -115.9056931,34.7462446,0 -115.9060388,34.7462341,0 -115.9065945,34.7465244,0 -115.907544,34.7468996,0 -115.9083274,34.7473957,0 -115.9097829,34.7480879,0 -115.9101403,34.7484442,0 -115.9106327,34.7485437,0 -115.9120877,34.7492766,0 -115.9125141,34.7493891,0 -115.9127922,34.7495138,0 -115.9129873,34.7496922,0 -115.9132294,34.7500611,0 -115.9138997,34.750393,0 -115.9144215,34.7507644,0 -115.9147485,34.7509303,0 -115.9149393,34.7514346,0 -115.9152622,34.7519129,0 -115.9154422,34.751996,0 -115.916413,34.7520047,0 -115.916711,34.7518715,0 -115.9169916,34.7518061,0 -115.9172538,34.7518899,0 -115.9175315,34.7520554,0 -115.9185982,34.7522822,0 -115.9194143,34.7528056,0 -115.919857,34.7529317,0 -115.9201349,34.75307,0 -115.9207385,34.7534829,0 -115.921298,34.7534878,0 -115.9221551,34.7533868,0 -115.922681,34.7534458,0 -115.924564,34.7541823,0 -115.9251723,34.7542284,0 -115.9255977,34.7544223,0 -115.9258251,34.7546553,0 -115.9261197,34.7547801,0 -115.926494,34.7551094,0 -115.9267732,34.7551526,0 -115.92715,34.7552918,0 -115.9275421,34.7555126,0 -115.9283288,34.755764,0 -115.9294559,34.7564259,0 -115.9298784,34.7565117,0 -115.9304396,34.7567198,0 -115.9308359,34.7566146,0 -115.9313,34.7563606,0 -115.9317288,34.7562964,0 -115.9323212,34.7563016,0 -115.9326661,34.756359,0 -115.9334204,34.7565693,0 -115.9337303,34.7567894,0 -115.9345716,34.7579242,0 -115.9351278,34.7581871,0 -115.9361463,34.7583318,0 -115.9371668,34.7583272,0 -115.9378592,34.7582381,0 -115.9382893,34.7580653,0 -115.9385698,34.7580134,0 -115.9386999,34.7581368,0 -115.9387794,34.7583548,0 -115.9390235,34.7585743,0 -115.939087,34.7587514,0 -115.9395568,34.7593396,0 -115.9398523,34.7593965,0 -115.9402637,34.7594001,0 -115.9409754,34.7595389,0 -115.9414795,34.7595736,0 -115.9418755,34.7594956,0 -115.9421086,34.7592803,0 -115.942739,34.7588918,0 -115.9431387,34.7585286,0 -115.9433871,34.7584085,0 -115.9435518,34.7583963,0 -115.9441318,34.7580889,0 -115.9442428,34.7584159,0 -115.9442234,34.7586466,0 -115.9443009,34.7590276,0 -115.9445266,34.7593963,0 -115.9446861,34.7597916,0 -115.9449283,34.7601605,0 -115.9449736,34.7604869,0 -115.9448849,34.7609887,0 -115.9448967,34.7613555,0 -115.9447915,34.7618572,0 -115.9445726,34.7622492,0 -115.9446677,34.7625353,0 -115.9449949,34.7626875,0 -115.9452224,34.7629204,0 -115.9452184,34.7632328,0 -115.9460147,34.7640411,0 -115.946142,34.7643818,0 -115.9459733,34.7647063,0 -115.9459823,34.7652905,0 -115.9457978,34.7655605,0 -115.9457273,34.7659267,0 -115.9457307,34.766959,0 -115.9452969,34.7674171,0 -115.9452621,34.7675662,0 -115.9455355,34.7680712,0 -115.9462389,34.7684168,0 -115.9463026,34.7685804,0 -115.9464986,34.7687043,0 -115.9467614,34.7687473,0 -115.9469733,34.7689122,0 -115.9470213,34.7690213,0 -115.9471852,34.769077,0 -115.9486997,34.7690629,0 -115.9490437,34.7692017,0 -115.9497013,34.7692617,0 -115.9499293,34.7694539,0 -115.9502026,34.7699724,0 -115.9504455,34.7702869,0 -115.9503978,34.7714546,0 -115.950788,34.7718383,0 -115.9508516,34.7720155,0 -115.9507349,34.7721367,0 -115.9504698,34.7722703,0 -115.9500875,34.7725658,0 -115.9499136,34.7732978,0 -115.9500422,34.7735434,0 -115.9502211,34.7737079,0 -115.9506134,34.7739286,0 -115.9507756,34.7741202,0 -115.9509894,34.7741356,0 -115.9511881,34.7740423,0 -115.9514049,34.7738268,0 -115.9515393,34.7736106,0 -115.9514947,34.7733326,0 -115.9515645,34.7729181,0 -115.9517471,34.7727974,0 -115.9520775,34.7727052,0 -115.9524058,34.7727759,0 -115.9528974,34.7729567,0 -115.9533598,34.7728385,0 -115.9537254,34.7725699,0 -115.9543258,34.7719503,0 -115.9544587,34.7718563,0 -115.954656,34.7718716,0 -115.9549975,34.7722005,0 -115.9553254,34.772312,0 -115.9560103,34.7728205,0 -115.9563346,34.7732172,0 -115.9563622,34.7736385,0 -115.9565674,34.774333,0 -115.9568274,34.7746069,0 -115.9570805,34.775424,0 -115.9572732,34.775806,0 -115.9577459,34.7761768,0 -115.9585227,34.7772429,0 -115.9588322,34.7775037,0 -115.9589608,34.7777493,0 -115.9591908,34.777792,0 -115.9594884,34.7776859,0 -115.9597688,34.7776475,0 -115.9599982,34.777731,0 -115.9602105,34.7778686,0 -115.9606171,34.778266,0 -115.9608426,34.7786618,0 -115.9612167,34.7790182,0 -115.9621675,34.7793387,0 -115.9624968,34.7793415,0 -115.9628774,34.7791818,0 -115.963011,34.7790335,0 -115.9634084,34.7788467,0 -115.9641525,34.7785814,0 -115.9645016,34.7783127,0 -115.9647696,34.7779482,0 -115.9649515,34.7778818,0 -115.9653291,34.7779666,0 -115.9657216,34.7781736,0 -115.9660336,34.7782306,0 -115.9674326,34.7782561,0 -115.9685335,34.7784284,0 -115.9689613,34.7784456,0 -115.969209,34.7783798,0 -115.9693597,34.7781773,0 -115.9697672,34.7785068,0 -115.970072,34.7791478,0 -115.9704764,34.7797217,0 -115.970674,34.7797234,0 -115.9710674,34.7798625,0 -115.9714915,34.7801785,0 -115.9716211,34.7803426,0 -115.971471,34.7805043,0 -115.9712976,34.7812092,0 -115.9711128,34.7815065,0 -115.9711551,34.7820773,0 -115.9710308,34.7828098,0 -115.9710878,34.7835166,0 -115.9711851,34.7836396,0 -115.9714631,34.7837914,0 -115.9720871,34.7839189,0 -115.9722979,34.7841788,0 -115.9726243,34.7844124,0 -115.9733886,34.7851796,0 -115.9747423,34.7862097,0 -115.975019,34.7864701,0 -115.9752651,34.7865401,0 -115.9756763,34.7865707,0 -115.9760864,34.7866964,0 -115.9763627,34.786984,0 -115.9772996,34.7884453,0 -115.9777696,34.7890469,0 -115.9783099,34.7892959,0 -115.9787374,34.7893403,0 -115.9796711,34.7897284,0 -115.9797846,34.7898788,0 -115.9795338,34.7901891,0 -115.9796052,34.7910726,0 -115.9798638,34.7914687,0 -115.980338,34.7917307,0 -115.9809606,34.7919804,0 -115.981989,34.792709,0 -115.9825479,34.7927815,0 -115.9832898,34.7927062,0 -115.9846929,34.7924191,0 -115.9856783,34.7926175,0 -115.9864352,34.7926646,0 -115.987025,34.7929004,0 -115.9872196,34.7931465,0 -115.9876781,34.7933541,0 -115.9878552,34.7936815,0 -115.9878341,34.7940617,0 -115.9880598,34.7944575,0 -115.9881352,34.7950286,0 -115.988348,34.7951255,0 -115.9885268,34.7953171,0 -115.9888228,34.7953467,0 -115.9896585,34.7956797,0 -115.9898721,34.7957222,0 -115.9909441,34.7955817,0 -115.9918481,34.7957114,0 -115.9924278,34.795431,0 -115.9929544,34.7954625,0 -115.9934625,34.7956569,0 -115.9938077,34.7957005,0 -115.9945605,34.796087,0 -115.9949553,34.7961174,0 -115.9953977,34.7962977,0 -115.9958737,34.7964238,0 -115.9962191,34.7964539,0 -115.9966636,34.7964575,0 -115.9980015,34.7961154,0 -115.9992196,34.7961526,0 -115.9998705,34.796306,0 -116.0003994,34.7966241,0 -116.0019277,34.7968811,0 -116.0020747,34.7969774,0 -116.0021223,34.7971272,0 -116.0023846,34.7972245,0 -116.002605,34.7973945,0 -116.0030911,34.7973525,0 -116.0040008,34.7970204,0 -116.0045787,34.7968893,0 -116.0047761,34.7969045,0 -116.0051226,34.7968394,0 -116.00588,34.7968456,0 -116.0063585,34.796768,0 -116.0068385,34.7965546,0 -116.0075128,34.796628,0 -116.0077273,34.796589,0 -116.0079444,34.7963327,0 -116.0083585,34.7961323,0 -116.008951,34.7961507,0 -116.0099575,34.7959823,0 -116.0105187,34.7958646,0 -116.0114609,34.7955599,0 -116.0119386,34.7955502,0 -116.0127444,34.7956382,0 -116.013154,34.7958045,0 -116.0143285,34.7967377,0 -116.015067,34.7969474,0 -116.0153136,34.7969766,0 -116.0154397,34.797453,0 -116.015731,34.7978765,0 -116.0160248,34.7980962,0 -116.0164684,34.7981813,0 -116.0168642,34.7981301,0 -116.0172631,34.7978209,0 -116.0174338,34.7973062,0 -116.0174942,34.796383,0 -116.0176119,34.7961802,0 -116.017581,34.7960034,0 -116.0173713,34.7956349,0 -116.0172309,34.7949818,0 -116.0171773,34.793949,0 -116.0169337,34.7922763,0 -116.0169802,34.7911357,0 -116.016852,34.7908358,0 -116.0163515,34.7900032,0 -116.0163542,34.7897723,0 -116.0165421,34.7892033,0 -116.016694,34.7888922,0 -116.0168594,34.7888256,0 -116.0175437,34.7880433,0 -116.0190395,34.78686,0 -116.0192907,34.7865089,0 -116.0194098,34.7861838,0 -116.01978,34.7855077,0 -116.0199293,34.7853342,0 -116.0217056,34.7841648,0 -116.0218898,34.7839082,0 -116.0218765,34.7836365,0 -116.0219609,34.7834606,0 -116.0223237,34.7834091,0 -116.0225552,34.7833295,0 -116.0234615,34.7832553,0 -116.0238234,34.7832853,0 -116.024151,34.7834238,0 -116.0265052,34.7834291,0 -116.0269686,34.783229,0 -116.0278115,34.7829505,0 -116.0280093,34.7829249,0 -116.0286648,34.7831882,0 -116.0292904,34.7831932,0 -116.0300107,34.7835386,0 -116.0304027,34.7838133,0 -116.0307314,34.7838567,0 -116.030931,34.7836817,0 -116.031292,34.7823806,0 -116.0312288,34.7821492,0 -116.0309849,34.7818892,0 -116.0305807,34.7812611,0 -116.0305105,34.7808998,0 -116.0305156,34.780482,0 -116.030711,34.780064,0 -116.0309743,34.7799335,0 -116.0312245,34.7797042,0 -116.0319023,34.779465,0 -116.0325319,34.7791169,0 -116.0329935,34.7790662,0 -116.0339982,34.7790199,0 -116.0345574,34.779065,0 -116.0352823,34.7790165,0 -116.0364485,34.779243,0 -116.0367806,34.7790012,0 -116.0370787,34.7788541,0 -116.0373505,34.7781228,0 -116.0386577,34.777549,0 -116.0402731,34.7773716,0 -116.041146,34.7773377,0 -116.0415563,34.7774496,0 -116.0423097,34.7777815,0 -116.042524,34.7777561,0 -116.0428401,34.7774733,0 -116.0431212,34.7773668,0 -116.0436161,34.7772756,0 -116.0436677,34.7770859,0 -116.0434404,34.7768124,0 -116.0432281,34.7766614,0 -116.0427752,34.775965,0 -116.0426628,34.7757197,0 -116.0426659,34.775448,0 -116.0425703,34.7751756,0 -116.0424247,34.7749571,0 -116.0425382,34.7736812,0 -116.0423813,34.7730144,0 -116.042533,34.7727031,0 -116.0427494,34.7725011,0 -116.0428027,34.7721619,0 -116.0432508,34.7718395,0 -116.0433869,34.7714602,0 -116.0434065,34.7711887,0 -116.0436078,34.7708643,0 -116.0438391,34.7707846,0 -116.0445284,34.7709666,0 -116.044727,34.7708731,0 -116.0448457,34.7705751,0 -116.045144,34.7704009,0 -116.0453797,34.7699409,0 -116.0456785,34.7697259,0 -116.04624,34.7695673,0 -116.0464392,34.7694195,0 -116.0467405,34.7689872,0 -116.0471383,34.7687458,0 -116.0473557,34.7684487,0 -116.04746,34.767974,0 -116.0476769,34.7677177,0 -116.0477615,34.7675146,0 -116.0457018,34.766276,0 -116.0450309,34.7659311,0 -116.0447553,34.7655622,0 -116.0449935,34.7648849,0 -116.0452383,34.7636372,0 -116.0451852,34.7625365,0 -116.0454425,34.7616284,0 -116.0456977,34.7609105,0 -116.0458996,34.7605318,0 -116.0460194,34.7601252,0 -116.0460417,34.7596228,0 -116.0458859,34.7588609,0 -116.0458896,34.7585349,0 -116.0461383,34.7583739,0 -116.0464896,34.7580003,0 -116.0466204,34.7578178,0 -116.0467293,34.7575096,0 -116.0471711,34.7569505,0 -116.0472289,34.7568084,0 -116.0470965,34.7561023,0 -116.0472066,34.7556879,0 -116.0473219,34.7555758,0 -116.0475836,34.7557498,0 -116.0484709,34.7559064,0 -116.0497667,34.7562832,0 -116.0502106,34.7563275,0 -116.0507832,34.7566308,0 -116.0517044,34.7566651,0 -116.0529567,34.756539,0 -116.0533202,34.7564196,0 -116.0536019,34.7562452,0 -116.0540969,34.7561404,0 -116.0545629,34.7556822,0 -116.0548137,34.7553445,0 -116.0551774,34.7551979,0 -116.0555561,34.7551873,0 -116.0559032,34.7550541,0 -116.0562722,34.7544457,0 -116.0566047,34.7541495,0 -116.0570358,34.7538676,0 -116.0576141,34.7536683,0 -116.0577971,34.7534931,0 -116.0578004,34.7532079,0 -116.0577055,34.7528676,0 -116.0577255,34.7525553,0 -116.0581589,34.7520697,0 -116.0589173,34.7519533,0 -116.0600067,34.7516629,0 -116.0603382,34.7514617,0 -116.0613377,34.7503963,0 -116.0620185,34.7498582,0 -116.0621706,34.7495062,0 -116.062108,34.7492205,0 -116.0619471,34.7488932,0 -116.0620329,34.7485815,0 -116.0618933,34.7478333,0 -116.0617656,34.7474792,0 -116.0613905,34.7471775,0 -116.0607885,34.7465751,0 -116.0605941,34.746302,0 -116.0606842,34.7456099,0 -116.0607689,34.7453932,0 -116.0610158,34.7453951,0 -116.0612138,34.7453423,0 -116.0615448,34.7451819,0 -116.0617611,34.7449662,0 -116.0620344,34.7440854,0 -116.062319,34.7436529,0 -116.0622715,34.7434896,0 -116.0619123,34.7432423,0 -116.0612564,34.7430335,0 -116.059416,34.7428019,0 -116.0581038,34.7424251,0 -116.0571212,34.7420099,0 -116.0561515,34.7419074,0 -116.0552462,34.7419275,0 -116.0545749,34.741637,0 -116.0541648,34.7415252,0 -116.0533265,34.7414372,0 -116.052013,34.7411825,0 -116.0513394,34.7410957,0 -116.0497938,34.7409886,0 -116.0493509,34.7408629,0 -116.0484847,34.7403535,0 -116.0486683,34.7386842,0 -116.0487536,34.7384268,0 -116.0489713,34.7380889,0 -116.0491499,34.7368678,0 -116.0488069,34.7366478,0 -116.0486279,34.7364698,0 -116.0487687,34.7356695,0 -116.0490747,34.7348161,0 -116.0490956,34.7344224,0 -116.0490987,34.7341507,0 -116.0489372,34.7338914,0 -116.0486932,34.733645,0 -116.0486324,34.7332098,0 -116.0486544,34.732721,0 -116.0487756,34.7321922,0 -116.0489756,34.7296232,0 -116.0491085,34.7292217,0 -116.0492136,34.7291793,0 -116.0495792,34.7292038,0 -116.0501005,34.7293373,0 -116.0504146,34.7292966,0 -116.0506774,34.7291692,0 -116.0508897,34.7288903,0 -116.0509472,34.7284375,0 -116.051478,34.7266268,0 -116.0514829,34.7262938,0 -116.0513698,34.7261821,0 -116.0506373,34.725824,0 -116.0505347,34.7256506,0 -116.052087,34.7224689,0 -116.0517766,34.7221859,0 -116.0504265,34.7213985,0 -116.0499835,34.7212872,0 -116.0492788,34.7211953,0 -116.0476963,34.7201687,0 -116.0473083,34.7198204,0 -116.0469452,34.7195802,0 -116.046136,34.7194876,0 -116.0447848,34.718808,0 -116.042522,34.7178623,0 -116.0418482,34.7173607,0 -116.0415904,34.7170565,0 -116.0414705,34.7161277,0 -116.0417975,34.7149649,0 -116.0423821,34.7141279,0 -116.0439977,34.7122632,0 -116.0472974,34.7093758,0 -116.0493242,34.7080968,0 -116.0506383,34.7074381,0 -116.0517919,34.7071018,0 -116.0566911,34.7059961,0 -116.0584732,34.7055351,0 -116.0603879,34.7049025,0 -116.0608917,34.704259,0 -116.0611361,34.7034409,0 -116.0611207,34.7024912,0 -116.061756,34.7017624,0 -116.0645585,34.7011797,0 -116.0659478,34.7007804,0 -116.0668439,34.7000967,0 -116.0677246,34.6977467,0 -116.0679267,34.6969367,0 -116.0680502,34.6953146,0 -116.0681434,34.6948226,0 -116.068308,34.6946458,0 -116.0702107,34.6950992,0 -116.0707375,34.6950598,0 -116.0710897,34.6949465,0 -116.071768,34.6939083,0 -116.0720858,34.6937368,0 -116.0724366,34.6937395,0 -116.0729795,34.6938305,0 -116.0740821,34.6940853,0 -116.0743988,34.6940007,0 -116.0751234,34.693528,0 -116.0758506,34.6928234,0 -116.0769007,34.6914837,0 -116.0779764,34.689405,0 -116.0786517,34.6886276,0 -116.0793948,34.688068,0 -116.0806804,34.6876285,0 -116.0813714,34.6870106,0 -116.0816387,34.6866358,0 -116.0815072,34.6858378,0 -116.0821872,34.6846256,0 -116.0822135,34.6838287,0 -116.0825016,34.6831643,0 -116.0833327,34.6825619,0 -116.0839368,34.6818708,0 -116.0841016,34.6812489,0 -116.0845273,34.6808174,0 -116.0856929,34.680116,0 -116.0858034,34.6796386,0 -116.0861607,34.6790472,0 -116.0866043,34.6785867,0 -116.087221,34.6782573,0 -116.0873616,34.6783171,0 -116.0877915,34.6791028,0 -116.0880349,34.6793075,0 -116.0882623,34.6793672,0 -116.0891234,34.6792287,0 -116.0895113,34.6790432,0 -116.0907918,34.6790528,0 -116.0911782,34.6790122,0 -116.091425,34.6788981,0 -116.0916055,34.6784357,0 -116.091816,34.6784373,0 -116.0921826,34.6785994,0 -116.0941456,34.678759,0 -116.0946726,34.6786904,0 -116.0951457,34.6787374,0 -116.0954449,34.6786527,0 -116.0954849,34.6782008,0 -116.0954407,34.6780427,0 -116.0964886,34.6778489,0 -116.0975642,34.6774044,0 -116.0979566,34.677592,0 -116.0982794,34.67792,0 -116.0986632,34.6779084,0 -116.099208,34.677811,0 -116.0995761,34.6778427,0 -116.0999258,34.6779468,0 -116.1001349,34.6780787,0 -116.1003579,34.6785441,0 -116.1009978,34.6793894,0 -116.1016088,34.6796692,0 -116.1019716,34.6801791,0 -116.1025691,34.680082,0 -116.1031641,34.6802169,0 -116.1036899,34.6802642,0 -116.1046689,34.6805757,0 -116.1069268,34.681056,0 -116.107327,34.6813633,0 -116.1074656,34.6815237,0 -116.1077101,34.6816269,0 -116.1082719,34.6815876,0 -116.1087472,34.6814316,0 -116.1091885,34.681174,0 -116.1094866,34.6811907,0 -116.1099586,34.681339,0 -116.1103073,34.6815445,0 -116.1107587,34.6819825,0 -116.1109678,34.6821145,0 -116.1115135,34.6819445,0 -116.1116714,34.6819457,0 -116.1117969,34.6816858,0 -116.111907,34.6812373,0 -116.1120667,34.6810646,0 -116.1121395,34.6808188,0 -116.1124416,34.6804587,0 -116.1130364,34.6806079,0 -116.1134404,34.6805674,0 -116.1137727,34.6806567,0 -116.1141936,34.6806743,0 -116.1145436,34.6807493,0 -116.1148569,34.6809834,0 -116.1151556,34.6809421,0 -116.1158957,34.6806287,0 -116.1168263,34.6805485,0 -116.1172327,34.6802761,0 -116.1175456,34.6805392,0 -116.1182633,34.6806893,0 -116.1186494,34.6806776,0 -116.119371,34.680451,0 -116.1197917,34.680483,0 -116.1203161,34.6806607,0 -116.1207202,34.6806056,0 -116.1211096,34.6802751,0 -116.1213406,34.6800014,0 -116.1216572,34.6799168,0 -116.1219716,34.6800495,0 -116.1222516,34.6801094,0 -116.1234267,34.6801324,0 -116.1236536,34.68025,0 -116.123861,34.6805413,0 -116.1251502,34.6813911,0 -116.1272557,34.6813627,0 -116.1279232,34.6812805,0 -116.1297345,34.6808587,0 -116.1308057,34.6807504,0 -116.1309273,34.6808672,0 -116.1310285,34.6812592,0 -116.1312376,34.6813911,0 -116.1316762,34.6815554,0 -116.1319347,34.6818309,0 -116.1324049,34.6821675,0 -116.1328737,34.6826346,0 -116.133241,34.6827386,0 -116.1336798,34.6827128,0 -116.1345965,34.6822845,0 -116.1348421,34.6822863,0 -116.1354871,34.6826821,0 -116.1356958,34.6828575,0 -116.1362156,34.6834843,0 -116.1375726,34.6845808,0 -116.1384017,34.6851405,0 -116.1393247,34.6847961,0 -116.1396953,34.6845813,0 -116.1408371,34.6844445,0 -116.1412753,34.6844766,0 -116.1415007,34.684739,0 -116.1416349,34.6853341,0 -116.1418952,34.6856113,0 -116.1420159,34.685815,0 -116.142032,34.68596,0 -116.1421533,34.6861058,0 -116.1424857,34.6861951,0 -116.1430597,34.6866774,0 -116.1433045,34.6867515,0 -116.1434607,34.6869121,0 -116.1435276,34.6872313,0 -116.1437381,34.6872328,0 -116.1440197,34.6871478,0 -116.1442479,34.687135,0 -116.1444225,34.6872231,0 -116.1450365,34.6872274,0 -116.1455764,34.687608,0 -116.1458738,34.6876971,0 -116.146242,34.6877141,0 -116.1470496,34.6876618,0 -116.1473822,34.6877366,0 -116.1477158,34.6877099,0 -116.1479977,34.687596,0 -116.1480874,34.6873937,0 -116.1480367,34.687205,0 -116.1481606,34.6871044,0 -116.1481835,34.6865829,0 -116.1479738,34.6864944,0 -116.1477809,34.6864931,0 -116.1476952,34.6862896,0 -116.1476799,34.6860721,0 -116.1474031,34.6856934,0 -116.1472845,34.6852868,0 -116.1474603,34.6852446,0 -116.1477963,34.6849861,0 -116.1478693,34.6847112,0 -116.1484671,34.684585,0 -116.1492425,34.6842426,0 -116.1496335,34.6837526,0 -116.1501779,34.6836984,0 -116.1503899,34.683555,0 -116.1506539,34.6834699,0 -116.1510559,34.6836176,0 -116.1513199,34.6835325,0 -116.1516704,34.6835639,0 -116.1519502,34.6836528,0 -116.152424,34.6836416,0 -116.1528288,34.683514,0 -116.1532522,34.6832851,0 -116.1535187,34.6829536,0 -116.1539251,34.6826666,0 -116.1545587,34.6824681,0 -116.155827,34.6819552,0 -116.1563195,34.6818282,0 -116.1570962,34.6813553,0 -116.1574336,34.6809519,0 -116.1579648,34.6804628,0 -116.1598007,34.6793307,0 -116.1603841,34.6788854,0 -116.1612347,34.6780363,0 -116.1615873,34.6778648,0 -116.1621328,34.6776946,0 -116.1628169,34.6776993,0 -116.1632722,34.6777749,0 -116.1639211,34.6777939,0 -116.1649901,34.6779026,0 -116.1653941,34.6778474,0 -116.1658707,34.6775464,0 -116.1665047,34.6773044,0 -116.167224,34.6772948,0 -116.1677847,34.6773566,0 -116.1686589,34.6776524,0 -116.1689574,34.6776254,0 -116.1698572,34.6771099,0 -116.1708086,34.6766961,0 -116.1720036,34.6764723,0 -116.172881,34.6764493,0 -116.1731975,34.6763645,0 -116.1732712,34.6760172,0 -116.1735192,34.6757725,0 -116.1740281,34.675747,0 -116.1744332,34.6755903,0 -116.1749283,34.6751879,0 -116.176355,34.6746034,0 -116.176869,34.6740706,0 -116.1776443,34.6737136,0 -116.1778219,34.6734974,0 -116.1784209,34.6732261,0 -116.1787762,34.6727792,0 -116.1791875,34.671985,0 -116.1795063,34.6716683,0 -116.1802109,34.6713687,0 -116.1804941,34.6711098,0 -116.1810946,34.6706935,0 -116.181396,34.6703622,0 -116.1825988,34.6693414,0 -116.1836453,34.6681601,0 -116.1839483,34.6676694,0 -116.1848888,34.6665598,0 -116.1853301,34.6662729,0 -116.1857201,34.6658552,0 -116.185967,34.665712,0 -116.1861822,34.6652352,0 -116.1861024,34.6644231,0 -116.1863526,34.6639465,0 -116.1865184,34.6631361,0 -116.1865772,34.6624989,0 -116.1867771,34.6617901,0 -116.1868832,34.6617038,0 -116.187164,34.6616767,0 -116.1873762,34.6615042,0 -116.1875009,34.6613022,0 -116.1878549,34.6609712,0 -116.1879449,34.66074,0 -116.1893125,34.660778,0 -116.1895725,34.6610986,0 -116.1897991,34.661245,0 -116.1901313,34.6613487,0 -116.1909377,34.661383,0 -116.1910264,34.6612822,0 -116.190856,34.6607738,0 -116.1908428,34.6603245,0 -116.1911083,34.6600799,0 -116.1913925,34.659705,0 -116.1917125,34.6592578,0 -116.1922836,34.6582472,0 -116.1924425,34.6581323,0 -116.1929045,34.6575122,0 -116.1930321,34.6570203,0 -116.1932826,34.6565003,0 -116.1934423,34.656313,0 -116.1939191,34.6559683,0 -116.1945161,34.6558998,0 -116.1951142,34.6557153,0 -116.1954113,34.6558187,0 -116.1965583,34.6550872,0 -116.1974379,34.6548032,0 -116.1978756,34.6548785,0 -116.1981547,34.6550398,0 -116.198243,34.6549679,0 -116.1983005,34.654461,0 -116.1983903,34.6542443,0 -116.1989368,34.6539435,0 -116.1997821,34.6535868,0 -116.2004717,34.6529971,0 -116.2007716,34.6528107,0 -116.2012142,34.6523788,0 -116.2019058,34.6515718,0 -116.2021395,34.6509792,0 -116.2020571,34.650428,0 -116.2019016,34.6501806,0 -116.202176,34.648994,0 -116.2024057,34.6488216,0 -116.2026336,34.6488231,0 -116.2028789,34.648724,0 -116.2034775,34.6485968,0 -116.2043877,34.6480954,0 -116.2046988,34.6483077,0 -116.2048711,34.6483464,0 -116.2049874,34.6485349,0 -116.2050923,34.6489711,0 -116.2052734,34.6490399,0 -116.2056792,34.6493579,0 -116.2057503,34.6495311,0 -116.2055529,34.6502132,0 -116.2058268,34.6513965,0 -116.2065383,34.651947,0 -116.2071268,34.6521366,0 -116.2074185,34.6524986,0 -116.2078791,34.6528384,0 -116.2079482,34.6529666,0 -116.2081299,34.6530723,0 -116.2084544,34.652935,0 -116.2090027,34.652927,0 -116.2093233,34.6532078,0 -116.2101233,34.6533175,0 -116.2107417,34.6533215,0 -116.2115944,34.6538148,0 -116.2117052,34.6539898,0 -116.2117012,34.6544079,0 -116.2120177,34.65513,0 -116.2121166,34.6565592,0 -116.2123805,34.6568861,0 -116.213009,34.6573199,0 -116.213258,34.6577397,0 -116.2135506,34.6580087,0 -116.2146546,34.6586894,0 -116.2150603,34.6588895,0 -116.2156922,34.6589632,0 -116.2163207,34.6593854,0 -116.2167524,34.6598179,0 -116.2168628,34.6600277,0 -116.2172131,34.6601461,0 -116.2174927,34.6603105,0 -116.2183213,34.6618837,0 -116.2188651,34.6623518,0 -116.2193271,34.6625522,0 -116.2193956,34.6627385,0 -116.2192941,34.6630747,0 -116.2189965,34.6633283,0 -116.2188539,34.663548,0 -116.218736,34.664128,0 -116.2186366,34.6642319,0 -116.2187712,34.6648715,0 -116.2186575,34.6649986,0 -116.2183761,34.6650316,0 -116.2180653,34.6651922,0 -116.2178376,34.6654927,0 -116.2174284,34.6656527,0 -116.2170169,34.6660682,0 -116.2168301,34.6664967,0 -116.2168515,34.6672053,0 -116.2167484,34.6677041,0 -116.216831,34.6678905,0 -116.2171246,34.6680666,0 -116.2179509,34.6683971,0 -116.2182844,34.6688057,0 -116.2183805,34.6690502,0 -116.2186039,34.6692143,0 -116.2189128,34.6692511,0 -116.2191651,34.669334,0 -116.2198499,34.6697565,0 -116.22003,34.670048,0 -116.2206162,34.6704931,0 -116.2209355,34.6709249,0 -116.2212936,34.671717,0 -116.2218654,34.6722084,0 -116.2220591,34.6725349,0 -116.2221548,34.6728258,0 -116.2227139,34.6731778,0 -116.2230924,34.6732848,0 -116.2236526,34.6735206,0 -116.2250635,34.674482,0 -116.2253421,34.6747625,0 -116.2256091,34.6747758,0 -116.2258917,34.674615,0 -116.2259798,34.6742207,0 -116.2261516,34.673885,0 -116.2267168,34.673575,0 -116.2272366,34.6736131,0 -116.228078,34.6738391,0 -116.2289462,34.6742163,0 -116.2304134,34.6751779,0 -116.2310855,34.6754725,0 -116.2320104,34.6757919,0 -116.2338013,34.6767324,0 -116.234556,34.6772249,0 -116.235116,34.6774723,0 -116.2355206,34.6778117,0 -116.2359911,34.6786393,0 -116.2362135,34.6789078,0 -116.2366048,34.6791657,0 -116.2366866,34.679445,0 -116.2366294,34.6795492,0 -116.2360238,34.6796615,0 -116.2360076,34.6798937,0 -116.2359217,34.6800674,0 -116.2359489,34.6801721,0 -116.237266,34.6806565,0 -116.2373622,34.680901,0 -116.2371736,34.6815386,0 -116.2368161,34.6820781,0 -116.236768,34.6822405,0 -116.2371774,34.6824944,0 -116.2375691,34.6828652,0 -116.2375104,34.6831319,0 -116.2372977,34.683328,0 -116.2373788,34.6836886,0 -116.2375735,34.6839221,0 -116.2380488,34.6842154,0 -116.2389318,34.6845229,0 -116.2394775,34.6848167,0 -116.2422301,34.6867154,0 -116.2445516,34.6881003,0 -116.2457151,34.6884908,0 -116.2502491,34.6893434,0 -116.2508943,34.6895216,0 -116.2514535,34.6898734,0 -116.2519416,34.6903294,0 -116.2522352,34.690517,0 -116.2523015,34.6909588,0 -116.2524676,34.6912502,0 -116.2523792,34.6917026,0 -116.2526039,34.6917388,0 -116.2531669,34.6916726,0 -116.2539555,34.6915496,0 -116.2546601,34.6913797,0 -116.2548395,34.6914119,0 -116.25487,34.6915159,0 -116.2548061,34.6916323,0 -116.2543944,34.6919931,0 -116.2544701,34.692318,0 -116.2542945,34.6926284,0 -116.2549349,34.6930345,0 -116.2564715,34.6933813,0 -116.2566895,34.6935903,0 -116.2565461,34.6938229,0 -116.2558831,34.6941693,0 -116.2556134,34.6944661,0 -116.2549039,34.6947472,0 -116.254335,34.69512,0 -116.2543479,34.6954315,0 -116.2550661,34.695929,0 -116.2555978,34.6962048,0 -116.2557059,34.696413,0 -116.2559082,34.6966349,0 -116.2563313,34.6967542,0 -116.2571635,34.6968112,0 -116.2575533,34.697138,0 -116.2583561,34.6969742,0 -116.2588589,34.6969643,0 -116.259172,34.6970959,0 -116.2593276,34.6972656,0 -116.2596222,34.6976956,0 -116.259558,34.6978509,0 -116.2599313,34.6982814,0 -116.2604825,34.698129,0 -116.2614784,34.6974473,0 -116.2615584,34.6972791,0 -116.2622991,34.6970241,0 -116.2631002,34.6970419,0 -116.2631967,34.6967959,0 -116.2639733,34.696035,0 -116.2649527,34.6954311,0 -116.2653629,34.6952389,0 -116.2658171,34.6953974,0 -116.2665554,34.6954018,0 -116.2669783,34.6955471,0 -116.2674806,34.695602,0 -116.2678899,34.6955136,0 -116.2682539,34.6952044,0 -116.2683695,34.6945693,0 -116.2684821,34.6942715,0 -116.2687488,34.694312,0 -116.2690769,34.6945216,0 -116.2692919,34.6950809,0 -116.269459,34.6957307,0 -116.2697079,34.6960176,0 -116.2700983,34.6962925,0 -116.2707394,34.6966337,0 -116.2714772,34.696703,0 -116.2719177,34.6966407,0 -116.2723611,34.6962411,0 -116.272629,34.6961519,0 -116.272912,34.6961276,0 -116.273715,34.6959248,0 -116.2739823,34.6959004,0 -116.2741226,34.696031,0 -116.2741673,34.6963038,0 -116.2745882,34.6966826,0 -116.2749793,34.6968796,0 -116.2757274,34.6975718,0 -116.2765398,34.6980956,0 -116.2768176,34.6986682,0 -116.2769086,34.6990451,0 -116.2773131,34.6995016,0 -116.2776262,34.6996333,0 -116.2786817,34.6993151,0 -116.2792635,34.6992537,0 -116.2815137,34.6988517,0 -116.281953,34.6989322,0 -116.2826125,34.698975,0 -116.2831002,34.6989,0 -116.2836693,34.6985011,0 -116.2844099,34.6982459,0 -116.2862167,34.6982435,0 -116.2876285,34.6984983,0 -116.2882106,34.6984109,0 -116.2893769,34.6979895,0 -116.2901659,34.6975789,0 -116.291301,34.6971313,0 -116.2917572,34.6970561,0 -116.2922589,34.6971888,0 -116.2941539,34.6986832,0 -116.2953689,34.6994505,0 -116.2960048,34.699615,0 -116.2964829,34.6996031,0 -116.297015,34.6994892,0 -116.2976011,34.6992587,0 -116.2978508,34.6990408,0 -116.2985894,34.6985768,0 -116.2988686,34.6982966,0 -116.2989654,34.6983218,0 -116.2996027,34.699124,0 -116.3002874,34.6998005,0 -116.3012689,34.7010417,0 -116.3017993,34.7015071,0 -116.302443,34.7024153,0 -116.3028827,34.7027541,0 -116.3029274,34.7037632,0 -116.3031896,34.7041595,0 -116.3035943,34.7044542,0 -116.3036447,34.7047762,0 -116.3034984,34.7053309,0 -116.3034948,34.7057677,0 -116.303985,34.7064303,0 -116.3043023,34.7065929,0 -116.3068055,34.7100138,0 -116.3070852,34.7104394,0 -116.3070468,34.7108047,0 -116.3071684,34.7110832,0 -116.3074495,34.711348,0 -116.3077649,34.7117446,0 -116.307701,34.7124151,0 -116.3073447,34.713292,0 -116.3071651,34.713598,0 -116.3070049,34.7136994,0 -116.305834,34.7139706,0 -116.3054245,34.714246,0 -116.3047845,34.7145494,0 -116.30379,34.7149092,0 -116.303222,34.7150668,0 -116.3028813,34.7155766,0 -116.303051,34.7164548,0 -116.3029374,34.7173314,0 -116.3022002,34.7186723,0 -116.3021045,34.7195198,0 -116.3018314,34.7204097,0 -116.3018291,34.7206879,0 -116.3025696,34.7210722,0 -116.3029216,34.7213228,0 -116.3031308,34.7217188,0 -116.3029153,34.7220831,0 -116.3026477,34.7223155,0 -116.3026106,34.7225199,0 -116.3026439,34.7227687,0 -116.3036476,34.723447,0 -116.3039744,34.7245893,0 -116.3042725,34.7249419,0 -116.304376,34.7252787,0 -116.3043996,34.7266825,0 -116.3045288,34.7281745,0 -116.3044899,34.7285837,0 -116.3046246,34.7294178,0 -116.3047971,34.7299744,0 -116.3048264,34.7307056,0 -116.3047666,34.7314948,0 -116.3046014,34.7321957,0 -116.3037404,34.7377174,0 -116.3024547,34.7431782,0 -116.3023615,34.7437333,0 -116.3024617,34.7444502,0 -116.303387,34.7460638,0 -116.3041169,34.7477348,0 -116.3044835,34.7483802,0 -116.3051845,34.749276,0 -116.3071207,34.7507491,0 -116.3079664,34.7512949,0 -116.3087776,34.7517381,0 -116.3090945,34.7519739,0 -116.3091065,34.7526611,0 -116.3093701,34.7529112,0 -116.3095092,34.753219,0 -116.3094534,34.7535403,0 -116.3091477,34.7540942,0 -116.3090021,34.7545612,0 -116.3090312,34.7553217,0 -116.3092232,34.755659,0 -116.3095225,34.75588,0 -116.3106709,34.7562521,0 -116.31116,34.7570882,0 -116.3120716,34.7582484,0 -116.3126516,34.7588073,0 -116.3128769,34.759408,0 -116.3131733,34.7599799,0 -116.313258,34.7604482,0 -116.3132171,34.7611059,0 -116.3126583,34.7622724,0 -116.3124942,34.7628271,0 -116.3120505,34.7650615,0 -116.3115503,34.7655558,0 -116.3111413,34.7657436,0 -116.3107483,34.7661215,0 -116.3084582,34.7687987,0 -116.3057929,34.7718246,0 -116.3043982,34.7733372,0 -116.303378,34.7745449,0 -116.3031249,34.7751429,0 -116.3019766,34.776847,0 -116.3016918,34.7769915,0 -116.3009127,34.7769286,0 -116.3003797,34.777101,0 -116.3000612,34.7770406,0 -116.2992192,34.776027,0 -116.2988488,34.7758348,0 -116.2984275,34.7753645,0 -116.2980932,34.7750848,0 -116.2976166,34.7748627,0 -116.2975474,34.7746722,0 -116.2978006,34.7740596,0 -116.2976777,34.7739273,0 -116.2973408,34.7739546,0 -116.296861,34.7741273,0 -116.2961646,34.774752,0 -116.2951352,34.7749507,0 -116.2942273,34.7754426,0 -116.2937829,34.7756154,0 -116.2934819,34.7755844,0 -116.29277,34.7759604,0 -116.2917917,34.7763934,0 -116.2910119,34.7764035,0 -116.2906214,34.7764889,0 -116.2900485,34.7763242,0 -116.2896662,34.7762933,0 -116.2895081,34.7761315,0 -116.2893126,34.7762035,0 -116.2890051,34.7769327,0 -116.2887733,34.7771068,0 -116.2886825,34.7773548,0 -116.2884499,34.7776166,0 -116.2878979,34.7779351,0 -116.287593,34.7783136,0 -116.287451,34.7783857,0 -116.2873432,34.7785605,0 -116.2874268,34.7791458,0 -116.2878132,34.7795428,0 -116.2878648,34.7797186,0 -116.28738,34.7804614,0 -116.2873771,34.7807977,0 -116.2876532,34.7816619,0 -116.287793,34.7818966,0 -116.2878606,34.7822772,0 -116.2878417,34.7824087,0 -116.2874991,34.7830938,0 -116.2874422,34.7835321,0 -116.287189,34.7841301,0 -116.2870972,34.784495,0 -116.2871124,34.7847875,0 -116.2868613,34.785137,0 -116.2867501,34.7857065,0 -116.2869957,34.7860004,0 -116.2874529,34.7864124,0 -116.2875224,34.7865737,0 -116.2875162,34.78729,0 -116.2877418,34.7878469,0 -116.2879345,34.7881112,0 -116.2888198,34.7882041,0 -116.2895109,34.7882082,0 -116.2904303,34.7884621,0 -116.2906775,34.7885659,0 -116.2908179,34.7887275,0 -116.2918631,34.7887775,0 -116.2928535,34.7890172,0 -116.2932966,34.7890051,0 -116.2940958,34.7888051,0 -116.2944504,34.7887925,0 -116.2952984,34.7891044,0 -116.2957771,34.789078,0 -116.2965209,34.7891408,0 -116.2968387,34.7892888,0 -116.2969431,34.7895087,0 -116.2972426,34.7897151,0 -116.2975784,34.789834,0 -116.2987283,34.7900746,0 -116.2994548,34.7900788,0 -116.2996307,34.7902406,0 -116.2996099,34.790606,0 -116.2997328,34.7907383,0 -116.3000683,34.7908864,0 -116.3008288,34.7910809,0 -116.3013039,34.7910595,0 -116.3014618,34.791116,0 -116.3019942,34.7915847,0 -116.3022395,34.7919224,0 -116.3023611,34.7922155,0 -116.3025125,34.7923278,0 -116.3027742,34.7921343,0 -116.3029186,34.7918231,0 -116.3029457,34.7914138,0 -116.3030416,34.7912583,0 -116.3031837,34.7912201,0 -116.303656,34.7912813,0 -116.3045568,34.7909745,0 -116.3047974,34.7904688,0 -116.3047519,34.7902541,0 -116.304803,34.7898058,0 -116.3051829,34.7895935,0 -116.3061553,34.789209,0 -116.3072442,34.7890202,0 -116.3076954,34.7887693,0 -116.3081929,34.7886356,0 -116.3090912,34.7886212,0 -116.3095897,34.7883705,0 -116.3103687,34.788492,0 -116.3108188,34.7883775,0 -116.31101,34.7881251,0 -116.3110872,34.787365,0 -116.3110671,34.7869359,0 -116.3109049,34.7865449,0 -116.3111696,34.7859809,0 -116.3122348,34.7857919,0 -116.3125436,34.7856182,0 -116.3124976,34.7854619,0 -116.3122144,34.78512,0 -116.3121251,34.7847773,0 -116.3121532,34.7842314,0 -116.312466,34.7835702,0 -116.3126136,34.782869,0 -116.3129034,34.7821296,0 -116.3137866,34.7810815,0 -116.3143324,34.7808116,0 -116.3144527,34.7805588,0 -116.3150487,34.7799381,0 -116.3155722,34.779512,0 -116.3167588,34.7789142,0 -116.3188665,34.7783995,0 -116.3204985,34.7782526,0 -116.3225785,34.7782252,0 -116.3243568,34.7775331,0 -116.325091,34.7773421,0 -116.3271251,34.7771389,0 -116.3274094,34.7770624,0 -116.3277428,34.7767523,0 -116.3289755,34.7762911,0 -116.3296411,34.7758072,0 -116.3317839,34.7738494,0 -116.3338974,34.7725935,0 -116.3350805,34.7724049,0 -116.3368066,34.7722973,0 -116.3380632,34.7717776,0 -116.3405844,34.7697438,0 -116.3422715,34.7685828,0 -116.3431516,34.7678661,0 -116.3450556,34.7661603,0 -116.3463469,34.7642171,0 -116.3479263,34.76171,0 -116.3485252,34.7606602,0 -116.349695,34.7591454,0 -116.3532172,34.7560945,0 -116.3539477,34.7557424,0 -116.354596,34.7555457,0 -116.3564687,34.7556112,0 -116.3568457,34.7556465,0 -116.3570066,34.7557586,0 -116.3570865,34.7558814,0 -116.357881,34.7559523,0 -116.3582993,34.7558878,0 -116.3592469,34.7553367,0 -116.3597888,34.7549614,0 -116.3617219,34.7541818,0 -116.3623441,34.7538737,0 -116.3627926,34.7533755,0 -116.3636942,34.7535471,0 -116.3645982,34.7533961,0 -116.367123,34.7527641,0 -116.3686896,34.7523052,0 -116.3688527,34.752128,0 -116.3689902,34.7517617,0 -116.3694526,34.751208,0 -116.3701965,34.7508448,0 -116.3711283,34.7505827,0 -116.371521,34.7503289,0 -116.3716304,34.7501182,0 -116.3716645,34.749173,0 -116.3717633,34.7485729,0 -116.3718602,34.7482397,0 -116.3720147,34.7480689,0 -116.3722452,34.7476581,0 -116.3724961,34.7464362,0 -116.372755,34.746278,0 -116.3732065,34.7462139,0 -116.3738508,34.7462172,0 -116.3745247,34.7463357,0 -116.3740957,34.7454289,0 -116.3739954,34.7453451,0 -116.3731266,34.7450488,0 -116.3729257,34.7449019,0 -116.3728781,34.7445161,0 -116.372686,34.7441733,0 -116.3719912,34.7433911,0 -116.3716322,34.7427665,0 -116.3710424,34.742363,0 -116.3707355,34.741961,0 -116.3705496,34.7416042,0 -116.3705912,34.7414487,0 -116.3708079,34.7412941,0 -116.3711726,34.7411736,0 -116.3713353,34.741041,0 -116.3712976,34.7406849,0 -116.3711803,34.7401615,0 -116.3710215,34.7397826,0 -116.3703945,34.7389563,0 -116.3705989,34.738657,0 -116.3710503,34.7377585,0 -116.3718207,34.7374399,0 -116.3725272,34.7366539,0 -116.3728524,34.7364109,0 -116.3730953,34.7363565,0 -116.3732969,34.7364243,0 -116.3747126,34.736287,0 -116.377034,34.7357428,0 -116.3776027,34.7353675,0 -116.3777935,34.7350793,0 -116.3779861,34.7345464,0 -116.3786983,34.732993,0 -116.3816276,34.7304053,0 -116.3823998,34.7298197,0 -116.3826988,34.7294764,0 -116.3826618,34.7290091,0 -116.3832468,34.7282447,0 -116.383277,34.7277999,0 -116.3833591,34.7276335,0 -116.38363,34.7274347,0 -116.3845962,34.7261271,0 -116.3860966,34.72361,0 -116.3862345,34.7231769,0 -116.3872884,34.7227484,0 -116.3876561,34.7222053,0 -116.3879141,34.7219285,0 -116.3879156,34.7217172,0 -116.3877693,34.7214718,0 -116.388124,34.7208619,0 -116.3885168,34.7205635,0 -116.3892455,34.7185541,0 -116.390118,34.7171348,0 -116.391123,34.7160165,0 -116.3915891,34.7149066,0 -116.3919943,34.7129177,0 -116.3915627,34.7111472,0 -116.3915517,34.7108134,0 -116.3921,34.7095149,0 -116.3923164,34.7093936,0 -116.3924977,34.7085381,0 -116.3924475,34.7080373,0 -116.3925441,34.7077153,0 -116.3928976,34.707261,0 -116.393114,34.7071398,0 -116.3932101,34.7068844,0 -116.3942651,34.7062668,0 -116.3944431,34.7058673,0 -116.3946372,34.705112,0 -116.3948011,34.7048014,0 -116.3948162,34.704579,0 -116.3949263,34.7042459,0 -116.3954308,34.7034031,0 -116.3954872,34.7030475,0 -116.3954534,34.7021464,0 -116.3956742,34.7014134,0 -116.3964328,34.7007943,0 -116.3965826,34.7005726,0 -116.3966932,34.7001728,0 -116.3968067,34.6993837,0 -116.3970914,34.6991181,0 -116.3977126,34.6988876,0 -116.3977541,34.6987321,0 -116.3975031,34.6980636,0 -116.3975317,34.6978301,0 -116.3976813,34.6976195,0 -116.3984486,34.6971697,0 -116.3983864,34.6969557,0 -116.3980923,34.6966651,0 -116.3980126,34.696509,0 -116.3980406,34.6963534,0 -116.3982996,34.6959209,0 -116.3983008,34.6957541,0 -116.3977225,34.6956622,0 -116.3974162,34.6951825,0 -116.3969887,34.6947132,0 -116.3968413,34.6946124,0 -116.3965065,34.6945649,0 -116.3963172,34.6944652,0 -116.3960094,34.6941967,0 -116.3956336,34.694028,0 -116.3943162,34.6937212,0 -116.3935276,34.6929054,0 -116.3933828,34.6924597,0 -116.3933716,34.6921371,0 -116.3932269,34.6916693,0 -116.3932688,34.6914693,0 -116.3939342,34.6907052,0 -116.3939625,34.6905162,0 -116.3937898,34.6901928,0 -116.3938047,34.6899927,0 -116.3939562,34.6895263,0 -116.3939306,34.6893482,0 -116.3934125,34.688378,0 -116.3929577,34.6879754,0 -116.3927439,34.6877407,0 -116.3927179,34.6876183,0 -116.393234,34.6870091,0 -116.3937319,34.6870449,0 -116.3938535,34.6869899,0 -116.3939623,34.6868459,0 -116.3940585,34.6865794,0 -116.3948175,34.6858936,0 -116.3948332,34.6855823,0 -116.3950247,34.6851717,0 -116.3952221,34.6839492,0 -116.3951856,34.6834152,0 -116.3950163,34.6826358,0 -116.394687,34.681622,0 -116.3946234,34.6811212,0 -116.394628,34.6804761,0 -116.3950282,34.6791434,0 -116.3949653,34.6785314,0 -116.39521,34.6782101,0 -116.3953337,34.6778659,0 -116.3952686,34.6775542,0 -116.3949878,34.6772969,0 -116.3948566,34.676818,0 -116.3947951,34.6760169,0 -116.3937754,34.6736873,0 -116.3935086,34.6733523,0 -116.3929763,34.6725044,0 -116.3920122,34.6717989,0 -116.3917863,34.6713862,0 -116.3917499,34.670841,0 -116.3918348,34.6702853,0 -116.3917307,34.6697843,0 -116.3914258,34.6691377,0 -116.39127,34.6683584,0 -116.3913531,34.6680362,0 -116.3917857,34.6677937,0 -116.3925843,34.667186,0 -116.3931795,34.6667996,0 -116.3935338,34.6662008,0 -116.3938623,34.6654572,0 -116.394576,34.66357,0 -116.395945,34.6622755,0 -116.3964067,34.6617216,0 -116.3965973,34.6614223,0 -116.3967491,34.6609114,0 -116.3968209,34.6602889,0 -116.3969447,34.6599225,0 -116.3971491,34.6595787,0 -116.397772,34.659059,0 -116.3984923,34.6581061,0 -116.3987014,34.6571061,0 -116.3989485,34.6564511,0 -116.3992491,34.6558297,0 -116.3994667,34.6555194,0 -116.3997632,34.6554541,0 -116.4001259,34.655556,0 -116.4007955,34.6560264,0 -116.4010909,34.656128,0 -116.4018852,34.6561096,0 -116.4022869,34.6564008,0 -116.4025155,34.6564241,0 -116.4027456,34.6562473,0 -116.4031638,34.6561159,0 -116.4033927,34.6561059,0 -116.4037436,34.6559741,0 -116.4040279,34.655742,0 -116.4042198,34.6552646,0 -116.4044372,34.6549765,0 -116.4047613,34.6548224,0 -116.405233,34.6547468,0 -116.4057322,34.6545713,0 -116.4061221,34.6546399,0 -116.4065911,34.6549314,0 -116.4067259,34.6548987,0 -116.4072133,34.6545007,0 -116.4074992,34.654046,0 -116.408363,34.6537054,0 -116.4090231,34.6536308,0 -116.4093738,34.6535213,0 -116.4095497,34.6533886,0 -116.4098219,34.6529673,0 -116.4099437,34.6528678,0 -116.4105492,34.652893,0 -116.4115904,34.6522084,0 -116.4120357,34.6520548,0 -116.412413,34.6519899,0 -116.4125354,34.6518126,0 -116.4126453,34.6514905,0 -116.4129308,34.6510804,0 -116.4137033,34.6503278,0 -116.4133186,34.6495251,0 -116.4135665,34.6487255,0 -116.4136138,34.647747,0 -116.413738,34.6473138,0 -116.4137677,34.6469135,0 -116.4137104,34.6466071,0 -116.4142639,34.6466723,0 -116.41461,34.6468554,0 -116.4155056,34.6469201,0 -116.4157238,34.6471025,0 -116.4159771,34.6474966,0 -116.4160973,34.6486004,0 -116.4162215,34.6491451,0 -116.4166753,34.6496309,0 -116.4174588,34.6500427,0 -116.4185913,34.6502294,0 -116.4189739,34.6504428,0 -116.4193553,34.6508225,0 -116.4197009,34.651081,0 -116.4203202,34.6514467,0 -116.4206303,34.6515539,0 -116.4208482,34.6517817,0 -116.4209545,34.6522658,0 -116.4215556,34.6526162,0 -116.4220451,34.6532382,0 -116.4221697,34.6537223,0 -116.4227878,34.6542542,0 -116.422787,34.6543751,0 -116.4224738,34.6547061,0 -116.4225605,34.6553866,0 -116.4228864,34.6558717,0 -116.4231956,34.656115,0 -116.4236876,34.6563742,0 -116.4243265,34.6565435,0 -116.4252959,34.656533,0 -116.4258074,34.6566261,0 -116.426062,34.6568388,0 -116.4264085,34.6569765,0 -116.4265539,34.6571132,0 -116.4267164,34.6574162,0 -116.4267502,34.6578244,0 -116.4271862,34.6582496,0 -116.4273843,34.6586888,0 -116.4278042,34.6588117,0 -116.4283527,34.6588294,0 -116.4284986,34.6588905,0 -116.4285137,34.659359,0 -116.4284354,34.6596558,0 -116.4285289,34.6598125,0 -116.4290225,34.659845,0 -116.4294971,34.6599682,0 -116.4296792,34.6600899,0 -116.4303693,34.6608034,0 -116.4305879,34.6609405,0 -116.4309167,34.6610025,0 -116.4312451,34.6611249,0 -116.4313161,34.6614426,0 -116.4314733,34.6616941,0 -116.4318374,34.662001,0 -116.4326636,34.6623103,0 -116.4336828,34.6630556,0 -116.4345219,34.6633919,0 -116.4348324,34.6634538,0 -116.4354689,34.6639857,0 -116.4361073,34.6642607,0 -116.4362902,34.6642615,0 -116.4369687,34.6639926,0 -116.4374804,34.6640555,0 -116.4375896,34.6641466,0 -116.4376795,34.6643737,0 -116.4378613,34.6645408,0 -116.4383177,34.6646638,0 -116.438536,34.6648462,0 -116.4391742,34.6651363,0 -116.4395762,34.6651986,0 -116.4399593,34.6653515,0 -116.4403411,34.6656857,0 -116.4409608,34.666021,0 -116.4411071,34.6660217,0 -116.4411649,34.6655837,0 -116.4421011,34.6650892,0 -116.442891,34.664579,0 -116.4432228,34.6641876,0 -116.4442876,34.6636031,0 -116.4456442,34.6631408,0 -116.4497733,34.6610588,0 -116.4519367,34.6602676,0 -116.453824,34.6597471,0 -116.4548693,34.6593286,0 -116.4556216,34.6589542,0 -116.4561897,34.6587753,0 -116.4568666,34.6587481,0 -116.4574709,34.6586299,0 -116.4582239,34.6581497,0 -116.4589396,34.6577901,0 -116.4604638,34.6568297,0 -116.4616373,34.6563664,0 -116.4618581,34.6561558,0 -116.462463,34.6559468,0 -116.4630327,34.6555262,0 -116.463987,34.6550166,0 -116.4644445,34.6549732,0 -116.4647736,34.6549898,0 -116.4650848,34.6549307,0 -116.4653241,34.65469,0 -116.4655996,34.6545098,0 -116.4658305,34.6545003,0 -116.4672606,34.6550309,0 -116.4676077,34.6550778,0 -116.4683769,34.6549149,0 -116.4687995,34.6546145,0 -116.4694988,34.6539374,0 -116.4698681,34.6533799,0 -116.4699807,34.652927,0 -116.469982,34.6527154,0 -116.4701292,34.65258,0 -116.4706228,34.6526124,0 -116.4709538,34.6523267,0 -116.4716137,34.6520878,0 -116.4719797,34.652044,0 -116.4722914,34.6519245,0 -116.4728059,34.6515338,0 -116.47288,34.6513829,0 -116.4730523,34.6513269,0 -116.4735934,34.6513558,0 -116.4739947,34.6515238,0 -116.4747948,34.6522375,0 -116.474976,34.6525103,0 -116.475192,34.6530553,0 -116.4754281,34.6533133,0 -116.4755772,34.6536669,0 -116.4755594,34.653872,0 -116.4756089,34.6538996,0 -116.476387,34.6538892,0 -116.4768986,34.6541377,0 -116.477392,34.6546459,0 -116.4776726,34.6547839,0 -116.4781357,34.6548543,0 -116.4784998,34.6548559,0 -116.4787984,34.6547614,0 -116.4791123,34.6548585,0 -116.4793759,34.6550648,0 -116.4799376,34.655245,0 -116.480316,34.6556297,0 -116.4808252,34.6562611,0 -116.481487,34.6563323,0 -116.4823649,34.656254,0 -116.4827785,34.6562831,0 -116.4832086,34.6563396,0 -116.4834228,34.6565047,0 -116.4831888,34.656873,0 -116.4829527,34.657556,0 -116.4830988,34.6580354,0 -116.4836595,34.6583798,0 -116.4841853,34.6590113,0 -116.4841812,34.6596816,0 -116.4842633,34.6597913,0 -116.4851534,34.6604244,0 -116.4854989,34.6607678,0 -116.48621,34.6608939,0 -116.4869052,34.6609242,0 -116.4882603,34.6613129,0 -116.488608,34.6613144,0 -116.4890696,34.661631,0 -116.4894499,34.6617009,0 -116.4898478,34.6616205,0 -116.4903123,34.6614583,0 -116.4912066,34.6614073,0 -116.4919202,34.6611367,0 -116.4927141,34.6612631,0 -116.4929962,34.6611549,0 -116.4936748,34.6611851,0 -116.4943542,34.6610784,0 -116.4954142,34.6610008,0 -116.4955786,34.6612066,0 -116.4959679,34.6625215,0 -116.4963798,34.6628515,0 -116.4994255,34.6629461,0 -116.5015428,34.6632694,0 -116.5033948,34.6636463,0 -116.504967,34.6637485,0 -116.5060109,34.6636022,0 -116.5070392,34.6633054,0 -116.5091644,34.6622744,0 -116.5098753,34.6624551,0 -116.5103402,34.6622244,0 -116.5106401,34.6618973,0 -116.5109893,34.6616388,0 -116.5113041,34.661599,0 -116.5117831,34.6617787,0 -116.512676,34.6619738,0 -116.5131715,34.662181,0 -116.5137341,34.6622243,0 -116.513902,34.6618282,0 -116.5138537,34.6615955,0 -116.5141033,34.6613776,0 -116.514501,34.6613108,0 -116.5155086,34.6617115,0 -116.5159537,34.6620279,0 -116.5163671,34.6621253,0 -116.5185841,34.6623803,0 -116.5196584,34.6626992,0 -116.521031,34.6629645,0 -116.5215442,34.6629665,0 -116.5220412,34.6629138,0 -116.5226534,34.6629709,0 -116.523629,34.6631799,0 -116.5246862,34.6636081,0 -116.5267035,34.6640537,0 -116.5285396,34.6643344,0 -116.5296801,34.6646808,0 -116.5303548,34.6654084,0 -116.530896,34.666327,0 -116.5316362,34.667178,0 -116.5321797,34.6676862,0 -116.5329551,34.6681953,0 -116.5349031,34.6692151,0 -116.5357798,34.6693689,0 -116.5362266,34.6693979,0 -116.5366081,34.6692763,0 -116.537156,34.6690048,0 -116.5376205,34.6688561,0 -116.5380671,34.6689261,0 -116.5383807,34.6691052,0 -116.5394388,34.6693964,0 -116.5406318,34.6692368,0 -116.5419198,34.6698572,0 -116.5421993,34.6702139,0 -116.5422307,34.6705287,0 -116.5423626,34.6706249,0 -116.5426605,34.6706534,0 -116.5435545,34.6706841,0 -116.5451944,34.6705398,0 -116.5469324,34.6706557,0 -116.548355,34.6708935,0 -116.5488847,34.6709228,0 -116.5522469,34.67073,0 -116.5538029,34.6708041,0 -116.5553581,34.6710287,0 -116.5562523,34.6710183,0 -116.5583895,34.6707798,0 -116.560492,34.6708421,0 -116.5638835,34.6713741,0 -116.566133,34.6718336,0 -116.5681864,34.6717861,0 -116.5710692,34.6714407,0 -116.571666,34.671306,0 -116.5722935,34.6716228,0 -116.5745411,34.6724651,0 -116.5753667,34.6729057,0 -116.576636,34.6740182,0 -116.5776588,34.6747741,0 -116.5790956,34.6755178,0 -116.5797582,34.675479,0 -116.5804386,34.6751668,0 -116.5810683,34.6750868,0 -116.5814667,34.674883,0 -116.5818492,34.674556,0 -116.5821658,34.6741467,0 -116.5824835,34.6735459,0 -116.5829333,34.6729866,0 -116.5833324,34.672646,0 -116.5842118,34.6722796,0 -116.5853214,34.6722423,0 -116.5858675,34.6723126,0 -116.5861151,34.6724502,0 -116.5868735,34.6731231,0 -116.5875184,34.6732895,0 -116.5882797,34.6733604,0 -116.5885603,34.6735529,0 -116.5888381,34.6742925,0 -116.588902,34.6747715,0 -116.5887332,34.6754139,0 -116.5884317,34.6761105,0 -116.5886282,34.6765626,0 -116.5888073,34.6771788,0 -116.5899953,34.6780446,0 -116.5909724,34.6780069,0 -116.5929615,34.678142,0 -116.5942125,34.6781462,0 -116.5997902,34.6776479,0 -116.6023465,34.6776787,0 -116.6052801,34.6784297,0 -116.6080751,34.6797642,0 -116.6116901,34.6802476,0 -116.6132982,34.6806708,0 -116.6133607,34.6801665,0 -116.6135516,34.6795651,0 -116.6147808,34.6780932,0 -116.6166968,34.6754777,0 -116.6177621,34.6738305,0 -116.6179522,34.6733844,0 -116.6180246,34.6729769,0 -116.61798,34.6724524,0 -116.617748,34.6717914,0 -116.6174213,34.6699123,0 -116.6173935,34.6687632,0 -116.6169163,34.668105,0 -116.6165867,34.6677894,0 -116.6162411,34.6673232,0 -116.6160939,34.6669397,0 -116.6164266,34.6665851,0 -116.6171242,34.6661085,0 -116.6177982,34.6654074,0 -116.6174601,34.6647216,0 -116.6178856,34.6640784,0 -116.6184239,34.663637,0 -116.6187172,34.6634634,0 -116.6193672,34.6634654,0 -116.6210593,34.6630008,0 -116.6217728,34.6633252,0 -116.6219029,34.6633122,0 -116.6222289,34.6630715,0 -116.622377,34.6626692,0 -116.6226713,34.6622807,0 -116.6229484,34.6620936,0 -116.623567,34.6618404,0 -116.6242189,34.6614262,0 -116.6249993,34.6613212,0 -116.6253249,34.6611879,0 -116.6256349,34.6609203,0 -116.6264624,34.661178,0 -116.6269172,34.6612196,0 -116.627308,34.6610463,0 -116.6278625,34.6605915,0 -116.6287737,34.6603123,0 -116.6299104,34.6604903,0 -116.6303968,34.6607469,0 -116.630738,34.6607479,0 -116.6313565,34.6605081,0 -116.6319415,34.6605233,0 -116.6327871,34.6603647,0 -116.6329019,34.6601368,0 -116.6329035,34.6597743,0 -116.6330855,34.6590229,0 -116.6333808,34.6583794,0 -116.6332882,34.6572781,0 -116.6330809,34.6563779,0 -116.6328882,34.6558671,0 -116.6319836,34.6546559,0 -116.6316108,34.6544668,0 -116.6309779,34.6542904,0 -116.6303136,34.6538587,0 -116.6300061,34.6535892,0 -116.6296183,34.6530913,0 -116.6292966,34.6523652,0 -116.6292176,34.6518682,0 -116.6291157,34.6515811,0 -116.6283554,34.6499732,0 -116.6283371,34.6497885,0 -116.6285454,34.6495836,0 -116.6284211,34.6492218,0 -116.6277219,34.6484264,0 -116.6276259,34.6480905,0 -116.6270929,34.6474041,0 -116.6267049,34.6469598,0 -116.6260738,34.6464074,0 -116.6260754,34.6460583,0 -116.6266135,34.6456034,0 -116.6270566,34.6446112,0 -116.6270591,34.6443202,0 -116.6274813,34.6441157,0 -116.6278229,34.6440093,0 -116.6280023,34.6438622,0 -116.6280033,34.6436339,0 -116.6282484,34.6433259,0 -116.6286071,34.6430316,0 -116.6288696,34.6424416,0 -116.629603,34.6419336,0 -116.6301717,34.6419085,0 -116.631535,34.6419857,0 -116.6317783,34.6420495,0 -116.6319574,34.6422093,0 -116.6324113,34.6424255,0 -116.6328664,34.6423865,0 -116.6331758,34.6422129,0 -116.6335822,34.6421604,0 -116.6342794,34.6424848,0 -116.635221,34.6426353,0 -116.6352511,34.6431725,0 -116.6354426,34.6439652,0 -116.6348216,34.6447958,0 -116.6345924,34.6451845,0 -116.6345093,34.6456273,0 -116.6345891,34.6459364,0 -116.6347011,34.6463395,0 -116.6349105,34.6467429,0 -116.6350223,34.6471864,0 -116.6352973,34.6474692,0 -116.6357021,34.6477792,0 -116.6367073,34.6482521,0 -116.6369149,34.6490852,0 -116.6371572,34.6494216,0 -116.6373501,34.6498787,0 -116.6371828,34.6509926,0 -116.6372951,34.6513152,0 -116.6376182,34.6517592,0 -116.6378903,34.6526865,0 -116.6380011,34.6533716,0 -116.6382274,34.6536542,0 -116.6394296,34.6536846,0 -116.6401105,34.6540357,0 -116.640464,34.6543122,0 -116.6405389,34.6545279,0 -116.6408274,34.6548992,0 -116.640772,34.6555092,0 -116.6406391,34.6557486,0 -116.6401356,34.6563137,0 -116.6397903,34.6568793,0 -116.6396834,34.6572059,0 -116.6396818,34.6575764,0 -116.640259,34.6582755,0 -116.6417047,34.659413,0 -116.6428636,34.6597651,0 -116.6451541,34.6607307,0 -116.6461291,34.6609515,0 -116.6476041,34.6614134,0 -116.6496307,34.6624435,0 -116.6503679,34.6627508,0 -116.6515007,34.6630809,0 -116.654107,34.6642652,0 -116.6557661,34.6649019,0 -116.6577669,34.6658228,0 -116.6593457,34.6667644,0 -116.6603707,34.6676607,0 -116.6611319,34.6685782,0 -116.6616294,34.6694949,0 -116.662097,34.6712614,0 -116.6623588,34.6717416,0 -116.6632014,34.6721362,0 -116.6637535,34.6725954,0 -116.6647568,34.6723585,0 -116.6652316,34.6723598,0 -116.6655484,34.6722953,0 -116.6670813,34.6715803,0 -116.6674504,34.6716249,0 -116.6676249,34.6718855,0 -116.6677811,34.6722913,0 -116.6680429,34.6725527,0 -116.6684801,34.6728145,0 -116.6683927,34.6728862,0 -116.6680763,34.6729727,0 -116.6678478,34.6731314,0 -116.6678114,34.6734643,0 -116.6680732,34.6737402,0 -116.66863,34.6747698,0 -116.6692053,34.6755533,0 -116.6698174,34.6759025,0 -116.6700957,34.6764535,0 -116.6710759,34.6767892,0 -116.6716709,34.677037,0 -116.6719856,34.6772405,0 -116.6721236,34.6778057,0 -116.6724551,34.6781975,0 -116.6726292,34.6785021,0 -116.672872,34.6791543,0 -116.6732731,34.6796767,0 -116.673675,34.6800108,0 -116.6743227,34.6802298,0 -116.6753909,34.6804933,0 -116.6757238,34.6805376,0 -116.6758461,34.6806393,0 -116.6753866,34.6815938,0 -116.675349,34.6822598,0 -116.6756281,34.6825936,0 -116.6761705,34.6828701,0 -116.6767281,34.6837115,0 -116.6767764,34.6848266,0 -116.6768621,34.6853336,0 -116.676772,34.685956,0 -116.6763668,34.6864763,0 -116.6755898,34.6879367,0 -116.6753438,34.6880664,0 -116.6754132,34.6882548,0 -116.6760072,34.6887777,0 -116.6772132,34.6897076,0 -116.6782983,34.6901739,0 -116.6798226,34.6904096,0 -116.6806993,34.6903829,0 -116.6814705,34.6904139,0 -116.6830135,34.69036,0 -116.683767,34.6904488,0 -116.6843809,34.6903635,0 -116.6848725,34.6901476,0 -116.6852226,34.6902933,0 -116.6855372,34.6905548,0 -116.6856585,34.6909316,0 -116.6859717,34.6915406,0 -116.6869357,34.6916154,0 -116.6876013,34.691762,0 -116.6885826,34.6918803,0 -116.6901417,34.6922028,0 -116.6912963,34.6928719,0 -116.6925226,34.6931067,0 -116.6942051,34.6932557,0 -116.6953802,34.6931283,0 -116.6958367,34.6929557,0 -116.6962758,34.6927106,0 -116.6971888,34.6923509,0 -116.6978908,34.6921499,0 -116.6986976,34.6920361,0 -116.6992936,34.6920665,0 -116.699766,34.6923283,0 -116.7001857,34.6926334,0 -116.7008687,34.6928089,0 -116.7025867,34.692842,0 -116.7031299,34.6929302,0 -116.7035669,34.6932788,0 -116.7036705,34.6937425,0 -116.7041068,34.6942938,0 -116.7043165,34.6944825,0 -116.7043324,34.6949314,0 -116.7042237,34.6959303,0 -116.7044514,34.6959888,0 -116.7048547,34.6959753,0 -116.7057492,34.6958761,0 -116.7060644,34.6959782,0 -116.7062215,34.6961668,0 -116.7068486,34.6973268,0 -116.7070058,34.6975009,0 -116.7073387,34.6975597,0 -116.7082504,34.6975474,0 -116.7092657,34.6979987,0 -116.7095988,34.698014,0 -116.7097748,34.6978261,0 -116.7097058,34.6974929,0 -116.7101122,34.6965816,0 -116.7102189,34.6961764,0 -116.7104654,34.6958584,0 -116.7113083,34.6954695,0 -116.711521,34.6948039,0 -116.7113471,34.694398,0 -116.7109978,34.6940207,0 -116.7094408,34.6930613,0 -116.7091439,34.6927275,0 -116.7089353,34.6922202,0 -116.7089196,34.6917134,0 -116.7089921,34.691033,0 -116.7088368,34.6903231,0 -116.7086453,34.6899316,0 -116.7085939,34.6895985,0 -116.7089477,34.688687,0 -116.7090013,34.6883831,0 -116.7094775,34.6875733,0 -116.7097431,34.686821,0 -116.7100783,34.6862136,0 -116.7105716,34.6855052,0 -116.7112229,34.6847393,0 -116.7115048,34.68432,0 -116.7124231,34.6823673,0 -116.7137635,34.6799812,0 -116.7149432,34.6784636,0 -116.7171407,34.6765717,0 -116.7201824,34.673784,0 -116.7206393,34.6734376,0 -116.7208513,34.6729457,0 -116.7207471,34.6726559,0 -116.7208006,34.6723664,0 -116.7207841,34.6720622,0 -116.7210131,34.6717297,0 -116.7219794,34.6710369,0 -116.7224717,34.6705746,0 -116.7225976,34.6695902,0 -116.722721,34.6694023,0 -116.7230544,34.6692727,0 -116.7236325,34.6693464,0 -116.7248052,34.6698269,0 -116.725015,34.6700012,0 -116.7254165,34.6704944,0 -116.7257314,34.6706689,0 -116.7275549,34.6704558,0 -116.7278703,34.6704565,0 -116.7280803,34.6705583,0 -116.7285707,34.6706607,0 -116.7294471,34.6706482,0 -116.7313704,34.6708763,0 -116.7347333,34.6711253,0 -116.7366349,34.6710086,0 -116.7380249,34.6708002,0 -116.7392318,34.6706819,0 -116.7403292,34.670503,0 -116.7431815,34.6703278,0 -116.74457,34.6706026,0 -116.747569,34.6709622,0 -116.7482513,34.6713836,0 -116.7486014,34.6715146,0 -116.7491606,34.6720515,0 -116.7504727,34.6728941,0 -116.750823,34.6729672,0 -116.7513839,34.6729394,0 -116.7526111,34.672855,0 -116.7530327,34.6725373,0 -116.7531912,34.672277,0 -116.7530877,34.6717265,0 -116.7528432,34.6714219,0 -116.7524584,34.6711605,0 -116.7523016,34.6708561,0 -116.7533759,34.6691061,0 -116.7535163,34.669034,0 -116.7548494,34.6686892,0 -116.755534,34.6683285,0 -116.7561324,34.6674754,0 -116.7562911,34.6671282,0 -116.7564493,34.6669692,0 -116.7566769,34.6668555,0 -116.7571148,34.6668162,0 -116.7580996,34.6668784,0 -116.7594132,34.6667504,0 -116.7600454,34.6667617,0 -116.7611999,34.6669951,0 -116.7618444,34.6669762,0 -116.7623793,34.6670476,0 -116.7634727,34.6673813,0 -116.7639462,34.6676334,0 -116.7641524,34.6678246,0 -116.7643328,34.6685082,0 -116.764575,34.6688904,0 -116.7649388,34.6692327,0 -116.7652766,34.6701878,0 -116.7658103,34.6706409,0 -116.7660158,34.6711034,0 -116.7661979,34.6712143,0 -116.7667937,34.6712355,0 -116.7672068,34.6713368,0 -116.7675712,34.6715083,0 -116.7680081,34.6718205,0 -116.7687129,34.6719826,0 -116.769321,34.6719536,0 -116.7704637,34.6720864,0 -116.7711814,34.6720174,0 -116.7716197,34.6718173,0 -116.7719604,34.6717376,0 -116.7723739,34.6717183,0 -116.7730061,34.6717898,0 -116.7733825,34.6720014,0 -116.7738324,34.6719922,0 -116.7745252,34.6721442,0 -116.7756306,34.6725582,0 -116.7760925,34.6726293,0 -116.7771993,34.6725711,0 -116.7780618,34.6728941,0 -116.7787424,34.6730662,0 -116.7802982,34.6733302,0 -116.7814405,34.6736537,0 -116.7837138,34.673919,0 -116.7842968,34.6741913,0 -116.7844909,34.6744026,0 -116.784709,34.6746843,0 -116.7849871,34.6753177,0 -116.7861912,34.6752495,0 -116.7866657,34.67518,0 -116.7869573,34.6752509,0 -116.7873458,34.6755128,0 -116.7875276,34.6757743,0 -116.7880373,34.676167,0 -116.7882794,34.6766296,0 -116.7888254,34.6771027,0 -116.7890804,34.6772438,0 -116.7892992,34.6772944,0 -116.7900167,34.6773057,0 -116.790673,34.6774676,0 -116.7914267,34.6775894,0 -116.7917911,34.6777709,0 -116.7919852,34.6779319,0 -116.792349,34.6783646,0 -116.79309,34.6786974,0 -116.7937567,34.6795725,0 -116.7939876,34.6796533,0 -116.7945346,34.6797748,0 -116.7950089,34.6797555,0 -116.7960425,34.6798276,0 -116.7964686,34.6796374,0 -116.7969796,34.6795277,0 -116.7986584,34.6793195,0 -116.7994741,34.6789492,0 -116.7999849,34.6789399,0 -116.8007266,34.6790416,0 -116.8020281,34.6789433,0 -116.802283,34.6791145,0 -116.8025014,34.679366,0 -116.8032785,34.6798897,0 -116.8039953,34.6801922,0 -116.8047976,34.6803442,0 -116.8050651,34.6803547,0 -116.8060021,34.6801251,0 -116.8063913,34.6801157,0 -116.8071207,34.6802474,0 -116.8080198,34.6806105,0 -116.8088819,34.6811946,0 -116.8094655,34.681296,0 -116.810244,34.6812269,0 -116.8107921,34.6808761,0 -116.8111941,34.6805552,0 -116.8116566,34.6804052,0 -116.8121431,34.6803959,0 -116.8126903,34.680447,0 -116.8143686,34.6804194,0 -116.8159743,34.6802913,0 -116.8162659,34.6803821,0 -116.8165695,34.6805936,0 -116.8165067,34.6827719,0 -116.816666,34.6831257,0 -116.8175439,34.6830104,0 -116.818021,34.6831062,0 -116.8184077,34.6832544,0 -116.8190388,34.6833723,0 -116.8194312,34.6832783,0 -116.8198235,34.6830397,0 -116.8204444,34.6827794,0 -116.8211744,34.6826198,0 -116.8214545,34.6824393,0 -116.8215646,34.6821482,0 -116.8214332,34.6810328,0 -116.8214823,34.6808219,0 -116.822436,34.6784623,0 -116.8225703,34.6782315,0 -116.8229015,34.6768757,0 -116.8231575,34.6765646,0 -116.8235837,34.676314,0 -116.8242165,34.676114,0 -116.8243871,34.6759736,0 -116.8244483,34.6757527,0 -116.8243274,34.6754109,0 -116.8243892,34.6749388,0 -116.8245604,34.674497,0 -116.8246643,34.674004,0 -116.8247366,34.6739206,0 -116.8263516,34.6734814,0 -116.8270931,34.6729434,0 -116.8274703,34.6728334,0 -116.8281278,34.6724325,0 -116.8288578,34.6722728,0 -116.82932,34.6722131,0 -116.8298307,34.6722139,0 -116.8308512,34.6726875,0 -116.8313619,34.6727183,0 -116.8320068,34.6725283,0 -116.8324086,34.6723078,0 -116.8335888,34.6719779,0 -116.8347562,34.6719494,0 -116.8380024,34.6723154,0 -116.8386116,34.6717034,0 -116.838855,34.671563,0 -116.8396209,34.6716846,0 -116.8401195,34.6716953,0 -116.8404358,34.6716154,0 -116.8407523,34.6714249,0 -116.8409473,34.6712242,0 -116.8411908,34.6710738,0 -116.841435,34.6705316,0 -116.8414113,34.67019,0 -116.8417409,34.6695675,0 -116.8417533,34.6693968,0 -116.8416931,34.6690752,0 -116.8415477,34.6688138,0 -116.8414874,34.6685525,0 -116.8415002,34.668221,0 -116.8419889,34.667006,0 -116.8438296,34.6645469,0 -116.8438664,34.6643862,0 -116.843818,34.6642656,0 -116.8438794,34.6639342,0 -116.8442329,34.6634624,0 -116.84472,34.6630712,0 -116.8453779,34.662409,0 -116.8452088,34.6617557,0 -116.8452334,34.6616453,0 -116.8462555,34.6612145,0 -116.847265,34.6610752,0 -116.8480438,34.6606743,0 -116.8488346,34.6604341,0 -116.8490707,34.6603914,0 -116.8499897,34.6604054,0 -116.8506462,34.6604665,0 -116.8518251,34.6607191,0 -116.8526522,34.6605996,0 -116.8535031,34.6606709,0 -116.8538555,34.6607919,0 -116.8543536,34.6610637,0 -116.8546088,34.6611042,0 -116.8549372,34.6610544,0 -116.8556428,34.6608242,0 -116.856506,34.6608553,0 -116.8568582,34.6610968,0 -116.857404,34.6618811,0 -116.8579384,34.6622635,0 -116.8582665,34.6623945,0 -116.8594213,34.6625365,0 -116.8604905,34.66302,0 -116.8608184,34.6632615,0 -116.8612437,34.6634227,0 -116.862338,34.663434,0 -116.8628243,34.6634848,0 -116.8635414,34.6636563,0 -116.863967,34.6636568,0 -116.8645389,34.6633962,0 -116.8649164,34.663035,0 -116.865489,34.6623725,0 -116.865915,34.6620817,0 -116.8662435,34.6619213,0 -116.8665475,34.6619517,0 -116.8671308,34.6621232,0 -116.8675561,34.6623346,0 -116.8678358,34.6623048,0 -116.8679818,34.6622145,0 -116.8684687,34.6618835,0 -116.8691387,34.6611106,0 -116.8694433,34.6606689,0 -116.8695778,34.660217,0 -116.8695904,34.6599156,0 -116.8698703,34.6597652,0 -116.8702959,34.6596953,0 -116.8721073,34.659868,0 -116.872411,34.6600592,0 -116.8732367,34.6607432,0 -116.8739293,34.6610856,0 -116.8741476,34.6614073,0 -116.8744877,34.6616889,0 -116.8756061,34.6618508,0 -116.8758857,34.661831,0 -116.8761779,34.6615701,0 -116.8764944,34.6613795,0 -116.8775404,34.6611194,0 -116.8783673,34.6610499,0 -116.8788781,34.6609499,0 -116.8801546,34.661122,0 -116.8814803,34.6608018,0 -116.882307,34.6608729,0 -116.8833157,34.6612155,0 -116.8836562,34.6611957,0 -116.8844351,34.6607041,0 -116.8848001,34.6605337,0 -116.8850557,34.6602928,0 -116.8856515,34.6603235,0 -116.8861132,34.6605048,0 -116.8863321,34.660515,0 -116.8869889,34.6603248,0 -116.8874758,34.6599635,0 -116.887682,34.6602752,0 -116.8881312,34.6607779,0 -116.8884101,34.661381,0 -116.8888474,34.6616727,0 -116.8892725,34.6620448,0 -116.8895638,34.6624369,0 -116.8900253,34.6628091,0 -116.8905609,34.6623876,0 -116.8911083,34.6621771,0 -116.8913762,34.661886,0 -116.8916203,34.6611729,0 -116.8918272,34.6609922,0 -116.8921435,34.660882,0 -116.8923622,34.6609626,0 -116.8928485,34.6610233,0 -116.8930067,34.6609631,0 -116.893153,34.6606518,0 -116.8932504,34.6605615,0 -116.8935543,34.6605617,0 -116.8941504,34.6603412,0 -116.8947587,34.6600203,0 -116.8955622,34.6591971,0 -116.8957447,34.6591471,0 -116.8968022,34.6593489,0 -116.8975558,34.6595806,0 -116.8980177,34.6596614,0 -116.8991843,34.6601446,0 -116.8999746,34.6601653,0 -116.9006192,34.6600051,0 -116.9008018,34.6598746,0 -116.9010574,34.659847,0 -116.9011035,34.6599574,0 -116.9013995,34.6602025,0 -116.9018842,34.6603142,0 -116.9020724,34.6605591,0 -116.9022063,34.6612269,0 -116.9024618,34.6615832,0 -116.9025691,34.6619283,0 -116.9031202,34.6628968,0 -116.9034698,34.6633088,0 -116.9045873,34.6636436,0 -116.905072,34.663733,0 -116.9054758,34.6639336,0 -116.905597,34.6639559,0 -116.9058531,34.663767,0 -116.9060824,34.6635112,0 -116.9063115,34.6634001,0 -116.9072139,34.6633006,0 -116.9077259,34.6631452,0 -116.9081569,34.6630788,0 -116.9090189,34.6630238,0 -116.9095576,34.6630353,0 -116.9102041,34.662969,0 -116.9104735,34.6630026,0 -116.9111062,34.6632479,0 -116.9123848,34.6640166,0 -116.9135297,34.6639507,0 -116.9139608,34.6637507,0 -116.9146613,34.6635954,0 -116.9151057,34.6636736,0 -116.9157382,34.6640969,0 -116.9158862,34.664275,0 -116.9166265,34.6646984,0 -116.9171516,34.6648879,0 -116.917946,34.6650888,0 -116.9183497,34.6654563,0 -116.9191707,34.6660243,0 -116.9196016,34.6661582,0 -116.9198305,34.6661361,0 -116.9202351,34.6656244,0 -116.9204238,34.6654354,0 -116.9206933,34.6652686,0 -116.921178,34.6654804,0 -116.9215416,34.6655363,0 -116.9241546,34.6657896,0 -116.9241852,34.6653815,0 -116.9243164,34.6651485,0 -116.9251251,34.6644369,0 -116.9254081,34.6643146,0 -116.925866,34.6642926,0 -116.92627,34.6643708,0 -116.9269027,34.6646939,0 -116.9274143,34.66485,0 -116.9279528,34.6651174,0 -116.9283704,34.6650397,0 -116.9287311,34.6648768,0 -116.929435,34.664317,0 -116.9299879,34.663505,0 -116.9300691,34.6629375,0 -116.930231,34.6626372,0 -116.9304062,34.662526,0 -116.9316455,34.662204,0 -116.9321303,34.6621709,0 -116.9325208,34.6622378,0 -116.9327901,34.6623493,0 -116.9329652,34.6623605,0 -116.9332077,34.6622716,0 -116.9334773,34.6619602,0 -116.9336931,34.6614929,0 -116.9339627,34.6612037,0 -116.9348116,34.6606144,0 -116.9353101,34.6604144,0 -116.9355932,34.6599583,0 -116.9359302,34.6596024,0 -116.9361057,34.6590127,0 -116.9365373,34.6581561,0 -116.9371843,34.6573886,0 -116.9373461,34.6570771,0 -116.9376562,34.65671,0 -116.9379661,34.6564653,0 -116.9381548,34.6562206,0 -116.9385994,34.6559315,0 -116.9389496,34.6558761,0 -116.9404174,34.6559324,0 -116.9409425,34.6561219,0 -116.9412254,34.6559996,0 -116.9416968,34.6558774,0 -116.942438,34.6550765,0 -116.9430039,34.6546206,0 -116.9433272,34.6544427,0 -116.9435294,34.6541979,0 -116.9438257,34.6540423,0 -116.9440816,34.654009,0 -116.9446472,34.6540872,0 -116.9461688,34.654099,0 -116.9466537,34.6539212,0 -116.9474079,34.6539215,0 -116.9485524,34.654011,0 -116.9490642,34.6539778,0 -116.9495356,34.6537889,0 -116.9505999,34.6529992,0 -116.9509367,34.6528435,0 -116.9516774,34.6526213,0 -116.9529299,34.6524994,0 -116.9532934,34.6525663,0 -116.9534177,34.6526793,0 -116.9535625,34.6529892,0 -116.9543839,34.6530341,0 -116.9548821,34.6531233,0 -116.9557303,34.6534908,0 -116.9562554,34.6536245,0 -116.9576016,34.6545152,0 -116.9578574,34.6546043,0 -116.9581805,34.6548159,0 -116.9585709,34.6549384,0 -116.9590556,34.6552724,0 -116.9591363,34.6554616,0 -116.959392,34.6557622,0 -116.9601191,34.6559516,0 -116.9603614,34.6561742,0 -116.9605229,34.6564525,0 -116.9608728,34.6567642,0 -116.9613573,34.6574654,0 -116.9620037,34.6575101,0 -116.9624078,34.6574101,0 -116.9627983,34.6573879,0 -116.9644547,34.6574663,0 -116.965101,34.6576446,0 -116.9661243,34.6582346,0 -116.9665687,34.6583572,0 -116.9669322,34.6586243,0 -116.9675112,34.658758,0 -116.9681171,34.6589807,0 -116.9690462,34.6594038,0 -116.9695445,34.6594151,0 -116.9701099,34.6599382,0 -116.9704329,34.6607395,0 -116.9709849,34.661118,0 -116.9712541,34.6615298,0 -116.9716984,34.6617636,0 -116.9719541,34.6623201,0 -116.9722504,34.6625427,0 -116.973166,34.6629657,0 -116.9733546,34.6630103,0 -116.9734892,34.6629881,0 -116.9737991,34.6626654,0 -116.9747689,34.6622873,0 -116.9760216,34.6616644,0 -116.976466,34.6616088,0 -116.9769644,34.6612194,0 -116.9772472,34.6612195,0 -116.9776377,34.6614087,0 -116.9780821,34.661509,0 -116.979375,34.6615426,0 -116.9798597,34.6620545,0 -116.9804927,34.6622995,0 -116.9810448,34.6623552,0 -116.9812066,34.6625111,0 -116.9822433,34.6629897,0 -116.9827012,34.6630676,0 -116.9833207,34.6632569,0 -116.9837381,34.6634572,0 -116.9842364,34.6639358,0 -116.9842902,34.6641584,0 -116.9844653,34.664214,0 -116.9853945,34.6643143,0 -116.986216,34.6646705,0 -116.9867278,34.6645815,0 -116.9871453,34.6646817,0 -116.9879399,34.6650713,0 -116.9882574,34.6652808,0 -116.9884112,34.6654608,0 -116.9891115,34.6656167,0 -116.9894348,34.6657614,0 -116.9895963,34.6659394,0 -116.9898118,34.6660618,0 -116.990135,34.6665404,0 -116.9904178,34.6667963,0 -116.990768,34.6668965,0 -116.9913741,34.6669633,0 -116.9930845,34.6674197,0 -116.9936636,34.667531,0 -116.9943775,34.6678537,0 -116.9955492,34.6682099,0 -116.9963708,34.66831,0 -116.9966806,34.6685326,0 -116.9968018,34.6687107,0 -116.9969866,34.6688088,0 -116.9971923,34.6691558,0 -116.9981621,34.6693672,0 -116.9988086,34.6697122,0 -116.9994955,34.6698569,0 -117.0003036,34.669957,0 -117.0005191,34.6705468,0 -117.001233,34.6712367,0 -117.0013677,34.6715817,0 -117.0016102,34.6719044,0 -117.0018122,34.6720379,0 -117.0021759,34.6721047,0 -117.0024857,34.6721381,0 -117.0027955,34.6720379,0 -117.0034959,34.672739,0 -117.0035632,34.673006,0 -117.0040616,34.6735624,0 -117.0043311,34.6740298,0 -117.0054895,34.6745082,0 -117.0058531,34.6744192,0 -117.0065401,34.6740631,0 -117.0067017,34.6740185,0 -117.0069711,34.6740853,0 -117.0073886,34.6740185,0 -117.0076176,34.6740964,0 -117.007887,34.6740964,0 -117.0083854,34.6742187,0 -117.0087895,34.6744301,0 -117.0091667,34.6742743,0 -117.009739,34.6741313,0 -117.0099479,34.674163,0 -117.0103924,34.6744411,0 -117.0108369,34.6745524,0 -117.0111871,34.6745969,0 -117.0120222,34.6744855,0 -117.012588,34.6744743,0 -117.0129247,34.6746301,0 -117.0133827,34.6747079,0 -117.0142986,34.6746077,0 -117.0149586,34.6741847,0 -117.0152549,34.6740957,0 -117.0161034,34.6737172,0 -117.016521,34.6736949,0 -117.0168846,34.6736169,0 -117.0174907,34.6736391,0 -117.0186222,34.6738059,0 -117.0194573,34.6736833,0 -117.0200904,34.6736944,0 -117.0210198,34.6736274,0 -117.0214373,34.6736941,0 -117.0225283,34.6734491,0 -117.023094,34.6732264,0 -117.0235653,34.6729704,0 -117.0240098,34.6728702,0 -117.0243465,34.6728812,0 -117.0245486,34.6729368,0 -117.0251009,34.6732372,0 -117.0260438,34.6733594,0 -117.0268521,34.6737598,0 -117.0270541,34.673693,0 -117.0275389,34.6732589,0 -117.0277274,34.6732477,0 -117.0282528,34.6733923,0 -117.0294786,34.6735144,0 -117.0301388,34.6741708,0 -117.0306911,34.6742374,0 -117.0309335,34.6742373,0 -117.0312568,34.6741594,0 -117.0326442,34.6741813,0 -117.0334884,34.6744198,0 -117.0338162,34.6746038,0 -117.0344089,34.6746704,0 -117.0348938,34.6747815,0 -117.0352171,34.6747926,0 -117.0365102,34.6746809,0 -117.0369278,34.6747698,0 -117.037709,34.6748252,0 -117.0383692,34.6752145,0 -117.0386252,34.6754258,0 -117.0388276,34.6760155,0 -117.0393396,34.6763715,0 -117.0397438,34.6765271,0 -117.0399593,34.6765493,0 -117.0401748,34.6765159,0 -117.0407677,34.6770276,0 -117.0410237,34.6771833,0 -117.0413336,34.6772944,0 -117.0414818,34.6773278,0 -117.0418454,34.6772164,0 -117.04229,34.677283,0 -117.0426401,34.6771938,0 -117.0428826,34.6772271,0 -117.0434487,34.6777833,0 -117.0436777,34.6779279,0 -117.0442975,34.6781836,0 -117.0450789,34.6784059,0 -117.0456044,34.678695,0 -117.0460089,34.6793514,0 -117.0463189,34.6796851,0 -117.0467096,34.6798853,0 -117.0471946,34.6799964,0 -117.0475584,34.6801965,0 -117.0479358,34.680508,0 -117.0485421,34.6807859,0 -117.0492427,34.6809971,0 -117.0499973,34.6813084,0 -117.0503612,34.6815975,0 -117.0508331,34.6822539,0 -117.0511161,34.6824318,0 -117.0516152,34.6835555,0 -117.0521004,34.6839559,0 -117.0523699,34.6840559,0 -117.0528686,34.6845231,0 -117.0533135,34.6850237,0 -117.053664,34.6855131,0 -117.0540818,34.6857355,0 -117.0543917,34.6858021,0 -117.0549981,34.6860801,0 -117.0554294,34.6863358,0 -117.0558874,34.6864246,0 -117.0562646,34.6863911,0 -117.0576253,34.6864238,0 -117.0584065,34.6862788,0 -117.0587164,34.6863565,0 -117.059134,34.6862784,0 -117.0595651,34.6863561,0 -117.060131,34.6863892,0 -117.0607371,34.6862999,0 -117.0620978,34.6863771,0 -117.0627981,34.6861097,0 -117.0631888,34.6860872,0 -117.0635661,34.6861649,0 -117.0638491,34.6863651,0 -117.0639705,34.6865431,0 -117.064011,34.6867211,0 -117.0644697,34.6874775,0 -117.0646853,34.6876443,0 -117.0648876,34.6879224,0 -117.0652654,34.6886121,0 -117.0658787,34.6890426,0 -117.066061,34.6895353,0 -117.0662363,34.6897467,0 -117.0663845,34.6897911,0 -117.0666674,34.6897798,0 -117.0674219,34.6898573,0 -117.0679877,34.6897902,0 -117.068365,34.6898902,0 -117.0686346,34.6901014,0 -117.0688233,34.690157,0 -117.0697259,34.6901231,0 -117.0698338,34.6902899,0 -117.0700495,34.6904456,0 -117.0706962,34.6905788,0 -117.0708309,34.6905008,0 -117.0709788,34.6901112,0 -117.0711672,34.6899331,0 -117.0717462,34.68961,0 -117.07215,34.6891424,0 -117.07258,34.6879181,0 -117.0729431,34.6871612,0 -117.0733065,34.6867381,0 -117.0738047,34.6865264,0 -117.0740067,34.6863593,0 -117.0741409,34.6858474,0 -117.0744908,34.685402,0 -117.0748139,34.6851459,0 -117.0749214,34.6848899,0 -117.0751636,34.6846004,0 -117.0758089,34.6831311,0 -117.0762656,34.6817176,0 -117.0770056,34.6807713,0 -117.0779209,34.680014,0 -117.0786211,34.6796908,0 -117.0791868,34.6796126,0 -117.0800761,34.6798679,0 -117.0806285,34.6799788,0 -117.0811942,34.6799673,0 -117.0815579,34.6798892,0 -117.0822445,34.6795215,0 -117.0833887,34.6787641,0 -117.0835107,34.6787313,0 -117.0836178,34.6788307,0 -117.0841434,34.6790862,0 -117.0846826,34.6794531,0 -117.0850732,34.6794194,0 -117.0858407,34.6790851,0 -117.0867025,34.6788063,0 -117.0875328,34.678773,0 -117.0877123,34.6783938,0 -117.0877925,34.6777483,0 -117.0885459,34.6769577,0 -117.0886533,34.6765459,0 -117.0886662,34.6760117,0 -117.0886121,34.675856,0 -117.0886498,34.6753417,0 -117.0884902,34.6751661,0 -117.0883546,34.6743094,0 -117.0888789,34.6733965,0 -117.0889323,34.6729514,0 -117.0887434,34.6726399,0 -117.0887837,34.6725509,0 -117.0894324,34.6719664,0 -117.0897388,34.6714151,0 -117.0897383,34.6709811,0 -117.0896035,34.6708588,0 -117.089051,34.6705588,0 -117.0880403,34.6701367,0 -117.0867328,34.6690916,0 -117.0861534,34.6688806,0 -117.0860184,34.6685691,0 -117.085843,34.6683355,0 -117.0856678,34.6682132,0 -117.0849268,34.6680134,0 -117.0845765,34.6678468,0 -117.0843069,34.6676578,0 -117.0831617,34.6672135,0 -117.0825551,34.6667576,0 -117.0823126,34.6666799,0 -117.0818544,34.6664243,0 -117.081383,34.6663912,0 -117.081073,34.6661243,0 -117.0807901,34.66608,0 -117.0797127,34.6661252,0 -117.0794971,34.6660475,0 -117.0792677,34.6656136,0 -117.0785939,34.6651689,0 -117.0783781,34.664813,0 -117.0778121,34.6644573,0 -117.077529,34.6641904,0 -117.0771378,34.6635229,0 -117.0769626,34.6634006,0 -117.076545,34.6632451,0 -117.0763967,34.6631117,0 -117.0762349,34.6628336,0 -117.0762346,34.6625443,0 -117.0765708,34.6619988,0 -117.0766245,34.6618207,0 -117.0765838,34.6615314,0 -117.0762197,34.660953,0 -117.0760982,34.660686,0 -117.0760711,34.6604634,0 -117.0762589,34.6597177,0 -117.0762447,34.6589054,0 -117.0763388,34.6586494,0 -117.07623,34.6574922,0 -117.0762836,34.657214,0 -117.0759316,34.6552,0 -117.075985,34.6547104,0 -117.0758901,34.6540427,0 -117.0757821,34.6536978,0 -117.0756465,34.6526296,0 -117.0754842,34.6518953,0 -117.0749713,34.6506159,0 -117.0750516,34.6499927,0 -117.075253,34.6493471,0 -117.075158,34.6485794,0 -117.0752518,34.6480452,0 -117.074806,34.646443,0 -117.0743882,34.6459648,0 -117.0736474,34.6456982,0 -117.0732433,34.6456094,0 -117.0726372,34.6453427,0 -117.0725158,34.6450757,0 -117.0723941,34.6445082,0 -117.0724475,34.6439629,0 -117.072272,34.6434623,0 -117.0722043,34.6430283,0 -117.0720964,34.6428169,0 -117.0718403,34.6425723,0 -117.071746,34.6424165,0 -117.0722169,34.6420713,0 -117.0724798,34.6419407,0 -117.0728362,34.6419374,0 -117.0729707,34.6418483,0 -117.0731589,34.6415032,0 -117.0734147,34.6413918,0 -117.0736839,34.6413694,0 -117.0748415,34.6409903,0 -117.0756896,34.6408117,0 -117.0766319,34.6406665,0 -117.0767667,34.6407554,0 -117.0768205,34.6406775,0 -117.0769141,34.6400209,0 -117.0769947,34.6398539,0 -117.0771422,34.6391861,0 -117.0771816,34.6380844,0 -117.0774369,34.6374945,0 -117.0774634,34.6371161,0 -117.0776112,34.6367488,0 -117.0775706,34.6364929,0 -117.077193,34.6358255,0 -117.0771252,34.6353693,0 -117.0769903,34.6351023,0 -117.0765594,34.6349245,0 -117.076317,34.6348913,0 -117.0761688,34.6347912,0 -117.0759936,34.6346355,0 -117.0757106,34.6342462,0 -117.075495,34.6341351,0 -117.0749829,34.6335567,0 -117.0743498,34.6331899,0 -117.0742824,34.6330119,0 -117.074336,34.6328004,0 -117.0748066,34.6321547,0 -117.0748334,34.6319878,0 -117.0747517,34.6309641,0 -117.0747778,34.6300404,0 -117.0746024,34.6295732,0 -117.0744273,34.6294397,0 -117.0743867,34.6292951,0 -117.0744269,34.6290503,0 -117.07483,34.628182,0 -117.0750587,34.6279593,0 -117.0753006,34.6274918,0 -117.0753407,34.6271913,0 -117.0755018,34.6267016,0 -117.075461,34.6263233,0 -117.0751509,34.6257893,0 -117.0747866,34.6248437,0 -117.0748669,34.6243317,0 -117.0748532,34.6240201,0 -117.0745702,34.6237087,0 -117.0739912,34.6234531,0 -117.0730757,34.6233202,0 -117.0719312,34.6230872,0 -117.07006,34.6229213,0 -117.0668427,34.622912,0 -117.0636791,34.6225799,0 -117.0632885,34.6223909,0 -117.0628173,34.622291,0 -117.0623862,34.621757,0 -117.062036,34.6214679,0 -117.0608511,34.6210679,0 -117.0605413,34.6208121,0 -117.0602316,34.6206787,0 -117.0588854,34.6205013,0 -117.0583335,34.6204793,0 -117.057889,34.6201346,0 -117.0573366,34.6194226,0 -117.0570538,34.6191891,0 -117.0567978,34.618822,0 -117.0567303,34.6184882,0 -117.0567567,34.6177982,0 -117.0566354,34.6175423,0 -117.0559215,34.6167303,0 -117.0554093,34.6157736,0 -117.0550861,34.6154621,0 -117.0532016,34.6153294,0 -117.052663,34.615096,0 -117.0523398,34.6148179,0 -117.0521733,34.6128963,0 -117.0519736,34.612539,0 -117.0517595,34.6123032,0 -117.050386,34.611369,0 -117.0493225,34.6110023,0 -117.0490398,34.6108021,0 -117.0485552,34.6107466,0 -117.046832,34.6101241,0 -117.0459975,34.6100354,0 -117.0454455,34.6097908,0 -117.0445803,34.6091496,0 -117.0447587,34.6089119,0 -117.0451351,34.6082107,0 -117.0455656,34.6077098,0 -117.0463353,34.6072114,0 -117.0468478,34.6070454,0 -117.048016,34.6072974,0 -117.0482379,34.607292,0 -117.0485127,34.6071634,0 -117.0487817,34.6068517,0 -117.0491584,34.60654,0 -117.049858,34.6061725,0 -117.0501403,34.6056382,0 -117.0512028,34.6044359,0 -117.0514717,34.6040686,0 -117.052225,34.6033672,0 -117.053651,34.6024764,0 -117.0541486,34.6020644,0 -117.0544176,34.6017082,0 -117.0544174,34.6013743,0 -117.0542286,34.6008959,0 -117.0537034,34.6002619,0 -117.053757,34.5999503,0 -117.0541605,34.5996274,0 -117.0544429,34.5993268,0 -117.05451,34.599004,0 -117.0547116,34.5986256,0 -117.0550754,34.5984252,0 -117.0552367,34.5982587,0 -117.0552985,34.5979872,0 -117.0559491,34.5977237,0 -117.0562315,34.5974119,0 -117.0563792,34.5969771,0 -117.0564191,34.59621,0 -117.0570681,34.595157,0 -117.0577784,34.5944631,0 -117.0581129,34.5937054,0 -117.0580858,34.5934384,0 -117.0574394,34.592771,0 -117.0572642,34.592415,0 -117.0573308,34.5914134,0 -117.0573038,34.5912131,0 -117.0568999,34.5909574,0 -117.0561058,34.5906573,0 -117.0557692,34.5902902,0 -117.0557687,34.5896448,0 -117.0556468,34.5884653,0 -117.0556866,34.5874971,0 -117.0555244,34.5863844,0 -117.055524,34.5858391,0 -117.0556716,34.5852604,0 -117.0567335,34.5837242,0 -117.0571235,34.5834124,0 -117.0574598,34.5832231,0 -117.0578095,34.5831005,0 -117.0580515,34.5828333,0 -117.0587374,34.5824324,0 -117.0593428,34.5822429,0 -117.0593964,34.5820426,0 -117.0596556,34.5818888,0 -117.0596669,34.5817925,0 -117.0594859,34.5813868,0 -117.0593876,34.5812563,0 -117.059216,34.5811495,0 -117.0588479,34.5810719,0 -117.0585751,34.5811305,0 -117.0583866,34.5810304,0 -117.0582116,34.5808553,0 -117.057991,34.5807682,0 -117.0578446,34.5808157,0 -117.0577139,34.5809863,0 -117.0572752,34.580982,0 -117.0570265,34.580894,0 -117.057044,34.5805268,0 -117.0569374,34.5804387,0 -117.0561026,34.5803362,0 -117.0558204,34.5799254,0 -117.05566,34.5798636,0 -117.0555213,34.5799795,0 -117.055268,34.5804101,0 -117.0548952,34.5806893,0 -117.0543979,34.5806455,0 -117.0542204,34.5807924,0 -117.0540606,34.5807925,0 -117.0540249,34.5805428,0 -117.053936,34.5804253,0 -117.0529592,34.5804845,0 -117.0526573,34.5803818,0 -117.0523729,34.5801322,0 -117.0518401,34.5799709,0 -117.0510232,34.5800741,0 -117.0507034,34.5799861,0 -117.0504548,34.5799715,0 -117.050295,34.5800303,0 -117.0501174,34.5799716,0 -117.0498155,34.5800599,0 -117.0494605,34.5804125,0 -117.0491941,34.5804273,0 -117.0475427,34.5807952,0 -117.0469033,34.5807955,0 -117.046477,34.5807075,0 -117.0452866,34.5798707,0 -117.0437233,34.5789458,0 -117.043439,34.5786228,0 -117.0432434,34.5781675,0 -117.0432076,34.5776387,0 -117.0432785,34.5773449,0 -117.0432427,34.5768455,0 -117.0432959,34.5766398,0 -117.0429581,34.5760083,0 -117.0430111,34.5755235,0 -117.0426912,34.5750389,0 -117.0424069,34.5747305,0 -117.0417319,34.5743782,0 -117.040737,34.5733944,0 -117.0390141,34.5726899,0 -117.0383746,34.5723522,0 -117.0377529,34.5718089,0 -117.037362,34.5713243,0 -117.0370065,34.5706928,0 -117.0362072,34.5701202,0 -117.0351181,34.5690387,0 -117.0344127,34.567932,0 -117.0343412,34.566801,0 -117.0344653,34.5663015,0 -117.0346251,34.5662427,0 -117.0348205,34.5663455,0 -117.0354953,34.5664628,0 -117.0357794,34.5664186,0 -117.0359747,34.5662423,0 -117.0359745,34.5658016,0 -117.0358675,34.564935,0 -117.0359738,34.5643768,0 -117.0361689,34.5638333,0 -117.0364706,34.5633631,0 -117.0379261,34.5622463,0 -117.0385652,34.5619229,0 -117.0394884,34.5617023,0 -117.0398612,34.5617169,0 -117.0406424,34.561511,0 -117.0416718,34.5605265,0 -117.0416894,34.5604089,0 -117.0412987,34.56013,0 -117.0410677,34.5598803,0 -117.0409255,34.5595132,0 -117.0395759,34.5590876,0 -117.0393095,34.5588527,0 -117.0393622,34.5578097,0 -117.0394508,34.557369,0 -117.0397168,34.5567814,0 -117.0395921,34.5557238,0 -117.0396096,34.5553125,0 -117.0398935,34.5549746,0 -117.0399112,34.5547836,0 -117.0397513,34.5545633,0 -117.0390586,34.55402,0 -117.0386323,34.5535501,0 -117.0377265,34.5527131,0 -117.0368736,34.551127,0 -117.036252,34.5505837,0 -117.035879,34.5501578,0 -117.0355236,34.5495409,0 -117.0355058,34.5494087,0 -117.0358606,34.5488651,0 -117.0363394,34.547587,0 -117.0369244,34.5455451,0 -117.0378465,34.5433121,0 -117.0381122,34.5420193,0 -117.0377745,34.5411675,0 -117.0371168,34.5401839,0 -117.0363536,34.5394346,0 -117.0352349,34.5384067,0 -117.0345956,34.5378927,0 -117.0337966,34.5373641,0 -117.0333705,34.5369823,0 -117.033175,34.5365711,0 -117.0331039,34.5361451,0 -117.0329084,34.5356898,0 -117.0326953,34.5353814,0 -117.0323402,34.5351318,0 -117.0318432,34.5350585,0 -117.0313816,34.5349264,0 -117.0311154,34.5349264,0 -117.0309201,34.5348384,0 -117.0308311,34.5341627,0 -117.0299962,34.5325177,0 -117.0293389,34.530858,0 -117.0292855,34.5304614,0 -117.0293209,34.5300648,0 -117.0298352,34.5288014,0 -117.030119,34.5283313,0 -117.0301721,34.5280375,0 -117.0305269,34.5274645,0 -117.0304735,34.5271854,0 -117.0302604,34.5268329,0 -117.0300119,34.526642,0 -117.0298698,34.5263483,0 -117.0300648,34.5256872,0 -117.0304728,34.5252611,0 -117.030597,34.5250408,0 -117.0306679,34.5247323,0 -117.0309163,34.5245413,0 -117.0310049,34.5243209,0 -117.0309337,34.523704,0 -117.0311643,34.5234101,0 -117.0312351,34.5227197,0 -117.0313946,34.5222056,0 -117.0315102,34.5219565,0 -117.0319288,34.5217031,0 -117.0324059,34.5215149,0 -117.0329027,34.5210447,0 -117.0329913,34.520839,0 -117.0331865,34.520648,0 -117.0332926,34.5198548,0 -117.0334522,34.5193994,0 -117.0335763,34.5192231,0 -117.033594,34.5190468,0 -117.0337892,34.5189439,0 -117.0339844,34.5189145,0 -117.0347121,34.5191346,0 -117.035422,34.5191344,0 -117.03583,34.5188846,0 -117.0366286,34.5186787,0 -117.0368947,34.518473,0 -117.0369123,34.5182673,0 -117.0363087,34.5177681,0 -117.0363616,34.5170189,0 -117.0365035,34.5166957,0 -117.0368583,34.5165193,0 -117.037355,34.5159463,0 -117.0377271,34.5148592,0 -117.0379754,34.5145506,0 -117.0384368,34.5145211,0 -117.038987,34.5146237,0 -117.0393242,34.5147999,0 -117.0402825,34.5147702,0 -117.0410634,34.5148581,0 -117.0424123,34.5153864,0 -117.0427495,34.5154451,0 -117.0432108,34.5152099,0 -117.0438317,34.5147396,0 -117.0446829,34.5136082,0 -117.0452326,34.5129617,0 -117.0468469,34.5118741,0 -117.0476629,34.5114184,0 -117.0481417,34.5108307,0 -117.048762,34.5095231,0 -117.0491872,34.5084065,0 -117.0492045,34.5076574,0 -117.0492753,34.5072754,0 -117.0493817,34.5071138,0 -117.0497009,34.5068493,0 -117.0497007,34.5065261,0 -117.049913,34.5055271,0 -117.0499125,34.5046311,0 -117.0497347,34.5040289,0 -117.0499831,34.503926,0 -117.0504089,34.5039699,0 -117.0506574,34.5040726,0 -117.0509058,34.5040725,0 -117.0512074,34.5039255,0 -117.0513671,34.5039695,0 -117.0516156,34.5041309,0 -117.0518995,34.5041308,0 -117.0524674,34.5042187,0 -117.0529465,34.5043654,0 -117.0549517,34.5045114,0 -117.0559278,34.5047901,0 -117.0571528,34.5057737,0 -117.0576324,34.5066254,0 -117.0576504,34.506978,0 -117.0577926,34.5073304,0 -117.0579702,34.5074772,0 -117.0583783,34.5075799,0 -117.0588221,34.5077706,0 -117.0600825,34.5085485,0 -117.0603486,34.5084456,0 -117.0607744,34.5083572,0 -117.0611293,34.5083424,0 -117.0621587,34.5085916,0 -117.0632055,34.5085323,0 -117.064252,34.5078707,0 -117.0646954,34.5076942,0 -117.0649439,34.5077969,0 -117.065157,34.5079584,0 -117.0653347,34.5082227,0 -117.0658138,34.5082812,0 -117.0663461,34.5082809,0 -117.0667543,34.5083541,0 -117.0672512,34.5083392,0 -117.0674467,34.5087063,0 -117.067553,34.5092535,0 -117.0676594,34.509433,0 -117.0678565,34.5095594,0 -117.0679268,34.5097537,0 -117.0680687,34.5099251,0 -117.0683704,34.509969,0 -117.0700738,34.5098212,0 -117.0705353,34.5099678,0 -117.0733755,34.5111413,0 -117.0748849,34.5123302,0 -117.0752405,34.5130938,0 -117.0757199,34.5133579,0 -117.0759683,34.5134018,0 -117.0769088,34.5133278,0 -117.0775474,34.513063,0 -117.0780442,34.5130039,0 -117.0785942,34.5128713,0 -117.0789489,34.5126802,0 -117.0792505,34.5125771,0 -117.0807054,34.5123705,0 -117.0816636,34.5122965,0 -117.0818586,34.5120319,0 -117.0820536,34.5118996,0 -117.0824617,34.5117818,0 -117.0826747,34.5118551,0 -117.0828875,34.5117521,0 -117.0831888,34.51137,0 -117.0833659,34.5110467,0 -117.083472,34.5106207,0 -117.083596,34.5104002,0 -117.0840038,34.5100474,0 -117.084039,34.5098417,0 -117.0838967,34.5094452,0 -117.0837189,34.5091516,0 -117.0824933,34.5079038,0 -117.082351,34.5075661,0 -117.0823507,34.5072282,0 -117.0818884,34.5063031,0 -117.0817105,34.5057891,0 -117.0810001,34.5051726,0 -117.0808579,34.5048789,0 -117.0807151,34.5039683,0 -117.0805729,34.5037187,0 -117.080111,34.5031461,0 -117.0799864,34.5027496,0 -117.080465,34.5021764,0 -117.0807309,34.5019412,0 -117.0813507,34.5006775,0 -117.08163,34.4998959,0 -117.0819172,34.4994138,0 -117.081846,34.4991348,0 -117.0814553,34.4987825,0 -117.0811,34.4983714,0 -117.0808512,34.4979456,0 -117.0805492,34.4975639,0 -117.0799812,34.4972558,0 -117.079573,34.4971092,0 -117.0788979,34.4961548,0 -117.0788977,34.4959492,0 -117.0792342,34.495332,0 -117.0796949,34.4947735,0 -117.0796415,34.4945679,0 -117.0788427,34.494069,0 -117.0785761,34.4936138,0 -117.0782383,34.4927767,0 -117.0780252,34.4926299,0 -117.07728,34.4925276,0 -117.0764813,34.4921609,0 -117.0760731,34.4920289,0 -117.0756116,34.4917207,0 -117.0754871,34.491427,0 -117.075433,34.4904135,0 -117.0753261,34.4898994,0 -117.0748817,34.4888861,0 -117.0748104,34.4885777,0 -117.0746505,34.48824,0 -117.0744374,34.4880198,0 -117.0742418,34.4875204,0 -117.0742238,34.487256,0 -117.0742654,34.4868268,0 -117.0748265,34.4867122,0 -117.0752518,34.4861831,0 -117.0755356,34.4861242,0 -117.0756951,34.4859625,0 -117.0754637,34.4851253,0 -117.0754982,34.4839796,0 -117.0755866,34.4836857,0 -117.0765436,34.4827156,0 -117.0765967,34.4824953,0 -117.0763476,34.4817463,0 -117.0764359,34.4812761,0 -117.0766483,34.4807913,0 -117.076914,34.4803651,0 -117.0769842,34.4795425,0 -117.0770902,34.4790136,0 -117.0770545,34.4788226,0 -117.0770896,34.4784554,0 -117.0772667,34.4781615,0 -117.0774795,34.4780292,0 -117.0789503,34.4765299,0 -117.0796412,34.475604,0 -117.0798005,34.4751779,0 -117.0801547,34.4746342,0 -117.0802605,34.4740319,0 -117.0809166,34.4737817,0 -117.0822997,34.4733842,0 -117.0825656,34.4731784,0 -117.0826891,34.4725613,0 -117.0829193,34.4722086,0 -117.0830431,34.471856,0 -117.0830251,34.4715328,0 -117.0827589,34.4713421,0 -117.0825456,34.4709603,0 -117.0823146,34.470461,0 -117.082243,34.4698294,0 -117.0818344,34.4691099,0 -117.0818874,34.4688895,0 -117.0816912,34.4677586,0 -117.0818327,34.4674059,0 -117.081797,34.467215,0 -117.0818325,34.4671562,0 -117.0822755,34.4668034,0 -117.0826119,34.466245,0 -117.0829842,34.4660684,0 -117.0833383,34.4654072,0 -117.0834284,34.4644601,0 -117.0836713,34.4638144,0 -117.0836466,34.4634715,0 -117.0830367,34.4624633,0 -117.0822807,34.4615156,0 -117.0821585,34.4610719,0 -117.0821828,34.460971,0 -117.0831082,34.4609502,0 -117.08379,34.4607682,0 -117.0857862,34.4598186,0 -117.0869542,34.4588092,0 -117.0890223,34.456871,0 -117.0944708,34.4507746,0 -117.0955649,34.4492204,0 -117.0978741,34.4456277,0 -117.0991136,34.4435892,0 -117.1005484,34.4420347,0 -117.1014969,34.4411059,0 -117.1021557,34.4403345,0 -117.1024713,34.4396617,0 -117.1068337,34.4396794,0 -117.111228,34.4400639,0 -117.1125254,34.4400808,0 -117.1129941,34.439981,0 -117.1143505,34.4389245,0 -117.1150076,34.4385347,0 -117.1154296,34.4379764,0 -117.1157736,34.4376258,0 -117.1160553,34.4375607,0 -117.116619,34.4375732,0 -117.1168695,34.437534,0 -117.1172764,34.4373909,0 -117.1181832,34.436443,0 -117.1186369,34.4361572,0 -117.1188557,34.4358845,0 -117.1190272,34.435251,0 -117.1194746,34.4349329,0 -117.1211394,34.4343126,0 -117.121828,34.4341173,0 -117.1222971,34.4338785,0 -117.1227191,34.4331694,0 -117.1236101,34.4322086,0 -117.1258605,34.4294431,0 -117.1275801,34.4277678,0 -117.1282048,34.4267682,0 -117.1291462,34.424225,0 -117.1293571,34.4227325,0 -117.1297319,34.4221224,0 -117.1302321,34.4216289,0 -117.1308872,34.4200974,0 -117.1314783,34.4177098,0 -117.131712,34.4169831,0 -117.132071,34.416334,0 -117.1327277,34.4158793,0 -117.1336197,34.4153854,0 -117.1351064,34.4154745,0 -117.1353254,34.4153575,0 -117.135654,34.4152793,0 -117.1363114,34.4152656,0 -117.1365929,34.4151096,0 -117.1383449,34.4143682,0 -117.1390487,34.4139912,0 -117.1395177,34.4136534,0 -117.139799,34.4133677,0 -117.1408608,34.4118486,0 -117.1414084,34.4116534,0 -117.1419714,34.4113674,0 -117.1420961,34.4110818,0 -117.1437377,34.4099642,0 -117.1439562,34.4095618,0 -117.144143,34.4089908,0 -117.1444083,34.4085364,0 -117.1447676,34.4081209,0 -117.1451896,34.4077442,0 -117.1453144,34.4074846,0 -117.1454707,34.4074066,0 -117.1458776,34.4073542,0 -117.1461121,34.4072112,0 -117.1463147,34.4066661,0 -117.1465336,34.406588,0 -117.1469707,34.4059259,0 -117.1474551,34.4054453,0 -117.147862,34.4054318,0 -117.1483161,34.4055091,0 -117.1500389,34.4061427,0 -117.150336,34.4060256,0 -117.1512749,34.4059076,0 -117.1514633,34.4056787,0 -117.1516344,34.4056088,0 -117.1522605,34.405634,0 -117.1525425,34.4057893,0 -117.1529966,34.4059185,0 -117.153459,34.4058396,0 -117.154718,34.4057606,0 -117.1551091,34.4056564,0 -117.1556881,34.4055908,0 -117.1562355,34.4053436,0 -117.1564232,34.4053174,0 -117.1570109,34.4056889,0 -117.1578173,34.4058734,0 -117.1587727,34.4062225,0 -117.1596506,34.4069348,0 -117.1602678,34.4071686,0 -117.161279,34.4072959,0 -117.1623138,34.4081897,0 -117.1633933,34.4079547,0 -117.1635969,34.4079804,0 -117.1636596,34.4080322,0 -117.1638171,34.4085379,0 -117.1640361,34.4084728,0 -117.1649661,34.4078984,0 -117.1654747,34.4077444,0 -117.1661319,34.4076786,0 -117.1667428,34.4078853,0 -117.1669778,34.4080148,0 -117.1673378,34.4080272,0 -117.1675562,34.4079786,0 -117.1677287,34.4078191,0 -117.1679151,34.4071313,0 -117.1680399,34.4068847,0 -117.1690565,34.40652,0 -117.1695255,34.4062599,0 -117.1699006,34.405961,0 -117.1701658,34.4055585,0 -117.1702434,34.4052211,0 -117.1702413,34.4041963,0 -117.1700842,34.4038981,0 -117.1691911,34.4034194,0 -117.1691117,34.4028227,0 -117.1686198,34.40239,0 -117.1685145,34.4016041,0 -117.1683256,34.4010725,0 -117.1683096,34.4008909,0 -117.1694977,34.4002276,0 -117.1699196,34.3998768,0 -117.1703568,34.3993702,0 -117.1705755,34.3992013,0 -117.1709042,34.3992008,0 -117.1715463,34.3994075,0 -117.1720316,34.3994717,0 -117.1724854,34.3994581,0 -117.1725952,34.3995617,0 -117.1725649,34.4000547,0 -117.172848,34.4007289,0 -117.1739446,34.4012462,0 -117.1744465,34.4017385,0 -117.1748737,34.4023379,0 -117.1752623,34.4027103,0 -117.1763432,34.4031628,0 -117.1766409,34.403331,0 -117.1769072,34.4034084,0 -117.1772515,34.403395,0 -117.1777212,34.4034981,0 -117.1779089,34.4034459,0 -117.1786436,34.4030167,0 -117.1793008,34.402912,0 -117.1806615,34.4025078,0 -117.1815066,34.4024547,0 -117.1823209,34.4026481,0 -117.182446,34.4026349,0 -117.1826959,34.4023881,0 -117.1828204,34.4020376,0 -117.1833507,34.4012325,0 -117.1835539,34.4011025,0 -117.1837261,34.4011022,0 -117.1841489,34.4012183,0 -117.184446,34.4010752,0 -117.185086,34.4003348,0 -117.1856486,34.3999707,0 -117.1864929,34.3995932,0 -117.1867272,34.3993853,0 -117.1867581,34.3991776,0 -117.1865834,34.3980363,0 -117.1868934,34.3966996,0 -117.1872685,34.3964915,0 -117.1879536,34.3959472,0 -117.1885339,34.3954517,0 -117.1887055,34.395218,0 -117.1890495,34.3951136,0 -117.189534,34.3948145,0 -117.1900696,34.3942655,0 -117.1906429,34.3938139,0 -117.1908457,34.3935282,0 -117.1909379,34.3927886,0 -117.1915939,34.3922427,0 -117.1926563,34.3914886,0 -117.1927966,34.3912678,0 -117.1929353,34.3903206,0 -117.1928075,34.3891792,0 -117.1929166,34.3889844,0 -117.1929151,34.3883228,0 -117.1930086,34.3881411,0 -117.1932427,34.3878942,0 -117.1933359,34.3875957,0 -117.1934745,34.3866095,0 -117.1931126,34.3853851,0 -117.1925954,34.3853785,0 -117.1919067,34.3852888,0 -117.1909986,34.3850697,0 -117.1909828,34.3850178,0 -117.1914032,34.3841091,0 -117.1909634,34.3833703,0 -117.1907778,34.3831659,0 -117.1904306,34.3829949,0 -117.1894758,34.3828926,0 -117.1888337,34.3826212,0 -117.1883635,34.3822587,0 -117.1879714,34.3818571,0 -117.1878454,34.3814941,0 -117.1877795,34.3800153,0 -117.1876396,34.3800026,0 -117.1871699,34.3802886,0 -117.1862327,34.3810295,0 -117.1856543,34.3812639,0 -117.1848094,34.3812911,0 -117.1845432,34.3811877,0 -117.1838375,34.3804753,0 -117.1835716,34.3803203,0 -117.1828352,34.3800617,0 -117.1826847,34.3798256,0 -117.1827089,34.3795689,0 -117.1831453,34.3787769,0 -117.183144,34.3781542,0 -117.1830022,34.3777133,0 -117.1830176,34.3775836,0 -117.1842042,34.3764661,0 -117.1840318,34.3762978,0 -117.1827374,34.3755124,0 -117.181467,34.3739789,0 -117.180667,34.3727356,0 -117.180033,34.3719204,0 -117.1800128,34.3716452,0 -117.180701,34.3699071,0 -117.1805433,34.3692976,0 -117.1806365,34.3689991,0 -117.1813393,34.3684143,0 -117.1813701,34.3681807,0 -117.1812747,34.3674933,0 -117.1813986,34.3668964,0 -117.1813356,34.3667148,0 -117.1810851,34.3666504,0 -117.1798492,34.3666262,0 -117.1795208,34.3667175,0 -117.1789596,34.3676135,0 -117.1785546,34.3684703,0 -117.1781643,34.3688341,0 -117.1775551,34.369315,0 -117.1759446,34.3697584,0 -117.1753655,34.3696424,0 -117.1747543,34.3691114,0 -117.1744097,34.3689173,0 -117.1739246,34.3688531,0 -117.1734867,34.3689576,0 -117.1730954,34.3688543,0 -117.1723594,34.3685051,0 -117.1722029,34.3685053,0 -117.1715307,34.3687657,0 -117.1709839,34.3691297,0 -117.169874,34.3695594,0 -117.1688889,34.3698332,0 -117.1685757,34.3697039,0 -117.1678079,34.3690952,0 -117.167056,34.3685903,0 -117.1667429,34.3685129,0 -117.1663519,34.3685523,0 -117.1656634,34.3685014,0 -117.1654755,34.3684108,0 -117.1651777,34.3681128,0 -117.1653019,34.3676327,0 -117.165239,34.367503,0 -117.164911,34.3672064,0 -117.1636268,34.3670641,0 -117.1631572,34.3669091,0 -117.1618428,34.3667811,0 -117.1617017,34.3666126,0 -117.1617014,34.3664829,0 -117.1619656,34.3655874,0 -117.162106,34.3653667,0 -117.1624966,34.3650808,0 -117.1627149,34.3647562,0 -117.1629017,34.36425,0 -117.1629162,34.3636402,0 -117.1628058,34.3631863,0 -117.1624293,34.3626679,0 -117.1620217,34.3622274,0 -117.1615939,34.3618879,0 -117.1604555,34.3612435,0 -117.1601578,34.3610104,0 -117.1596394,34.3598565,0 -117.158825,34.3593257,0 -117.1575102,34.3588992,0 -117.1566803,34.3584592,0 -117.1564921,34.358213,0 -117.1562101,34.3579928,0 -117.1556619,34.3576173,0 -117.1551608,34.3573455,0 -117.1542689,34.357191,0 -117.1537998,34.3572564,0 -117.1524544,34.3572062,0 -117.1520315,34.3569084,0 -117.1517967,34.3568178,0 -117.1509832,34.3567799,0 -117.1503733,34.3568585,0 -117.1496074,34.3571578,0 -117.1484824,34.3579116,0 -117.1480759,34.3580289,0 -117.1465289,34.3589777,0 -117.1461543,34.3594582,0 -117.1455749,34.3598386,0 -117.1452639,34.3601728,0 -117.1449514,34.3603937,0 -117.1447334,34.3609777,0 -117.1445773,34.3611595,0 -117.1444683,34.361445,0 -117.1437123,34.3616961,0 -117.1434834,34.3618484,0 -117.1431237,34.3618618,0 -117.1429202,34.3617971,0 -117.1420587,34.3611495,0 -117.1410872,34.3601776,0 -117.1400852,34.3596599,0 -117.1395684,34.3593362,0 -117.1387391,34.3591944,0 -117.1382542,34.3592468,0 -117.1375352,34.3596109,0 -117.1374101,34.3595981,0 -117.1369548,34.3586256,0 -117.1370012,34.3582753,0 -117.136954,34.3581326,0 -117.1362969,34.3580685,0 -117.1359998,34.3580948,0 -117.1357365,34.3580058,0 -117.1355144,34.3578099,0 -117.1351694,34.3573043,0 -117.1335721,34.3562164,0 -117.1331489,34.3556201,0 -117.1326164,34.3552444,0 -117.1320529,34.3549597,0 -117.1307227,34.3546238,0 -117.1301111,34.3543583,0 -117.1298785,34.354184,0 -117.1296425,34.3540022,0 -117.1287642,34.3524724,0 -117.1283402,34.3513961,0 -117.128229,34.3502416,0 -117.1281345,34.3498655,0 -117.128009,34.3496062,0 -117.1271477,34.3488935,0 -117.1265372,34.3485828,0 -117.1262553,34.3483237,0 -117.125958,34.3482721,0 -117.1256762,34.3481037,0 -117.1252221,34.347728,0 -117.1247837,34.347443,0 -117.1240014,34.3472492,0 -117.1230629,34.3471983,0 -117.1223438,34.3474584,0 -117.1220626,34.3477312,0 -117.1218439,34.3478741,0 -117.1216562,34.3479132,0 -117.119779,34.3476685,0 -117.1196229,34.3479152,0 -117.119639,34.3482135,0 -117.1197645,34.3485118,0 -117.1197961,34.3487323,0 -117.1197651,34.3489399,0 -117.1192188,34.3497058,0 -117.1181256,34.3509523,0 -117.1177973,34.3510823,0 -117.1175786,34.3512512,0 -117.1172188,34.3512256,0 -117.1165147,34.3510706,0 -117.1156697,34.350799,0 -117.1151849,34.3508383,0 -117.1147784,34.3509814,0 -117.1142469,34.3512544,0 -117.1132301,34.3511775,0 -117.1129801,34.3513334,0 -117.1128866,34.3515929,0 -117.1128097,34.3520945,0 -117.113733,34.3529154,0 -117.1138742,34.3532266,0 -117.1138587,34.3533434,0 -117.1135302,34.3533307,0 -117.1125765,34.3536689,0 -117.11181,34.3536306,0 -117.1115596,34.3534882,0 -117.1109957,34.3529568,0 -117.1103853,34.352646,0 -117.1099471,34.3524777,0 -117.1086089,34.3524721,0 -117.1081333,34.3529334,0 -117.1076642,34.3531154,0 -117.1072106,34.3531418,0 -117.1068508,34.3531032,0 -117.1063969,34.3528182,0 -117.1061621,34.3527405,0 -117.1050358,34.3526507,0 -117.104582,34.3525084,0 -117.1041437,34.3522234,0 -117.103533,34.3516531,0 -117.1028128,34.3511477,0 -117.1022803,34.3505903,0 -117.1018107,34.3502275,0 -117.1008402,34.3496445,0 -117.1004847,34.3493247,0 -117.1003549,34.3492687,0 -117.1000377,34.3493647,0 -117.099839,34.3495156,0 -117.0996357,34.3495158,0 -117.0991191,34.3492048,0 -117.0987123,34.3490495,0 -117.0983683,34.3491276,0 -117.0978055,34.3493616,0 -117.097446,34.3496343,0 -117.0968051,34.3499332,0 -117.0965394,34.350115,0 -117.0963989,34.3503746,0 -117.0961802,34.3506212,0 -117.0953828,34.3508424,0 -117.0951944,34.3512455,0 -117.0948049,34.3516083,0 -117.0943832,34.3521924,0 -117.0939299,34.3524651,0 -117.0935549,34.3528027,0 -117.0932893,34.3531143,0 -117.0932271,34.3533997,0 -117.0932587,34.35375,0 -117.0929468,34.3545545,0 -117.0932289,34.3550603,0 -117.0929324,34.3557221,0 -117.0920112,34.3572276,0 -117.0916206,34.357656,0 -117.0911047,34.3579937,0 -117.0906825,34.3581108,0 -117.0900411,34.3580594,0 -117.0891021,34.357632,0 -117.0878975,34.3575939,0 -117.0876784,34.3574903,0 -117.0872241,34.356829,0 -117.0871927,34.3566993,0 -117.0857057,34.3557403,0 -117.0855802,34.3554161,0 -117.0852356,34.3549493,0 -117.0849227,34.3548717,0 -117.0842501,34.354963,0 -117.0839374,34.3550929,0 -117.0831247,34.355794,0 -117.0827495,34.3559499,0 -117.0820768,34.3558855,0 -117.0817482,34.3557949,0 -117.0812789,34.3557434,0 -117.0781818,34.3558881,0 -117.0775404,34.3558366,0 -117.0766954,34.3554609,0 -117.0759285,34.3550592,0 -117.0753966,34.3549169,0 -117.074896,34.3548912,0 -117.0743953,34.3547618,0 -117.0733948,34.35545,0 -117.0726915,34.3561509,0 -117.0715501,34.3566965,0 -117.0708932,34.3568006,0 -117.0675141,34.3564393,0 -117.0652301,34.3561292,0 -117.0631335,34.3554557,0 -117.0615535,34.3552749,0 -117.0589724,34.3551205,0 -117.0563445,34.3551736,0 -117.0554686,34.3553037,0 -117.0535451,34.356083,0 -117.0519185,34.3563561,0 -117.0513266,34.3563752,0 -117.0506574,34.3566911,0 -117.0499791,34.3569147,0 -117.0487748,34.3571487,0 -117.0471948,34.3570066,0 -117.046522,34.3568383,0 -117.0455521,34.3567219,0 -117.0445824,34.356852,0 -117.0440973,34.3565278,0 -117.043581,34.3564242,0 -117.0428146,34.3564893,0 -117.0424393,34.3566762,0 -117.0419233,34.357268,0 -117.0414541,34.3574498,0 -117.0409379,34.3573203,0 -117.0401403,34.3576708,0 -117.0396085,34.3578007,0 -117.0384509,34.357827,0 -117.0377158,34.3579959,0 -117.0369338,34.3582685,0 -117.0359016,34.3588397,0 -117.035104,34.3594496,0 -117.0338527,34.3598521,0 -117.0334148,34.3600728,0 -117.0326171,34.3602546,0 -117.0322887,34.3604753,0 -117.0314911,34.36115,0 -117.0305216,34.362266,0 -117.0300058,34.3634207,0 -117.0298547,34.3635413,0 -117.0287541,34.362954,0 -117.0283317,34.3627984,0 -117.0281126,34.3625519,0 -117.0275493,34.362085,0 -117.0269714,34.3619705,0 -117.0260631,34.3620205,0 -117.0259067,34.3619687,0 -117.0257032,34.3617871,0 -117.0251395,34.3615995,0 -117.024669,34.3613223,0 -117.0238554,34.3610339,0 -117.0235114,34.3607182,0 -117.0236601,34.3601569,0 -117.0239946,34.3593722,0 -117.0233291,34.3589147,0 -117.0227718,34.3579138,0 -117.0223979,34.3575057,0 -117.0217286,34.3570268,0 -117.0217128,34.3566765,0 -117.0218222,34.3563781,0 -117.0218206,34.3558442,0 -117.0217316,34.3557211,0 -117.0204298,34.3551978,0 -117.0202264,34.3550163,0 -117.0199291,34.3546401,0 -117.0198508,34.3541082,0 -117.0199289,34.3538358,0 -117.0198833,34.3536845,0 -117.0193061,34.3530055,0 -117.018887,34.3527449,0 -117.0186076,34.3522236,0 -117.0176994,34.3513983,0 -117.0166692,34.3507323,0 -117.0157263,34.3506166,0 -117.0153771,34.3506167,0 -117.0151152,34.3504574,0 -117.0148704,34.3487631,0 -117.0147055,34.3484164,0 -117.0147255,34.3478956,0 -117.0149808,34.347032,0 -117.0150402,34.3464617,0 -117.0146158,34.3461843,0 -117.0144016,34.3457989,0 -117.014198,34.3451293,0 -117.0143144,34.3444687,0 -117.0144991,34.3438284,0 -117.0148697,34.3431159,0 -117.0148133,34.3425928,0 -117.0148554,34.342471,0 -117.0145604,34.3424327,0 -117.0140269,34.3421307,0 -117.0137466,34.3420518,0 -117.013182,34.342,0 -117.0128748,34.3420451,0 -117.0121783,34.3420272,0 -117.0116224,34.3417431,0 -117.0107716,34.3411773,0 -117.0102694,34.3410375,0 -117.0086034,34.339739,0 -117.0082048,34.3393219,0 -117.0079167,34.33888,0 -117.0076643,34.3386389,0 -117.0073201,34.3385216,0 -117.0068424,34.3384721,0 -117.0061115,34.3382016,0 -117.0055268,34.3380956,0 -117.004989,34.3379175,0 -117.0045059,34.3379378,0 -117.0041468,34.3380641,0 -117.0036867,34.3379829,0 -117.0033277,34.3381092,0 -117.0026061,34.3391756,0 -117.0021022,34.3395228,0 -117.0014971,34.3396649,0 -117.000871,34.3396491,0 -117.0000898,34.3394259,0 -116.9994943,34.3393199,0 -116.9990644,34.3391509,0 -116.9983822,34.3391779,0 -116.9980364,34.3389637,0 -116.9974822,34.3384992,0 -116.9969352,34.3378296,0 -116.9964807,34.3376132,0 -116.9959949,34.3374891,0 -116.9952454,34.3374914,0 -116.993832,34.3374078,0 -116.9929215,34.3374552,0 -116.9928359,34.3370899,0 -116.9926124,34.3365173,0 -116.9921398,34.336055,0 -116.9913319,34.3358069,0 -116.9904092,34.3357144,0 -116.9893152,34.3358227,0 -116.9876767,34.3359148,0 -116.9863765,34.3356261,0 -116.9855041,34.3352923,0 -116.9849661,34.335166,0 -116.9844335,34.3345686,0 -116.9828279,34.3335503,0 -116.9824311,34.3332197,0 -116.9806742,34.3311889,0 -116.9801259,34.3310155,0 -116.9797995,34.331232,0 -116.9785589,34.3324124,0 -116.9779974,34.3326289,0 -116.9768355,34.3325204,0 -116.9763525,34.3323253,0 -116.9750994,34.3315344,0 -116.9744729,34.3308736,0 -116.9741859,34.3302995,0 -116.9737291,34.3298554,0 -116.9733615,34.3295729,0 -116.9727893,34.3293461,0 -116.972489,34.3292811,0 -116.9721104,34.3294001,0 -116.9717839,34.3297358,0 -116.9715226,34.3302015,0 -116.9713659,34.3303098,0 -116.9710395,34.3303205,0 -116.970713,34.3306237,0 -116.9701907,34.330981,0 -116.9694596,34.3309916,0 -116.969081,34.3308291,0 -116.967802,34.3297565,0 -116.9669145,34.3292364,0 -116.9649957,34.3284019,0 -116.9647216,34.3283693,0 -116.9642385,34.3284667,0 -116.9634681,34.3288563,0 -116.9629459,34.328867,0 -116.962489,34.3288019,0 -116.9621495,34.3286393,0 -116.9612622,34.3278917,0 -116.9595133,34.3268623,0 -116.9590827,34.3263964,0 -116.9589264,34.3257357,0 -116.9586786,34.3253349,0 -116.9585219,34.3253456,0 -116.9577644,34.3259302,0 -116.9570463,34.3262766,0 -116.9568112,34.3264389,0 -116.9570329,34.3268939,0 -116.9569544,34.3271213,0 -116.9567716,34.3273162,0 -116.9551394,34.3279113,0 -116.9543036,34.32842,0 -116.9541337,34.3288315,0 -116.9541595,34.3293081,0 -116.9540679,34.3296546,0 -116.9538067,34.329882,0 -116.9528894,34.3301345,0 -116.9521812,34.3299471,0 -116.9513604,34.3300392,0 -116.9503629,34.3302936,0 -116.949696,34.3301941,0 -116.9489286,34.3296098,0 -116.948298,34.3289375,0 -116.947293,34.3284714,0 -116.9468362,34.3283304,0 -116.9460007,34.328265,0 -116.9457396,34.3281999,0 -116.9440039,34.3273435,0 -116.9416288,34.3260861,0 -116.9405979,34.3253816,0 -116.9396458,34.3242547,0 -116.9391892,34.3238321,0 -116.9389021,34.3236912,0 -116.9385791,34.3237051,0 -116.9382362,34.3238208,0 -116.9375834,34.3239288,0 -116.9366566,34.3238958,0 -116.9343709,34.323211,0 -116.9333896,34.3232286,0 -116.9324591,34.3233408,0 -116.9317376,34.3236831,0 -116.9309419,34.3238179,0 -116.9300333,34.3240654,0 -116.9290885,34.3245383,0 -116.9280505,34.3249615,0 -116.9274518,34.3242443,0 -116.9270876,34.3240746,0 -116.9267221,34.3239986,0 -116.9258295,34.3240176,0 -116.9251034,34.3239326,0 -116.9239266,34.3240815,0 -116.9230538,34.324083,0 -116.92261,34.323996,0 -116.9220619,34.3238224,0 -116.9214614,34.3237895,0 -116.9194901,34.3239182,0 -116.918524,34.3239392,0 -116.9180539,34.3241664,0 -116.9175966,34.3245126,0 -116.9170219,34.3248155,0 -116.91663,34.3250968,0 -116.9161076,34.3253239,0 -116.915494,34.3253668,0 -116.9150502,34.3253015,0 -116.9145282,34.3251171,0 -116.914176,34.3249002,0 -116.9134718,34.3241632,0 -116.9133412,34.3241415,0 -116.9125838,34.324455,0 -116.9114343,34.3251473,0 -116.9108986,34.3255694,0 -116.9101541,34.3259371,0 -116.9095791,34.3264673,0 -116.9092819,34.3266109,0 -116.9088559,34.3269844,0 -116.9081542,34.3281883,0 -116.9069388,34.329368,0 -116.9067556,34.3297469,0 -116.9063809,34.3302315,0 -116.9058545,34.330082,0 -116.9051075,34.3297546,0 -116.9046019,34.329442,0 -116.9039889,34.3288891,0 -116.9037018,34.3287806,0 -116.9034407,34.3287696,0 -116.9032552,34.3286668,0 -116.90318,34.3284661,0 -116.9030364,34.3284118,0 -116.9027491,34.3285199,0 -116.9025141,34.3285197,0 -116.9016789,34.3282483,0 -116.9013658,34.3280531,0 -116.901066,34.3276846,0 -116.9009246,34.3271813,0 -116.9006744,34.3270723,0 -116.8998527,34.3270013,0 -116.8994612,34.3268927,0 -116.8986,34.3264696,0 -116.8973346,34.3257212,0 -116.896082,34.3252544,0 -116.8952706,34.3251881,0 -116.8944506,34.3249281,0 -116.8940854,34.3246354,0 -116.8938377,34.3243644,0 -116.8936424,34.3239851,0 -116.8935514,34.323671,0 -116.8932778,34.32327,0 -116.8927952,34.3228905,0 -116.890464,34.3215405,0 -116.8902316,34.3211194,0 -116.8892418,34.3201931,0 -116.8887909,34.3198436,0 -116.8887591,34.3196852,0 -116.8889266,34.3193495,0 -116.8891889,34.3190836,0 -116.8896459,34.3188704,0 -116.8898775,34.3188133,0 -116.8910356,34.3189091,0 -116.8915972,34.3186577,0 -116.892027,34.3183258,0 -116.8925316,34.3178096,0 -116.8933218,34.3174921,0 -116.8938259,34.3172225,0 -116.8941185,34.3168571,0 -116.8945986,34.3164687,0 -116.8949158,34.3162846,0 -116.8954064,34.3161213,0 -116.8973633,34.3160942,0 -116.897736,34.3159758,0 -116.8979642,34.3157298,0 -116.8981881,34.3153136,0 -116.8982013,34.3149793,0 -116.8981056,34.3144603,0 -116.8978538,34.3139717,0 -116.8978566,34.3133997,0 -116.897928,34.3130744,0 -116.8983427,34.3123791,0 -116.8985869,34.3120806,0 -116.8988237,34.3114768,0 -116.8985763,34.3103861,0 -116.8984944,34.3095167,0 -116.8985142,34.307542,0 -116.8987947,34.3048517,0 -116.8990163,34.3046329,0 -116.8995416,34.3035873,0 -116.8999018,34.303215,0 -116.9006326,34.3029264,0 -116.9018163,34.3028621,0 -116.9022874,34.3026983,0 -116.9027693,34.3022617,0 -116.9038889,34.300381,0 -116.9042084,34.299369,0 -116.9039854,34.2984245,0 -116.9035227,34.297882,0 -116.9018814,34.2966324,0 -116.9015333,34.2960316,0 -116.90102,34.2955578,0 -116.8998937,34.2946601,0 -116.8996195,34.2942512,0 -116.8996331,34.2940325,0 -116.9000087,34.2932179,0 -116.8997669,34.2920335,0 -116.8988863,34.2912443,0 -116.8986681,34.2908851,0 -116.8986744,34.2907246,0 -116.8988633,34.2903779,0 -116.899121,34.2896273,0 -116.8993528,34.2888068,0 -116.8994491,34.2881801,0 -116.8994501,34.2869874,0 -116.8996006,34.2860654,0 -116.8997074,34.2845165,0 -116.899412,34.2830126,0 -116.8999609,34.2822563,0 -116.9002816,34.2819759,0 -116.9006709,34.2819222,0 -116.9021567,34.2820429,0 -116.9030692,34.2819712,0 -116.9044595,34.2820571,0 -116.9050453,34.2819284,0 -116.905713,34.2816896,0 -116.9070392,34.2814364,0 -116.9076005,34.2814356,0 -116.9083702,34.2815528,0 -116.9090476,34.281555,0 -116.9096065,34.2816183,0 -116.9098709,34.2817861,0 -116.9099917,34.2821587,0 -116.9101517,34.2830142,0 -116.9103623,34.2835658,0 -116.9105843,34.2838288,0 -116.9109235,34.2840628,0 -116.9116303,34.2842259,0 -116.9123006,34.2844854,0 -116.9139279,34.284947,0 -116.914974,34.284927,0 -116.9153883,34.2847294,0 -116.9156773,34.2842715,0 -116.9158569,34.2841319,0 -116.9163796,34.2841299,0 -116.9168894,34.2839671,0 -116.917207,34.2837669,0 -116.9176378,34.2833081,0 -116.9179862,34.2831455,0 -116.9185457,34.2831927,0 -116.9195729,34.283654,0 -116.9199771,34.2837131,0 -116.9204543,34.2838866,0 -116.9207637,34.2838949,0 -116.921146,34.2840177,0 -116.921437,34.2845228,0 -116.9217538,34.2846451,0 -116.9224955,34.2847759,0 -116.9232139,34.284796,0 -116.9237958,34.2849944,0 -116.9248948,34.2858691,0 -116.9252745,34.2860559,0 -116.9263054,34.2862332,0 -116.9269974,34.2865519,0 -116.9276,34.2869857,0 -116.9283235,34.2872942,0 -116.9293344,34.2878204,0 -116.9310382,34.2881702,0 -116.9313825,34.2882758,0 -116.9320078,34.2887437,0 -116.9326144,34.2889512,0 -116.9340423,34.2890698,0 -116.9354236,34.2893769,0 -116.937636,34.29074,0 -116.9383471,34.2913693,0 -116.9389791,34.2920447,0 -116.9395544,34.2920919,0 -116.9402499,34.2922232,0 -116.9406965,34.2921869,0 -116.9414626,34.2924002,0 -116.9420035,34.2924307,0 -116.9427252,34.2922895,0 -116.9430796,34.2921384,0 -116.9436499,34.2917874,0 -116.9442502,34.2911098,0 -116.9447219,34.2909297,0 -116.9450712,34.2909069,0 -116.9453974,34.2909799,0 -116.9455815,34.2912257,0 -116.9456813,34.2916459,0 -116.9460388,34.2919567,0 -116.9469315,34.2923538,0 -116.9478093,34.2926823,0 -116.9481954,34.2927087,0 -116.94907,34.2926197,0 -116.9499116,34.2923851,0 -116.9510888,34.2924809,0 -116.9521882,34.2930883,0 -116.9527359,34.2934402,0 -116.9529792,34.2936555,0 -116.9533074,34.2936802,0 -116.9546985,34.2932516,0 -116.9552936,34.2928821,0 -116.955656,34.2925224,0 -116.9560702,34.2923247,0 -116.9567184,34.2920851,0 -116.9575949,34.2919477,0 -116.9580197,34.2919751,0 -116.9583559,34.2922892,0 -116.9584971,34.2926462,0 -116.9587572,34.2929261,0 -116.9592557,34.2930519,0 -116.9598371,34.2930352,0 -116.960675,34.2928969,0 -116.9610985,34.2929564,0 -116.9637671,34.294039,0 -116.9646008,34.2942057,0 -116.9650288,34.2941528,0 -116.9653088,34.2939194,0 -116.9654934,34.2936513,0 -116.9658714,34.2933884,0 -116.9663218,34.2932557,0 -116.967353,34.2931226,0 -116.9677517,34.2933258,0 -116.9681347,34.2934324,0 -116.9694916,34.293388,0 -116.9698131,34.2931992,0 -116.9700499,34.2929693,0 -116.9704127,34.2924274,0 -116.9705529,34.291971,0 -116.9705574,34.2913448,0 -116.9704147,34.2910359,0 -116.9696184,34.2900994,0 -116.9684116,34.2892645,0 -116.9681346,34.2889199,0 -116.9677462,34.287946,0 -116.9672701,34.2872428,0 -116.9668975,34.2868636,0 -116.9669068,34.286623,0 -116.967198,34.2861008,0 -116.9678959,34.2855733,0 -116.9694967,34.2842187,0 -116.9718453,34.282911,0 -116.9725296,34.2828698,0 -116.9731248,34.2829981,0 -116.9737036,34.2830455,0 -116.9743167,34.2827084,0 -116.9749367,34.2826927,0 -116.9759353,34.282398,0 -116.9764339,34.2815119,0 -116.9766836,34.280555,0 -116.9768705,34.2802228,0 -116.9768261,34.2798683,0 -116.9769125,34.2791318,0 -116.976802,34.2789844,0 -116.9760103,34.2784335,0 -116.9759772,34.278288,0 -116.9761157,34.2781497,0 -116.976453,34.2779955,0 -116.9766151,34.2778071,0 -116.9769655,34.2767261,0 -116.9770132,34.2760468,0 -116.977206,34.2755263,0 -116.9777839,34.275092,0 -116.9782177,34.2743808,0 -116.9787261,34.2742497,0 -116.9788885,34.2740695,0 -116.9788937,34.2739169,0 -116.9793276,34.2737036,0 -116.9800574,34.273538,0 -116.9804605,34.2729306,0 -116.9811134,34.2725624,0 -116.9815225,34.272493,0 -116.9822093,34.2727519,0 -116.9823833,34.2727565,0 -116.9829503,34.2715993,0 -116.9831473,34.2715081,0 -116.9835359,34.2714702,0 -116.9846725,34.2711768,0 -116.9850081,34.2709309,0 -116.9855372,34.2702544,0 -116.9858535,34.2699727,0 -116.9863652,34.2698587,0 -116.9868389,34.2695179,0 -116.9871342,34.2688833,0 -116.9874061,34.2688584,0 -116.9880199,34.269003,0 -116.9884833,34.2690314,0 -116.9886652,34.2688274,0 -116.9887717,34.2685733,0 -116.988889,34.2675325,0 -116.9894626,34.2672104,0 -116.9896783,34.2671358,0 -116.989763,34.2669453,0 -116.9896403,34.2666736,0 -116.9891021,34.2660126,0 -116.9886451,34.2653099,0 -116.9885783,34.2650351,0 -116.988693,34.26478,0 -116.9894059,34.2641416,0 -116.9897631,34.2639864,0 -116.9901563,34.2637069,0 -116.9905412,34.2636506,0 -116.9907144,34.2633249,0 -116.9906607,34.2627053,0 -116.9907178,34.262225,0 -116.9909725,34.2616376,0 -116.9915196,34.2609935,0 -116.9915748,34.2605614,0 -116.9915684,34.2599012,0 -116.9918587,34.2597177,0 -116.9928232,34.2592935,0 -116.9937796,34.2586974,0 -116.9943852,34.2584192,0 -116.9948398,34.2580819,0 -116.9952284,34.2576694,0 -116.9959844,34.2570802,0 -116.9964826,34.2569232,0 -116.9972259,34.2570005,0 -116.9976513,34.2569275,0 -116.9978839,34.2567819,0 -116.9982077,34.2567142,0 -116.9991167,34.2566413,0 -117.0006763,34.2563371,0 -117.0013658,34.2559699,0 -117.0019985,34.2557751,0 -117.0028843,34.2556254,0 -117.0034403,34.2556208,0 -117.0042211,34.255795,0 -117.0046303,34.255998,0 -117.0049583,34.2565063,0 -117.0050579,34.2569318,0 -117.0056044,34.2571768,0 -117.0066009,34.2571828,0 -117.0072386,34.2568352,0 -117.0076609,34.2566925,0 -117.0082394,34.2567077,0 -117.0088387,34.2567811,0 -117.0097881,34.2567867,0 -117.0107657,34.2566585,0 -117.0113507,34.2565008,0 -117.0118626,34.2564374,0 -117.0127881,34.2564616,0 -117.0130911,34.2564118,0 -117.0134815,34.2564989,0 -117.0137989,34.2566802,0 -117.0142609,34.2567115,0 -117.0149145,34.2565748,0 -117.0153622,34.2563751,0 -117.0157496,34.2561738,0 -117.0160657,34.2557784,0 -117.0162761,34.2557262,0 -117.017245,34.2558284,0 -117.0176651,34.2557433,0 -117.0188667,34.2558131,0 -117.0193497,34.2559026,0 -117.0201038,34.2561722,0 -117.0205361,34.2563757,0 -117.0222153,34.2559784,0 -117.0223619,34.2558659,0 -117.0229675,34.2551518,0 -117.023255,34.2549089,0 -117.0241473,34.2545862,0 -117.0247641,34.2541986,0 -117.0259839,34.2537883,0 -117.0266838,34.2536527,0 -117.0273223,34.2533042,0 -117.0277084,34.2528913,0 -117.0279687,34.252753,0 -117.0282105,34.2521583,0 -117.0285861,34.2517501,0 -117.0294432,34.2511366,0 -117.0292096,34.2509767,0 -117.0290409,34.2507602,0 -117.0287555,34.2498742,0 -117.0291965,34.2492586,0 -117.0300687,34.2485527,0 -117.0303536,34.2484623,0 -117.0312395,34.2483968,0 -117.0315595,34.2482164,0 -117.0319565,34.2476662,0 -117.0326141,34.2475285,0 -117.0329127,34.2473661,0 -117.0333378,34.2472328,0 -117.0335846,34.2469125,0 -117.0336042,34.246394,0 -117.0335515,34.2459515,0 -117.0333085,34.2456367,0 -117.0332283,34.2453079,0 -117.033286,34.2450199,0 -117.0335334,34.2445854,0 -117.0340204,34.2442475,0 -117.0347125,34.2440202,0 -117.0349766,34.2440015,0 -117.0349988,34.2437969,0 -117.0348567,34.2434764,0 -117.0349035,34.2431561,0 -117.0348643,34.2424479,0 -117.0345362,34.2413246,0 -117.0345499,34.2409605,0 -117.0344877,34.2407659,0 -117.0342434,34.2404904,0 -117.0338177,34.2394991,0 -117.033566,34.2392244,0 -117.0330486,34.2384026,0 -117.0325492,34.2380636,0 -117.0308077,34.2370373,0 -117.030301,34.2369665,0 -117.0292543,34.237093,0 -117.0284917,34.2370539,0 -117.0283363,34.2368769,0 -117.0285908,34.2362684,0 -117.0286794,34.235722,0 -117.0285045,34.2353318,0 -117.0279905,34.2348247,0 -117.0277502,34.2344798,0 -117.0274769,34.2338621,0 -117.0271269,34.2334811,0 -117.0265872,34.2332333,0 -117.0261797,34.2328726,0 -117.0242495,34.2315766,0 -117.0232393,34.2308334,0 -117.0228122,34.2304955,0 -117.022237,34.2297885,0 -117.0221692,34.2291331,0 -117.0223716,34.2278478,0 -117.0223711,34.2274661,0 -117.021858,34.226953,0 -117.0211996,34.226609,0 -117.0206425,34.226037,0 -117.0205653,34.2256313,0 -117.0207648,34.2252521,0 -117.0212853,34.2249581,0 -117.022126,34.2241535,0 -117.0224031,34.2240601,0 -117.022522,34.224087,0 -117.0231233,34.2247178,0 -117.0235547,34.2249405,0 -117.0239045,34.2248727,0 -117.0250655,34.2239106,0 -117.0265988,34.2230964,0 -117.0274124,34.223351,0 -117.0281396,34.2232246,0 -117.0287186,34.2228051,0 -117.0296142,34.2220428,0 -117.030554,34.2217247,0 -117.031122,34.2212173,0 -117.0316136,34.2209714,0 -117.0322582,34.2210163,0 -117.0325557,34.2207885,0 -117.0327597,34.2200286,0 -117.0327491,34.2191652,0 -117.0333325,34.2188064,0 -117.0340384,34.2185921,0 -117.035163,34.2170857,0 -117.0355135,34.2168218,0 -117.0358073,34.2162603,0 -117.0360583,34.2153156,0 -117.0359268,34.2149795,0 -117.0362207,34.214567,0 -117.036298,34.2142806,0 -117.0362432,34.2139604,0 -117.0359483,34.2136178,0 -117.0349347,34.2129153,0 -117.0346919,34.2126015,0 -117.034783,34.2120272,0 -117.0347346,34.2114685,0 -117.0348878,34.211088,0 -117.0352773,34.2105791,0 -117.0354115,34.2102969,0 -117.0357716,34.2091311,0 -117.0361813,34.2086996,0 -117.0364429,34.2085142,0 -117.0364472,34.208399,0 -117.0350591,34.2083821,0 -117.0346515,34.2081409,0 -117.0344599,34.2079186,0 -117.03464,34.2072179,0 -117.0344782,34.2065986,0 -117.0343466,34.2064029,0 -117.0341667,34.2062637,0 -117.0340179,34.2059138,0 -117.0341227,34.2055898,0 -117.0346769,34.2050083,0 -117.0349582,34.2048318,0 -117.0354761,34.204683,0 -117.0359262,34.2044064,0 -117.0363209,34.203898,0 -117.0370776,34.2032484,0 -117.037526,34.2031084,0 -117.037841,34.2029258,0 -117.0382534,34.2028467,0 -117.0389626,34.2025106,0 -117.039386,34.2020798,0 -117.0395743,34.2015476,0 -117.0404066,34.2010807,0 -117.0410865,34.2009113,0 -117.0415065,34.200945,0 -117.0422441,34.2007306,0 -117.0425924,34.2004374,0 -117.0430079,34.1998419,0 -117.043646,34.1994292,0 -117.0450903,34.1989619,0 -117.0464105,34.1982039,0 -117.0470759,34.1981901,0 -117.0472822,34.1983501,0 -117.0479093,34.1982889,0 -117.0484665,34.1976507,0 -117.048769,34.1971281,0 -117.0493058,34.1968434,0 -117.0499839,34.1970663,0 -117.0503238,34.1971314,0 -117.0513791,34.1970972,0 -117.0518342,34.1969437,0 -117.052301,34.1964677,0 -117.0529154,34.1961788,0 -117.053851,34.1963544,0 -117.054348,34.1966968,0 -117.0552816,34.1967956,0 -117.0555637,34.1966918,0 -117.0563902,34.1971085,0 -117.0574758,34.1969457,0 -117.058518,34.196864,0 -117.0588697,34.1966948,0 -117.0597551,34.1968454,0 -117.0602352,34.196764,0 -117.0611724,34.1962698,0 -117.0614873,34.1960577,0 -117.061883,34.1962469,0 -117.0625141,34.1966366,0 -117.0630143,34.1967897,0 -117.0640706,34.1975061,0 -117.0645279,34.1975983,0 -117.064907,34.1977988,0 -117.0651638,34.1978708,0 -117.065402,34.1978218,0 -117.0658001,34.1975632,0 -117.0672459,34.1969909,0 -117.0676811,34.1968946,0 -117.0680111,34.1967237,0 -117.0683903,34.1963929,0 -117.0686057,34.1962817,0 -117.0691434,34.1961777,0 -117.0696779,34.1961458,0 -117.0703363,34.1962537,0 -117.0717328,34.1967578,0 -117.0728217,34.1965047,0 -117.073356,34.196146,0 -117.0739727,34.1958502,0 -117.0745303,34.1958791,0 -117.0750033,34.1961111,0 -117.0750522,34.1965237,0 -117.0756509,34.1968392,0 -117.075982,34.1972241,0 -117.0761929,34.1973549,0 -117.0764294,34.1973789,0 -117.0769104,34.197212,0 -117.0769837,34.1969808,0 -117.0773251,34.1965056,0 -117.0786217,34.1958756,0 -117.0789713,34.1957591,0 -117.079698,34.1956219,0 -117.0798463,34.1954409,0 -117.0802355,34.1936762,0 -117.0804783,34.1929475,0 -117.0808046,34.1922926,0 -117.0809616,34.1921353,0 -117.0812641,34.1921251,0 -117.0816704,34.1922251,0 -117.0820709,34.1923954,0 -117.0826598,34.1928957,0 -117.0831281,34.193069,0 -117.0840963,34.1931475,0 -117.084845,34.193328,0 -117.0853099,34.1935909,0 -117.0859356,34.1941805,0 -117.0865626,34.1943349,0 -117.0870469,34.1946438,0 -117.0884532,34.195218,0 -117.0886103,34.1953914,0 -117.0886865,34.195633,0 -117.088902,34.1959294,0 -117.0891045,34.1960376,0 -117.0897292,34.1962132,0 -117.0899914,34.1965742,0 -117.0901355,34.1970457,0 -117.0902691,34.1972388,0 -117.0908785,34.1974934,0 -117.0910131,34.1977479,0 -117.0913031,34.1980781,0 -117.0921543,34.1986078,0 -117.0926638,34.1992305,0 -117.0927746,34.1998192,0 -117.0930797,34.200831,0 -117.0930704,34.2013139,0 -117.0928782,34.2023918,0 -117.0926207,34.2031265,0 -117.0926133,34.2041065,0 -117.0927818,34.2046129,0 -117.0933835,34.2050789,0 -117.0941118,34.2059205,0 -117.094312,34.2060505,0 -117.0947117,34.2057499,0 -117.0955212,34.2052684,0 -117.0958702,34.2051697,0 -117.0965069,34.2050783,0 -117.0973149,34.2050272,0 -117.0988138,34.2041926,0 -117.0996203,34.2041773,0 -117.1017033,34.20429,0 -117.1020022,34.2043812,0 -117.1028901,34.2048939,0 -117.1032213,34.2048904,0 -117.1035874,34.2045134,0 -117.1037323,34.2039111,0 -117.1039433,34.2036535,0 -117.1040893,34.2035974,0 -117.1044005,34.2036766,0 -117.1050483,34.2037413,0 -117.1062201,34.2035798,0 -117.1069077,34.2036689,0 -117.1071852,34.2039509,0 -117.1073468,34.2042539,0 -117.1077248,34.2053274,0 -117.1077373,34.20577,0 -117.1079029,34.2059655,0 -117.1088745,34.2066403,0 -117.1101749,34.2086529,0 -117.1105975,34.2089027,0 -117.1111157,34.2089039,0 -117.1116121,34.2087132,0 -117.1122811,34.2081325,0 -117.1127309,34.2080362,0 -117.1132625,34.2080617,0 -117.1138896,34.2082329,0 -117.1143126,34.2088652,0 -117.114843,34.2091988,0 -117.1151619,34.2092573,0 -117.1156369,34.2092573,0 -117.1159903,34.2094336,0 -117.1159711,34.2099591,0 -117.1157823,34.2103967,0 -117.1158066,34.2117003,0 -117.1156731,34.2121989,0 -117.115798,34.2135051,0 -117.1160046,34.2137613,0 -117.1163728,34.2139261,0 -117.1175377,34.2139555,0 -117.118541,34.2140765,0 -117.11889,34.2143722,0 -117.1188664,34.2150171,0 -117.1192878,34.2160916,0 -117.1194481,34.2168249,0 -117.1196241,34.2171282,0 -117.119835,34.217265,0 -117.1201501,34.2173088,0 -117.1207024,34.2171673,0 -117.1223333,34.2166586,0 -117.1231819,34.2162855,0 -117.1236303,34.2158306,0 -117.1245813,34.2146233,0 -117.1251941,34.2143997,0 -117.1259795,34.2141804,0 -117.1266833,34.214097,0 -117.1268563,34.2145507,0 -117.1272196,34.2149638,0 -117.1278234,34.2154503,0 -117.1280787,34.2158607,0 -117.1279985,34.2165768,0 -117.127722,34.21749,0 -117.1279953,34.2181477,0 -117.1284699,34.2184738,0 -117.1289264,34.2185526,0 -117.1292652,34.2188978,0 -117.1295598,34.2197131,0 -117.129649,34.2202315,0 -117.129632,34.2205399,0 -117.129289,34.2212099,0 -117.1292841,34.222085,0 -117.1290321,34.2223255,0 -117.1288374,34.2226051,0 -117.1289904,34.2227284,0 -117.1292039,34.2228011,0 -117.1296343,34.2228568,0 -117.1299502,34.2230892,0 -117.1302333,34.2234778,0 -117.130789,34.223806,0 -117.1311163,34.2237244,0 -117.131847,34.2236979,0 -117.1330283,34.2246589,0 -117.133467,34.225231,0 -117.1343271,34.2261054,0 -117.1343083,34.2266211,0 -117.134202,34.2273141,0 -117.1338632,34.2277096,0 -117.1332528,34.2281431,0 -117.1330245,34.228474,0 -117.1329615,34.2287192,0 -117.1331727,34.2288592,0 -117.1344616,34.2290935,0 -117.1346686,34.2293456,0 -117.1348839,34.230114,0 -117.1353922,34.231002,0 -117.1359562,34.2318465,0 -117.136331,34.2319457,0 -117.1371298,34.2322799,0 -117.1377755,34.2323634,0 -117.1386537,34.2327445,0 -117.1391783,34.233184,0 -117.1393568,34.2334802,0 -117.1391851,34.2344858,0 -117.1395362,34.2344946,0 -117.1400706,34.2346651,0 -117.140666,34.2346538,0 -117.1409368,34.2344848,0 -117.1411592,34.2335703,0 -117.1413629,34.2331714,0 -117.1430494,34.2321364,0 -117.1435412,34.2319917,0 -117.1438637,34.2320446,0 -117.1456463,34.2328298,0 -117.1464009,34.2328935,0 -117.1468035,34.2329709,0 -117.1471408,34.2333609,0 -117.1477301,34.2335102,0 -117.1483234,34.2335475,0 -117.1485693,34.2336084,0 -117.1486648,34.2338253,0 -117.1486812,34.2341175,0 -117.1489448,34.2343036,0 -117.1492394,34.2343783,0 -117.1508844,34.2344867,0 -117.1515793,34.234706,0 -117.1523077,34.2347466,0 -117.1528887,34.2348493,0 -117.1547329,34.2348968,0 -117.1549029,34.234744,0 -117.155163,34.2342792,0 -117.155577,34.2340427,0 -117.1563062,34.2340608,0 -117.1569749,34.234257,0 -117.1573039,34.2341306,0 -117.1574462,34.2339321,0 -117.1577514,34.2337153,0 -117.1581327,34.2336351,0 -117.159078,34.2336586,0 -117.1595879,34.233761,0 -117.1601707,34.2340897,0 -117.1603876,34.2340727,0 -117.1615332,34.233787,0 -117.1624914,34.2334518,0 -117.1635673,34.2328501,0 -117.1639189,34.2324756,0 -117.1643777,34.2321232,0 -117.1646876,34.2318162,0 -117.165158,34.2315788,0 -117.1656976,34.2312331,0 -117.1662718,34.2314127,0 -117.1669619,34.2313915,0 -117.167489,34.2312668,0 -117.1683068,34.2309906,0 -117.1690291,34.2308538,0 -117.1696724,34.2310044,0 -117.1697184,34.2312299,0 -117.1699183,34.2316837,0 -117.1703295,34.2322774,0 -117.171505,34.2328533,0 -117.1724796,34.234126,0 -117.1731518,34.2345281,0 -117.1730275,34.2347213,0 -117.1730224,34.2349756,0 -117.1741759,34.2350656,0 -117.1754021,34.2355448,0 -117.1764767,34.2363087,0 -117.1766623,34.2365859,0 -117.17693,34.2366598,0 -117.1771263,34.2364627,0 -117.1772734,34.2361297,0 -117.1777357,34.2357681,0 -117.1782666,34.2355708,0 -117.178826,34.235503,0 -117.1809168,34.2362197,0 -117.1816627,34.2364167,0 -117.182751,34.2363323,0 -117.1832706,34.2361656,0 -117.1850694,34.2349982,0 -117.1857748,34.2349258,0 -117.1860973,34.2349786,0 -117.1863896,34.2351205,0 -117.1868447,34.2352439,0 -117.1880585,34.2353187,0 -117.1888647,34.2354508,0 -117.1906899,34.2365729,0 -117.1909685,34.2370959,0 -117.1914141,34.2374883,0 -117.1922235,34.2375307,0 -117.1930752,34.2371477,0 -117.1934137,34.2367521,0 -117.1937038,34.2361982,0 -117.1937532,34.2355711,0 -117.1940147,34.2350613,0 -117.1943491,34.2347778,0 -117.1958085,34.2340282,0 -117.1966081,34.233533,0 -117.1968166,34.2334985,0 -117.1972152,34.2333393,0 -117.1978209,34.2327043,0 -117.1980275,34.2320267,0 -117.1981662,34.2319545,0 -117.1987558,34.2318815,0 -117.1995879,34.2316063,0 -117.199913,34.2316141,0 -117.2000392,34.2317065,0 -117.2001095,34.2320666,0 -117.2003005,34.2321672,0 -117.2009427,34.2322526,0 -117.2012545,34.2320647,0 -117.2033321,34.2314975,0 -117.2038404,34.2324075,0 -117.2041989,34.2326272,0 -117.2045493,34.2325838,0 -117.2053591,34.2323863,0 -117.2060247,34.2320515,0 -117.2065186,34.2319357,0 -117.20715,34.2316483,0 -117.2080115,34.2314754,0 -117.2098144,34.2310238,0 -117.2107673,34.230623,0 -117.2125234,34.2297317,0 -117.212998,34.2296693,0 -117.2136907,34.2299555,0 -117.2150911,34.2308649,0 -117.2158194,34.2309051,0 -117.2167694,34.2307936,0 -117.2171951,34.2306975,0 -117.2177147,34.2308167,0 -117.2179504,34.2307577,0 -117.2183342,34.2301136,0 -117.2185828,34.2299626,0 -117.2200633,34.2293703,0 -117.2211726,34.2289882,0 -117.2218741,34.2301413,0 -117.2222252,34.2311349,0 -117.2222428,34.2314799,0 -117.2224924,34.2319799,0 -117.2232807,34.2323686,0 -117.2239099,34.2330505,0 -117.2243761,34.233309,0 -117.2249426,34.2337566,0 -117.2268527,34.2333879,0 -117.2275746,34.2329446,0 -117.2283285,34.2323705,0 -117.2291533,34.2326102,0 -117.2301169,34.2330774,0 -117.2311754,34.2335129,0 -117.2318021,34.2335117,0 -117.2345933,34.2319109,0 -117.2350409,34.2320789,0 -117.2353798,34.2321345,0 -117.2356371,34.2321115,0 -117.2361518,34.232043,0 -117.2371532,34.2316247,0 -117.2373424,34.2314555,0 -117.2378014,34.2308807,0 -117.2382868,34.2300583,0 -117.2398292,34.2293014,0 -117.2406416,34.2291422,0 -117.2411421,34.2288712,0 -117.2419801,34.2281719,0 -117.2430234,34.2282261,0 -117.2438766,34.2281231,0 -117.2450153,34.2283684,0 -117.2458297,34.2288844,0 -117.2466837,34.229029,0 -117.2480381,34.228925,0 -117.2494435,34.2287037,0 -117.249856,34.228701,0 -117.2506721,34.228803,0 -117.2512302,34.2285848,0 -117.2517722,34.2282348,0 -117.2522096,34.2278495,0 -117.2524611,34.2278555,0 -117.2527752,34.227962,0 -117.2537382,34.228082,0 -117.2546303,34.2285537,0 -117.2558554,34.2289344,0 -117.2566757,34.2279948,0 -117.2573321,34.227732,0 -117.2599572,34.2279112,0 -117.2608874,34.2278619,0 -117.26186,34.2280264,0 -117.2623554,34.2278733,0 -117.2629595,34.227261,0 -117.2631909,34.2271694,0 -117.2633872,34.2271502,0 -117.2639261,34.2272731,0 -117.2643647,34.2272287,0 -117.2647408,34.2270724,0 -117.265271,34.2266644,0 -117.265753,34.2264424,0 -117.2661995,34.2264256,0 -117.2670945,34.2265861,0 -117.2687032,34.2272567,0 -117.2688708,34.227714,0 -117.2690114,34.228478,0 -117.2693701,34.2287207,0 -117.2696943,34.229101,0 -117.2704059,34.2297262,0 -117.2712912,34.2299611,0 -117.2728905,34.2305302,0 -117.2733693,34.231059,0 -117.2743044,34.2316881,0 -117.2751518,34.2315915,0 -117.2759666,34.2316348,0 -117.2775402,34.2325128,0 -117.2781827,34.2326467,0 -117.2790008,34.232992,0 -117.2796477,34.2330087,0 -117.2800582,34.2331023,0 -117.280888,34.2329427,0 -117.2819304,34.2328388,0 -117.2827705,34.2332111,0 -117.2836104,34.2334459,0 -117.2842115,34.2336768,0 -117.2842833,34.2340531,0 -117.2846126,34.2341899,0 -117.2851202,34.2342586,0 -117.2859227,34.2341666,0 -117.2864056,34.2342894,0 -117.2871663,34.2348513,0 -117.2875115,34.2350038,0 -117.2886028,34.2352764,0 -117.2892401,34.2355724,0 -117.289446,34.2361718,0 -117.2895821,34.2370755,0 -117.2897263,34.2374226,0 -117.2898077,34.2377468,0 -117.2898008,34.2379314,0 -117.2898639,34.2380208,0 -117.2899406,34.2380441,0 -117.2906388,34.2378302,0 -117.2932681,34.2376508,0 -117.2949707,34.237834,0 -117.2954688,34.2379888,0 -117.2957343,34.2379732,0 -117.2960599,34.2377499,0 -117.2967203,34.2374246,0 -117.2971646,34.2373692,0 -117.298671,34.2374818,0 -117.2991094,34.2374482,0 -117.2991978,34.2371863,0 -117.2991128,34.2366739,0 -117.2992184,34.2359251,0 -117.2993812,34.2357005,0 -117.2997342,34.2354559,0 -117.3002711,34.2352487,0 -117.3006046,34.2351795,0 -117.301012,34.2352772,0 -117.3014084,34.2353086,0 -117.3016094,34.2352363,0 -117.3021291,34.2349192,0 -117.3029335,34.2348812,0 -117.3039343,34.2351831,0 -117.3042639,34.235694,0 -117.3048103,34.2358866,0 -117.3054313,34.235991,0 -117.3063276,34.2360272,0 -117.306982,34.2357956,0 -117.30736,34.2355083,0 -117.3074275,34.235012,0 -117.3076305,34.2346756,0 -117.3089354,34.2340361,0 -117.3095441,34.2339628,0 -117.3099667,34.2341185,0 -117.3107605,34.2345866,0 -117.31113,34.2349462,0 -117.3114609,34.2355214,0 -117.3119934,34.2358395,0 -117.3129306,34.2361089,0 -117.3135477,34.2365164,0 -117.31398,34.2366865,0 -117.3145734,34.2367587,0 -117.3168743,34.2365957,0 -117.3174953,34.2366706,0 -117.3186307,34.2365049,0 -117.319448,34.2364379,0 -117.32023,34.2365779,0 -117.322221,34.2370985,0 -117.3234867,34.237735,0 -117.3241703,34.2380172,0 -117.3245997,34.2382746,0 -117.3250082,34.2386333,0 -117.3251759,34.2388555,0 -117.3252851,34.2392509,0 -117.3252767,34.239498,0 -117.3254308,34.2397235,0 -117.3257323,34.240018,0 -117.3268494,34.2406698,0 -117.3270038,34.2408551,0 -117.3270336,34.2409214,0 -117.326611,34.2414935,0 -117.3265873,34.2421913,0 -117.3266916,34.2427321,0 -117.3277851,34.2440817,0 -117.328966,34.2451278,0 -117.3298528,34.2460652,0 -117.3300251,34.2466658,0 -117.3301009,34.2470167,0 -117.3300711,34.2473797,0 -117.3297677,34.2480565,0 -117.3294366,34.2485144,0 -117.3289683,34.2488817,0 -117.3281088,34.2494145,0 -117.3278342,34.2497572,0 -117.3278234,34.250077,0 -117.3278655,34.2503836,0 -117.328214,34.2509592,0 -117.3288118,34.2524571,0 -117.3288283,34.25321,0 -117.3289246,34.2537838,0 -117.3289107,34.2541909,0 -117.3287684,34.2547695,0 -117.3287595,34.2550312,0 -117.3289548,34.2565053,0 -117.3291857,34.2569326,0 -117.3296663,34.2572349,0 -117.3314131,34.2574212,0 -117.3326216,34.2577924,0 -117.3333253,34.2579023,0 -117.3336756,34.2579105,0 -117.3342985,34.2576341,0 -117.3346067,34.2573357,0 -117.3349111,34.2566299,0 -117.3350829,34.2552651,0 -117.3360794,34.2542274,0 -117.3362679,34.253839,0 -117.3363868,34.2534344,0 -117.3367548,34.2529192,0 -117.3369469,34.2527596,0 -117.3373793,34.2525991,0 -117.3382633,34.2523725,0 -117.3387543,34.2523693,0 -117.3391421,34.2523057,0 -117.3393407,34.2521357,0 -117.3394561,34.2518328,0 -117.3396207,34.2516329,0 -117.3401234,34.2512809,0 -117.3405401,34.2508832,0 -117.3413945,34.2504957,0 -117.3415233,34.2502737,0 -117.3419591,34.2490394,0 -117.3421783,34.2482588,0 -117.3423944,34.2480893,0 -117.3433015,34.247703,0 -117.3436056,34.2475209,0 -117.3438662,34.2470702,0 -117.3441516,34.2469226,0 -117.3444853,34.2469013,0 -117.3447205,34.2466885,0 -117.3452354,34.245973,0 -117.345433,34.2458321,0 -117.3464863,34.2457838,0 -117.3468391,34.2457193,0 -117.3470902,34.2456024,0 -117.3474843,34.2452977,0 -117.3482657,34.2449958,0 -117.348547,34.2449733,0 -117.3491079,34.2450108,0 -117.349609,34.2451871,0 -117.3503651,34.2459088,0 -117.3516906,34.2463897,0 -117.3517603,34.2465135,0 -117.3513804,34.2470736,0 -117.3513434,34.2472933,0 -117.3514207,34.2475843,0 -117.352002,34.2485599,0 -117.3521114,34.2489553,0 -117.3522271,34.2491298,0 -117.3526723,34.2494775,0 -117.352823,34.2502084,0 -117.3529558,34.2504298,0 -117.3534354,34.250761,0 -117.3534217,34.2511681,0 -117.3537003,34.2522657,0 -117.3537333,34.2528484,0 -117.3538125,34.2530976,0 -117.3539176,34.2531,0 -117.3540432,34.2530156,0 -117.3542046,34.2526796,0 -117.3548388,34.2522921,0 -117.3552798,34.2516913,0 -117.3558224,34.2511946,0 -117.3561727,34.2512027,0 -117.3568685,34.2513643,0 -117.3582206,34.2512938,0 -117.359418,34.2511323,0 -117.3596067,34.2510428,0 -117.3597367,34.2510379,0 -117.3601528,34.2511784,0 -117.3608237,34.2510339,0 -117.3615122,34.2509407,0 -117.3616694,34.2509588,0 -117.3616834,34.251061,0 -117.3614567,34.2515505,0 -117.3611194,34.2527212,0 -117.3611699,34.2533043,0 -117.3613626,34.2538326,0 -117.3614584,34.2539685,0 -117.3620004,34.2544628,0 -117.3628739,34.2550938,0 -117.3629629,34.2555918,0 -117.3632657,34.2560081,0 -117.3648359,34.2574462,0 -117.3652339,34.2578893,0 -117.365879,34.2581647,0 -117.3666045,34.2582166,0 -117.3674092,34.2584938,0 -117.368225,34.258692,0 -117.3689308,34.2586921,0 -117.3692267,34.2587571,0 -117.3694496,34.2589077,0 -117.3700063,34.2595305,0 -117.3706423,34.2604628,0 -117.3711785,34.2608632,0 -117.3715532,34.2610076,0 -117.3722686,34.2611113,0 -117.3729168,34.2611263,0 -117.3736038,34.2609483,0 -117.3742378,34.2609329,0 -117.3748316,34.2610102,0 -117.3753931,34.2609941,0 -117.3763995,34.2607844,0 -117.37708,34.2604072,0 -117.3775364,34.2603886,0 -117.3781485,34.2604317,0 -117.3789115,34.2605695,0 -117.3793145,34.2606913,0 -117.3797798,34.2609348,0 -117.380083,34.2613055,0 -117.3805288,34.2616067,0 -117.3808977,34.2615861,0 -117.3816426,34.2613267,0 -117.3826796,34.2612487,0 -117.3829827,34.2610955,0 -117.383897,34.2604908,0 -117.3851113,34.2598203,0 -117.3863001,34.2593919,0 -117.386753,34.2589559,0 -117.3869413,34.2585674,0 -117.3871081,34.2580208,0 -117.3872945,34.2582148,0 -117.3876727,34.2583425,0 -117.3885122,34.258494,0 -117.3892019,34.2588404,0 -117.3895279,34.2590991,0 -117.389758,34.2593688,0 -117.3901176,34.2595754,0 -117.3913133,34.2600391,0 -117.3917978,34.2603259,0 -117.3933378,34.2614607,0 -117.3936665,34.2616402,0 -117.3952397,34.2619004,0 -117.3966058,34.2619056,0 -117.3974635,34.2619913,0 -117.3978302,34.2619864,0 -117.3984074,34.2618805,0 -117.3986772,34.2619131,0 -117.3996872,34.2622138,0 -117.401035,34.2624164,0 -117.401223,34.2625133,0 -117.4012038,34.2630947,0 -117.4016085,34.2641777,0 -117.4016963,34.2645871,0 -117.4017827,34.2658321,0 -117.4017584,34.2660941,0 -117.4022493,34.2666627,0 -117.4028993,34.2672461,0 -117.4032804,34.2677705,0 -117.4037597,34.2682178,0 -117.404573,34.2686859,0 -117.4054447,34.269314,0 -117.4055427,34.2698005,0 -117.4052076,34.2701219,0 -117.4050074,34.2703952,0 -117.4048184,34.2708139,0 -117.4046533,34.2709822,0 -117.4034912,34.2719079,0 -117.4032273,34.2721796,0 -117.4028252,34.2722894,0 -117.4026142,34.2724037,0 -117.402103,34.272921,0 -117.4020176,34.2731156,0 -117.40237,34.2735222,0 -117.4025201,34.2738033,0 -117.4026354,34.2741762,0 -117.4028164,34.2744845,0 -117.4031574,34.2757419,0 -117.4033828,34.276157,0 -117.4033684,34.276593,0 -117.4036771,34.2773803,0 -117.4040338,34.2776794,0 -117.4043161,34.2778181,0 -117.4048584,34.2778039,0 -117.4054711,34.277593,0 -117.4058546,34.2775621,0 -117.406317,34.2776936,0 -117.4078198,34.2783869,0 -117.4078796,34.2785073,0 -117.4079379,34.2794102,0 -117.408035,34.2795952,0 -117.4084753,34.2797771,0 -117.4091721,34.2799119,0 -117.4091364,34.2800301,0 -117.4088044,34.2804326,0 -117.4085976,34.2809039,0 -117.4082753,34.2821372,0 -117.4081381,34.2822687,0 -117.4078308,34.2824073,0 -117.407367,34.2824496,0 -117.407182,34.2832257,0 -117.4071698,34.2835957,0 -117.4067401,34.2840507,0 -117.4066862,34.2842459,0 -117.4062981,34.2848983,0 -117.4063496,34.2853103,0 -117.4068215,34.2859417,0 -117.4072217,34.2863739,0 -117.407494,34.2868164,0 -117.4074389,34.28704,0 -117.4070903,34.2874553,0 -117.4069683,34.2877699,0 -117.4069115,34.2890117,0 -117.4068205,34.2893534,0 -117.4065857,34.2897051,0 -117.4063293,34.2902283,0 -117.4062039,34.2906486,0 -117.4064719,34.2914096,0 -117.4068365,34.2915324,0 -117.4074654,34.29155,0 -117.4083442,34.2914906,0 -117.4092,34.2916423,0 -117.4097249,34.2916806,0 -117.4104807,34.2919623,0 -117.4119667,34.292829,0 -117.4128038,34.2935488,0 -117.4138027,34.2937632,0 -117.4141785,34.2939701,0 -117.4146925,34.2943388,0 -117.41587,34.294405,0 -117.4163264,34.2945873,0 -117.4169058,34.2949046,0 -117.4174427,34.2950621,0 -117.4177467,34.2950294,0 -117.418287,34.2950812,0 -117.4187868,34.2953966,0 -117.4189489,34.295797,0 -117.4188382,34.2962574,0 -117.4189821,34.2962474,0 -117.4192748,34.2960689,0 -117.4198235,34.2958697,0 -117.4208623,34.2957874,0 -117.4214561,34.2956686,0 -117.4222364,34.2956994,0 -117.4226905,34.2959476,0 -117.4230909,34.2963799,0 -117.4236725,34.296631,0 -117.4239274,34.2966367,0 -117.4251481,34.2963601,0 -117.4257966,34.2960309,0 -117.4264734,34.2958082,0 -117.4268239,34.2958161,0 -117.4270263,34.2959661,0 -117.4270172,34.2962436,0 -117.4268897,34.2967299,0 -117.4270067,34.29705,0 -117.4273128,34.2973721,0 -117.4278493,34.2976508,0 -117.4289313,34.2976751,0 -117.4297248,34.2977856,0 -117.4300378,34.2979645,0 -117.4304174,34.2985417,0 -117.4308376,34.2989545,0 -117.4326675,34.3005295,0 -117.432866,34.3007985,0 -117.4330381,34.3018735,0 -117.4329769,34.3022821,0 -117.4321992,34.3031505,0 -117.4316587,34.303588,0 -117.4314912,34.3038356,0 -117.4313888,34.3041514,0 -117.4314365,34.3045351,0 -117.4314179,34.3051033,0 -117.4316167,34.3063375,0 -117.4316016,34.3068001,0 -117.4313935,34.3078004,0 -117.4314029,34.3084882,0 -117.431558,34.3091973,0 -117.4317663,34.3095675,0 -117.4321138,34.3096679,0 -117.4324638,34.3096889,0 -117.4342969,34.3097103,0 -117.4350879,34.30986,0 -117.4353571,34.3099728,0 -117.4357403,34.3104303,0 -117.4359431,34.3105671,0 -117.4372699,34.3109539,0 -117.4383156,34.3111625,0 -117.4386252,34.3114471,0 -117.4388677,34.311836,0 -117.4388392,34.3122188,0 -117.4387702,34.312376,0 -117.4385089,34.3125685,0 -117.4383267,34.312776,0 -117.4383727,34.3133192,0 -117.4382828,34.3136345,0 -117.4380817,34.3139342,0 -117.437862,34.3141699,0 -117.4374611,34.3143831,0 -117.436895,34.3145965,0 -117.4366466,34.314907,0 -117.4362966,34.3157999,0 -117.4361186,34.3159398,0 -117.4356517,34.3160748,0 -117.435554,34.3176065,0 -117.4355716,34.3180433,0 -117.4357731,34.3182197,0 -117.4359949,34.3183049,0 -117.4358363,34.3184327,0 -117.4353828,34.3186473,0 -117.4350297,34.319208,0 -117.4343224,34.3198666,0 -117.433905,34.3200599,0 -117.4331277,34.3203157,0 -117.4328993,34.3204692,0 -117.4326146,34.3213753,0 -117.4323169,34.3216992,0 -117.431794,34.3220842,0 -117.4314084,34.3226573,0 -117.4310329,34.3229266,0 -117.4306315,34.3230102,0 -117.4304402,34.3230059,0 -117.4303079,34.3230629,0 -117.430022,34.3237879,0 -117.4290609,34.3247071,0 -117.4290544,34.3249053,0 -117.4296165,34.3267361,0 -117.4299095,34.327474,0 -117.4297404,34.3278232,0 -117.4294492,34.327949,0 -117.4288574,34.3280017,0 -117.4285485,34.3281799,0 -117.4282986,34.3285049,0 -117.4281228,34.3290034,0 -117.4274451,34.3297287,0 -117.4270707,34.3304475,0 -117.4268575,34.3306278,0 -117.4266846,34.3310339,0 -117.4262706,34.3315006,0 -117.4260013,34.3319309,0 -117.4259947,34.3326184,0 -117.4259016,34.3330262,0 -117.4251029,34.3335504,0 -117.4248629,34.3340607,0 -117.42407,34.3361323,0 -117.4240908,34.3366879,0 -117.4243595,34.3372494,0 -117.4249057,34.3376187,0 -117.4258387,34.3378645,0 -117.4273926,34.3381508,0 -117.4278198,34.3387422,0 -117.4279007,34.3391936,0 -117.4282333,34.3397564,0 -117.4282875,34.3400486,0 -117.4282627,34.3402449,0 -117.4279844,34.3406382,0 -117.4284129,34.3410577,0 -117.4286234,34.3414376,0 -117.4286665,34.3417143,0 -117.4286264,34.3420259,0 -117.4291715,34.3425604,0 -117.4298616,34.3429041,0 -117.4300928,34.343232,0 -117.4302622,34.3437159,0 -117.4302226,34.3441486,0 -117.4298919,34.3447381,0 -117.4298099,34.3450326,0 -117.4298123,34.3454998,0 -117.4301261,34.3456717,0 -117.4310666,34.3460145,0 -117.4314643,34.3462726,0 -117.4316745,34.3465833,0 -117.4316757,34.3468083,0 -117.4315105,34.3471376,0 -117.4309719,34.3478836,0 -117.4310162,34.3483852,0 -117.4313724,34.3486954,0 -117.4316025,34.3488157,0 -117.4323146,34.3493496,0 -117.4328805,34.3498494,0 -117.433696,34.3502099,0 -117.4339474,34.3504167,0 -117.4343676,34.3509862,0 -117.4347639,34.3509675,0 -117.4361039,34.3505274,0 -117.4372241,34.3500869,0 -117.4376735,34.3497624,0 -117.437992,34.3496823,0 -117.4387433,34.3497864,0 -117.4393391,34.3498143,0 -117.4409693,34.3493417,0 -117.4415948,34.348992,0 -117.4426162,34.3487829,0 -117.4430676,34.3485012,0 -117.443628,34.3480335,0 -117.443962,34.3479829,0 -117.4444176,34.3480077,0 -117.445912,34.348463,0 -117.4462993,34.3484279,0 -117.4472042,34.3481281,0 -117.4475028,34.3481203,0 -117.4477806,34.3482138,0 -117.4480034,34.3483787,0 -117.4485603,34.3485221,0 -117.4491428,34.3484187,0 -117.4498894,34.3481298,0 -117.4504545,34.3478308,0 -117.4510105,34.3473838,0 -117.4517247,34.3470069,0 -117.4523816,34.3467744,0 -117.4534016,34.3467098,0 -117.4539093,34.3467502,0 -117.4543113,34.3468027,0 -117.4549332,34.3471075,0 -117.4551962,34.3471134,0 -117.4560262,34.346559,0 -117.4563043,34.346498,0 -117.456528,34.3466339,0 -117.4571496,34.3474608,0 -117.4573283,34.3475995,0 -117.4577915,34.3477239,0 -117.4581987,34.3476166,0 -117.4588986,34.3471375,0 -117.4592697,34.3470585,0 -117.4600248,34.3470462,0 -117.4604565,34.3467212,0 -117.4607418,34.3465821,0 -117.4611244,34.3466924,0 -117.4612785,34.3468122,0 -117.461309,34.3474965,0 -117.4610291,34.3485523,0 -117.4607002,34.3489523,0 -117.4606004,34.3493284,0 -117.4606436,34.3496203,0 -117.4611949,34.349938,0 -117.4616698,34.3500443,0 -117.4617315,34.3501681,0 -117.4616842,34.3505452,0 -117.4614132,34.3507865,0 -117.4610209,34.3515198,0 -117.4611579,34.3516246,0 -117.4613187,34.3515409,0 -117.4619846,34.3515703,0 -117.4623917,34.3514629,0 -117.462688,34.3515277,0 -117.4629454,34.351708,0 -117.4630399,34.3520446,0 -117.4630158,34.3522478,0 -117.4630623,34.352438,0 -117.4632543,34.3524713,0 -117.4637653,34.3524099,0 -117.4639402,34.3524283,0 -117.4640236,34.3525611,0 -117.4640019,34.3526915,0 -117.4634988,34.3535968,0 -117.4634968,34.3538371,0 -117.4636425,34.3540364,0 -117.4639042,34.3540859,0 -117.4640849,34.3542417,0 -117.4643647,34.3542279,0 -117.4647139,34.3540165,0 -117.464966,34.3539971,0 -117.4652311,34.3543044,0 -117.4654284,34.3547161,0 -117.4656119,34.3547341,0 -117.4661683,34.3546307,0 -117.4665527,34.3541446,0 -117.4669183,34.3534498,0 -117.467029,34.3534005,0 -117.4674727,34.3539177,0 -117.4680344,34.3539156,0 -117.4681903,34.3539772,0 -117.4683952,34.3541563,0 -117.4683891,34.3543453,0 -117.4682536,34.354735,0 -117.4683462,34.3551299,0 -117.4686018,34.3555865,0 -117.4688881,34.355822,0 -117.4688934,34.3558827,0 -117.4688979,34.356204,0 -117.4688383,34.3564209,0 -117.4685164,34.3566029,0 -117.4683848,34.3568764,0 -117.4683412,34.3571373,0 -117.4684062,34.3572987,0 -117.4688945,34.3573968,0 -117.4692778,34.3573192,0 -117.4695269,34.3573817,0 -117.4696626,34.3575302,0 -117.4700068,34.3577415,0 -117.4703558,34.3578074,0 -117.4707868,34.3580497,0 -117.4711789,34.3584075,0 -117.471526,34.3585315,0 -117.4718925,34.3585977,0 -117.4724678,34.3592652,0 -117.472505,34.359746,0 -117.47257,34.3599075,0 -117.4728294,34.3600296,0 -117.473303,34.3600401,0 -117.473897,34.3601259,0 -117.4743105,34.3603678,0 -117.4745481,34.3606204,0 -117.4748204,34.3606547,0 -117.4750605,34.3605153,0 -117.4754576,34.3601749,0 -117.4757051,34.3601222,0 -117.4763536,34.360151,0 -117.4768661,34.360046,0 -117.4774189,34.359782,0 -117.4777368,34.359716,0 -117.4779472,34.3597207,0 -117.478521,34.3598934,0 -117.4787746,34.359899,0 -117.4797572,34.3596587,0 -117.4799848,34.3596783,0 -117.4804989,34.3600678,0 -117.4808223,34.3603805,0 -117.4812719,34.3605941,0 -117.4823386,34.3607194,0 -117.482545,34.3606955,0 -117.4833344,34.3603195,0 -117.4837568,34.3602851,0 -117.4846411,34.3606246,0 -117.4850441,34.360648,0 -117.4854508,34.3605551,0 -117.4859513,34.3602751,0 -117.4862043,34.360048,0 -117.486849,34.3600331,0 -117.487222,34.3598958,0 -117.4877219,34.3596303,0 -117.4888369,34.3587966,0 -117.4890415,34.3588581,0 -117.4893463,34.3592408,0 -117.4895739,34.3593509,0 -117.489994,34.3593893,0 -117.4903324,34.3592367,0 -117.4906279,34.3587777,0 -117.4910614,34.3583945,0 -117.4913647,34.3582411,0 -117.4915928,34.3582461,0 -117.4927023,34.3586777,0 -117.4930033,34.3585971,0 -117.4936643,34.3582333,0 -117.49398,34.3582402,0 -117.4943632,34.3583359,0 -117.4947403,34.3586206,0 -117.4950453,34.3589618,0 -117.4955973,34.3592648,0 -117.4957311,34.3594714,0 -117.4959726,34.3596076,0 -117.4968191,34.3594807,0 -117.4970462,34.3595147,0 -117.4973892,34.3597695,0 -117.497829,34.3602884,0 -117.4981397,34.3604551,0 -117.4984365,34.3605053,0 -117.4988072,34.3604406,0 -117.4992337,34.3602754,0 -117.499674,34.3602269,0 -117.5000572,34.3603225,0 -117.5007316,34.3606428,0 -117.5010967,34.3607526,0 -117.5015098,34.36077,0 -117.5020506,34.3610203,0 -117.5030351,34.3621007,0 -117.5038896,34.3631591,0 -117.504728,34.3636394,0 -117.5052326,34.3637813,0 -117.5054957,34.3637871,0 -117.5062804,34.3639496,0 -117.5071437,34.3644049,0 -117.5072248,34.3645638,0 -117.5072928,34.3652373,0 -117.507386,34.3656175,0 -117.5080259,34.3664753,0 -117.5083094,34.3669469,0 -117.5083856,34.3673123,0 -117.5086602,34.3675073,0 -117.5096089,34.3674844,0 -117.5102091,34.3679338,0 -117.510342,34.3681694,0 -117.5106827,34.3684969,0 -117.5115728,34.3686617,0 -117.5125599,34.3685377,0 -117.512786,34.3686008,0 -117.5128489,34.368835,0 -117.5128282,34.3700232,0 -117.5132233,34.3703124,0 -117.513758,34.3706148,0 -117.5141842,34.3710169,0 -117.5151293,34.3711102,0 -117.5158435,34.3712857,0 -117.5162143,34.3714236,0 -117.5166235,34.3714615,0 -117.5172544,34.3716363,0 -117.5178315,34.3717071,0 -117.5180821,34.3715525,0 -117.5183126,34.3714847,0 -117.5187248,34.3717701,0 -117.5187797,34.3723094,0 -117.5189651,34.3725027,0 -117.519495,34.3727434,0 -117.5200602,34.3728465,0 -117.5203796,34.3727371,0 -117.5217724,34.3719962,0 -117.5223416,34.3717613,0 -117.5228148,34.3717861,0 -117.5235609,34.3720641,0 -117.5239536,34.3720308,0 -117.5241624,34.3719171,0 -117.5245788,34.3715187,0 -117.5252395,34.371053,0 -117.5255663,34.3707109,0 -117.5258115,34.3707308,0 -117.5261757,34.3708696,0 -117.5273648,34.371579,0 -117.5278058,34.3720687,0 -117.5281861,34.3722366,0 -117.5290544,34.3724439,0 -117.5308403,34.3730047,0 -117.5315503,34.3731251,0 -117.5321556,34.3733118,0 -117.532549,34.3736403,0 -117.5328968,34.3737496,0 -117.5335127,34.3737047,0 -117.533877,34.3738434,0 -117.5345342,34.3741631,0 -117.5349774,34.37458,0 -117.5354982,34.3747658,0 -117.5361259,34.3751067,0 -117.5369525,34.3754226,0 -117.5373607,34.3758387,0 -117.5375109,34.3760893,0 -117.5378582,34.3762131,0 -117.5391744,34.3762269,0 -117.5402066,34.3767363,0 -117.5404458,34.3769452,0 -117.540825,34.3771715,0 -117.5416382,34.3775527,0 -117.541842,34.3777752,0 -117.5424321,34.3779916,0 -117.5427064,34.3782012,0 -117.5432948,34.3784756,0 -117.5436204,34.3787299,0 -117.5438516,34.3792004,0 -117.5436736,34.3798365,0 -117.5436406,34.3803305,0 -117.5437595,34.3810167,0 -117.544137,34.3813012,0 -117.5443546,34.3816404,0 -117.5446825,34.3818221,0 -117.5449997,34.3817852,0 -117.5452477,34.3817178,0 -117.5454087,34.3816194,0 -117.5456207,34.3815803,0 -117.5462869,34.3816092,0 -117.5478747,34.3813668,0 -117.5487686,34.3814151,0 -117.5490112,34.3815221,0 -117.5492388,34.3815416,0 -117.5496342,34.3812445,0 -117.5498826,34.3811626,0 -117.5501994,34.3811403,0 -117.5511059,34.3813488,0 -117.5521941,34.3819249,0 -117.552508,34.3819898,0 -117.5532823,34.3819336,0 -117.5535784,34.3820127,0 -117.5545947,34.382078,0 -117.5550289,34.3822328,0 -117.5555264,34.382607,0 -117.5558575,34.3826868,0 -117.5570362,34.3826102,0 -117.5577221,34.3824071,0 -117.558553,34.3825769,0 -117.5590008,34.3828994,0 -117.559312,34.3830516,0 -117.5597516,34.3830318,0 -117.5600395,34.3832241,0 -117.5603729,34.383947,0 -117.5608929,34.384729,0 -117.5611822,34.3850262,0 -117.561856,34.385375,0 -117.5620598,34.3855976,0 -117.5624229,34.3857798,0 -117.562651,34.3857847,0 -117.5634398,34.3852634,0 -117.5643766,34.3850651,0 -117.5646434,34.3849544,0 -117.5648423,34.3847696,0 -117.5655909,34.3844073,0 -117.5658789,34.3841806,0 -117.5661515,34.383881,0 -117.5663162,34.3838304,0 -117.5665483,34.3839162,0 -117.5673299,34.3843861,0 -117.5675728,34.3844785,0 -117.5692168,34.3846881,0 -117.5697567,34.3848305,0 -117.5708132,34.3853038,0 -117.5713009,34.3854306,0 -117.5720437,34.3858245,0 -117.5724842,34.3857756,0 -117.572768,34.3856798,0 -117.5740931,34.3854171,0 -117.5751517,34.3846831,0 -117.5755893,34.384478,0 -117.5762288,34.3844877,0 -117.576582,34.3844225,0 -117.5777166,34.383501,0 -117.578021,34.3824281,0 -117.5780159,34.3815353,0 -117.5781281,34.3810772,0 -117.5781451,34.3803098,0 -117.5782306,34.3798172,0 -117.5784281,34.3796759,0 -117.5789589,34.3795416,0 -117.5796369,34.3791923,0 -117.5798731,34.3789355,0 -117.580565,34.3787028,0 -117.581053,34.3782476,0 -117.5812725,34.3779613,0 -117.58147,34.3778201,0 -117.5830351,34.3771695,0 -117.5832982,34.3771751,0 -117.5836819,34.3772559,0 -117.5839303,34.3771739,0 -117.5840756,34.3770169,0 -117.5849478,34.3766281,0 -117.5850917,34.3765148,0 -117.5850971,34.3763403,0 -117.5853494,34.3761274,0 -117.5855806,34.3760304,0 -117.5856369,34.3759153,0 -117.5855707,34.375783,0 -117.5854339,34.3756637,0 -117.5850857,34.375569,0 -117.5848119,34.3753453,0 -117.5844049,34.374871,0 -117.5842096,34.3743724,0 -117.5841227,34.3737741,0 -117.584173,34.3732806,0 -117.5843093,34.372847,0 -117.5844589,34.3725447,0 -117.5849874,34.3719159,0 -117.5862964,34.3715944,0 -117.5871591,34.3709435,0 -117.5876206,34.3707786,0 -117.5876971,34.3705765,0 -117.587713,34.3694859,0 -117.5881396,34.3687385,0 -117.5886258,34.3683415,0 -117.5886645,34.3682259,0 -117.5885821,34.3680496,0 -117.5880157,34.3676303,0 -117.5877949,34.3673929,0 -117.5873313,34.3664812,0 -117.5869435,34.365964,0 -117.5861067,34.3657718,0 -117.5859349,34.3656517,0 -117.5859487,34.3652011,0 -117.5864884,34.3647761,0 -117.5877743,34.3640613,0 -117.5880086,34.3638626,0 -117.5880328,34.3636449,0 -117.5876324,34.3629674,0 -117.5873426,34.3626849,0 -117.5873129,34.3625097,0 -117.5874522,34.3619744,0 -117.5874315,34.3615084,0 -117.5870063,34.361063,0 -117.5868658,34.3604928,0 -117.5866489,34.3601246,0 -117.5863246,34.3598268,0 -117.5862472,34.3594905,0 -117.5861637,34.3582086,0 -117.5860852,34.3580979,0 -117.5857896,34.3578735,0 -117.5853763,34.3576175,0 -117.5852444,34.3573383,0 -117.5852529,34.3570621,0 -117.5856553,34.3565323,0 -117.5857555,34.3561272,0 -117.5860958,34.3553342,0 -117.5861394,34.3550588,0 -117.5859351,34.3542836,0 -117.5857205,34.3538426,0 -117.5847772,34.3525571,0 -117.5847955,34.3519611,0 -117.5847136,34.3517703,0 -117.5845103,34.3515332,0 -117.5844148,34.3512112,0 -117.584476,34.3509361,0 -117.5846055,34.3507205,0 -117.5848213,34.3505506,0 -117.5853911,34.3502862,0 -117.5854747,34.3500354,0 -117.5854907,34.3497852,0 -117.5859422,34.3483704,0 -117.5860835,34.3482815,0 -117.5869699,34.3481889,0 -117.5871288,34.3480852,0 -117.5873852,34.3477429,0 -117.5877333,34.3470401,0 -117.58794,34.3461802,0 -117.587961,34.3458819,0 -117.5876044,34.3450517,0 -117.587441,34.344508,0 -117.5871895,34.3440678,0 -117.5867964,34.3436576,0 -117.5865868,34.3433566,0 -117.5879065,34.3434732,0 -117.5884155,34.3434694,0 -117.5892495,34.343167,0 -117.5903709,34.3428424,0 -117.5910969,34.3430168,0 -117.5919616,34.3434278,0 -117.5926034,34.3436741,0 -117.5938564,34.3440205,0 -117.5943667,34.343973,0 -117.5954507,34.3435303,0 -117.5979194,34.3431458,0 -117.5984356,34.3429093,0 -117.5987474,34.342465,0 -117.5987901,34.3422185,0 -117.5989563,34.3419456,0 -117.5992256,34.3417476,0 -117.6006402,34.3415739,0 -117.6016689,34.3417135,0 -117.602099,34.3418952,0 -117.6025024,34.3419037,0 -117.6028923,34.3417809,0 -117.6035873,34.3414319,0 -117.6041794,34.3410078,0 -117.604981,34.3406174,0 -117.6062877,34.3401792,0 -117.6076082,34.3396448,0 -117.6080849,34.3393586,0 -117.6087003,34.338746,0 -117.6091857,34.3383634,0 -117.6094347,34.3382521,0 -117.6098206,34.3382602,0 -117.6103606,34.3383879,0 -117.6107486,34.3383233,0 -117.6110696,34.3381554,0 -117.6118834,34.3379396,0 -117.6124666,34.3378064,0 -117.6128878,34.3378006,0 -117.6135587,34.3376691,0 -117.6141619,34.337449,0 -117.6149709,34.3372488,0 -117.6151577,34.3372508,0 -117.6153983,34.3371838,0 -117.6157311,34.3372054,0 -117.6160577,34.3372983,0 -117.6165005,34.3372941,0 -117.617127,34.3368853,0 -117.6177383,34.3364035,0 -117.618157,34.3359031,0 -117.6183543,34.3357617,0 -117.6189234,34.3355117,0 -117.6198077,34.3352828,0 -117.6201821,34.335087,0 -117.6209375,34.335059,0 -117.6214666,34.3349682,0 -117.6221168,34.3349381,0 -117.6223443,34.3349574,0 -117.6225872,34.3350498,0 -117.6228437,34.3350551,0 -117.6239125,34.3347427,0 -117.6242671,34.3346191,0 -117.6248428,34.334151,0 -117.6261304,34.3328944,0 -117.6282487,34.3323452,0 -117.6290579,34.3320859,0 -117.6300719,34.3320784,0 -117.6310388,34.3325041,0 -117.63252,34.3332585,0 -117.6333046,34.3337955,0 -117.6344214,34.3335742,0 -117.63502,34.3335731,0 -117.6355845,34.3336251,0 -117.636852,34.3339731,0 -117.6379178,34.3345718,0 -117.6386862,34.3353789,0 -117.6389648,34.3358004,0 -117.6392277,34.3360703,0 -117.6397072,34.3363924,0 -117.6403947,34.3366614,0 -117.641024,34.3367146,0 -117.6412839,34.3366798,0 -117.6417257,34.3365145,0 -117.6435699,34.3365123,0 -117.644721,34.3369652,0 -117.6458904,34.3373514,0 -117.6465771,34.3376471,0 -117.6473003,34.3378096,0 -117.6488043,34.3383635,0 -117.6500472,34.3384561,0 -117.6509465,34.3386758,0 -117.6517788,34.3389745,0 -117.6528553,34.3403577,0 -117.653239,34.3405132,0 -117.6536097,34.340561,0 -117.6540737,34.3407314,0 -117.654686,34.3409813,0 -117.6557,34.3415292,0 -117.6561798,34.3417134,0 -117.6566616,34.3418305,0 -117.6575157,34.3419419,0 -117.6576091,34.3420645,0 -117.6576198,34.3422525,0 -117.658132,34.3429738,0 -117.6585267,34.3433037,0 -117.6589907,34.3434741,0 -117.659811,34.3436384,0 -117.6605866,34.3436677,0 -117.661855,34.3434522,0 -117.66276,34.3434842,0 -117.6639127,34.3433468,0 -117.664462,34.3433715,0 -117.6647098,34.3435469,0 -117.6650703,34.3441349,0 -117.6652129,34.3448648,0 -117.6654604,34.3451621,0 -117.6655908,34.3456743,0 -117.6659707,34.3465001,0 -117.6662183,34.3468806,0 -117.6664714,34.3470736,0 -117.6670026,34.3471648,0 -117.6685423,34.3471292,0 -117.6694153,34.3476968,0 -117.6700711,34.3479516,0 -117.6707005,34.3480046,0 -117.6726489,34.3488624,0 -117.6727727,34.3490526,0 -117.672768,34.3492135,0 -117.674042,34.3504464,0 -117.6747777,34.3512794,0 -117.676048,34.3520964,0 -117.6771387,34.3529634,0 -117.6778861,34.3534077,0 -117.6785258,34.3536621,0 -117.6792707,34.3541868,0 -117.679934,34.3547367,0 -117.6807658,34.355062,0 -117.6813397,34.3553553,0 -117.6817049,34.3558052,0 -117.682162,34.3562168,0 -117.6828317,34.3565522,0 -117.683649,34.3568236,0 -117.6841921,34.3570626,0 -117.6853646,34.3579043,0 -117.6858363,34.3583699,0 -117.686607,34.3585731,0 -117.6868744,34.3588333,0 -117.687833,34.3603547,0 -117.688378,34.3610765,0 -117.6893038,34.3620607,0 -117.6896778,34.3625511,0 -117.6902647,34.3629518,0 -117.690372,34.3631551,0 -117.6904418,34.363532,0 -117.6905953,34.3638167,0 -117.6914477,34.3645447,0 -117.6917105,34.3649657,0 -117.6922414,34.3656201,0 -117.6924399,34.3660264,0 -117.6925268,34.3663701,0 -117.6931888,34.3669735,0 -117.6936708,34.3670905,0 -117.6943044,34.3670094,0 -117.6949162,34.3669951,0 -117.6951604,34.3670669,0 -117.6953829,34.3672055,0 -117.6960299,34.3677684,0 -117.696381,34.3679364,0 -117.6970212,34.3681772,0 -117.6978453,34.3682207,0 -117.698278,34.3683634,0 -117.6988635,34.3688178,0 -117.6985198,34.3693996,0 -117.6984307,34.3696406,0 -117.6983001,34.3702473,0 -117.6982673,34.3707663,0 -117.6980679,34.3715843,0 -117.69804,34.3723179,0 -117.6977823,34.3734923,0 -117.6978369,34.3737786,0 -117.6977073,34.3746608,0 -117.6974469,34.375568,0 -117.6972792,34.375903,0 -117.697103,34.3760429,0 -117.6967106,34.3761177,0 -117.6945389,34.376008,0 -117.6942744,34.3761037,0 -117.6941291,34.3763576,0 -117.6935235,34.3765915,0 -117.6928441,34.3767127,0 -117.692351,34.3767395,0 -117.6919586,34.3769927,0 -117.6915914,34.3773647,0 -117.6906266,34.3775436,0 -117.6904819,34.3776838,0 -117.6901429,34.3783732,0 -117.6901172,34.3787522,0 -117.6899328,34.3794465,0 -117.6899213,34.3803604,0 -117.6898488,34.3807862,0 -117.6897207,34.3813857,0 -117.6894942,34.381576,0 -117.6887352,34.3817705,0 -117.6882435,34.3820085,0 -117.6864998,34.3825468,0 -117.6859988,34.3825862,0 -117.6849302,34.3828801,0 -117.6838233,34.382928,0 -117.683127,34.3826821,0 -117.6827668,34.3823805,0 -117.6820533,34.382033,0 -117.6816347,34.3820167,0 -117.6810945,34.3821075,0 -117.6806691,34.382289,0 -117.679519,34.3824819,0 -117.6789,34.3824549,0 -117.678443,34.3823206,0 -117.6780593,34.3818321,0 -117.6776404,34.3816567,0 -117.6770865,34.3811971,0 -117.6766042,34.3808682,0 -117.675921,34.3804953,0 -117.6752586,34.3800662,0 -117.67495,34.3797668,0 -117.6746229,34.3793237,0 -117.6739954,34.3793249,0 -117.673723,34.3792702,0 -117.6734706,34.3791734,0 -117.6732822,34.3789998,0 -117.6730073,34.3788673,0 -117.6721395,34.3786864,0 -117.6717549,34.3784981,0 -117.6714419,34.37827,0 -117.6708076,34.3776706,0 -117.6696747,34.3773209,0 -117.6691707,34.3771131,0 -117.66893,34.3771026,0 -117.6685119,34.3774416,0 -117.6676478,34.3774754,0 -117.6668217,34.3774536,0 -117.6662923,34.3776448,0 -117.6659837,34.3778886,0 -117.6659402,34.3783013,0 -117.6657652,34.3786236,0 -117.6657067,34.3789915,0 -117.6655329,34.379284,0 -117.6651725,34.3795679,0 -117.6644953,34.3799162,0 -117.6631864,34.3803964,0 -117.662727,34.3808622,0 -117.6620707,34.3803191,0 -117.6616392,34.3797856,0 -117.6612981,34.3794562,0 -117.6607932,34.3792626,0 -117.6593156,34.3791836,0 -117.6583544,34.3787199,0 -117.6576372,34.3784669,0 -117.6570391,34.3783836,0 -117.6565044,34.3781171,0 -117.6564149,34.3776272,0 -117.6564946,34.3771876,0 -117.6567255,34.3765402,0 -117.6566559,34.3760083,0 -117.6563637,34.3757239,0 -117.6559512,34.3754342,0 -117.6551234,34.3751693,0 -117.6537218,34.3749792,0 -117.6531157,34.374481,0 -117.6527395,34.3738927,0 -117.6525414,34.3737554,0 -117.6519482,34.3736929,0 -117.6514385,34.3734784,0 -117.651007,34.3732164,0 -117.6504506,34.3727489,0 -117.6501485,34.3726214,0 -117.6491921,34.3727509,0 -117.6486266,34.3726976,0 -117.6477092,34.3724858,0 -117.6473401,34.3723267,0 -117.6469167,34.3723361,0 -117.646344,34.3722687,0 -117.6459441,34.372051,0 -117.6456348,34.3717659,0 -117.6450481,34.3704251,0 -117.6447071,34.3700957,0 -117.6439662,34.3698201,0 -117.6435084,34.3697,0 -117.6430126,34.3696354,0 -117.6426606,34.3697485,0 -117.6420934,34.3697236,0 -117.6416356,34.3696035,0 -117.6412955,34.3695872,0 -117.6410022,34.3698044,0 -117.6400712,34.3698064,0 -117.6397546,34.3696352,0 -117.6395267,34.3694251,0 -117.6389179,34.3692411,0 -117.6382855,34.3691562,0 -117.6374035,34.3689316,0 -117.6371972,34.3689225,0 -117.6363023,34.3692696,0 -117.635942,34.3692673,0 -117.6349397,34.3685768,0 -117.6346018,34.3682653,0 -117.6335073,34.3678598,0 -117.6332277,34.367919,0 -117.6328922,34.3681001,0 -117.6315684,34.3681023,0 -117.6298188,34.3678548,0 -117.6293963,34.3677219,0 -117.6292054,34.3677421,0 -117.6289548,34.3678883,0 -117.6282903,34.3685737,0 -117.6280927,34.3692368,0 -117.6280812,34.3704942,0 -117.6281606,34.3708693,0 -117.6283179,34.3711049,0 -117.6286149,34.3723901,0 -117.6285306,34.3726294,0 -117.6283423,34.3728784,0 -117.6277987,34.3740986,0 -117.6278197,34.3753854,0 -117.6278316,34.3755254,0 -117.6280195,34.3757658,0 -117.6283812,34.3760391,0 -117.6285404,34.3762462,0 -117.6286117,34.376478,0 -117.6286017,34.3766348,0 -117.6284133,34.3768838,0 -117.6280966,34.3769842,0 -117.6275526,34.3774034,0 -117.6272558,34.3774618,0 -117.6268792,34.3776882,0 -117.6268066,34.3780137,0 -117.6268753,34.3782883,0 -117.6273618,34.3787672,0 -117.6276356,34.3793367,0 -117.6277966,34.3795153,0 -117.6280987,34.379643,0 -117.6281066,34.3800578,0 -117.6281879,34.3804044,0 -117.6285777,34.3807789,0 -117.6289121,34.3814798,0 -117.6291391,34.3817042,0 -117.629177,34.3819202,0 -117.629052,34.3819862,0 -117.6280757,34.3818861,0 -117.627616,34.3820659,0 -117.6273716,34.3821123,0 -117.625779,34.3822137,0 -117.6256504,34.3823367,0 -117.6254683,34.3827575,0 -117.625226,34.3838475,0 -117.6251273,34.3840432,0 -117.6248901,34.3842472,0 -117.6245525,34.3844038,0 -117.6242438,34.3846475,0 -117.6236707,34.3849796,0 -117.6225593,34.3853737,0 -117.6223266,34.3855064,0 -117.6222107,34.3857014,0 -117.6214935,34.3863988,0 -117.6213242,34.38662,0 -117.6207938,34.3868253,0 -117.620169,34.3874267,0 -117.6194701,34.387839,0 -117.6189702,34.3883744,0 -117.618771,34.3885229,0 -117.6184189,34.388636,0 -117.6179664,34.3887018,0 -117.6177661,34.389136,0 -117.6174817,34.389538,0 -117.6171766,34.3897247,0 -117.6172344,34.3898987,0 -117.6176125,34.3900518,0 -117.6178135,34.3902002,0 -117.6179627,34.3906082,0 -117.6183001,34.3910361,0 -117.618948,34.3914369,0 -117.6189692,34.3916531,0 -117.6188706,34.3925329,0 -117.6190332,34.3930954,0 -117.6189102,34.393888,0 -117.6189903,34.394889,0 -117.6191721,34.3950566,0 -117.6194044,34.3951865,0 -117.6199357,34.3959082,0 -117.6198976,34.396126,0 -117.6199505,34.3964276,0 -117.6199487,34.3972055,0 -117.6198335,34.3974997,0 -117.6197194,34.398153,0 -117.6198667,34.3988577,0 -117.6197554,34.3990922,0 -117.6195881,34.399823,0 -117.6196126,34.4009412,0 -117.6197058,34.4013643,0 -117.6196651,34.4034971,0 -117.6195714,34.4038321,0 -117.6189709,34.4045637,0 -117.618665,34.4048295,0 -117.6183642,34.4050158,0 -117.617745,34.4052877,0 -117.6174452,34.4058331,0 -117.6170056,34.4074296,0 -117.6171703,34.4086139,0 -117.617411,34.4093626,0 -117.6178026,34.4097018,0 -117.6181044,34.4113084,0 -117.6180436,34.4115052,0 -117.6174708,34.4121782,0 -117.6172769,34.4129477,0 -117.617174,34.413801,0 -117.6167426,34.4145201,0 -117.6167651,34.41492,0 -117.6168672,34.4152039,0 -117.6170407,34.4162489,0 -117.6176571,34.4173015,0 -117.6176752,34.4176135,0 -117.6175369,34.4185386,0 -117.6175439,34.4194839,0 -117.6174715,34.4199884,0 -117.6173482,34.4204512,0 -117.6165619,34.4221113,0 -117.6154338,34.425002,0 -117.6147328,34.42621,0 -117.6143301,34.4266041,0 -117.6138325,34.4278951,0 -117.6136005,34.4285405,0 -117.6129173,34.4321852,0 -117.6127329,34.434707,0 -117.6128113,34.4361912,0 -117.6127193,34.4374801,0 -117.6126951,34.4387967,0 -117.6125687,34.4400018,0 -117.6126078,34.4407298,0 -117.6127483,34.4414574,0 -117.6127543,34.4422696,0 -117.6124936,34.4436154,0 -117.6122274,34.444205,0 -117.6121297,34.4447096,0 -117.612714,34.4460232,0 -117.6135441,34.4485679,0 -117.6135535,34.4498563,0 -117.61349,34.4504169,0 -117.6134257,34.4508653,0 -117.6130941,34.4517633,0 -117.6131054,34.4533038,0 -117.6131783,34.4540317,0 -117.6136365,34.4565783,0 -117.6137101,34.4573902,0 -117.6138853,34.4582297,0 -117.6141265,34.4588447,0 -117.614503,34.459459,0 -117.6147793,34.4602419,0 -117.6150957,34.4618929,0 -117.6153039,34.4626201,0 -117.6154458,34.4635157,0 -117.6156891,34.4644108,0 -117.6166553,34.4670388,0 -117.616832,34.4680743,0 -117.6172822,34.4695006,0 -117.6185869,34.4721549,0 -117.6192025,34.4730761,0 -117.6196173,34.4742784,0 -117.6203065,34.4760115,0 -117.6208904,34.477213,0 -117.6215104,34.4787224,0 -117.6224716,34.4806222,0 -117.6229514,34.48146,0 -117.6236086,34.4834173,0 -117.6240565,34.4845074,0 -117.6248102,34.485792,0 -117.625426,34.4867132,0 -117.6259382,34.4873548,0 -117.6267266,34.4887513,0 -117.6276853,34.4902869,0 -117.6278601,34.4910422,0 -117.6285505,34.4928873,0 -117.6290357,34.4944254,0 -117.6295883,34.4959351,0 -117.6300048,34.4973334,0 -117.6302154,34.4983407,0 -117.6310434,34.5004651,0 -117.6312861,34.5012481,0 -117.6313584,34.501864,0 -117.6318065,34.502954,0 -117.6320162,34.5038493,0 -117.6324315,34.5050795,0 -117.6331181,34.5063924,0 -117.6338352,34.507257,0 -117.6347587,34.5085687,0 -117.6356507,34.5101886,0 -117.6358929,34.5108876,0 -117.6359653,34.5115034,0 -117.6366175,34.5127325,0 -117.6368933,34.5134033,0 -117.6373126,34.5151377,0 -117.6376561,34.5158081,0 -117.6379338,34.516731,0 -117.6385902,34.5184921,0 -117.6388677,34.519387,0 -117.6393588,34.5216532,0 -117.6398414,34.5227991,0 -117.6400517,34.5237503,0 -117.6401258,34.5245902,0 -117.6403014,34.5254296,0 -117.6405762,34.5259603,0 -117.6405865,34.5273047,0 -117.6403923,34.5284541,0 -117.6403366,34.530023,0 -117.6403754,34.530667,0 -117.6409233,34.5315044,0 -117.6411307,34.5320635,0 -117.6412416,34.5332953,0 -117.6415514,34.5339659,0 -117.642133,34.5347752,0 -117.6427504,34.5358363,0 -117.6429933,34.5366193,0 -117.6435105,34.537849,0 -117.6436853,34.5385763,0 -117.6437946,34.539584,0 -117.6452037,34.5423495,0 -117.6455468,34.5429359,0 -117.6461615,34.5436329,0 -117.6473546,34.544719,0 -117.6479713,34.545668,0 -117.6488264,34.5468119,0 -117.6495429,34.5475363,0 -117.649991,34.5485703,0 -117.6502369,34.5497173,0 -117.6502218,34.5521262,0 -117.6503299,34.552966,0 -117.6504615,34.5568306,0 -117.6506795,34.558734,0 -117.6509599,34.559965,0 -117.6513441,34.5614754,0 -117.6519284,34.5625927,0 -117.652514,34.563878,0 -117.6533358,34.56505,0 -117.6538184,34.5661398,0 -117.6539623,34.5672313,0 -117.653943,34.5690801,0 -117.6542235,34.570311,0 -117.6545348,34.5711496,0 -117.6554589,34.572405,0 -117.6557041,34.5734401,0 -117.6558646,34.5766323,0 -117.6557074,34.5781736,0 -117.6557065,34.582375,0 -117.6555603,34.5853168,0 -117.6558246,34.5887885,0 -117.6562108,34.590523,0 -117.6563335,34.5932113,0 -117.6562755,34.594444,0 -117.6564574,34.5960395,0 -117.6567741,34.5975503,0 -117.6573603,34.5988636,0 -117.6577413,34.5999259,0 -117.6576815,34.6009346,0 -117.6574254,34.6018944,0 -117.6570533,34.6042186,0 -117.6569858,34.6052686,0 -117.6567742,34.6066566,0 -117.6567817,34.6069201,0 -117.6572365,34.6074666,0 -117.6570562,34.6079852,0 -117.6570987,34.6083883,0 -117.6578174,34.6095403,0 -117.6579279,34.6098252,0 -117.6579717,34.6103033,0 -117.6581101,34.6107856,0 -117.6580771,34.6112995,0 -117.6583471,34.6118436,0 -117.6583824,34.6127694,0 -117.6585445,34.6129894,0 -117.6590062,34.6133962,0 -117.65909,34.613568,0 -117.6590234,34.6138676,0 -117.6590481,34.6141152,0 -117.659148,34.6142484,0 -117.6592477,34.6145945,0 -117.6594151,34.6148371,0 -117.6596714,34.6149604,0 -117.6602674,34.6150706,0 -117.6608352,34.6153028,0 -117.6611344,34.6151815,0 -117.6622572,34.6151075,0 -117.662726,34.6149824,0 -117.6631372,34.6148044,0 -117.6649756,34.6146666,0 -117.665503,34.6146841,0 -117.6659262,34.6147419,0 -117.6671994,34.6154754,0 -117.6676249,34.6155799,0 -117.6680741,34.6155853,0 -117.6686756,34.6154897,0 -117.66945,34.6151596,0 -117.6704864,34.6149048,0 -117.6709574,34.6148397,0 -117.6712151,34.6148652,0 -117.6716388,34.6149982,0 -117.6719337,34.6152541,0 -117.6727929,34.6156062,0 -117.6739125,34.6159411,0 -117.6748363,34.6160959,0 -117.6756357,34.6163024,0 -117.6756838,34.6163617,0 -117.6757027,34.6166055,0 -117.6756536,34.6168321,0 -117.6758974,34.6176146,0 -117.6759282,34.6179447,0 -117.6760578,34.6183506,0 -117.6763082,34.6184902,0 -117.6766875,34.6185068,0 -117.676919,34.6184026,0 -117.6771613,34.6183989,0 -117.6779,34.6184741,0 -117.6784762,34.618385,0 -117.6785924,34.6184615,0 -117.6786468,34.6186926,0 -117.6787728,34.618884,0 -117.6802845,34.619579,0 -117.6807754,34.6197434,0 -117.6812745,34.6197796,0 -117.6817464,34.6199717,0 -117.6823761,34.6203995,0 -117.6829287,34.6206809,0 -117.6843679,34.6208868,0 -117.6850776,34.6208749,0 -117.6853335,34.620929,0 -117.6857119,34.6212314,0 -117.6858226,34.6213935,0 -117.685808,34.6216215,0 -117.6854202,34.622548,0 -117.6854237,34.6230342,0 -117.6855252,34.6236104,0 -117.6859815,34.624588,0 -117.6864152,34.6248357,0 -117.6869997,34.6248898,0 -117.6874062,34.6250219,0 -117.6878055,34.6252681,0 -117.6881693,34.6257985,0 -117.6883843,34.6262225,0 -117.6887926,34.6265976,0 -117.6900667,34.6274966,0 -117.6904251,34.627841,0 -117.6906047,34.6282777,0 -117.6917672,34.6293005,0 -117.692083,34.6295001,0 -117.6929516,34.6297095,0 -117.6932538,34.6298513,0 -117.6932793,34.6299157,0 -117.6922466,34.6301767,0 -117.6908874,34.6308916,0 -117.6904471,34.6312869,0 -117.6903852,34.631713,0 -117.6903359,34.633026,0 -117.6900208,34.6338984,0 -117.6896884,34.6344986,0 -117.6892735,34.6350379,0 -117.6887161,34.635371,0 -117.6882922,34.6355097,0 -117.687084,34.6354712,0 -117.6865385,34.6356189,0 -117.685391,34.6362549,0 -117.6848472,34.636374,0 -117.6844396,34.6365278,0 -117.6840746,34.6368263,0 -117.6836914,34.6374099,0 -117.6830177,34.6379379,0 -117.6821706,34.6384726,0 -117.6798294,34.6415435,0 -117.6785075,34.6422004,0 -117.6767045,34.6428076,0 -117.6759945,34.643091,0 -117.675388,34.6433789,0 -117.674884,34.6436856,0 -117.6737436,34.6442074,0 -117.6728183,34.6448816,0 -117.6727991,34.6451809,0 -117.6729515,34.6455021,0 -117.6729504,34.6457879,0 -117.672696,34.6462485,0 -117.6723763,34.646649,0 -117.6714494,34.6468085,0 -117.671245,34.6470282,0 -117.6711532,34.6473816,0 -117.671015,34.6476471,0 -117.6707617,34.6478218,0 -117.6700217,34.6480324,0 -117.669506,34.6482528,0 -117.6681985,34.6486814,0 -117.667857,34.6488809,0 -117.6673095,34.649057,0 -117.6671787,34.6492085,0 -117.6671777,34.6494943,0 -117.6674724,34.6500218,0 -117.6674804,34.6504367,0 -117.6675865,34.6506701,0 -117.6678358,34.6509569,0 -117.6682871,34.6510724,0 -117.6684621,34.6515804,0 -117.6684355,34.6519938,0 -117.6686207,34.6520733,0 -117.6687341,34.6521927,0 -117.668862,34.6523555,0 -117.6688865,34.6525138,0 -117.6686377,34.6526173,0 -117.6682944,34.6528452,0 -117.6678157,34.6532959,0 -117.6671291,34.6537518,0 -117.6669181,34.6543429,0 -117.6667138,34.6545626,0 -117.6658347,34.6550529,0 -117.665603,34.6552962,0 -117.6657618,34.6553785,0 -117.6661493,34.65581,0 -117.6662717,34.6560584,0 -117.6665466,34.6563564,0 -117.66661,34.6567165,0 -117.6669364,34.6575599,0 -117.667616,34.6582901,0 -117.6678537,34.6586293,0 -117.6679842,34.6590209,0 -117.6681393,34.6592993,0 -117.6682218,34.6596317,0 -117.6681044,34.6601125,0 -117.6681713,34.6606872,0 -117.6681363,34.6615005,0 -117.6676793,34.6621522,0 -117.6674156,34.6627553,0 -117.667361,34.6630674,0 -117.6674715,34.6635011,0 -117.6677028,34.66394,0 -117.6680458,34.6643367,0 -117.6687432,34.6648843,0 -117.6687715,34.6656164,0 -117.6687294,34.6662721,0 -117.6684138,34.6671445,0 -117.6684036,34.6675729,0 -117.6688264,34.6682632,0 -117.6688804,34.6690375,0 -117.6687965,34.6698057,0 -117.6688311,34.6711508,0 -117.6681586,34.6721934,0 -117.6678667,34.6729668,0 -117.6677377,34.6730897,0 -117.6675256,34.6739667,0 -117.6675198,34.6745953,0 -117.6677399,34.6754769,0 -117.6680899,34.6764929,0 -117.6685672,34.6771428,0 -117.6689491,34.6779314,0 -117.6699792,34.6791344,0 -117.6708749,34.6802743,0 -117.6708902,34.6805751,0 -117.6707008,34.6813673,0 -117.6709256,34.6821776,0 -117.6722743,34.6838091,0 -117.673062,34.6850157,0 -117.6730639,34.6866025,0 -117.6733316,34.6870144,0 -117.6737238,34.6873747,0 -117.6740933,34.6878197,0 -117.6743555,34.6883172,0 -117.6746512,34.689102,0 -117.6750715,34.6895636,0 -117.6758614,34.6901985,0 -117.6759539,34.6903741,0 -117.6758488,34.6917417,0 -117.6756597,34.6919907,0 -117.6752185,34.6922269,0 -117.6753082,34.6926021,0 -117.674754,34.6926393,0 -117.6745309,34.692797,0 -117.674224,34.6932821,0 -117.6740217,34.6938463,0 -117.673962,34.6939032,0 -117.6736949,34.6940202,0 -117.6729655,34.6940597,0 -117.6730436,34.6941917,0 -117.6734258,34.6944372,0 -117.6735048,34.694555,0 -117.6735102,34.6947411,0 -117.6739957,34.6955342,0 -117.6739965,34.6957916,0 -117.6737419,34.6962521,0 -117.6736746,34.6964922,0 -117.673925,34.6969034,0 -117.6733471,34.6972783,0 -117.673288,34.69739,0 -117.6733125,34.6975483,0 -117.6731043,34.6978251,0 -117.6727566,34.6980177,0 -117.6724981,34.6983703,0 -117.6719356,34.6987887,0 -117.6718024,34.6990103,0 -117.6715625,34.6991394,0 -117.6715253,34.6992308,0 -117.6716362,34.699551,0 -117.6715419,34.7002396,0 -117.6710861,34.7010003,0 -117.670847,34.7013103,0 -117.6708351,34.7014959,0 -117.6712976,34.7020561,0 -117.6713324,34.7021924,0 -117.671644,34.7025925,0 -117.6717535,34.7029209,0 -117.6717437,34.7030732,0 -117.6716744,34.7033039,0 -117.671348,34.7038108,0 -117.6713142,34.7039981,0 -117.6714088,34.7043887,0 -117.6713818,34.7045034,0 -117.6712876,34.7045811,0 -117.6710894,34.7046173,0 -117.6709761,34.7047253,0 -117.6709772,34.7048645,0 -117.6709129,34.7049543,0 -117.6703223,34.7056017,0 -117.67037,34.7059878,0 -117.6706325,34.7064756,0 -117.6714043,34.7073363,0 -117.671841,34.707652,0 -117.6723475,34.7078989,0 -117.6727633,34.708034,0 -117.673536,34.7082027,0 -117.6738867,34.7083349,0 -117.6741893,34.7085369,0 -117.6744765,34.7088101,0 -117.6746421,34.7087724,0 -117.6756651,34.7087723,0 -117.676234,34.7088961,0 -117.6765481,34.7089189,0 -117.6767264,34.7088548,0 -117.6774182,34.7087593,0 -117.6776284,34.7087056,0 -117.6780443,34.7084991,0 -117.6786721,34.7083828,0 -117.6790746,34.708099,0 -117.6796365,34.7079397,0 -117.680707,34.7078787,0 -117.6810287,34.7076142,0 -117.6811328,34.7073492,0 -117.6813916,34.7072167,0 -117.6823284,34.7072038,0 -117.6826374,34.7071364,0 -117.6827997,34.7069817,0 -117.6835355,34.7067084,0 -117.6837789,34.7066471,0 -117.6841056,34.7066434,0 -117.6849356,34.7064281,0 -117.6852155,34.7064763,0 -117.6856855,34.7067845,0 -117.6858025,34.7069963,0 -117.685885,34.7077458,0 -117.686248,34.7085346,0 -117.6867077,34.7088333,0 -117.6874239,34.7088647,0 -117.6881928,34.7087545,0 -117.6891108,34.7086958,0 -117.6894216,34.7086015,0 -117.6898225,34.708628,0 -117.6901246,34.7088389,0 -117.6902844,34.7092324,0 -117.6906767,34.7097348,0 -117.6905502,34.7105202,0 -117.6904501,34.7107225,0 -117.6906625,34.7111452,0 -117.6907052,34.7114976,0 -117.6905982,34.7119782,0 -117.6906666,34.7124396,0 -117.6905939,34.7128948,0 -117.6906589,34.7132391,0 -117.6908113,34.7135783,0 -117.6913858,34.7141247,0 -117.691817,34.7143592,0 -117.6932307,34.7147176,0 -117.6941109,34.7152503,0 -117.6951287,34.7156722,0 -117.6955337,34.7159775,0 -117.6957792,34.7162219,0 -117.695859,34.7170163,0 -117.6961867,34.7175069,0 -117.6964859,34.7182749,0 -117.6969656,34.7186014,0 -117.697178,34.7190241,0 -117.6973054,34.7190746,0 -117.6974597,34.7190454,0 -117.697911,34.719137,0 -117.6986519,34.7191244,0 -117.6992455,34.7192042,0 -117.6995197,34.7191713,0 -117.7001876,34.7189398,0 -117.7004173,34.7189228,0 -117.7013954,34.7190877,0 -117.7011123,34.719798,0 -117.700992,34.7213386,0 -117.700825,34.7219065,0 -117.7008666,34.7224475,0 -117.7008265,34.7227334,0 -117.700666,34.7228612,0 -117.7000306,34.7230941,0 -117.699946,34.7232252,0 -117.6999979,34.7234342,0 -117.7005651,34.7240971,0 -117.7006285,34.7242975,0 -117.7006933,34.7253249,0 -117.7008292,34.7257533,0 -117.7009942,34.7262368,0 -117.7015362,34.7269525,0 -117.7016127,34.7272884,0 -117.7012959,34.7283261,0 -117.7010431,34.7295553,0 -117.7005201,34.7304132,0 -117.7004781,34.7312383,0 -117.7002996,34.7321562,0 -117.7001207,34.7325708,0 -117.6999001,34.7327858,0 -117.6994858,34.7329655,0 -117.6988297,34.7333503,0 -117.6987754,34.7335187,0 -117.6987999,34.7336456,0 -117.6990461,34.7340517,0 -117.6991104,34.7349173,0 -117.6988587,34.7357871,0 -117.6989164,34.7359065,0 -117.6991798,34.7360438,0 -117.699714,34.7360312,0 -117.7002243,34.7358827,0 -117.7004175,34.735927,0 -117.7005529,34.7360228,0 -117.7006397,34.7361974,0 -117.7006688,34.7364233,0 -117.7005767,34.736671,0 -117.7004361,34.7368266,0 -117.7004463,34.7370068,0 -117.7005274,34.737271,0 -117.7006628,34.7373668,0 -117.7010576,34.7373211,0 -117.7016982,34.7375198,0 -117.701957,34.737558,0 -117.7023061,34.7377171,0 -117.7030141,34.737712,0 -117.7032609,34.7377677,0 -117.7034483,34.7379017,0 -117.7041357,34.7382193,0 -117.7048402,34.7384387,0 -117.7050241,34.7386265,0 -117.7050389,34.7389057,0 -117.7052337,34.7392647,0 -117.7053142,34.7395379,0 -117.7053696,34.7398638,0 -117.7053609,34.7403398,0 -117.7055483,34.7406445,0 -117.7058408,34.740837,0 -117.7059956,34.7411404,0 -117.7062852,34.7415201,0 -117.7064459,34.742124,0 -117.7063251,34.7424579,0 -117.7060661,34.7427612,0 -117.7059421,34.7429984,0 -117.7060764,34.7436277,0 -117.7062863,34.7438655,0 -117.7065508,34.7440629,0 -117.7080703,34.7449439,0 -117.7082938,34.7452395,0 -117.7085265,34.7453926,0 -117.7092372,34.7456523,0 -117.7093144,34.7457986,0 -117.7093407,34.7462,0 -117.7094725,34.7463058,0 -117.7098779,34.7464664,0 -117.7100923,34.746633,0 -117.7102377,34.7470681,0 -117.7106776,34.7475018,0 -117.7107511,34.7477051,0 -117.710632,34.7482146,0 -117.7107583,34.7484059,0 -117.7114535,34.7491795,0 -117.7118652,34.7495119,0 -117.7120061,34.7497467,0 -117.7120142,34.7501616,0 -117.7118878,34.7505135,0 -117.7116187,34.7509306,0 -117.7114705,34.7510814,0 -117.7110032,34.7513469,0 -117.7109796,34.7514459,0 -117.7112004,34.7517843,0 -117.7111849,34.7520266,0 -117.7111013,34.7522517,0 -117.7111648,34.7526118,0 -117.7119092,34.7534304,0 -117.7121754,34.7538709,0 -117.7122854,34.7543188,0 -117.7121853,34.7545288,0 -117.7120062,34.7546211,0 -117.7113299,34.7546345,0 -117.7108114,34.7550027,0 -117.7105963,34.7550028,0 -117.7102563,34.7549022,0 -117.7100136,34.754906,0 -117.7093391,34.7551625,0 -117.7090973,34.7551519,0 -117.7088855,34.7552142,0 -117.7086963,34.7554632,0 -117.7086362,34.7561324,0 -117.7085089,34.7564985,0 -117.7079833,34.7571332,0 -117.7076332,34.7577326,0 -117.7064822,34.7583971,0 -117.7062804,34.7583026,0 -117.7058849,34.7582567,0 -117.7049267,34.7586152,0 -117.7037257,34.7592489,0 -117.7035738,34.7594567,0 -117.7035447,34.7596413,0 -117.7037,34.7599196,0 -117.7038583,34.7603767,0 -117.704016,34.7614772,0 -117.7040087,34.7615912,0 -117.703885,34.7616287,0 -117.7031687,34.7614545,0 -117.7024095,34.7614769,0 -117.7020296,34.7613906,0 -117.700656,34.7614735,0 -117.6996759,34.761078,0 -117.6990025,34.7610583,0 -117.6985298,34.7611377,0 -117.6978796,34.7615525,0 -117.6975796,34.7616394,0 -117.6972169,34.7616236,0 -117.6961107,34.7610464,0 -117.6950428,34.7604137,0 -117.6944538,34.7601449,0 -117.6933885,34.7598728,0 -117.6926251,34.7599345,0 -117.6918455,34.7601252,0 -117.6911517,34.7602007,0 -117.6883399,34.7602883,0 -117.6875251,34.7604219,0 -117.6868325,34.7606407,0 -117.6847055,34.7616556,0 -117.6842911,34.7619302,0 -117.6834816,34.7627227,0 -117.683209,34.7631694,0 -117.6831236,34.7637832,0 -117.6830075,34.7639128,0 -117.6829696,34.7640527,0 -117.6830529,34.7642489,0 -117.6830646,34.7646068,0 -117.6828943,34.7650996,0 -117.6825724,34.765257,0 -117.6817906,34.7652943,0 -117.6816969,34.7654045,0 -117.6818095,34.7655381,0 -117.681913,34.7658142,0 -117.6822929,34.7661024,0 -117.6827312,34.7667297,0 -117.6826067,34.7668816,0 -117.6823503,34.7670527,0 -117.6820039,34.7670982,0 -117.6816998,34.7672469,0 -117.681464,34.7674796,0 -117.6813391,34.7675146,0 -117.6808187,34.7675931,0 -117.6795837,34.7673365,0 -117.6792875,34.767364,0 -117.6791599,34.7674394,0 -117.6791986,34.7680671,0 -117.6790471,34.7686482,0 -117.6786051,34.7695292,0 -117.6786488,34.7701011,0 -117.6781827,34.7702773,0 -117.6780712,34.7702469,0 -117.6773748,34.7696291,0 -117.6771483,34.7693357,0 -117.6768585,34.7692622,0 -117.6760265,34.7692258,0 -117.675174,34.7691276,0 -117.6747067,34.7687629,0 -117.6746528,34.7684568,0 -117.6742396,34.7680134,0 -117.6743453,34.7678965,0 -117.6740545,34.7674585,0 -117.6728443,34.7668182,0 -117.6716481,34.7663404,0 -117.6693662,34.7659568,0 -117.6669352,34.7652222,0 -117.6659169,34.764651,0 -117.6652875,34.7641374,0 -117.6642144,34.7628955,0 -117.6633463,34.7617595,0 -117.6620385,34.7604913,0 -117.6605998,34.7592131,0 -117.6592814,34.7572111,0 -117.6587845,34.7554073,0 -117.65879,34.7548393,0 -117.6583843,34.7542812,0 -117.6573603,34.7535735,0 -117.654047,34.752165,0 -117.6518789,34.7511577,0 -117.6481616,34.7493691,0 -117.647355,34.748813,0 -117.6455033,34.7487974,0 -117.64269,34.74815,0 -117.6405834,34.7470913,0 -117.6382652,34.746594,0 -117.6371846,34.7465233,0 -117.6357341,34.7465054,0 -117.6348074,34.7463829,0 -117.6332261,34.7453977,0 -117.6321955,34.7444649,0 -117.6309918,34.7430787,0 -117.6304101,34.7423345,0 -117.6300756,34.7416231,0 -117.6297801,34.7406397,0 -117.6297895,34.7398373,0 -117.6299977,34.7388174,0 -117.6300706,34.7362189,0 -117.6300163,34.7359544,0 -117.6297196,34.7353015,0 -117.6293182,34.7348404,0 -117.6291551,34.7339285,0 -117.6289609,34.7334973,0 -117.6281146,34.7327519,0 -117.6271691,34.7322038,0 -117.6261663,34.7321595,0 -117.6250513,34.7323329,0 -117.6230497,34.7321835,0 -117.6199113,34.732166,0 -117.6169004,34.7320731,0 -117.6128681,34.7314691,0 -117.6112994,34.7310755,0 -117.6096177,34.7305352,0 -117.6083044,34.7301655,0 -117.6068527,34.7299435,0 -117.6046605,34.7297251,0 -117.6034241,34.7294001,0 -117.6024471,34.7292298,0 -117.6015903,34.7291386,0 -117.6004769,34.728762,0 -117.5989685,34.7285617,0 -117.5977184,34.7284675,0 -117.5976132,34.7283247,0 -117.597565,34.7280557,0 -117.597372,34.7280067,0 -117.597138,34.7278342,0 -117.5968009,34.7277383,0 -117.5965755,34.7278092,0 -117.5963833,34.7281247,0 -117.5958928,34.7281231,0 -117.5952008,34.7278291,0 -117.5933142,34.7272652,0 -117.5930255,34.7277627,0 -117.5928604,34.7283438,0 -117.5928379,34.7288382,0 -117.5929119,34.7300844,0 -117.5928384,34.7307295,0 -117.5928662,34.7309765,0 -117.5934408,34.7312423,0 -117.5935764,34.7320046,0 -117.5931239,34.7324259,0 -117.5929028,34.7324592,0 -117.5927996,34.7325887,0 -117.5925625,34.7330967,0 -117.5921161,34.7337866,0 -117.5917547,34.7342038,0 -117.5913598,34.7348075,0 -117.5912755,34.7351518,0 -117.5908312,34.7361282,0 -117.5907294,34.7364583,0 -117.5907215,34.7377908,0 -117.590584,34.7379777,0 -117.5899708,34.7383938,0 -117.5897207,34.7390254,0 -117.5896776,34.739465,0 -117.5897999,34.7404005,0 -117.5897818,34.7411074,0 -117.5901161,34.7425577,0 -117.5903331,34.7437793,0 -117.5907302,34.7442931,0 -117.5912192,34.744711,0 -117.5918064,34.7448693,0 -117.5922004,34.7448464,0 -117.5922943,34.7449113,0 -117.592377,34.7455225,0 -117.5924821,34.7457904,0 -117.5926223,34.7458979,0 -117.5927935,34.7459055,0 -117.5928953,34.7458493,0 -117.5930982,34.7453723,0 -117.5934988,34.7452484,0 -117.5945585,34.7451741,0 -117.5951839,34.745364,0 -117.5956044,34.7456864,0 -117.5963132,34.7461027,0 -117.5973215,34.7468158,0 -117.5983038,34.7476604,0 -117.5990269,34.7486696,0 -117.600058,34.7498462,0 -117.6011603,34.7514444,0 -117.6019157,34.7522003,0 -117.6026358,34.7527876,0 -117.603391,34.7535153,0 -117.6043169,34.7542703,0 -117.605105,34.7548291,0 -117.6069186,34.7557766,0 -117.6080839,34.756643,0 -117.6092737,34.7576538,0 -117.6112467,34.7594828,0 -117.612256,34.7607531,0 -117.6131302,34.7621742,0 -117.6139572,34.7633704,0 -117.6148342,34.7651665,0 -117.6156674,34.767188,0 -117.617327,34.7702931,0 -117.6179291,34.7717905,0 -117.6180256,34.7725402,0 -117.6180296,34.7730654,0 -117.6178999,34.7739663,0 -117.618137,34.775278,0 -117.6194741,34.7777845,0 -117.6195953,34.7807706,0 -117.6200578,34.784598,0 -117.6200729,34.7858743,0 -117.6193009,34.7890597,0 -117.6189906,34.7908077,0 -117.617764,34.7938109,0 -117.6176964,34.7952254,0 -117.6178145,34.7964253,0 -117.6175479,34.7982562,0 -117.6175105,34.7992062,0 -117.6177987,34.800434,0 -117.6177927,34.8020334,0 -117.6178742,34.8026647,0 -117.6176357,34.80557,0 -117.6170229,34.8070616,0 -117.6167557,34.8073939,0 -117.6166936,34.8075937,0 -117.6167146,34.8091538,0 -117.616285,34.8104712,0 -117.6158127,34.8109362,0 -117.6153002,34.8116424,0 -117.615199,34.8120632,0 -117.6140308,34.8126593,0 -117.6138523,34.8131374,0 -117.6137545,34.8138822,0 -117.6131964,34.8149104,0 -117.6119167,34.8175872,0 -117.6118619,34.8180505,0 -117.6117455,34.8183288,0 -117.6111952,34.8192359,0 -117.610708,34.8210569,0 -117.6106413,34.8217019,0 -117.6106714,34.8231207,0 -117.6105455,34.8254235,0 -117.6101691,34.8262977,0 -117.6101058,34.8271264,0 -117.6101637,34.8277405,0 -117.6107862,34.8277732,0 -117.6120429,34.8280617,0 -117.6132679,34.8284806,0 -117.6145399,34.8285573,0 -117.6153703,34.8282499,0 -117.6169406,34.8278944,0 -117.6172047,34.8279871,0 -117.6176899,34.8284541,0 -117.6181685,34.8290221,0 -117.6190481,34.8294661,0 -117.6204991,34.8305631,0 -117.6217885,34.8311266,0 -117.6244294,34.8320536,0 -117.625892,34.8322196,0 -117.6277307,34.8326453,0 -117.62975,34.8329372,0 -117.630304,34.8331035,0 -117.6303512,34.8335106,0 -117.6300979,34.8340056,0 -117.6281153,34.8361655,0 -117.6274924,34.8374339,0 -117.6274024,34.8391916,0 -117.6277103,34.8412504,0 -117.6281846,34.8422636,0 -117.6289542,34.8432697,0 -117.6295509,34.8442883,0 -117.6297432,34.8451068,0 -117.6301944,34.8460988,0 -117.6312653,34.8473814,0 -117.6315031,34.8478779,0 -117.631839,34.8483788,0 -117.6324018,34.8487884,0 -117.632952,34.8490153,0 -117.6334221,34.8493398,0 -117.6338235,34.8499651,0 -117.6342565,34.8501057,0 -117.6365649,34.8504913,0 -117.6374978,34.8508768,0 -117.6378503,34.8514999,0 -117.6380016,34.8521951,0 -117.6382561,34.8528138,0 -117.6387297,34.8534625,0 -117.6391168,34.8543098,0 -117.6394142,34.8546469,0 -117.640261,34.8548464,0 -117.6414297,34.855384,0 -117.6423444,34.8556879,0 -117.6417883,34.8574248,0 -117.6418272,34.8583378,0 -117.642195,34.8591032,0 -117.6421565,34.8600735,0 -117.6423734,34.8608931,0 -117.6422238,34.8620609,0 -117.6418208,34.8625899,0 -117.6406095,34.8630831,0 -117.6395828,34.8633819,0 -117.6379935,34.8640204,0 -117.6366281,34.8649927,0 -117.6363218,34.8655462,0 -117.6356515,34.8664075,0 -117.6350118,34.8675536,0 -117.6342759,34.8682905,0 -117.633837,34.8686154,0 -117.6335128,34.8690667,0 -117.6332607,34.8695416,0 -117.6322242,34.8703664,0 -117.6320172,34.870904,0 -117.632003,34.8718753,0 -117.6321611,34.8732188,0 -117.6324164,34.8742021,0 -117.6329329,34.8757031,0 -117.6334179,34.8765548,0 -117.6336155,34.8772926,0 -117.6341272,34.8784897,0 -117.6346534,34.8794647,0 -117.6346542,34.8798292,0 -117.6343286,34.8803008,0 -117.6342362,34.8809649,0 -117.6344762,34.8818058,0 -117.6346525,34.8821173,0 -117.6349421,34.8825756,0 -117.6353568,34.882999,0 -117.6361343,34.8831346,0 -117.6369516,34.8834138,0 -117.6375856,34.8838671,0 -117.6383753,34.8845702,0 -117.638594,34.8849849,0 -117.6389295,34.8858705,0 -117.6396471,34.8865502,0 -117.6399113,34.8866429,0 -117.6409326,34.8868095,0 -117.642332,34.8868309,0 -117.6435322,34.8872687,0 -117.6449801,34.8888108,0 -117.6453857,34.8893755,0 -117.6463339,34.8902881,0 -117.6466726,34.8907486,0 -117.6468876,34.8915194,0 -117.646627,34.8922045,0 -117.6462782,34.8926548,0 -117.645066,34.8935328,0 -117.6435216,34.8938493,0 -117.6426919,34.8941366,0 -117.6417895,34.8947852,0 -117.6414499,34.8950942,0 -117.6394389,34.8961595,0 -117.6389421,34.8962387,0 -117.6381864,34.8961446,0 -117.6375366,34.8959336,0 -117.6367349,34.8954121,0 -117.6357599,34.895288,0 -117.6345341,34.8956184,0 -117.6337454,34.896029,0 -117.6329138,34.8967212,0 -117.6322108,34.8977025,0 -117.6321394,34.8980436,0 -117.6318811,34.8982346,0 -117.6315096,34.8982789,0 -117.6309227,34.8982327,0 -117.6294338,34.8984502,0 -117.6281782,34.8988603,0 -117.6244543,34.9005581,0 -117.6232813,34.90083,0 -117.6219786,34.9015822,0 -117.6201946,34.9033052,0 -117.6195072,34.9040442,0 -117.6182647,34.9050015,0 -117.617707,34.9052602,0 -117.6171083,34.9053956,0 -117.6160498,34.905794,0 -117.6148032,34.9060626,0 -117.6137733,34.9064016,0 -117.6120603,34.9062849,0 -117.6113337,34.9064956,0 -117.6104773,34.9071865,0 -117.6096844,34.9076575,0 -117.6089551,34.9079085,0 -117.6080635,34.9080106,0 -117.6069235,34.9077776,0 -117.6061525,34.9075408,0 -117.6032095,34.9070655,0 -117.6023477,34.9070879,0 -117.6003572,34.9078294,0 -117.5987972,34.9087521,0 -117.5967396,34.9101385,0 -117.5945893,34.9114398,0 -117.5939924,34.9119194,0 -117.5938526,34.9121764,0 -117.5934286,34.9126435,0 -117.5930469,34.9132136,0 -117.5924949,34.9145052,0 -117.5921013,34.9152571,0 -117.5919972,34.9157182,0 -117.5917932,34.9158305,0 -117.5914308,34.9157334,0 -117.5909605,34.9154086,0 -117.5907354,34.9150949,0 -117.5893318,34.9143842,0 -117.5882455,34.913708,0 -117.5872666,34.9128948,0 -117.5868176,34.912247,0 -117.586507,34.9121117,0 -117.5863314,34.9121646,0 -117.5862691,34.9123643,0 -117.5862378,34.9132133,0 -117.585899,34.9142511,0 -117.5854809,34.9150019,0 -117.5847811,34.9159223,0 -117.5839297,34.9165322,0 -117.5821155,34.9179495,0 -117.581859,34.9184848,0 -117.58174,34.9199171,0 -117.5815783,34.9201326,0 -117.5812801,34.92018,0 -117.5809276,34.920306,0 -117.5786784,34.9199636,0 -117.5783427,34.9199879,0 -117.5779863,34.9201744,0 -117.5776676,34.9201602,0 -117.5772328,34.9207887,0 -117.5772299,34.9215782,0 -117.5773344,34.9219775,0 -117.5770677,34.9223513,0 -117.576736,34.9225186,0 -117.576087,34.9226353,0 -117.5757012,34.922618,0 -117.5747246,34.9223375,0 -117.5736936,34.9224101,0 -117.5731316,34.9223349,0 -117.5728212,34.9224377,0 -117.5725609,34.9223927,0 -117.5717072,34.9221377,0 -117.5714154,34.9219579,0 -117.5709353,34.9218696,0 -117.5702611,34.921656,0 -117.5698291,34.9214532,0 -117.5692466,34.9210769,0 -117.5686553,34.9208336,0 -117.5679979,34.9206708,0 -117.5671703,34.9206336,0 -117.5665009,34.9206536,0 -117.5660884,34.9207685,0 -117.5651929,34.9211453,0 -117.5648836,34.9212314,0 -117.5641393,34.9212884,0 -117.563811,34.9212549,0 -117.5629751,34.920626,0 -117.5624996,34.9204076,0 -117.5617561,34.9199331,0 -117.5612716,34.9191604,0 -117.5610276,34.9188867,0 -117.5601838,34.9183795,0 -117.5594899,34.9181887,0 -117.5581978,34.9180838,0 -117.5572746,34.917742,0 -117.556677,34.9178184,0 -117.5559555,34.9177015,0 -117.5555766,34.9175718,0 -117.5546392,34.9174452,0 -117.5543789,34.9172458,0 -117.5541678,34.9169923,0 -117.5534732,34.9166419,0 -117.552347,34.9164411,0 -117.5520276,34.9164455,0 -117.5516068,34.9166049,0 -117.5514814,34.9167776,0 -117.5510956,34.9170982,0 -117.5508729,34.9171914,0 -117.5502992,34.9172501,0 -117.5491739,34.9172088,0 -117.5487958,34.9172387,0 -117.5485283,34.9173206,0 -117.548317,34.9174143,0 -117.5482061,34.9175407,0 -117.5480926,34.9182208,0 -117.5477242,34.9184483,0 -117.5475028,34.9185228,0 -117.5472157,34.9185568,0 -117.5467277,34.9185254,0 -117.5462677,34.9185892,0 -117.5452165,34.9182884,0 -117.5451244,34.9183031,0 -117.5446879,34.9185274,0 -117.5437023,34.9187834,0 -117.5430974,34.919141,0 -117.5428761,34.9193844,0 -117.5423605,34.9194269,0 -117.5418573,34.9192822,0 -117.5411011,34.9191731,0 -117.5405735,34.9192244,0 -117.5402682,34.9193608,0 -117.5396453,34.9194735,0 -117.539363,34.9192637,0 -117.5388863,34.9190639,0 -117.5384069,34.9187325,0 -117.5382144,34.9187145,0 -117.5378775,34.9188119,0 -117.5374289,34.9190451,0 -117.5372327,34.9190832,0 -117.5358661,34.9188995,0 -117.5354533,34.9189372,0 -117.5346848,34.9191841,0 -117.5341269,34.9191777,0 -117.5328086,34.9192966,0 -117.532365,34.9194549,0 -117.5321132,34.9194717,0 -117.5319151,34.9195378,0 -117.5317478,34.9194834,0 -117.531653,34.9193665,0 -117.5313207,34.9183659,0 -117.5305793,34.9178632,0 -117.5304195,34.9176964,0 -117.5302671,34.9174173,0 -117.5300524,34.9172199,0 -117.5299764,34.9169912,0 -117.5298393,34.9168255,0 -117.5296601,34.9167798,0 -117.5295206,34.9168205,0 -117.5292235,34.9170041,0 -117.5285011,34.9172437,0 -117.5280798,34.9175814,0 -117.5277492,34.9177541,0 -117.5271119,34.9179131,0 -117.5267492,34.9180562,0 -117.5263749,34.9180299,0 -117.5261407,34.9179537,0 -117.5258458,34.917762,0 -117.5252607,34.9169659,0 -117.5249961,34.916832,0 -117.5244188,34.9162615,0 -117.5240904,34.9160589,0 -117.523954,34.9158838,0 -117.5239406,34.9157424,0 -117.524206,34.9153508,0 -117.5242624,34.9148465,0 -117.5240212,34.9140191,0 -117.5240417,34.9128561,0 -117.5239518,34.9124954,0 -117.5237971,34.9124227,0 -117.5233679,34.9123658,0 -117.5227868,34.9125366,0 -117.5224448,34.9125399,0 -117.5217884,34.9124727,0 -117.5213901,34.9122951,0 -117.5211926,34.9123519,0 -117.5210383,34.9125537,0 -117.5204647,34.9128446,0 -117.5201511,34.9129336,0 -117.5195321,34.9129901,0 -117.5191186,34.9128682,0 -117.5189014,34.9127082,0 -117.5186733,34.9123693,0 -117.5185232,34.9117149,0 -117.5183525,34.9115678,0 -117.5177474,34.9113889,0 -117.517046,34.9109723,0 -117.5166622,34.9109174,0 -117.5163877,34.9109331,0 -117.5159442,34.9110914,0 -117.5156709,34.9110884,0 -117.5154267,34.9109929,0 -117.51533,34.910904,0 -117.5151379,34.9105387,0 -117.5150544,34.9102533,0 -117.5144621,34.9097384,0 -117.5143162,34.9095347,0 -117.5142217,34.9089016,0 -117.5141484,34.9088044,0 -117.5139458,34.9087671,0 -117.5134782,34.9087741,0 -117.5130668,34.908793,0 -117.5126743,34.9088691,0 -117.5124023,34.9088474,0 -117.512117,34.9086843,0 -117.5120531,34.9084467,0 -117.5119464,34.9083386,0 -117.511254,34.908129,0 -117.5109679,34.9078063,0 -117.5108188,34.90748,0 -117.5108656,34.9067786,0 -117.510705,34.9062832,0 -117.5101555,34.9056389,0 -117.5098238,34.9049762,0 -117.5086417,34.9045942,0 -117.5080142,34.9042654,0 -117.5074113,34.9037406,0 -117.5070854,34.9033316,0 -117.5066864,34.9029944,0 -117.5065198,34.9029305,0 -117.506393,34.902953,0 -117.5063375,34.9031006,0 -117.5063301,34.9033819,0 -117.5062338,34.9037998,0 -117.5059918,34.9041831,0 -117.505684,34.9043568,0 -117.5048757,34.9045173,0 -117.5044637,34.9045455,0 -117.5042183,34.9046376,0 -117.5039879,34.9046687,0 -117.50373,34.9046332,0 -117.5027498,34.9048032,0 -117.5024927,34.9047558,0 -117.5020576,34.9043429,0 -117.5016939,34.9041596,0 -117.5008134,34.9034883,0 -117.5005474,34.9033571,0 -117.4996681,34.9033172,0 -117.499471,34.9032368,0 -117.499366,34.9030772,0 -117.499362,34.9029221,0 -117.4991039,34.9026722,0 -117.498638,34.902467,0 -117.4984197,34.9022836,0 -117.4983265,34.9017783,0 -117.4981683,34.9015949,0 -117.4979807,34.9014019,0 -117.4975417,34.90117,0 -117.4975232,34.9010975,0 -117.4976574,34.9008393,0 -117.4974786,34.9003827,0 -117.4972151,34.9002159,0 -117.4967714,34.9001481,0 -117.4961364,34.9001312,0 -117.4960443,34.9002104,0 -117.4957143,34.9001716,0 -117.4952522,34.8999481,0 -117.4948724,34.8995735,0 -117.4948443,34.8993459,0 -117.4949362,34.8990522,0 -117.4947113,34.898351,0 -117.4950358,34.8979966,0 -117.4949853,34.8978871,0 -117.4942052,34.897661,0 -117.4939473,34.8976255,0 -117.4935245,34.8976778,0 -117.4933131,34.8975967,0 -117.4926801,34.8969008,0 -117.4914689,34.8959881,0 -117.4902211,34.8954073,0 -117.4895164,34.8953514,0 -117.4893065,34.8952465,0 -117.4890349,34.8947696,0 -117.4885712,34.8945699,0 -117.4882709,34.8945205,0 -117.4870682,34.894561,0 -117.4868441,34.8948844,0 -117.4866063,34.8949808,0 -117.4860554,34.8950034,0 -117.4857954,34.8951186,0 -117.4851972,34.8955123,0 -117.485078,34.8957808,0 -117.4850011,34.8958488,0 -117.4848994,34.8958561,0 -117.4842131,34.8957414,0 -117.4832152,34.8951004,0 -117.4822422,34.8949489,0 -117.4812685,34.8950237,0 -117.4807777,34.8950132,0 -117.4799632,34.8948689,0 -117.4796141,34.8946863,0 -117.4792561,34.8946342,0 -117.478823,34.8948408,0 -117.4786957,34.8950137,0 -117.478498,34.8951595,0 -117.4782369,34.8951715,0 -117.4773337,34.8950588,0 -117.4769846,34.8950906,0 -117.4764946,34.8952827,0 -117.4761743,34.8953157,0 -117.4759324,34.895257,0 -117.4751727,34.8947051,0 -117.474366,34.8944709,0 -117.4736524,34.8941167,0 -117.4735595,34.8939934,0 -117.4735818,34.8936609,0 -117.4734377,34.8934399,0 -117.4730973,34.893341,0 -117.472657,34.89344,0 -117.4719924,34.8934335,0 -117.4717024,34.8932297,0 -117.4716479,34.8929651,0 -117.4716487,34.8927389,0 -117.4718712,34.8924393,0 -117.4718803,34.892108,0 -117.4712,34.8916701,0 -117.4705385,34.8909729,0 -117.4701461,34.8907882,0 -117.4698154,34.8905468,0 -117.469395,34.8901345,0 -117.4689513,34.8898522,0 -117.4685589,34.8896675,0 -117.4677238,34.8896175,0 -117.467209,34.8895344,0 -117.4666853,34.8893676,0 -117.4662081,34.8891552,0 -117.4660759,34.8889705,0 -117.4659565,34.8881669,0 -117.4659725,34.8879294,0 -117.4662798,34.8874432,0 -117.466311,34.8871944,0 -117.4661957,34.8869748,0 -117.4652716,34.8860987,0 -117.4648696,34.8854133,0 -117.4646012,34.8846744,0 -117.4645684,34.8842758,0 -117.4642874,34.8837194,0 -117.4639674,34.8834049,0 -117.4637834,34.8830967,0 -117.4637254,34.8826067,0 -117.4636322,34.8823026,0 -117.4634091,34.8818988,0 -117.4631445,34.8810995,0 -117.4622349,34.8800833,0 -117.4618443,34.8798031,0 -117.460989,34.8793329,0 -117.4603704,34.879061,0 -117.4599345,34.8784413,0 -117.4599131,34.8780842,0 -117.4600075,34.8776949,0 -117.4599848,34.8773565,0 -117.4598664,34.8770887,0 -117.4600414,34.8765157,0 -117.4598297,34.8759438,0 -117.4598058,34.875624,0 -117.4597112,34.8753386,0 -117.459851,34.8749514,0 -117.4600423,34.8737981,0 -117.4600498,34.8733486,0 -117.4599982,34.8731026,0 -117.4598344,34.8728327,0 -117.4593847,34.8724186,0 -117.4593482,34.8722857,0 -117.4595874,34.8721092,0 -117.4593733,34.8715746,0 -117.4592006,34.8713022,0 -117.4587786,34.8713345,0 -117.4584299,34.8711618,0 -117.4582925,34.8709986,0 -117.4582538,34.8707531,0 -117.4585495,34.8703324,0 -117.4585855,34.8701072,0 -117.4586211,34.8698,0 -117.4585329,34.8691934,0 -117.4582822,34.8688633,0 -117.4575819,34.8681191,0 -117.4573791,34.8677537,0 -117.4567896,34.867052,0 -117.4566724,34.8667655,0 -117.4562505,34.866615,0 -117.4557757,34.8665745,0 -117.4553273,34.8664791,0 -117.4550641,34.8663358,0 -117.4547164,34.8657577,0 -117.4540212,34.8649387,0 -117.4533373,34.8642889,0 -117.452734,34.8641301,0 -117.4519519,34.8635882,0 -117.4514242,34.8633204,0 -117.4512806,34.8630889,0 -117.450428,34.862244,0 -117.4499457,34.8619783,0 -117.4486233,34.8610181,0 -117.4481825,34.8608105,0 -117.4473161,34.8605084,0 -117.4459913,34.8602603,0 -117.445378,34.8599135,0 -117.4448806,34.8595347,0 -117.4441061,34.859218,0 -117.4425597,34.8588847,0 -117.4418608,34.8587965,0 -117.4413734,34.8589428,0 -117.4407563,34.8593269,0 -117.4399201,34.859251,0 -117.4391343,34.8594399,0 -117.4382024,34.8594346,0 -117.437161,34.8593681,0 -117.4358563,34.8591583,0 -117.4346248,34.8588768,0 -117.4338944,34.8585809,0 -117.4322153,34.8586863,0 -117.4309297,34.8586803,0 -117.4302183,34.858751,0 -117.4291755,34.8587547,0 -117.4281149,34.8585401,0 -117.4273198,34.8584337,0 -117.4248201,34.8584016,0 -117.4237854,34.8583398,0 -117.422849,34.8581628,0 -117.4220325,34.8581567,0 -117.4202644,34.8581983,0 -117.4188117,34.8583568,0 -117.4173891,34.8588037,0 -117.416421,34.8587796,0 -117.4157312,34.8586863,0 -117.4146477,34.8581651,0 -117.4134471,34.8579048,0 -117.4122051,34.8578885,0 -117.4108033,34.8580289,0 -117.4099083,34.8580286,0 -117.4077121,34.8577838,0 -117.4062268,34.856957,0 -117.4055453,34.8567411,0 -117.4048541,34.8566682,0 -117.4042676,34.8565182,0 -117.4037583,34.8563307,0 -117.4033522,34.8560866,0 -117.4031597,34.8556268,0 -117.4029299,34.8553498,0 -117.4023821,34.8549966,0 -117.4020365,34.8549601,0 -117.4017708,34.8548454,0 -117.4012999,34.8548236,0 -117.4008608,34.8547009,0 -117.4004135,34.8543318,0 -117.3998175,34.8539559,0 -117.399497,34.8535517,0 -117.3993677,34.8532588,0 -117.3993693,34.8528695,0 -117.3992841,34.8526607,0 -117.399046,34.8525062,0 -117.3987032,34.8524289,0 -117.3980794,34.8524615,0 -117.3968776,34.8522216,0 -117.3960628,34.851774,0 -117.3959213,34.8512961,0 -117.3956776,34.8512234,0 -117.395427,34.8512528,0 -117.3951104,34.8511562,0 -117.3949453,34.8510256,0 -117.3949471,34.8502674,0 -117.3948001,34.8498712,0 -117.3942111,34.8493931,0 -117.3927562,34.8488545,0 -117.3919854,34.8484909,0 -117.3912779,34.8482942,0 -117.3897896,34.8482459,0 -117.3889125,34.8483487,0 -117.3879776,34.8485719,0 -117.3868841,34.8489311,0 -117.3856584,34.8494072,0 -117.3845759,34.8499719,0 -117.3837787,34.8499964,0 -117.3833382,34.8498941,0 -117.3825023,34.8501218,0 -117.3823288,34.8501137,0 -117.3819655,34.8499739,0 -117.3813242,34.8495343,0 -117.381045,34.849255,0 -117.3809063,34.8487362,0 -117.3809189,34.8485523,0 -117.3807635,34.8482787,0 -117.3804787,34.8480811,0 -117.3804169,34.8478938,0 -117.3804818,34.8476713,0 -117.3803704,34.8474817,0 -117.3797648,34.8472487,0 -117.3791209,34.84685,0 -117.3786102,34.8466829,0 -117.3782647,34.8466464,0 -117.3780005,34.8465111,0 -117.3768072,34.8461484,0 -117.3756083,34.8458674,0 -117.3748691,34.8457716,0 -117.3738915,34.8458902,0 -117.3732096,34.8464118,0 -117.3726807,34.8466145,0 -117.3722282,34.8462228,0 -117.3721528,34.845871,0 -117.3719549,34.8454929,0 -117.3717458,34.8452782,0 -117.3713577,34.8451373,0 -117.3712202,34.8449669,0 -117.3707747,34.844055,0 -117.3705678,34.843827,0 -117.3699131,34.8434821,0 -117.3695705,34.8432215,0 -117.3694158,34.8430046,0 -117.3694201,34.8427864,0 -117.3693106,34.8425279,0 -117.3691024,34.8423173,0 -117.3690222,34.8420951,0 -117.3690547,34.8419306,0 -117.3686632,34.8413008,0 -117.3682701,34.8411603,0 -117.3681664,34.8409719,0 -117.3682106,34.8407905,0 -117.3680793,34.8405398,0 -117.3675092,34.8401987,0 -117.3673638,34.8399998,0 -117.3671316,34.8398317,0 -117.3666593,34.8396088,0 -117.3665052,34.8393832,0 -117.3662207,34.839204,0 -117.366046,34.8389687,0 -117.3658032,34.8388001,0 -117.3657424,34.8386051,0 -117.3653249,34.8382013,0 -117.3650309,34.8378171,0 -117.3648376,34.837671,0 -117.3647283,34.8373763,0 -117.3647418,34.8371788,0 -117.3642845,34.8368375,0 -117.3637515,34.8365231,0 -117.3634385,34.8362342,0 -117.3633692,34.8358957,0 -117.3632353,34.8356913,0 -117.3624861,34.8355651,0 -117.3619346,34.8352498,0 -117.3618274,34.8349248,0 -117.3618656,34.834637,0 -117.3621683,34.8339957,0 -117.362187,34.8337222,0 -117.3620736,34.8334883,0 -117.3614536,34.8330937,0 -117.3612112,34.8328538,0 -117.3610265,34.8323118,0 -117.3607626,34.8321166,0 -117.3603209,34.8315474,0 -117.3602301,34.8312536,0 -117.3596533,34.8307695,0 -117.3596416,34.8301288,0 -117.3584184,34.8290965,0 -117.358216,34.8288128,0 -117.3578484,34.8279726,0 -117.3574711,34.8275436,0 -117.3570692,34.8272048,0 -117.3566621,34.826942,0 -117.3561823,34.8266606,0 -117.3552329,34.8262201,0 -117.3550427,34.8260284,0 -117.3546877,34.8258137,0 -117.3535938,34.8255951,0 -117.3523172,34.8248041,0 -117.3513237,34.8244682,0 -117.3510066,34.8242401,0 -117.3509732,34.8239185,0 -117.350865,34.8236086,0 -117.3506279,34.8232927,0 -117.3496346,34.8226103,0 -117.3490009,34.8225551,0 -117.3487011,34.8226181,0 -117.3484522,34.8226193,0 -117.3478103,34.82291,0 -117.3473488,34.8228372,0 -117.3470192,34.8226551,0 -117.3468642,34.8226479,0 -117.3466738,34.8227031,0 -117.3464576,34.8226802,0 -117.346233,34.8225544,0 -117.3460438,34.822366,0 -117.3457241,34.8218125,0 -117.3450102,34.8217921,0 -117.3447063,34.8216881,0 -117.3445127,34.8215637,0 -117.3441629,34.820996,0 -117.3439427,34.8208062,0 -117.3433797,34.8206261,0 -117.3432352,34.8204654,0 -117.3430089,34.8203651,0 -117.3428056,34.8203813,0 -117.3425913,34.8203328,0 -117.3424871,34.8202638,0 -117.3418932,34.8200822,0 -117.3412103,34.8193836,0 -117.3411141,34.8191996,0 -117.3409626,34.8191412,0 -117.340595,34.8190599,0 -117.3404356,34.8191166,0 -117.3400718,34.819433,0 -117.3396823,34.8196713,0 -117.3387365,34.819858,0 -117.338552,34.8200546,0 -117.3379671,34.8201939,0 -117.3374685,34.8202091,0 -117.337243,34.820096,0 -117.3368571,34.8201177,0 -117.3366192,34.8200623,0 -117.3361407,34.8195969,0 -117.3344658,34.8193414,0 -117.3334334,34.8190824,0 -117.3325718,34.8187936,0 -117.3317107,34.8185959,0 -117.3300105,34.8182184,0 -117.3291719,34.8181297,0 -117.327472,34.817825,0 -117.3261469,34.8174465,0 -117.3255287,34.8173208,0 -117.3228366,34.8171279,0 -117.3212695,34.8169137,0 -117.3198796,34.816881,0 -117.3181596,34.8170492,0 -117.3175865,34.8171781,0 -117.3149867,34.8180581,0 -117.3132246,34.8187722,0 -117.3119696,34.8194304,0 -117.3109799,34.8202334,0 -117.3081637,34.82226,0 -117.3074813,34.8226802,0 -117.30594,34.8234846,0 -117.3041131,34.8246353,0 -117.302285,34.8254768,0 -117.3008969,34.8259714,0 -117.299575,34.8265023,0 -117.298605,34.8267048,0 -117.2978332,34.8268159,0 -117.297061,34.8267995,0 -117.2961779,34.826638,0 -117.2954489,34.826385,0 -117.2948301,34.8260954,0 -117.2946308,34.8258776,0 -117.293636,34.825316,0 -117.2927747,34.8250816,0 -117.2916936,34.825066,0 -117.290282,34.8251785,0 -117.2843052,34.8257748,0 -117.282132,34.8260804,0 -117.2800156,34.8265355,0 -117.2789735,34.8266471,0 -117.2773355,34.8266918,0 -117.276061,34.8265855,0 -117.2738589,34.8261811,0 -117.2711606,34.8258188,0 -117.2687113,34.8257287,0 -117.2675367,34.8257995,0 -117.2668918,34.8259237,0 -117.2661314,34.8261573,0 -117.2655534,34.8265134,0 -117.264795,34.827361,0 -117.2644655,34.8278393,0 -117.2633435,34.8288378,0 -117.2628817,34.8293164,0 -117.2624039,34.8299724,0 -117.262156,34.8300684,0 -117.2616599,34.830165,0 -117.2611806,34.8303707,0 -117.2605467,34.8307183,0 -117.2603607,34.8307699,0 -117.260187,34.8307805,0 -117.2595784,34.8306487,0 -117.2594051,34.8307719,0 -117.2588607,34.8313052,0 -117.2585767,34.831797,0 -117.2578095,34.8325252,0 -117.2569212,34.8342157,0 -117.2562758,34.8347249,0 -117.2559882,34.8350248,0 -117.2554679,34.8353483,0 -117.2553005,34.8353947,0 -117.254695,34.8352578,0 -117.2538281,34.8348835,0 -117.2537167,34.8349605,0 -117.253355,34.8354141,0 -117.2533842,34.8358285,0 -117.2532372,34.8364658,0 -117.2536307,34.8372863,0 -117.2541533,34.8377227,0 -117.2546776,34.8379285,0 -117.2542935,34.8381737,0 -117.2538767,34.8384005,0 -117.2531836,34.8385918,0 -117.2529959,34.8385549,0 -117.2527002,34.8383111,0 -117.2517817,34.8380322,0 -117.2511369,34.837727,0 -117.2499902,34.8376547,0 -117.2485974,34.8373992,0 -117.2482385,34.8374967,0 -117.2487852,34.8382436,0 -117.2490691,34.8393908,0 -117.2490447,34.8411903,0 -117.2487612,34.842644,0 -117.2483543,34.8432582,0 -117.2477718,34.8437808,0 -117.2464964,34.8446705,0 -117.2459162,34.8451598,0 -117.2452004,34.8461429,0 -117.2451109,34.8465554,0 -117.2448393,34.8472594,0 -117.2446935,34.8473192,0 -117.2437536,34.847458,0 -117.2433036,34.8476277,0 -117.2428816,34.8479377,0 -117.24251,34.8483951,0 -117.2426118,34.8490376,0 -117.2424463,34.8493799,0 -117.2424099,34.8496115,0 -117.242461,34.8497473,0 -117.2428351,34.8501819,0 -117.2429364,34.8504702,0 -117.2428643,34.8506335,0 -117.2427352,34.850744,0 -117.2417979,34.851133,0 -117.2414231,34.8518654,0 -117.2412064,34.8520719,0 -117.2405796,34.8523589,0 -117.2400184,34.8528657,0 -117.2396617,34.8530488,0 -117.2390892,34.8531383,0 -117.2372041,34.8531987,0 -117.2366051,34.8530869,0 -117.2359954,34.8528412,0 -117.2357333,34.8528287,0 -117.2348728,34.8538548,0 -117.2337056,34.8542232,0 -117.2338552,34.8545233,0 -117.2344959,34.8549039,0 -117.2347646,34.8554002,0 -117.2351433,34.8557683,0 -117.2353197,34.8564269,0 -117.2352371,34.8567397,0 -117.2335062,34.8577744,0 -117.2328041,34.8585579,0 -117.2327521,34.8587222,0 -117.2325102,34.8588238,0 -117.2326862,34.8590858,0 -117.2329165,34.8592635,0 -117.233027,34.8594188,0 -117.2330607,34.8598039,0 -117.2331952,34.8601937,0 -117.2340114,34.8616795,0 -117.2336599,34.8619331,0 -117.233411,34.8620213,0 -117.2330102,34.8619688,0 -117.2325961,34.8618158,0 -117.2319956,34.8614371,0 -117.2315816,34.861284,0 -117.2308237,34.8611312,0 -117.2301104,34.8606304,0 -117.2290474,34.860213,0 -117.2283372,34.8602459,0 -117.2280964,34.8602178,0 -117.22782,34.8601212,0 -117.2276704,34.8599474,0 -117.2275119,34.859323,0 -117.2271937,34.8589577,0 -117.2267619,34.8587704,0 -117.2261027,34.8586324,0 -117.2259034,34.858471,0 -117.2256683,34.8580692,0 -117.2247738,34.8573105,0 -117.2237566,34.8571752,0 -117.2229275,34.8569838,0 -117.2226036,34.8570985,0 -117.2219092,34.857239,0 -117.221391,34.8574964,0 -117.2200593,34.857715,0 -117.2194558,34.8579172,0 -117.2192632,34.8580223,0 -117.2189613,34.858079,0 -117.2184944,34.858086,0 -117.2177437,34.8580034,0 -117.2174652,34.8579168,0 -117.2166826,34.8578144,0 -117.2151951,34.8580038,0 -117.2147893,34.858158,0 -117.2145148,34.8583185,0 -117.2140566,34.8584703,0 -117.213398,34.8588511,0 -117.2122857,34.8593188,0 -117.2118971,34.8596041,0 -117.2108666,34.8600323,0 -117.2089329,34.8602003,0 -117.2078153,34.859995,0 -117.2054748,34.8592104,0 -117.2046352,34.8591702,0 -117.2042233,34.8594109,0 -117.2038385,34.8598564,0 -117.2035113,34.8601272,0 -117.2031522,34.8607765,0 -117.2012553,34.8628338,0 -117.2002411,34.8637815,0 -117.1987422,34.8646969,0 -117.1974238,34.8649483,0 -117.1961456,34.8652747,0 -117.1954581,34.8657624,0 -117.1950991,34.8664657,0 -117.1942495,34.8677644,0 -117.1932678,34.8686579,0 -117.1921543,34.8693083,0 -117.1905547,34.8699321,0 -117.1896198,34.8704949,0 -117.1890053,34.8713324,0 -117.188454,34.8715698,0 -117.1869977,34.8718813,0 -117.186202,34.8714277,0 -117.185627,34.8709555,0 -117.1853392,34.8705739,0 -117.1848734,34.869574,0 -117.184873,34.8693921,0 -117.1839447,34.8688659,0 -117.1835913,34.8687755,0 -117.1828628,34.8687584,0 -117.182267,34.868832,0 -117.1815171,34.8691243,0 -117.1806131,34.8695804,0 -117.1781428,34.8705119,0 -117.1760924,34.8717156,0 -117.1752332,34.8725174,0 -117.174265,34.8739742,0 -117.1736476,34.874339,0 -117.1726638,34.875413,0 -117.1724978,34.8757016,0 -117.1724274,34.8761113,0 -117.1715286,34.8769945,0 -117.1708375,34.8779604,0 -117.1697064,34.8793476,0 -117.1684753,34.8805523,0 -117.1679303,34.881249,0 -117.1675676,34.8820136,0 -117.1674525,34.8824095,0 -117.1674694,34.8825868,0 -117.1673212,34.8829691,0 -117.1670234,34.8831196,0 -117.1667254,34.8831473,0 -117.1664271,34.8830249,0 -117.1662782,34.8830933,0 -117.1661967,34.8837074,0 -117.1659657,34.8841307,0 -117.1658513,34.8848677,0 -117.1651901,34.885469,0 -117.1646274,34.8856198,0 -117.1640043,34.8861324,0 -117.1636547,34.886347,0 -117.1629132,34.8870346,0 -117.1627092,34.8869187,0 -117.1620804,34.8871515,0 -117.1617989,34.8871518,0 -117.1608728,34.8877671,0 -117.160923,34.8880399,0 -117.1608405,34.8882311,0 -117.1608575,34.8884493,0 -117.1609574,34.8887358,0 -117.1607892,34.8888156,0 -117.1594455,34.8904365,0 -117.158675,34.8916019,0 -117.1579023,34.8916757,0 -117.1572403,34.8918948,0 -117.1565129,34.8925507,0 -117.156271,34.8930786,0 -117.1560066,34.8933337,0 -117.1556536,34.8935342,0 -117.1553672,34.8938439,0 -117.1553679,34.8942441,0 -117.1548823,34.8943175,0 -117.1544191,34.8946092,0 -117.1532494,34.8948836,0 -117.1510646,34.8955777,0 -117.1492995,34.8963439,0 -117.1469389,34.8975294,0 -117.1453509,34.8986047,0 -117.1444031,34.8995882,0 -117.1437423,34.9005168,0 -117.1432145,34.901791,0 -117.142906,34.9021916,0 -117.1425753,34.9024649,0 -117.1415374,34.9027467,0 -117.1411625,34.90302,0 -117.1409862,34.9032204,0 -117.1401696,34.9034942,0 -117.1389995,34.9036957,0 -117.1381387,34.9040059,0 -117.1375652,34.9043523,0 -117.1368809,34.9045714,0 -117.1358873,34.9046634,0 -117.1357549,34.9047364,0 -117.1353365,34.9054282,0 -117.1348948,34.9054286,0 -117.1339649,34.9062211,0 -117.1330535,34.9071196,0 -117.1321713,34.9078483,0 -117.1262562,34.9101347,0 -117.1251685,34.911373,0 -117.1240798,34.911932,0 -117.1237564,34.912272,0 -117.1234334,34.9128787,0 -117.1237873,34.913218,0 -117.1239939,34.9135574,0 -117.1239944,34.9138727,0 -117.1239063,34.9140183,0 -117.1239417,34.9146935,0 -117.1239038,34.9156314,0 -117.123748,34.9165049,0 -117.123552,34.9166668,0 -117.1234376,34.9189632,0 -117.1225032,34.9243655,0 -117.1221115,34.9276662,0 -117.1218817,34.9286185,0 -117.1214594,34.9296345,0 -117.1208058,34.9307142,0 -117.1199974,34.9312545,0 -117.1188035,34.9317635,0 -117.118126,34.9321521,0 -117.1167419,34.9333212,0 -117.1159691,34.9337731,0 -117.1151959,34.9339596,0 -117.1146914,34.9340107,0 -117.1139483,34.9340562,0 -117.1135675,34.9339968,0 -117.112028,34.9333395,0 -117.1115511,34.9325562,0 -117.1115371,34.9322875,0 -117.1109521,34.9319969,0 -117.1107074,34.9319636,0 -117.1103809,34.9318407,0 -117.1101224,34.9316842,0 -117.1099726,34.9315164,0 -117.1095236,34.9312592,0 -117.1088573,34.9311031,0 -117.1087761,34.9313831,0 -117.1085725,34.9316632,0 -117.1082601,34.931921,0 -117.1079478,34.9321564,0 -117.1076352,34.9322798,0 -117.1073634,34.9323248,0 -117.107132,34.9321683,0 -117.1065057,34.9314635,0 -117.1062882,34.931486,0 -117.1058126,34.9316768,0 -117.1054728,34.9317331,0 -117.1051737,34.9316886,0 -117.1043848,34.9314317,0 -117.103338,34.9314438,0 -117.1029299,34.9312986,0 -117.1020456,34.9308179,0 -117.1016512,34.9307063,0 -117.1014064,34.9305721,0 -117.1011614,34.9303484,0 -117.1010932,34.9302141,0 -117.1010795,34.9301021,0 -117.101188,34.9299117,0 -117.101215,34.9297437,0 -117.1011604,34.929587,0 -117.1010108,34.92952,0 -117.1007606,34.9292305,0 -117.1003116,34.9289033,0 -117.0997917,34.9290297,0 -117.0995674,34.9290299,0 -117.0994144,34.9289377,0 -117.0993919,34.9286256,0 -117.0992966,34.9285249,0 -117.098631,34.9289509,0 -117.0981826,34.9291416,0 -117.0980058,34.9291305,0 -117.0978971,34.9291978,0 -117.0977479,34.9294331,0 -117.0972857,34.9299128,0 -117.0962678,34.93056,0 -117.0957937,34.931053,0 -117.094965,34.9316835,0 -117.09448,34.9318921,0 -117.0937394,34.9326043,0 -117.0935243,34.9329809,0 -117.093401,34.9333878,0 -117.0922158,34.9341816,0 -117.0917673,34.9347532,0 -117.0913264,34.9347833,0 -117.0910232,34.9350782,0 -117.0909128,34.9353051,0 -117.0905693,34.9352883,0 -117.0897024,34.9351428,0 -117.0891385,34.935141,0 -117.0883668,34.935413,0 -117.0881903,34.9356883,0 -117.0874665,34.9357303,0 -117.0871286,34.9356364,0 -117.0865689,34.9351835,0 -117.0863272,34.9351638,0 -117.0858439,34.9352238,0 -117.0849978,34.9351647,0 -117.0818583,34.9348061,0 -117.0811513,34.9347916,0 -117.0804263,34.9348667,0 -117.0796829,34.9347926,0 -117.0793203,34.9346883,0 -117.0788452,34.9340445,0 -117.0786047,34.9339037,0 -117.078434,34.9336631,0 -117.0782176,34.933188,0 -117.0778284,34.9329367,0 -117.0775124,34.9329729,0 -117.0771761,34.9332919,0 -117.0767278,34.9334248,0 -117.0760427,34.9333655,0 -117.0752843,34.9330187,0 -117.074692,34.9329832,0 -117.0740006,34.9330531,0 -117.0745499,34.933743,0 -117.0746681,34.9341756,0 -117.0754129,34.9355797,0 -117.0761141,34.936285,0 -117.0764903,34.9367163,0 -117.0768023,34.9371703,0 -117.0767819,34.9374531,0 -117.0765979,34.9378312,0 -117.0766362,34.9381686,0 -117.0768032,34.9384606,0 -117.0772493,34.9387921,0 -117.0774512,34.9390342,0 -117.0766167,34.9397418,0 -117.0756202,34.9409575,0 -117.0751499,34.9409603,0 -117.0743469,34.9412306,0 -117.0742198,34.9416889,0 -117.0750382,34.9429418,0 -117.0760143,34.9446154,0 -117.0758865,34.945951,0 -117.0760093,34.9464215,0 -117.0757734,34.9472479,0 -117.0760141,34.9476766,0 -117.0760682,34.9479537,0 -117.0762815,34.9482489,0 -117.0763132,34.9484944,0 -117.0761639,34.9486803,0 -117.075817,34.9488667,0 -117.0748838,34.9491362,0 -117.0745883,34.9492946,0 -117.0737624,34.9492745,0 -117.0731376,34.9493761,0 -117.0719094,34.9499667,0 -117.0713271,34.9503347,0 -117.070653,34.9506067,0 -117.0702249,34.9508908,0 -117.0693432,34.9510963,0 -117.0685074,34.9514554,0 -117.0672049,34.9521084,0 -117.0662179,34.9528769,0 -117.0654149,34.953621,0 -117.0644044,34.9541549,0 -117.063673,34.9544691,0 -117.0625405,34.9547303,0 -117.0616443,34.954803,0 -117.0602055,34.9550992,0 -117.0589173,34.9555527,0 -117.0572467,34.9562542,0 -117.0551589,34.9574019,0 -117.0545314,34.9582379,0 -117.0541733,34.9589872,0 -117.0536135,34.9597265,0 -117.0529405,34.9609104,0 -117.0524972,34.9614387,0 -117.0521108,34.9620198,0 -117.0519714,34.9625464,0 -117.0517608,34.9629362,0 -117.0515208,34.9631744,0 -117.0512805,34.9636961,0 -117.0506854,34.9640836,0 -117.0504206,34.9641039,0 -117.0500927,34.9644378,0 -117.0499761,34.9646488,0 -117.0499674,34.9650485,0 -117.0500526,34.9652694,0 -117.0502375,34.9655118,0 -117.0501496,34.9656075,0 -117.0496365,34.9656652,0 -117.0491588,34.9658333,0 -117.0488794,34.9658652,0 -117.0486183,34.9657976,0 -117.0483968,34.9657959,0 -117.0481377,34.965701,0 -117.0477763,34.966404,0 -117.0474094,34.9668786,0 -117.0471032,34.9669731,0 -117.0464256,34.9669945,0 -117.0459415,34.9670984,0 -117.0457427,34.9670886,0 -117.045673,34.9672859,0 -117.0457926,34.9677753,0 -117.0457827,34.9679117,0 -117.0455781,34.9684399,0 -117.0455609,34.9686763,0 -117.0457339,34.9690406,0 -117.046083,34.9694228,0 -117.0459323,34.9699719,0 -117.0458969,34.9703077,0 -117.0453211,34.9704527,0 -117.0448732,34.9706679,0 -117.0446282,34.9706832,0 -117.0442746,34.9708209,0 -117.0432378,34.9707516,0 -117.0429524,34.9708653,0 -117.0428535,34.9710064,0 -117.0426688,34.9711068,0 -117.0418622,34.9713773,0 -117.0417297,34.9713708,0 -117.0414712,34.9712668,0 -117.0408883,34.9709005,0 -117.0403829,34.9708391,0 -117.0402093,34.9709401,0 -117.0400629,34.9711245,0 -117.0400432,34.9712421,0 -117.0397555,34.9716932,0 -117.0396482,34.9717974,0 -117.0395111,34.9718444,0 -117.0395835,34.9720771,0 -117.0395606,34.9722402,0 -117.0393108,34.9724742,0 -117.0391662,34.9727864,0 -117.0391216,34.9730944,0 -117.0391789,34.973526,0 -117.0393479,34.9739449,0 -117.0393261,34.9742449,0 -117.0391518,34.9749662,0 -117.0391973,34.9754064,0 -117.0393231,34.975659,0 -117.0393843,34.976036,0 -117.039382,34.9768297,0 -117.0396015,34.97747,0 -117.0395933,34.9783455,0 -117.040056,34.9792989,0 -117.0410925,34.9802897,0 -117.0419253,34.9814894,0 -117.0419821,34.981775,0 -117.0418762,34.9823172,0 -117.0420296,34.9827992,0 -117.0418784,34.9832023,0 -117.0418445,34.9838211,0 -117.0420577,34.9842421,0 -117.042588,34.9847244,0 -117.0432874,34.9851694,0 -117.0441689,34.9853953,0 -117.0445748,34.9856069,0 -117.0447966,34.9859098,0 -117.0449538,34.9860361,0 -117.0450634,34.9862057,0 -117.045004,34.9864127,0 -117.045126,34.9865646,0 -117.0452747,34.9866541,0 -117.0454926,34.9870115,0 -117.0456276,34.9871367,0 -117.0458894,34.9871953,0 -117.0459836,34.9872729,0 -117.0464613,34.9877161,0 -117.0469415,34.988278,0 -117.0473709,34.9884725,0 -117.0481453,34.9886474,0 -117.0483901,34.9887872,0 -117.0489989,34.9894102,0 -117.0495278,34.9900658,0 -117.0499349,34.9904142,0 -117.0503741,34.9906078,0 -117.0505941,34.990754,0 -117.0506973,34.9909669,0 -117.05069,34.9911587,0 -117.0494392,34.9925065,0 -117.0489765,34.9930768,0 -117.0489346,34.9933485,0 -117.0491057,34.9937401,0 -117.0493263,34.9940611,0 -117.0494958,34.9941698,0 -117.0498655,34.9942701,0 -117.0501103,34.9944099,0 -117.0503875,34.9947155,0 -117.0504912,34.9949669,0 -117.0505567,34.9955906,0 -117.0506432,34.9956222,0 -117.0508141,34.9955576,0 -117.0511276,34.9953632,0 -117.0513408,34.9953281,0 -117.0516462,34.9953978,0 -117.0522967,34.9960593,0 -117.0523771,34.9961728,0 -117.0523834,34.9963921,0 -117.0524508,34.9965322,0 -117.0527423,34.9967367,0 -117.0530578,34.9968149,0 -117.0531641,34.9969457,0 -117.0531674,34.9973521,0 -117.0530302,34.9980205,0 -117.0532046,34.9983667,0 -117.0532348,34.9987148,0 -117.0533022,34.998855,0 -117.0532227,34.9990336,0 -117.0530041,34.9992965,0 -117.052692,34.999929,0 -117.0524499,35.000209,0 -117.0520232,35.0001796,0 -117.0517146,35.0000453,0 -117.0507814,35.0001423,0 -117.0504538,35.0002691,0 -117.0501164,35.0001334,0 -117.0498586,35.0000969,0 -117.048813,35.0005456,0 -117.0485836,35.0009153,0 -117.0485254,35.0013173,0 -117.0474892,35.0024333,0 -117.047134,35.0029397,0 -117.046923,35.0034532,0 -117.046607,35.0038187,0 -117.0464352,35.0041913,0 -117.0459994,35.0054082,0 -117.0453282,35.0062801,0 -117.0450041,35.0063594,0 -117.0448415,35.0064547,0 -117.0445286,35.0064772,0 -117.0442972,35.0063653,0 -117.043712,35.0062871,0 -117.0431677,35.0063209,0 -117.0425419,35.0066346,0 -117.0414536,35.0072284,0 -117.0399301,35.0085277,0 -117.0391955,35.0090766,0 -117.0374473,35.0099747,0 -117.036631,35.0104676,0 -117.0358148,35.0110799,0 -117.0351618,35.0116623,0 -117.0345089,35.0124836,0 -117.0338564,35.0141259,0 -117.0332874,35.0149714,0 -117.0330971,35.015632,0 -117.0327572,35.0162479,0 -117.0325123,35.0165726,0 -117.0320311,35.0170528,0 -117.0316739,35.0173216,0 -117.0315311,35.017414,0 -117.0309307,35.0175788,0 -117.0308984,35.0179684,0 -117.0308312,35.0181394,0 -117.0308462,35.0183307,0 -117.0310983,35.0188432,0 -117.0315286,35.0192931,0 -117.0315517,35.0197705,0 -117.0313902,35.0200007,0 -117.0311577,35.0200131,0 -117.0307637,35.0202556,0 -117.0306119,35.0207482,0 -117.0307117,35.0209674,0 -117.0311115,35.0214396,0 -117.0310313,35.0217453,0 -117.0304931,35.0219806,0 -117.0299675,35.0228358,0 -117.0302184,35.024158,0 -117.0301873,35.0245851,0 -117.030005,35.0251,0 -117.0295272,35.0256956,0 -117.0287755,35.026873,0 -117.0285539,35.0275289,0 -117.0284119,35.0282839,0 -117.0281808,35.0287576,0 -117.0280149,35.0288662,0 -117.027457,35.0290703,0 -117.0273057,35.0292272,0 -117.0270307,35.0293281,0 -117.0266534,35.0293624,0 -117.026293,35.0296931,0 -117.0263712,35.0300643,0 -117.0263751,35.0308029,0 -117.0260926,35.0319939,0 -117.0261538,35.0333021,0 -117.0263234,35.0336092,0 -117.0263865,35.033947,0 -117.0268226,35.0350646,0 -117.0268549,35.0353854,0 -117.0266657,35.0364857,0 -117.0264736,35.0367018,0 -117.0262678,35.0368367,0 -117.0261124,35.0370868,0 -117.0260398,35.0372766,0 -117.0260749,35.0376006,0 -117.0261756,35.0378312,0 -117.0263599,35.0380145,0 -117.027259,35.0385045,0 -117.0275551,35.0391431,0 -117.0274698,35.039426,0 -117.0274971,35.0395884,0 -117.0280073,35.0401132,0 -117.0282669,35.0408511,0 -117.028518,35.0411012,0 -117.028749,35.0411852,0 -117.0288522,35.0413982,0 -117.0289521,35.0419324,0 -117.0288037,35.0420862,0 -117.0287092,35.0423071,0 -117.0286811,35.0426924,0 -117.028806,35.0428598,0 -117.0295736,35.0433489,0 -117.0300171,35.0439831,0 -117.0302627,35.044108,0 -117.0305563,35.0443803,0 -117.0305223,35.044846,0 -117.0303302,35.0450621,0 -117.0301658,35.0451667,0 -117.0301299,35.0453906,0 -117.0302158,35.0455559,0 -117.0303993,35.0457261,0 -117.0306632,35.0458681,0 -117.0308616,35.0461035,0 -117.0306226,35.0469618,0 -117.0306073,35.0471706,0 -117.030685,35.0474483,0 -117.0307916,35.047575,0 -117.0306181,35.0477765,0 -117.0305365,35.0480537,0 -117.0301078,35.0485744,0 -117.0298834,35.0492882,0 -117.0298631,35.0496661,0 -117.0299349,35.050447,0 -117.0298533,35.0507829,0 -117.0297003,35.0510937,0 -117.0296085,35.0515723,0 -117.0297412,35.0525904,0 -117.0297316,35.0530838,0 -117.0295264,35.0533855,0 -117.0294893,35.0536253,0 -117.0297126,35.0540553,0 -117.0297021,35.0541998,0 -117.0294342,35.05438,0 -117.0291194,35.0543966,0 -117.0284805,35.0545584,0 -117.0278642,35.054947,0 -117.0276424,35.0550327,0 -117.0273827,35.0551004,0 -117.0267798,35.0550384,0 -117.0264876,35.0552818,0 -117.0262061,35.0553807,0 -117.0258518,35.0556693,0 -117.0257105,35.0557268,0 -117.0255128,35.0557492,0 -117.0252294,35.0556063,0 -117.0251009,35.0554872,0 -117.0248115,35.0554245,0 -117.0245932,35.0554621,0 -117.024346,35.0556271,0 -117.0241242,35.0557128,0 -117.0235337,35.0557481,0 -117.0233338,35.0558026,0 -117.0228565,35.0561658,0 -117.0227069,35.0563356,0 -117.022259,35.0562974,0 -117.0219708,35.0562187,0 -117.0215791,35.0562154,0 -117.0213389,35.0562841,0 -117.0206273,35.0566356,0 -117.0199747,35.0567161,0 -117.0196264,35.0569245,0 -117.0184513,35.0569147,0 -117.0178784,35.0569727,0 -117.0174155,35.0571743,0 -117.0171704,35.0572191,0 -117.016886,35.0574173,0 -117.0164599,35.0573479,0 -117.0161416,35.0574127,0 -117.0158909,35.0576258,0 -117.0148769,35.0580913,0 -117.0143013,35.0581917,0 -117.0137546,35.0581646,0 -117.0134078,35.058083,0 -117.0126835,35.0578054,0 -117.0124101,35.0577919,0 -117.0121445,35.0579398,0 -117.011748,35.0584824,0 -117.0115537,35.058514,0 -117.0111494,35.058494,0 -117.0109381,35.0584297,0 -117.010612,35.058236,0 -117.0102995,35.0581236,0 -117.0088579,35.0582351,0 -117.0083458,35.0584358,0 -117.0078894,35.0587684,0 -117.0076093,35.0590182,0 -117.0074891,35.059319,0 -117.0072332,35.0595054,0 -117.0070413,35.0595336,0 -117.0065459,35.0594175,0 -117.0060099,35.0592295,0 -117.0057787,35.0589005,0 -117.0055088,35.0588333,0 -117.005174,35.0589351,0 -117.0045815,35.0589255,0 -117.0040181,35.0588387,0 -117.0032778,35.0588612,0 -117.0020152,35.0591245,0 -117.0004403,35.0592241,0 -116.999472,35.0591612,0 -116.9989568,35.0590616,0 -116.9981494,35.0587696,0 -116.997576,35.0587263,0 -116.9967171,35.0588911,0 -116.9960986,35.0592159,0 -116.9953376,35.0595189,0 -116.9948959,35.0596451,0 -116.9945886,35.0596594,0 -116.9930212,35.0591667,0 -116.9921046,35.059136,0 -116.9918385,35.0590783,0 -116.9916661,35.0592179,0 -116.9914133,35.0599609,0 -116.9908476,35.0603031,0 -116.9889539,35.0603275,0 -116.9882701,35.0605601,0 -116.9872931,35.0611041,0 -116.9865734,35.061335,0 -116.9839736,35.0611612,0 -116.9825902,35.0611071,0 -116.9821381,35.061129,0 -116.9815506,35.0612776,0 -116.9807314,35.0616368,0 -116.9804441,35.0621114,0 -116.9793605,35.0626352,0 -116.9786326,35.0627322,0 -116.9779433,35.0625497,0 -116.9764136,35.061792,0 -116.9757793,35.0615974,0 -116.9723009,35.0613647,0 -116.9710677,35.0612291,0 -116.9699025,35.0609043,0 -116.9683821,35.0602655,0 -116.9674334,35.0599367,0 -116.9669318,35.0598968,0 -116.9665989,35.0600135,0 -116.965939,35.0604102,0 -116.9653558,35.0604996,0 -116.9645692,35.0604159,0 -116.9638159,35.0601264,0 -116.962474,35.0595112,0 -116.9618925,35.059334,0 -116.9614393,35.0593706,0 -116.9609976,35.0594967,0 -116.9605449,35.0597704,0 -116.960385,35.0599846,0 -116.9600656,35.0601613,0 -116.9596788,35.0602753,0 -116.9594345,35.0604112,0 -116.9593234,35.060939,0 -116.9592385,35.0611125,0 -116.959102,35.0612538,0 -116.9584464,35.0616662,0 -116.9571573,35.0617095,0 -116.9567532,35.0615859,0 -116.9554904,35.0609462,0 -116.9551445,35.0608834,0 -116.9542782,35.0608704,0 -116.9530282,35.0603072,0 -116.9519442,35.059995,0 -116.9516411,35.0601012,0 -116.9515485,35.0603545,0 -116.9514076,35.0605144,0 -116.9507841,35.0607107,0 -116.9504358,35.0611788,0 -116.9500753,35.0613125,0 -116.9497616,35.0613119,0 -116.9492904,35.0611973,0 -116.9486747,35.0612879,0 -116.9482748,35.0612071,0 -116.9474993,35.0612138,0 -116.946681,35.0610515,0 -116.9462889,35.0608649,0 -116.945836,35.0607512,0 -116.9451764,35.0606878,0 -116.9446913,35.0605118,0 -116.9442442,35.0598218,0 -116.9440716,35.0596615,0 -116.9439987,35.0593999,0 -116.9441276,35.0589057,0 -116.9441238,35.0587082,0 -116.9439897,35.0582767,0 -116.9437971,35.0578878,0 -116.9430206,35.0572302,0 -116.9430335,35.0568317,0 -116.9429736,35.0566564,0 -116.9426369,35.0564372,0 -116.9420098,35.0562084,0 -116.9413589,35.0559058,0 -116.941189,35.0554506,0 -116.9411891,35.0552755,0 -116.9408488,35.0548085,0 -116.9405793,35.05461,0 -116.9398132,35.0543179,0 -116.9393876,35.0540609,0 -116.9392318,35.0536057,0 -116.939005,35.0533372,0 -116.938778,35.0531971,0 -116.9380118,35.0530566,0 -116.9373166,35.0528112,0 -116.9370045,35.052601,0 -116.9356313,35.0514197,0 -116.9352341,35.0511861,0 -116.9340614,35.050672,0 -116.9308458,35.0494098,0 -116.928538,35.0486772,0 -116.9270816,35.0481473,0 -116.9264008,35.0478045,0 -116.9259659,35.0474619,0 -116.9257011,35.0473529,0 -116.9253038,35.0473526,0 -116.9248874,35.0474924,0 -116.924698,35.0476479,0 -116.9238466,35.047694,0 -116.9234152,35.0476251,0 -116.9223165,35.0472664,0 -116.9217197,35.0468571,0 -116.9214781,35.0466326,0 -116.9208089,35.0462044,0 -116.9199563,35.0460098,0 -116.9188775,35.0458797,0 -116.9185913,35.0457591,0 -116.918397,35.0456431,0 -116.9180692,35.0453384,0 -116.9168865,35.0441258,0 -116.9164818,35.0438627,0 -116.9161952,35.0434993,0 -116.915972,35.0432757,0 -116.9155685,35.0429975,0 -116.9153325,35.0426973,0 -116.9153066,35.0423016,0 -116.9157743,35.0417182,0 -116.916029,35.0415186,0 -116.9160403,35.0413675,0 -116.9160215,35.0411238,0 -116.9159026,35.0407385,0 -116.9159678,35.0406053,0 -116.9159446,35.040422,0 -116.9158478,35.0402351,0 -116.915841,35.0395824,0 -116.9156051,35.0392823,0 -116.9153309,35.0387526,0 -116.9150238,35.0384186,0 -116.9147117,35.0379022,0 -116.9143727,35.0377486,0 -116.9141521,35.0377375,0 -116.9137767,35.0378248,0 -116.9136184,35.0379685,0 -116.9129734,35.0382091,0 -116.9124494,35.0380614,0 -116.9123827,35.037967,0 -116.9123748,35.0373294,0 -116.9122446,35.0370952,0 -116.912191,35.0365767,0 -116.9120009,35.0361575,0 -116.9119015,35.035758,0 -116.9115208,35.0354203,0 -116.9109002,35.0350856,0 -116.910815,35.0349902,0 -116.9107584,35.0347598,0 -116.9107682,35.034381,0 -116.9109426,35.033525,0 -116.9108136,35.0332758,0 -116.9104524,35.0329238,0 -116.9102705,35.0326416,0 -116.909918,35.0319259,0 -116.9098554,35.0315283,0 -116.9099124,35.0312581,0 -116.9100774,35.0310236,0 -116.9106992,35.0305998,0 -116.9107667,35.0304363,0 -116.9106149,35.0302466,0 -116.9105054,35.0299832,0 -116.9105946,35.0297753,0 -116.9116173,35.0294172,0 -116.9120039,35.0291787,0 -116.912179,35.0288082,0 -116.9122233,35.0284615,0 -116.912233,35.0280827,0 -116.9121359,35.027653,0 -116.9119701,35.0274019,0 -116.911693,35.0271604,0 -116.9113536,35.026764,0 -116.9112828,35.0262295,0 -116.9113683,35.0258241,0 -116.9113139,35.0255635,0 -116.9111575,35.0254342,0 -116.9108669,35.0253741,0 -116.9102474,35.0250243,0 -116.9097903,35.0249709,0 -116.9090606,35.0246155,0 -116.9086166,35.024138,0 -116.9082979,35.0237123,0 -116.9081067,35.0233082,0 -116.9079739,35.0228616,0 -116.9078382,35.0219596,0 -116.907716,35.0216197,0 -116.9075469,35.0214139,0 -116.9069414,35.0210375,0 -116.9067031,35.0207397,0 -116.9052759,35.0196915,0 -116.9046109,35.0196818,0 -116.9041748,35.0197074,0 -116.9035298,35.0198178,0 -116.9030378,35.0198168,0 -116.9025275,35.019672,0 -116.9017466,35.0192754,0 -116.9013335,35.0189926,0 -116.9009151,35.018781,0 -116.8997747,35.0179804,0 -116.8987917,35.0175439,0 -116.8971531,35.0170861,0 -116.8956907,35.0168359,0 -116.8949344,35.0166278,0 -116.8938507,35.0161497,0 -116.8932459,35.0157965,0 -116.8926696,35.0153525,0 -116.8925565,35.0150879,0 -116.8920275,35.0146517,0 -116.8896649,35.0134982,0 -116.889117,35.0131087,0 -116.8885882,35.0125013,0 -116.8888537,35.0120192,0 -116.8886118,35.0118257,0 -116.8882653,35.0114272,0 -116.8881512,35.0110166,0 -116.8882194,35.0102241,0 -116.8884288,35.0092128,0 -116.8879192,35.0084499,0 -116.8876526,35.00825,0 -116.886668,35.0079192,0 -116.8855096,35.007835,0 -116.8846859,35.0078445,0 -116.8839183,35.0079334,0 -116.8825339,35.0079656,0 -116.8821086,35.0080463,0 -116.8813275,35.008109,0 -116.8803595,35.0079706,0 -116.8799832,35.0069805,0 -116.8790257,35.0058716,0 -116.8786492,35.0055076,0 -116.8772534,35.004862,0 -116.8743152,35.0038699,0 -116.8735827,35.0032834,0 -116.8732274,35.0028438,0 -116.8728331,35.0020955,0 -116.8727591,35.0016318,0 -116.8727396,35.0007104,0 -116.8729779,34.9999498,0 -116.8724331,34.999559,0 -116.8717698,34.9991974,0 -116.8711772,34.999148,0 -116.870667,34.9994108,0 -116.8704061,34.9994983,0 -116.8701688,34.9995202,0 -116.869869,34.9993772,0 -116.8694031,34.9993792,0 -116.8692717,34.9994747,0 -116.8689721,34.9995362,0 -116.8685401,34.9997059,0 -116.8682976,34.9998342,0 -116.8681624,34.9999807,0 -116.8680534,35.0001923,0 -116.8684255,35.0010289,0 -116.8682846,35.0012517,0 -116.8680121,35.0013657,0 -116.8678267,35.0015607,0 -116.8677905,35.0020444,0 -116.8678326,35.0025192,0 -116.8680312,35.0029765,0 -116.8680386,35.0035007,0 -116.866673,35.0039042,0 -116.86638,35.0038765,0 -116.8655116,35.0036536,0 -116.8653086,35.0036688,0 -116.8648131,35.0040653,0 -116.8642194,35.0049423,0 -116.8639286,35.0050937,0 -116.8633465,35.0049875,0 -116.8630292,35.0048692,0 -116.8625623,35.0048838,0 -116.8615735,35.0050252,0 -116.8613028,35.0051137,0 -116.8604393,35.005862,0 -116.8591504,35.0066909,0 -116.8586884,35.0068463,0 -116.8583326,35.0068282,0 -116.85788,35.0066519,0 -116.8576489,35.0066274,0 -116.8575639,35.0067253,0 -116.8574801,35.0070149,0 -116.8568027,35.007351,0 -116.8567293,35.0075006,0 -116.8568107,35.0076581,0 -116.8570051,35.0077574,0 -116.8570217,35.0079499,0 -116.8569193,35.0080724,0 -116.856697,35.0081378,0 -116.8561594,35.0080594,0 -116.8558791,35.0080707,0 -116.8549793,35.0084721,0 -116.8545917,35.0084652,0 -116.8540879,35.0083502,0 -116.8532182,35.007731,0 -116.8527192,35.0075523,0 -116.8523798,35.0075223,0 -116.8520608,35.0076338,0 -116.8516985,35.0079093,0 -116.8514743,35.0080001,0 -116.8510045,35.0080529,0 -116.8504379,35.0079474,0 -116.8495726,35.0078906,0 -116.8487482,35.0083214,0 -116.8483416,35.0087734,0 -116.8480266,35.0090385,0 -116.8479968,35.0092286,0 -116.8478125,35.0096153,0 -116.8474666,35.0098788,0 -116.8469524,35.0101081,0 -116.846672,35.0101194,0 -116.8459488,35.0100315,0 -116.8456142,35.0099378,0 -116.8437322,35.0091521,0 -116.8430757,35.0090037,0 -116.8423177,35.0089651,0 -116.8414149,35.0092002,0 -116.8411412,35.0091223,0 -116.8407543,35.0088982,0 -116.8399224,35.0081915,0 -116.8397598,35.0078765,0 -116.8396724,35.0073866,0 -116.8392456,35.0066622,0 -116.8381304,35.0060049,0 -116.8378131,35.0056821,0 -116.8371971,35.0054079,0 -116.8365696,35.0052865,0 -116.8342437,35.0052446,0 -116.8336442,35.0051629,0 -116.8333386,35.0048918,0 -116.8333268,35.0046357,0 -116.8338163,35.0037024,0 -116.8339193,35.0029539,0 -116.8337515,35.0020893,0 -116.8336324,35.0018149,0 -116.8331915,35.0016902,0 -116.833005,35.0016935,0 -116.8327972,35.0017723,0 -116.8325816,35.0017486,0 -116.8317575,35.00094,0 -116.8315876,35.0008425,0 -116.8320597,35.0004316,0 -116.8321688,35.0002199,0 -116.832101,34.9998843,0 -116.8321037,34.9996417,0 -116.8321616,34.9994913,0 -116.8323414,34.9993727,0 -116.8327316,34.9989327,0 -116.8327905,34.9987696,0 -116.833089,34.9985165,0 -116.8332281,34.9983192,0 -116.8333398,34.9976605,0 -116.8334865,34.9973614,0 -116.8342343,34.9967096,0 -116.8344894,34.9966204,0 -116.8348818,34.9965637,0 -116.8355333,34.9965714,0 -116.8359557,34.9965291,0 -116.8362429,34.9966331,0 -116.8372356,34.9966454,0 -116.8375951,34.9964082,0 -116.8378153,34.9961639,0 -116.838478,34.9956099,0 -116.8385193,34.9952671,0 -116.8380943,34.9943128,0 -116.8378921,34.9941108,0 -116.8377683,34.9939001,0 -116.8377157,34.9933608,0 -116.837846,34.9930736,0 -116.8382748,34.9925333,0 -116.8385961,34.9917703,0 -116.8386172,34.9914903,0 -116.8383363,34.9906839,0 -116.8383333,34.9905176,0 -116.8385455,34.9899663,0 -116.8385608,34.9897626,0 -116.8389143,34.9893974,0 -116.8390581,34.9891364,0 -116.8391073,34.9888962,0 -116.8390916,34.9886909,0 -116.8387425,34.9883793,0 -116.8385954,34.9880652,0 -116.8385852,34.9873747,0 -116.8382379,34.9855939,0 -116.8380908,34.9852798,0 -116.8380525,34.9845496,0 -116.8383998,34.9836474,0 -116.8383861,34.9834167,0 -116.8384555,34.9831136,0 -116.8385598,34.9829656,0 -116.8391752,34.9826265,0 -116.8395801,34.9826088,0 -116.8399163,34.9824726,0 -116.8399433,34.9823206,0 -116.840144,34.981922,0 -116.8401738,34.9817319,0 -116.8404935,34.9814032,0 -116.8405861,34.9812035,0 -116.8407643,34.9804844,0 -116.8412719,34.9795137,0 -116.8413,34.9783141,0 -116.8414526,34.978143,0 -116.8417293,34.9773522,0 -116.8418929,34.9764151,0 -116.8413418,34.9748667,0 -116.8413686,34.9745103,0 -116.8415278,34.9742501,0 -116.8416418,34.9741792,0 -116.8420398,34.9740462,0 -116.8423384,34.9739975,0 -116.8428042,34.9739957,0 -116.8431201,34.9739223,0 -116.8433752,34.9738331,0 -116.8435606,34.9736381,0 -116.8434976,34.9734433,0 -116.8430267,34.9730999,0 -116.8421359,34.9721474,0 -116.8418737,34.9717125,0 -116.8418181,34.9710069,0 -116.8416312,34.9706014,0 -116.8414484,34.9703493,0 -116.8415051,34.9700072,0 -116.8414892,34.9693932,0 -116.8413357,34.9683377,0 -116.8412245,34.9681839,0 -116.8415808,34.9679669,0 -116.8417855,34.9677218,0 -116.8420453,34.9675689,0 -116.8423137,34.9673015,0 -116.8432283,34.9666965,0 -116.8432852,34.9665485,0 -116.8432657,34.9664045,0 -116.8429619,34.9659035,0 -116.8430362,34.9657412,0 -116.843142,34.9651589,0 -116.8429396,34.9645481,0 -116.8429147,34.9642939,0 -116.8423702,34.9642764,0 -116.8414269,34.964024,0 -116.8407734,34.963633,0 -116.839955,34.9635785,0 -116.8388735,34.9633063,0 -116.8381563,34.9629375,0 -116.8376449,34.9625154,0 -116.8373468,34.9619381,0 -116.8369358,34.9614189,0 -116.8363268,34.9610557,0 -116.8360484,34.9608371,0 -116.8357213,34.9602327,0 -116.8348918,34.9595005,0 -116.8345002,34.9589565,0 -116.8347978,34.9582936,0 -116.8348665,34.9579789,0 -116.8348581,34.9577474,0 -116.8348044,34.9575669,0 -116.8346042,34.9573395,0 -116.8344011,34.9569458,0 -116.8340269,34.9565563,0 -116.8338972,34.9562175,0 -116.833953,34.9558881,0 -116.8339257,34.9556312,0 -116.833828,34.9554857,0 -116.8334318,34.9553889,0 -116.8329882,34.9550979,0 -116.8323756,34.9549248,0 -116.8321272,34.9547099,0 -116.8315702,34.9547774,0 -116.8309781,34.95464,0 -116.8303694,34.9542234,0 -116.8299046,34.9542125,0 -116.8295529,34.9541434,0 -116.8287355,34.9540762,0 -116.8284524,34.9539212,0 -116.8279518,34.9537679,0 -116.8277816,34.9535548,0 -116.827629,34.9535215,0 -116.827337,34.9532766,0 -116.82705,34.9531726,0 -116.8268615,34.9529969,0 -116.8267087,34.9527591,0 -116.8263917,34.9524363,0 -116.8260773,34.9518709,0 -116.8261621,34.9515686,0 -116.8263016,34.9505408,0 -116.8261207,34.9502633,0 -116.8261351,34.9500724,0 -116.8260248,34.9498879,0 -116.8255695,34.9493408,0 -116.8254852,34.9490171,0 -116.8254878,34.9485701,0 -116.8253679,34.9483085,0 -116.8249291,34.9479539,0 -116.8246031,34.9474968,0 -116.8247818,34.9472309,0 -116.8248076,34.9468873,0 -116.8246199,34.94629,0 -116.8244787,34.9461039,0 -116.8241144,34.9459959,0 -116.8235677,34.9460447,0 -116.8229523,34.9459749,0 -116.8226721,34.9457817,0 -116.8220181,34.9458122,0 -116.8218114,34.9458783,0 -116.8211912,34.9458722,0 -116.8199217,34.9456285,0 -116.8186308,34.9450515,0 -116.8179033,34.9448227,0 -116.8171709,34.9444531,0 -116.8164685,34.9443023,0 -116.8156992,34.9435986,0 -116.8152258,34.9434977,0 -116.8151379,34.9434294,0 -116.814815,34.9429785,0 -116.8143463,34.9426096,0 -116.8140834,34.9421873,0 -116.8139799,34.9419137,0 -116.8137363,34.9416457,0 -116.8134118,34.9414093,0 -116.8132227,34.9414134,0 -116.8130031,34.9414933,0 -116.8128496,34.9416771,0 -116.8126141,34.942125,0 -116.8124548,34.9421807,0 -116.8122065,34.9421808,0 -116.8113411,34.9423409,0 -116.8111586,34.9424977,0 -116.8104536,34.9427938,0 -116.809531,34.9426827,0 -116.8091795,34.9428181,0 -116.8087062,34.9429216,0 -116.8085883,34.9428389,0 -116.8084038,34.9428167,0 -116.8082047,34.9425765,0 -116.8075545,34.9423516,0 -116.8071151,34.9424186,0 -116.8068437,34.9425197,0 -116.8064554,34.9425254,0 -116.805983,34.9426162,0 -116.8053909,34.9426497,0 -116.8052373,34.9426291,0 -116.8043978,34.9422412,0 -116.803595,34.9421873,0 -116.8025731,34.9423649,0 -116.8020641,34.9425305,0 -116.8018488,34.9427111,0 -116.8017677,34.9429625,0 -116.8017389,34.9433443,0 -116.8011739,34.9436347,0 -116.800889,34.9437095,0 -116.8006408,34.943914,0 -116.8003927,34.9443229,0 -116.8002237,34.9445059,0 -116.7999436,34.9447215,0 -116.7994172,34.9449117,0 -116.799198,34.9449388,0 -116.7982107,34.9446583,0 -116.7977885,34.9447005,0 -116.7975645,34.9449956,0 -116.7975173,34.9452104,0 -116.7972943,34.9456972,0 -116.7971438,34.9464561,0 -116.7968783,34.947094,0 -116.7964514,34.9474043,0 -116.7956295,34.9478093,0 -116.7953446,34.9480886,0 -116.7952635,34.9483399,0 -116.7947526,34.9487353,0 -116.7948328,34.9489055,0 -116.7948291,34.9493653,0 -116.7946572,34.9495864,0 -116.794468,34.9502411,0 -116.7943628,34.9504017,0 -116.7940305,34.9504869,0 -116.793133,34.9504536,0 -116.7922897,34.9505254,0 -116.7916686,34.9507362,0 -116.7910368,34.9508827,0 -116.7904128,34.9509273,0 -116.7901732,34.9510172,0 -116.7900177,34.9512264,0 -116.7898216,34.9513569,0 -116.7891261,34.9515256,0 -116.7887358,34.9515567,0 -116.7884412,34.9515193,0 -116.7878237,34.9517686,0 -116.787401,34.9517002,0 -116.7866897,34.9516954,0 -116.7863175,34.9516078,0 -116.7849222,34.9517244,0 -116.7839652,34.951657,0 -116.7832294,34.9515294,0 -116.7815889,34.9510919,0 -116.7815304,34.9511634,0 -116.7815198,34.9514191,0 -116.7817565,34.951883,0 -116.7816753,34.951963,0 -116.7807325,34.9521653,0 -116.7803214,34.9521538,0 -116.7791074,34.9518669,0 -116.7779356,34.9517683,0 -116.7777173,34.9517826,0 -116.7772091,34.9519353,0 -116.7768208,34.9519409,0 -116.7760035,34.9520777,0 -116.7756625,34.952073,0 -116.7748047,34.9523354,0 -116.774368,34.9523641,0 -116.773942,34.9524571,0 -116.7733312,34.9526617,0 -116.7727938,34.9527778,0 -116.7723219,34.9520485,0 -116.7722435,34.9518403,0 -116.7721974,34.951372,0 -116.7720245,34.9510595,0 -116.7716371,34.9505244,0 -116.7713898,34.9503072,0 -116.7712237,34.9500432,0 -116.7709397,34.9499008,0 -116.770619,34.9498332,0 -116.7704123,34.9496948,0 -116.7697959,34.9496375,0 -116.7695593,34.9496892,0 -116.7691912,34.9500407,0 -116.7686009,34.9508663,0 -116.7685082,34.9510659,0 -116.7683063,34.9512727,0 -116.7682037,34.9515627,0 -116.7671009,34.9513314,0 -116.7664611,34.9513497,0 -116.7661768,34.9513101,0 -116.7653013,34.9508987,0 -116.7652417,34.9510059,0 -116.7650162,34.9511518,0 -116.7641028,34.9515402,0 -116.7637587,34.9517347,0 -116.7633321,34.9517338,0 -116.7630243,34.9516747,0 -116.7625747,34.95143,0 -116.7621965,34.9511268,0 -116.7620668,34.9509022,0 -116.7620672,34.9507461,0 -116.7621627,34.9505219,0 -116.7623528,34.9503175,0 -116.7620213,34.9502583,0 -116.7618675,34.9501604,0 -116.7618206,34.9499847,0 -116.7611348,34.9495152,0 -116.7608864,34.9493976,0 -116.7605082,34.9490652,0 -116.760319,34.9489575,0 -116.7592646,34.9489359,0 -116.7587795,34.9487301,0 -116.7586021,34.9486029,0 -116.7582114,34.9485715,0 -116.7576326,34.9479182,0 -116.7571952,34.9476149,0 -116.7569708,34.9473608,0 -116.7562719,34.9473399,0 -116.7559055,34.9470368,0 -116.7555275,34.9466848,0 -116.7553517,34.9460309,0 -116.7548789,34.9456787,0 -116.7539659,34.945911,0 -116.7532314,34.9459193,0 -116.7521185,34.9456634,0 -116.7509697,34.9455537,0 -116.7503956,34.9453883,0 -116.7483271,34.945137,0 -116.7479642,34.9449931,0 -116.7473501,34.9443675,0 -116.7470354,34.9439637,0 -116.745966,34.9424397,0 -116.7455097,34.9418664,0 -116.7450537,34.9412021,0 -116.7448496,34.9407985,0 -116.7443961,34.9393408,0 -116.7440849,34.9378184,0 -116.7435677,34.9365296,0 -116.7434615,34.9351247,0 -116.7433098,34.9345668,0 -116.7432279,34.9338418,0 -116.74329,34.9328189,0 -116.7425738,34.9328788,0 -116.7422074,34.9329814,0 -116.7414453,34.9328812,0 -116.7411821,34.9327373,0 -116.7409229,34.9326805,0 -116.7404929,34.9326496,0 -116.7396506,34.932771,0 -116.7393315,34.9329455,0 -116.7388102,34.9331443,0 -116.7385063,34.9331199,0 -116.7381112,34.9329084,0 -116.7378874,34.9326624,0 -116.7377143,34.9321672,0 -116.7375989,34.9320222,0 -116.7372724,34.9320306,0 -116.7367639,34.9319552,0 -116.7363403,34.9318412,0 -116.7360364,34.9318194,0 -116.735154,34.931565,0 -116.7346729,34.9315217,0 -116.734493,34.9312423,0 -116.7340021,34.9312292,0 -116.7338119,34.9310843,0 -116.7335319,34.9306524,0 -116.7334465,34.9305989,0 -116.7333403,34.9306241,0 -116.7332655,34.9307245,0 -116.7331905,34.931316,0 -116.7326396,34.9313943,0 -116.7322886,34.9313616,0 -116.7320893,34.9314241,0 -116.7316433,34.9319397,0 -116.7315342,34.9322107,0 -116.7311598,34.9324825,0 -116.7308318,34.9326111,0 -116.7304069,34.9326182,0 -116.7301889,34.9326943,0 -116.7300194,34.9328311,0 -116.7299796,34.9331202,0 -116.72981,34.9332571,0 -116.7294182,34.933295,0 -116.7291708,34.9328308,0 -116.7289738,34.9326313,0 -116.7285612,34.9324789,0 -116.7283665,34.9322504,0 -116.7283997,34.9318153,0 -116.7281401,34.9315107,0 -116.7273972,34.9315158,0 -116.7266257,34.9314322,0 -116.7263032,34.9314883,0 -116.7255294,34.9314336,0 -116.725262,34.9314634,0 -116.7249339,34.931592,0 -116.7245089,34.931832,0 -116.7240104,34.931646,0 -116.7238684,34.9316532,0 -116.7234541,34.931371,0 -116.7231633,34.9313018,0 -116.722638,34.9309012,0 -116.7223748,34.9308549,0 -116.7219036,34.9308652,0 -116.7216127,34.9308075,0 -116.7212532,34.930567,0 -116.7211286,34.9305439,0 -116.7204982,34.9304835,0 -116.7195741,34.9305118,0 -116.7194635,34.9304506,0 -116.7190956,34.9299476,0 -116.7189111,34.9298711,0 -116.7175416,34.9304766,0 -116.7152647,34.9316431,0 -116.7116053,34.9332789,0 -116.6996928,34.9387962,0 -116.6948893,34.940624,0 -116.6882696,34.9428406,0 -116.6864289,34.9438982,0 -116.6839357,34.9451508,0 -116.6844676,34.9464917,0 -116.6848861,34.9472096,0 -116.6850247,34.9476725,0 -116.6850218,34.9484355,0 -116.6845866,34.9500529,0 -116.6840608,34.9505352,0 -116.68376,34.951056,0 -116.6836791,34.9516231,0 -116.6834005,34.9513039,0 -116.6828259,34.9509687,0 -116.6816741,34.9510009,0 -116.6810374,34.9511075,0 -116.6800121,34.9515028,0 -116.6782754,34.9520133,0 -116.6777339,34.9523163,0 -116.6770465,34.9547612,0 -116.6765141,34.9551657,0 -116.6749558,34.9560669,0 -116.672981,34.956842,0 -116.6713472,34.9576493,0 -116.6699406,34.9585508,0 -116.667845,34.9610114,0 -116.6663197,34.9630989,0 -116.6644536,34.9650293,0 -116.6625849,34.9675841,0 -116.6609425,34.9704204,0 -116.6583841,34.9745966,0 -116.6571628,34.976435,0 -116.6560573,34.9777743,0 -116.6549917,34.9786142,0 -116.6530874,34.9804819,0 -116.6514853,34.9826002,0 -116.6506437,34.9842836,0 -116.6501808,34.9860929,0 -116.6501422,34.9873767,0 -116.6495924,34.9895292,0 -116.6490458,34.9909559,0 -116.6482436,34.9922413,0 -116.6475291,34.9929885,0 -116.6469296,34.993455,0 -116.6454729,34.994762,0 -116.6433892,34.9963012,0 -116.6414201,34.9976534,0 -116.640479,34.9981189,0 -116.6399939,34.9984453,0 -116.6391338,34.9999178,0 -116.6383873,35.0014375,0 -116.6375267,35.003027,0 -116.6368617,35.0038189,0 -116.6364173,35.0039741,0 -116.6357816,35.0043634,0 -116.6345093,35.0053507,0 -116.6328877,35.0064673,0 -116.6309175,35.0075567,0 -116.6285347,35.0087492,0 -116.6273595,35.0092672,0 -116.6262463,35.0100723,0 -116.6244621,35.012049,0 -116.6223563,35.0149896,0 -116.620985,35.0167589,0 -116.6195839,35.0180846,0 -116.617133,35.0201895,0 -116.6149354,35.0223212,0 -116.6138839,35.0234394,0 -116.6122842,35.0264858,0 -116.611454,35.027735,0 -116.6106221,35.0293233,0 -116.6082568,35.03328,0 -116.607647,35.0348169,0 -116.607002,35.0370838,0 -116.6065814,35.0388299,0 -116.6063494,35.0409157,0 -116.6062133,35.0428452,0 -116.6058839,35.0454001,0 -116.6054969,35.046729,0 -116.6051405,35.0482927,0 -116.6042638,35.0525411,0 -116.6041086,35.0542912,0 -116.6039405,35.0547968,0 -116.6036531,35.0550331,0 -116.6031224,35.0552127,0 -116.6019652,35.0552761,0 -116.6010456,35.055402,0 -116.6004211,35.0552442,0 -116.5997889,35.0551858,0 -116.5992277,35.0551946,0 -116.5989651,35.0553893,0 -116.5984382,35.0561113,0 -116.5975509,35.0575754,0 -116.5972377,35.0583764,0 -116.5968506,35.0596857,0 -116.5966778,35.0609566,0 -116.5963642,35.0618553,0 -116.5958359,35.0628512,0 -116.5956185,35.0635155,0 -116.594804,35.0646473,0 -116.5936358,35.065152,0 -116.5927046,35.0658139,0 -116.5919169,35.0662385,0 -116.5917769,35.0663756,0 -116.5916148,35.0666978,0 -116.591542,35.0669763,0 -116.5911829,35.0674299,0 -116.591079,35.0676403,0 -116.5911229,35.0682411,0 -116.591005,35.0685839,0 -116.590738,35.0688939,0 -116.5906392,35.0693797,0 -116.5904684,35.0696742,0 -116.5902597,35.069825,0 -116.5900098,35.0698724,0 -116.5896176,35.0698516,0 -116.588751,35.0702306,0 -116.5884695,35.0706811,0 -116.5884521,35.0709028,0 -116.5885295,35.0711699,0 -116.5884939,35.071937,0 -116.5886141,35.0722874,0 -116.5885982,35.072489,0 -116.5882653,35.0732807,0 -116.5879901,35.0736506,0 -116.5878564,35.0737852,0 -116.5874792,35.0738866,0 -116.5866814,35.0739746,0 -116.586444,35.0737637,0 -116.5859592,35.0736361,0 -116.5839618,35.0754199,0 -116.5834801,35.076224,0 -116.5834721,35.076952,0 -116.5833644,35.0776951,0 -116.5829428,35.078988,0 -116.5830178,35.0795991,0 -116.5833443,35.0801426,0 -116.5833617,35.0805483,0 -116.5832413,35.0814525,0 -116.5834255,35.0819277,0 -116.5834215,35.0822918,0 -116.5832554,35.0825258,0 -116.5832641,35.0827286,0 -116.5834578,35.0830829,0 -116.583646,35.0831941,0 -116.5838927,35.0832072,0 -116.5847154,35.0834746,0 -116.5849429,35.083607,0 -116.5852347,35.0839665,0 -116.5853351,35.0842552,0 -116.5852819,35.0852439,0 -116.5853554,35.0858752,0 -116.5858338,35.086366,0 -116.5867148,35.0870604,0 -116.5868919,35.0873126,0 -116.5869464,35.0875584,0 -116.5869195,35.0879009,0 -116.5870231,35.0881493,0 -116.5874406,35.088475,0 -116.5876818,35.0888521,0 -116.5875853,35.089454,0 -116.587964,35.0899598,0 -116.5879482,35.0901613,0 -116.5880486,35.09045,0 -116.5884235,35.0906925,0 -116.5890902,35.0912945,0 -116.5898921,35.0917418,0 -116.5907273,35.0923933,0 -116.5908077,35.09253,0 -116.5907534,35.0926911,0 -116.5901657,35.0926468,0 -116.5896215,35.0926786,0 -116.5893803,35.0929288,0 -116.5893613,35.0931707,0 -116.5894324,35.0935185,0 -116.5892663,35.0937525,0 -116.5889412,35.0938162,0 -116.5887047,35.094006,0 -116.5876471,35.0946176,0 -116.5872271,35.0946358,0 -116.5864006,35.0948145,0 -116.5861538,35.0951255,0 -116.5858691,35.0949632,0 -116.5856729,35.0949185,0 -116.584624,35.0954891,0 -116.5843795,35.0957796,0 -116.5842609,35.0960364,0 -116.5838527,35.0962171,0 -116.5827216,35.0961974,0 -116.5817985,35.0963507,0 -116.5813445,35.0964885,0 -116.5804648,35.0970286,0 -116.5802892,35.0973835,0 -116.5801576,35.0984288,0 -116.5799629,35.0990255,0 -116.5794233,35.0996242,0 -116.5792753,35.0999401,0 -116.579253,35.1008495,0 -116.5791461,35.1012688,0 -116.5789309,35.1015002,0 -116.5788517,35.1018805,0 -116.5790902,35.1032288,0 -116.5788503,35.1040862,0 -116.5786715,35.1044814,0 -116.5786524,35.1047232,0 -116.5785076,35.1049988,0 -116.578294,35.10521,0 -116.5782061,35.1053875,0 -116.5782139,35.105914,0 -116.577914,35.1062826,0 -116.5779067,35.1066869,0 -116.5775292,35.1074156,0 -116.5776509,35.1077458,0 -116.5778724,35.1080612,0 -116.5784537,35.1084968,0 -116.5786126,35.1086672,0 -116.5784251,35.1088596,0 -116.578028,35.1088991,0 -116.5773168,35.1088613,0 -116.5771324,35.1090134,0 -116.5768641,35.1096062,0 -116.5765381,35.1099936,0 -116.5761836,35.1101164,0 -116.5757745,35.1106207,0 -116.5756818,35.1108586,0 -116.5746707,35.1111893,0 -116.5738642,35.1123606,0 -116.5737636,35.1126992,0 -116.5737707,35.1129222,0 -116.5740695,35.1135047,0 -116.5738594,35.1138471,0 -116.573772,35.1142469,0 -116.5740721,35.1147169,0 -116.5739946,35.1151638,0 -116.5742068,35.1154179,0 -116.5746854,35.1157729,0 -116.5750033,35.1162928,0 -116.5753388,35.1165882,0 -116.5755889,35.1168963,0 -116.577638,35.1183507,0 -116.5781186,35.1186274,0 -116.5781827,35.1190314,0 -116.5783603,35.1192292,0 -116.5788695,35.1194644,0 -116.5792681,35.1197631,0 -116.5798579,35.1203148,0 -116.5814004,35.1213681,0 -116.5817644,35.1218384,0 -116.5819888,35.1219371,0 -116.5821746,35.1222591,0 -116.5835748,35.1229753,0 -116.5848645,35.1232173,0 -116.585744,35.1235762,0 -116.5863555,35.1243892,0 -116.5866505,35.1246651,0 -116.5870628,35.124791,0 -116.5879524,35.1252893,0 -116.5883071,35.1253428,0 -116.5886706,35.1255529,0 -116.5891893,35.1256672,0 -116.5895779,35.1258265,0 -116.5900817,35.1261308,0 -116.5909511,35.1263504,0 -116.5914394,35.1265845,0 -116.5916693,35.126614,0 -116.5920335,35.1265466,0 -116.5923909,35.1265656,0 -116.5926764,35.1264247,0 -116.5938287,35.1254625,0 -116.5939807,35.1251411,0 -116.5940452,35.1245895,0 -116.5941401,35.1244558,0 -116.5944175,35.1244184,0 -116.5948576,35.1244591,0 -116.5954985,35.1246319,0 -116.5962092,35.1247216,0 -116.5967239,35.1248877,0 -116.5972495,35.1249156,0 -116.5978449,35.1248605,0 -116.5987916,35.1246332,0 -116.6000713,35.1247357,0 -116.6011347,35.124636,0 -116.6017803,35.1244794,0 -116.6020068,35.1242833,0 -116.6022015,35.1236866,0 -116.6028478,35.1232525,0 -116.6030966,35.1230402,0 -116.6031482,35.1229215,0 -116.6030607,35.1226914,0 -116.6027135,35.1222741,0 -116.6025595,35.121815,0 -116.6027019,35.1216144,0 -116.6025803,35.1207012,0 -116.6027324,35.1201101,0 -116.6026518,35.1195892,0 -116.6026496,35.1188771,0 -116.6026791,35.1187702,0 -116.6028349,35.1186699,0 -116.6032083,35.1186246,0 -116.6033799,35.1186597,0 -116.6036513,35.118635,0 -116.6039487,35.1184815,0 -116.604268,35.1183855,0 -116.6047304,35.1183763,0 -116.6064318,35.1195077,0 -116.6068581,35.1196654,0 -116.6071875,35.1196603,0 -116.6081641,35.1194417,0 -116.6087049,35.119538,0 -116.6091144,35.1195596,0 -116.6094314,35.1197116,0 -116.6105252,35.119747,0 -116.6119898,35.1195992,0 -116.612468,35.1194443,0 -116.6127736,35.1193929,0 -116.6135037,35.1195217,0 -116.6140136,35.1196613,0 -116.6145121,35.1195975,0 -116.6151902,35.1193406,0 -116.6176746,35.119472,0 -116.6183183,35.1193033,0 -116.6190272,35.1190029,0 -116.6195257,35.1189391,0 -116.6204161,35.1191213,0 -116.6214087,35.119399,0 -116.6221248,35.1197072,0 -116.6226242,35.1199813,0 -116.623196,35.1207323,0 -116.6256175,35.1223694,0 -116.6260967,35.1225524,0 -116.6264516,35.1225711,0 -116.6266886,35.1226963,0 -116.6271713,35.1228344,0 -116.6275783,35.1232388,0 -116.6287861,35.1242712,0 -116.6291095,35.1246937,0 -116.6296055,35.1250127,0 -116.6303762,35.1253237,0 -116.6307665,35.125592,0 -116.6311375,35.1261072,0 -116.6319419,35.1266902,0 -116.6327144,35.1269787,0 -116.633375,35.126946,0 -116.6340303,35.1269806,0 -116.6346047,35.1273488,0 -116.6350892,35.1274644,0 -116.6354715,35.1274846,0 -116.6362227,35.127344,0 -116.6367618,35.1274625,0 -116.6369442,35.1275847,0 -116.6378691,35.1276785,0 -116.6384082,35.1277971,0 -116.6387015,35.1279026,0 -116.6389095,35.1280487,0 -116.6391562,35.1283214,0 -116.6396313,35.1286739,0 -116.641117,35.1285705,0 -116.6426003,35.128536,0 -116.6435711,35.1287448,0 -116.6439015,35.1290776,0 -116.6445009,35.12983,0 -116.6445856,35.1301498,0 -116.6449717,35.1308233,0 -116.6456548,35.1315576,0 -116.6465552,35.1319654,0 -116.6472547,35.1321374,0 -116.6476388,35.1321351,0 -116.6480008,35.132064,0 -116.648214,35.1321428,0 -116.6483656,35.1323085,0 -116.6486572,35.1324364,0 -116.6499999,35.1327999,0 -116.6503902,35.1330682,0 -116.6505075,35.1333222,0 -116.651351,35.1341099,0 -116.6523384,35.1355134,0 -116.6530524,35.1362042,0 -116.6544408,35.1377413,0 -116.6554324,35.1387395,0 -116.6584508,35.140475,0 -116.6616273,35.1419895,0 -116.6617918,35.1422949,0 -116.6622026,35.1426543,0 -116.6627535,35.1429761,0 -116.6637413,35.1433208,0 -116.6653846,35.1436999,0 -116.6663063,35.1438384,0 -116.6667619,35.1439749,0 -116.6668229,35.1442484,0 -116.6668036,35.1455539,0 -116.6668843,35.146279,0 -116.6673247,35.1473157,0 -116.6674734,35.1482246,0 -116.6682428,35.1496165,0 -116.6682921,35.1507454,0 -116.6683955,35.1511788,0 -116.668342,35.1515139,0 -116.6683996,35.1518322,0 -116.6689232,35.1521525,0 -116.66894,35.1522886,0 -116.6685675,35.1524943,0 -116.6685553,35.1526513,0 -116.6687598,35.1528423,0 -116.6689557,35.1531454,0 -116.6691637,35.1532915,0 -116.6693549,35.1533015,0 -116.6700756,35.1532041,0 -116.6704667,35.153112,0 -116.6708457,35.153177,0 -116.6710828,35.153302,0 -116.6713774,35.1537455,0 -116.671582,35.1539364,0 -116.6725084,35.1543679,0 -116.6729519,35.1546615,0 -116.6732303,35.1546085,0 -116.6739521,35.1548491,0 -116.6744984,35.1548777,0 -116.6756649,35.1546911,0 -116.6762374,35.1543832,0 -116.6764559,35.1543947,0 -116.6766128,35.154493,0 -116.6767454,35.1549054,0 -116.6772568,35.1553827,0 -116.6779397,35.1554185,0 -116.6784791,35.1555369,0 -116.6786018,35.1557235,0 -116.6788081,35.155892,0 -116.6797177,35.1561874,0 -116.6805388,35.1561737,0 -116.6807685,35.1562958,0 -116.6814254,35.1565001,0 -116.6816879,35.1566494,0 -116.6817572,35.1567673,0 -116.6817381,35.1570141,0 -116.68197,35.1572064,0 -116.6823507,35.1572489,0 -116.6829413,35.1574149,0 -116.6837672,35.1577285,0 -116.6840915,35.1577905,0 -116.6847745,35.1578263,0 -116.6853069,35.1580343,0 -116.6859561,35.157798,0 -116.6869495,35.1580752,0 -116.6872122,35.1582241,0 -116.6880742,35.1584269,0 -116.6884038,35.1584216,0 -116.6895646,35.1586626,0 -116.6898842,35.1584315,0 -116.6901631,35.1580181,0 -116.6904758,35.1578767,0 -116.6906926,35.1579106,0 -116.6909159,35.1582151,0 -116.6910798,35.1582237,0 -116.6918964,35.157951,0 -116.6930293,35.1576817,0 -116.694352,35.157764,0 -116.6946374,35.1576212,0 -116.6950012,35.1575276,0 -116.6955441,35.157601,0 -116.6966585,35.1580872,0 -116.6979506,35.1584025,0 -116.6983314,35.1584449,0 -116.6985929,35.1582559,0 -116.6987911,35.1581761,0 -116.6990213,35.1583909,0 -116.699033,35.1585942,0 -116.6985415,35.1596273,0 -116.6982895,35.1604025,0 -116.6982925,35.1607181,0 -116.6986112,35.1612078,0 -116.6989711,35.1615194,0 -116.6990747,35.1619528,0 -116.698987,35.1623762,0 -116.6986669,35.1629677,0 -116.6986356,35.1633715,0 -116.6987683,35.1637839,0 -116.6991038,35.1644097,0 -116.6992738,35.1650493,0 -116.6993071,35.1656818,0 -116.699134,35.1661458,0 -116.698797,35.1666012,0 -116.6988887,35.1682504,0 -116.6991917,35.168942,0 -116.6994918,35.1693181,0 -116.6998214,35.1693128,0 -116.7007946,35.1694988,0 -116.7013393,35.1695498,0 -116.7018224,35.1696876,0 -116.7032314,35.1709776,0 -116.7037861,35.1712543,0 -116.7043252,35.171733,0 -116.7050403,35.1720631,0 -116.7058683,35.1723541,0 -116.7063289,35.1727836,0 -116.706511,35.1732662,0 -116.7070653,35.1739033,0 -116.7087154,35.1753318,0 -116.7094809,35.1758918,0 -116.7101812,35.1762896,0 -116.7107286,35.176507,0 -116.7121309,35.1768164,0 -116.7129488,35.1769358,0 -116.7140558,35.1769722,0 -116.7152194,35.1773701,0 -116.7165398,35.1776594,0 -116.7175909,35.1777375,0 -116.719317,35.1776325,0 -116.7200487,35.1778176,0 -116.7220699,35.1794663,0 -116.7231202,35.18055,0 -116.7239959,35.1815755,0 -116.7250984,35.1843034,0 -116.7254566,35.1846895,0 -116.726203,35.1850713,0 -116.7270145,35.185383,0 -116.727603,35.1858791,0 -116.7281003,35.186395,0 -116.7287606,35.1875073,0 -116.729352,35.1887385,0 -116.7294645,35.1896019,0 -116.7299032,35.1912662,0 -116.7304773,35.193109,0 -116.7311689,35.1945905,0 -116.7323003,35.1965603,0 -116.7329434,35.1982842,0 -116.7331496,35.2002549,0 -116.7336836,35.2033941,0 -116.7336737,35.2037599,0 -116.7334314,35.2042651,0 -116.7329307,35.2047647,0 -116.7326515,35.2053406,0 -116.7324087,35.2060988,0 -116.731888,35.2070232,0 -116.7315538,35.2074624,0 -116.7314064,35.2075682,0 -116.7329201,35.2075409,0 -116.7337978,35.2077116,0 -116.7346935,35.208097,0 -116.7359099,35.2075628,0 -116.7368085,35.2070586,0 -116.7376691,35.2067384,0 -116.7380432,35.2066472,0 -116.7383229,35.2068165,0 -116.7394391,35.2083987,0 -116.7402209,35.2093512,0 -116.7412272,35.210243,0 -116.7422701,35.2113648,0 -116.7425865,35.2117949,0 -116.7442815,35.2135623,0 -116.7454071,35.2151827,0 -116.7460005,35.2166768,0 -116.7461477,35.2174133,0 -116.7463706,35.2178636,0 -116.7466434,35.2182732,0 -116.7471619,35.218829,0 -116.7481871,35.21969,0 -116.7485416,35.2198748,0 -116.7491023,35.2198913,0 -116.749401,35.2199992,0 -116.7497913,35.2207055,0 -116.750164,35.2210744,0 -116.7508725,35.2216433,0 -116.7510212,35.2219044,0 -116.7515627,35.2220589,0 -116.7518424,35.2222895,0 -116.7521409,35.2224435,0 -116.753411,35.2227221,0 -116.7536908,35.2229374,0 -116.754138,35.2233831,0 -116.754361,35.2237977,0 -116.7556457,35.2254567,0 -116.7560185,35.2257948,0 -116.7564665,35.2259951,0 -116.7574938,35.2262272,0 -116.7579228,35.2265348,0 -116.7581085,35.226934,0 -116.7584604,35.2280236,0 -116.7587771,35.228377,0 -116.7592453,35.2280712,0 -116.7596008,35.2279492,0 -116.7598251,35.2279496,0 -116.7602174,35.2280424,0 -116.7610014,35.2283814,0 -116.7615804,35.2285359,0 -116.761861,35.2284598,0 -116.7622722,35.2284606,0 -116.7627023,35.2284001,0 -116.7628697,35.2286765,0 -116.7631307,35.2289071,0 -116.7638783,35.2289392,0 -116.7649626,35.2288953,0 -116.7668137,35.2286688,0 -116.7688514,35.2285654,0 -116.7707119,35.2283158,0 -116.773181,35.2276661,0 -116.7735555,35.2274214,0 -116.7737704,35.2271928,0 -116.7752866,35.227979,0 -116.7760798,35.2284876,0 -116.777032,35.228982,0 -116.7790783,35.2289441,0 -116.7806944,35.2287949,0 -116.7812113,35.2286437,0 -116.7816225,35.2284271,0 -116.7821261,35.2282758,0 -116.7824637,35.2284441,0 -116.7826156,35.2286555,0 -116.7826374,35.228893,0 -116.7827883,35.2291175,0 -116.783001,35.2292664,0 -116.7832516,35.2293384,0 -116.783704,35.229388,0 -116.7841025,35.2297238,0 -116.7853108,35.2298321,0 -116.785671,35.2298309,0 -116.7860209,35.2296519,0 -116.7862132,35.2296487,0 -116.7864614,35.2295433,0 -116.7866568,35.2293958,0 -116.7868268,35.2290565,0 -116.7871791,35.2289498,0 -116.7874217,35.2289604,0 -116.7875962,35.2290436,0 -116.7877328,35.2301148,0 -116.7875777,35.2305445,0 -116.7875023,35.231003,0 -116.7875603,35.2315727,0 -116.7874585,35.2331675,0 -116.7876493,35.2338607,0 -116.7880044,35.2345291,0 -116.7884873,35.2351206,0 -116.7889589,35.235595,0 -116.7897999,35.2361437,0 -116.7895985,35.2374228,0 -116.7894629,35.2379122,0 -116.7892185,35.2383289,0 -116.7884833,35.2389617,0 -116.7883067,35.2392847,0 -116.7880586,35.2406865,0 -116.7873599,35.2417203,0 -116.7864525,35.2425783,0 -116.78608,35.2432734,0 -116.7857618,35.243638,0 -116.7853967,35.2438573,0 -116.7852955,35.2440426,0 -116.7852846,35.2441849,0 -116.785158,35.2443212,0 -116.7849555,35.2446917,0 -116.7849173,35.2451898,0 -116.7850437,35.2454344,0 -116.7850472,35.245768,0 -116.7851635,35.2464744,0 -116.7849312,35.2471002,0 -116.7845729,35.2477912,0 -116.7843849,35.247972,0 -116.7833945,35.2483972,0 -116.7827819,35.248437,0 -116.7825648,35.2483102,0 -116.7821204,35.2484355,0 -116.7816758,35.2486448,0 -116.7812309,35.2489522,0 -116.780705,35.2497823,0 -116.7797558,35.2508048,0 -116.7793344,35.2513783,0 -116.7785643,35.2519577,0 -116.7776533,35.2524821,0 -116.7765291,35.2527574,0 -116.7752547,35.2534774,0 -116.7733442,35.2541644,0 -116.7720411,35.2545019,0 -116.7704756,35.2552305,0 -116.770251,35.2553696,0 -116.7703412,35.2556873,0 -116.770704,35.2562484,0 -116.7686966,35.256472,0 -116.7665768,35.2564814,0 -116.7654489,35.256804,0 -116.7637373,35.2571679,0 -116.7630069,35.2576063,0 -116.7628712,35.2578612,0 -116.7627073,35.2586209,0 -116.7626756,35.2590692,0 -116.7627352,35.2594678,0 -116.7630663,35.2604647,0 -116.7632778,35.2608138,0 -116.7631866,35.2608635,0 -116.7621549,35.2605875,0 -116.7615483,35.2603621,0 -116.7603126,35.2598003,0 -116.7595069,35.25933,0 -116.7590427,35.2589488,0 -116.7580962,35.2584236,0 -116.7577084,35.2574272,0 -116.7573636,35.2570046,0 -116.7569789,35.2567228,0 -116.7563543,35.2557856,0 -116.7557076,35.255514,0 -116.7553896,35.2554975,0 -116.7546178,35.2557195,0 -116.7523063,35.2559568,0 -116.7516428,35.2562796,0 -116.7501852,35.2574898,0 -116.7500305,35.2587437,0 -116.7498223,35.2591853,0 -116.7496481,35.2599382,0 -116.7497298,35.2615139,0 -116.749429,35.2624031,0 -116.7486532,35.2630533,0 -116.7477901,35.26408,0 -116.7471606,35.264714,0 -116.7466486,35.2653303,0 -116.7460059,35.2665113,0 -116.7457632,35.2670225,0 -116.7458386,35.2675503,0 -116.7460875,35.268087,0 -116.7458086,35.2686916,0 -116.7455458,35.2694637,0 -116.7454331,35.2701722,0 -116.7456289,35.2713966,0 -116.7450458,35.2725569,0 -116.7439659,35.2733818,0 -116.7428158,35.2739888,0 -116.7408343,35.2744573,0 -116.7379545,35.2749029,0 -116.7370993,35.2750728,0 -116.7363035,35.2756029,0 -116.7358707,35.2763185,0 -116.7358051,35.2767913,0 -116.7354682,35.2773928,0 -116.7343556,35.2782635,0 -116.7339467,35.2786709,0 -116.7336102,35.2788915,0 -116.7328092,35.2791117,0 -116.7315813,35.2795955,0 -116.7307077,35.2800024,0 -116.7300568,35.280159,0 -116.7294353,35.2799362,0 -116.7290184,35.2793192,0 -116.7290249,35.2784862,0 -116.728866,35.2782875,0 -116.7282045,35.2782054,0 -116.7278704,35.2780214,0 -116.7274999,35.2779307,0 -116.7266824,35.2783643,0 -116.7261816,35.2784573,0 -116.7257189,35.2784332,0 -116.7250303,35.2783259,0 -116.7237263,35.2775437,0 -116.7231369,35.2776558,0 -116.7229311,35.277632,0 -116.7223919,35.2777706,0 -116.7218894,35.2779611,0 -116.7214222,35.2782201,0 -116.721194,35.2785415,0 -116.7208623,35.2796742,0 -116.72061,35.2800444,0 -116.7199754,35.280628,0 -116.7196842,35.2807129,0 -116.7189908,35.2807434,0 -116.7176238,35.2810721,0 -116.7173366,35.2811071,0 -116.7170785,35.281027,0 -116.7168549,35.2807654,0 -116.716773,35.2805111,0 -116.7167544,35.2802268,0 -116.7164563,35.2798779,0 -116.7159682,35.2796191,0 -116.7153824,35.2795719,0 -116.7145895,35.2793138,0 -116.7138106,35.2788732,0 -116.7134803,35.2789393,0 -116.7132939,35.2792463,0 -116.7122716,35.2801096,0 -116.7119499,35.2803261,0 -116.7116812,35.2806454,0 -116.7114755,35.2812014,0 -116.7113586,35.2824453,0 -116.7111838,35.2826028,0 -116.7109276,35.2830228,0 -116.7105499,35.2834364,0 -116.710236,35.2835533,0 -116.7090666,35.2836923,0 -116.7086729,35.2837884,0 -116.7084602,35.2839106,0 -116.7083234,35.2848868,0 -116.7078923,35.2854643,0 -116.7077033,35.2858044,0 -116.7074905,35.2859267,0 -116.7069043,35.286146,0 -116.7064486,35.2862556,0 -116.7058122,35.2866531,0 -116.7049217,35.2868091,0 -116.7047533,35.2868837,0 -116.7037541,35.2874481,0 -116.7032687,35.2879394,0 -116.7014485,35.2891276,0 -116.6997738,35.28949,0 -116.6994141,35.2896712,0 -116.6988262,35.2901738,0 -116.6986108,35.2904462,0 -116.69814,35.2901474,0 -116.6975998,35.2900358,0 -116.6965888,35.2899663,0 -116.6962115,35.2901132,0 -116.6954801,35.2901083,0 -116.6942999,35.2898632,0 -116.6936723,35.2898303,0 -116.6921341,35.2902664,0 -116.6918045,35.2905825,0 -116.6916611,35.2908583,0 -116.6910253,35.2911917,0 -116.6904429,35.2913612,0 -116.6900315,35.291423,0 -116.6896456,35.2914194,0 -116.6893238,35.2916359,0 -116.6890796,35.2916398,0 -116.6877081,35.2915013,0 -116.6871925,35.2910742,0 -116.6867192,35.2903661,0 -116.6864336,35.2901178,0 -116.68613,35.2901019,0 -116.6858341,35.2899864,0 -116.6852457,35.2899722,0 -116.6848343,35.290034,0 -116.6844346,35.2899464,0 -116.6840452,35.289726,0 -116.6835284,35.2893155,0 -116.6830943,35.2886261,0 -116.6832324,35.2871167,0 -116.6834065,35.2867092,0 -116.6835543,35.2861169,0 -116.6837193,35.2858256,0 -116.6836401,35.2855381,0 -116.6812524,35.2840962,0 -116.6808657,35.2838426,0 -116.6805044,35.2835237,0 -116.6787167,35.2827299,0 -116.6763405,35.2827052,0 -116.6755236,35.2824956,0 -116.6751153,35.2822576,0 -116.6749272,35.2820643,0 -116.6744255,35.2817213,0 -116.673417,35.2811017,0 -116.6697817,35.2793324,0 -116.6676592,35.2786876,0 -116.6658673,35.2780437,0 -116.6648996,35.2779442,0 -116.664026,35.2779418,0 -116.6624593,35.2782759,0 -116.6620924,35.2782899,0 -116.6617979,35.2781578,0 -116.6616163,35.2778815,0 -116.6612849,35.2771808,0 -116.6610047,35.2768661,0 -116.6603475,35.2759148,0 -116.6601827,35.2754228,0 -116.6599864,35.2742959,0 -116.6592184,35.2737221,0 -116.6586175,35.2730905,0 -116.6579898,35.2725408,0 -116.6575874,35.2719697,0 -116.6574632,35.2714798,0 -116.6571132,35.2712781,0 -116.6565797,35.2710833,0 -116.6558348,35.2709941,0 -116.6551446,35.2707244,0 -116.6543416,35.2705988,0 -116.6539166,35.2705764,0 -116.6529394,35.2708583,0 -116.6524093,35.2708804,0 -116.652402,35.2707133,0 -116.6525051,35.2704354,0 -116.6524943,35.2695349,0 -116.6526809,35.269228,0 -116.6528172,35.2687852,0 -116.652823,35.2684522,0 -116.6525996,35.2681905,0 -116.6520766,35.2678629,0 -116.6519466,35.2677061,0 -116.6519448,35.2661727,0 -116.6517677,35.2655801,0 -116.6515926,35.2652208,0 -116.6516597,35.2646244,0 -116.6514252,35.2642454,0 -116.6509185,35.2639687,0 -116.6503081,35.2637199,0 -116.6493328,35.2637185,0 -116.6488646,35.2632105,0 -116.6479937,35.2629146,0 -116.647346,35.2623638,0 -116.6471206,35.2618686,0 -116.6460415,35.2613784,0 -116.6459357,35.2611728,0 -116.6460622,35.2605962,0 -116.6454554,35.2592642,0 -116.6450969,35.258912,0 -116.6444715,35.2585957,0 -116.6439304,35.2585005,0 -116.6436738,35.2584036,0 -116.6434035,35.2582227,0 -116.6432057,35.2578956,0 -116.6430548,35.2574877,0 -116.6429888,35.2570342,0 -116.642663,35.2567837,0 -116.642535,35.2563436,0 -116.6424624,35.2559731,0 -116.6424551,35.2552894,0 -116.6425457,35.2549109,0 -116.6425356,35.2537438,0 -116.6426131,35.2530145,0 -116.6424225,35.2528545,0 -116.6423408,35.2526002,0 -116.6420769,35.252316,0 -116.6411607,35.2523242,0 -116.6402723,35.2522737,0 -116.6396486,35.2519821,0 -116.6388806,35.2515005,0 -116.6385503,35.2511292,0 -116.6383245,35.2511503,0 -116.6380309,35.2514762,0 -116.6380169,35.2516395,0 -116.6380556,35.2519011,0 -116.6383199,35.252185,0 -116.6384649,35.2524251,0 -116.6384776,35.2525449,0 -116.6383159,35.253089,0 -116.6381682,35.253448,0 -116.6379143,35.2538284,0 -116.6377278,35.2539586,0 -116.6372498,35.2539462,0 -116.6369029,35.2537798,0 -116.6366937,35.2536069,0 -116.6362326,35.2527996,0 -116.6360214,35.2525158,0 -116.6357964,35.2523517,0 -116.6349602,35.2524106,0 -116.6341117,35.2523491,0 -116.6338526,35.2522854,0 -116.6336672,35.252059,0 -116.6332579,35.2518374,0 -116.6326614,35.2516725,0 -116.6321556,35.2516458,0 -116.6309148,35.2516636,0 -116.6303705,35.2518681,0 -116.6300311,35.2520502,0 -116.6296363,35.2521626,0 -116.6295162,35.2521396,0 -116.6292877,35.2519442,0 -116.6286344,35.2512097,0 -116.6279888,35.2508923,0 -116.6275098,35.2507836,0 -116.6271645,35.250782,0 -116.6269152,35.2508521,0 -116.6267675,35.251139,0 -116.6267665,35.2512824,0 -116.626825,35.2514541,0 -116.6273418,35.2521281,0 -116.6273399,35.2525347,0 -116.6268442,35.2525477,0 -116.6264225,35.252726,0 -116.6254605,35.2535917,0 -116.6254488,35.2537411,0 -116.6256387,35.2541678,0 -116.6255696,35.2545308,0 -116.6243438,35.2556492,0 -116.623571,35.256175,0 -116.6227937,35.2565005,0 -116.6221064,35.2567141,0 -116.6215803,35.2566863,0 -116.6212442,35.2565685,0 -116.6207585,35.2565428,0 -116.6200778,35.2566734,0 -116.6199041,35.2568142,0 -116.6197188,35.2571043,0 -116.6196626,35.2573014,0 -116.6194551,35.257357,0 -116.6192299,35.2573784,0 -116.6185961,35.2569116,0 -116.6179467,35.2566439,0 -116.6177241,35.2566321,0 -116.6174141,35.256699,0 -116.6172339,35.2569228,0 -116.6165649,35.2574206,0 -116.6163733,35.2578337,0 -116.6161686,35.2580663,0 -116.6159538,35.2584715,0 -116.6159238,35.2588532,0 -116.6162338,35.259303,0 -116.6163023,35.2597233,0 -116.6162461,35.2599203,0 -116.6162565,35.2602693,0 -116.6158949,35.2602516,0 -116.6149843,35.26072,0 -116.6140809,35.2613555,0 -116.6137499,35.2616879,0 -116.613351,35.2618501,0 -116.6129424,35.2618784,0 -116.6125077,35.2622387,0 -116.6114449,35.2628323,0 -116.6111328,35.2631824,0 -116.6107345,35.2641112,0 -116.609812,35.2647289,0 -116.6091893,35.2648959,0 -116.6086984,35.2649365,0 -116.6079072,35.2651779,0 -116.6068607,35.2658223,0 -116.6062711,35.266341,0 -116.6061085,35.266599,0 -116.6060242,35.2668945,0 -116.6058672,35.2683694,0 -116.6048951,35.2691011,0 -116.6045484,35.269116,0 -116.6036835,35.2690035,0 -116.6030921,35.2687721,0 -116.6026325,35.268931,0 -116.6024294,35.2691869,0 -116.6021479,35.2699219,0 -116.6019056,35.270159,0 -116.6017423,35.2706836,0 -116.6018212,35.2709711,0 -116.6017549,35.2720675,0 -116.601467,35.2723689,0 -116.601149,35.2725353,0 -116.6006071,35.2727065,0 -116.6004145,35.2728296,0 -116.5997212,35.2728594,0 -116.5979446,35.2734817,0 -116.5974445,35.2736384,0 -116.5972395,35.2736609,0 -116.596793,35.2736538,0 -116.596372,35.2735814,0 -116.5955417,35.2732873,0 -116.5943829,35.2732924,0 -116.5939188,35.273251,0 -116.5924136,35.2727543,0 -116.5921492,35.2727569,0 -116.5918959,35.2728768,0 -116.5915934,35.2733607,0 -116.5909882,35.2735618,0 -116.5902368,35.2735551,0 -116.5896434,35.2736069,0 -116.588657,35.2734877,0 -116.5882967,35.2734186,0 -116.587924,35.2732487,0 -116.5874396,35.2732063,0 -116.5867195,35.273318,0 -116.5862326,35.2733087,0 -116.5852885,35.2734251,0 -116.5850391,35.2734951,0 -116.5842205,35.2735682,0 -116.583611,35.2737393,0 -116.5831745,35.2739458,0 -116.582113,35.2740059,0 -116.5813831,35.2739837,0 -116.5810197,35.2736977,0 -116.5808036,35.2736028,0 -116.5804772,35.2736188,0 -116.5802599,35.2735405,0 -116.5798323,35.2735511,0 -116.5796207,35.2736565,0 -116.5791009,35.2740621,0 -116.5788044,35.2742129,0 -116.5784596,35.2744612,0 -116.578259,35.2746838,0 -116.5782471,35.2761164,0 -116.5777593,35.2763737,0 -116.5766566,35.2774648,0 -116.576157,35.2778715,0 -116.5754044,35.2786479,0 -116.5748022,35.2790658,0 -116.5744305,35.2793959,0 -116.5737658,35.2795771,0 -116.5730409,35.2800051,0 -116.5724676,35.2800578,0 -116.5719472,35.2802134,0 -116.5716133,35.2805788,0 -116.5713534,35.2807816,0 -116.5704638,35.2812341,0 -116.5702672,35.2814069,0 -116.5699315,35.281539,0 -116.5688854,35.2819164,0 -116.5682567,35.2818995,0 -116.568049,35.2819551,0 -116.5678779,35.2820626,0 -116.5678735,35.2821922,0 -116.5674352,35.2821906,0 -116.5670675,35.282286,0 -116.5669937,35.2824487,0 -116.5670953,35.2827041,0 -116.5670834,35.2828535,0 -116.5666723,35.2832662,0 -116.5665643,35.2836034,0 -116.5662853,35.2836133,0 -116.5644086,35.2845438,0 -116.5642036,35.2845661,0 -116.5637931,35.2843609,0 -116.5635731,35.2843158,0 -116.5633074,35.2843349,0 -116.5627825,35.2842902,0 -116.5623249,35.2841658,0 -116.562013,35.2839991,0 -116.56139,35.2833992,0 -116.5606517,35.2832264,0 -116.5592417,35.2830677,0 -116.5590569,35.2830912,0 -116.558774,35.283326,0 -116.5584612,35.2834259,0 -116.5577828,35.283523,0 -116.5574616,35.2834725,0 -116.556931,35.2832441,0 -116.5565681,35.283208,0 -116.5563362,35.2833123,0 -116.5561734,35.2835702,0 -116.5558421,35.2839025,0 -116.5554365,35.2841474,0 -116.55485,35.284366,0 -116.5542274,35.2847826,0 -116.5539111,35.2851823,0 -116.5535807,35.285248,0 -116.5533,35.2851996,0 -116.5530791,35.2854211,0 -116.5526774,35.2856163,0 -116.5524108,35.285902,0 -116.5520091,35.2860971,0 -116.5513974,35.286631,0 -116.5512197,35.2868214,0 -116.550913,35.287355,0 -116.5507158,35.2880443,0 -116.5505529,35.2890689,0 -116.5506206,35.2892391,0 -116.5506566,35.2898077,0 -116.5500604,35.290659,0 -116.5499795,35.2911183,0 -116.5492315,35.2915293,0 -116.5486109,35.2917216,0 -116.548179,35.2920323,0 -116.5471856,35.2928993,0 -116.5470471,35.2931175,0 -116.5468803,35.2938303,0 -116.5468246,35.2946664,0 -116.5469868,35.2951171,0 -116.5471325,35.2953595,0 -116.5471886,35.2961745,0 -116.5470504,35.296528,0 -116.5470289,35.2967975,0 -116.5468742,35.2973576,0 -116.5467808,35.2981444,0 -116.5467746,35.2992574,0 -116.5466705,35.2997554,0 -116.5465679,35.2999876,0 -116.5457548,35.3004331,0 -116.5440617,35.3011164,0 -116.5438375,35.3011675,0 -116.5426218,35.3010933,0 -116.5424634,35.301148,0 -116.5421219,35.3014274,0 -116.5417144,35.3019829,0 -116.5412038,35.3024518,0 -116.541057,35.302498,0 -116.5407457,35.3024001,0 -116.540435,35.3021864,0 -116.5400138,35.3017082,0 -116.5395073,35.3015391,0 -116.5389149,35.3014559,0 -116.5380503,35.3011681,0 -116.5375239,35.3010996,0 -116.5369185,35.3008505,0 -116.5364642,35.3008893,0 -116.5361611,35.3009632,0 -116.5359749,35.3009532,0 -116.5357255,35.3007684,0 -116.5353004,35.3003035,0 -116.5348674,35.2999375,0 -116.5347353,35.2997267,0 -116.5344571,35.2995636,0 -116.5341425,35.2992309,0 -116.5336487,35.298943,0 -116.5335772,35.2987314,0 -116.5333847,35.2984922,0 -116.5330215,35.298225,0 -116.5326168,35.2981238,0 -116.5317254,35.2980871,0 -116.5308353,35.2978345,0 -116.530288,35.2978656,0 -116.5291565,35.2976113,0 -116.5287575,35.2978305,0 -116.528369,35.2979179,0 -116.5281051,35.2979157,0 -116.5278215,35.2977922,0 -116.5271387,35.2977074,0 -116.5269083,35.2980198,0 -116.5267811,35.2983257,0 -116.5268161,35.2990481,0 -116.5269365,35.2992479,0 -116.5271984,35.2995147,0 -116.52762,35.3001809,0 -116.527759,35.3006798,0 -116.5276947,35.3012137,0 -116.5277165,35.3014916,0 -116.528069,35.3022202,0 -116.5282662,35.3025075,0 -116.5283534,35.3028851,0 -116.5283234,35.3030759,0 -116.5285275,35.3041936,0 -116.5284406,35.3047302,0 -116.5290749,35.3056064,0 -116.5292666,35.3068797,0 -116.5293004,35.307447,0 -116.5290323,35.3087076,0 -116.5288517,35.309131,0 -116.5289653,35.3095461,0 -116.5289375,35.3106272,0 -116.5285339,35.3118204,0 -116.5285227,35.312245,0 -116.5287279,35.3134308,0 -116.528744,35.3137805,0 -116.5285562,35.3146605,0 -116.528519,35.3153081,0 -116.5282606,35.3159259,0 -116.5281149,35.3161405,0 -116.5278492,35.3163427,0 -116.5275759,35.3166408,0 -116.5265517,35.3171511,0 -116.5259576,35.3172394,0 -116.52534,35.3172543,0 -116.5247614,35.3173315,0 -116.5233439,35.3172552,0 -116.5231422,35.3172083,0 -116.5227393,35.3169402,0 -116.5220417,35.3166559,0 -116.5218304,35.315995,0 -116.5214843,35.3157358,0 -116.521232,35.3157703,0 -116.5205138,35.3163091,0 -116.5196484,35.3168519,0 -116.5192553,35.3171898,0 -116.5187461,35.317489,0 -116.5183995,35.3176027,0 -116.5180001,35.3176413,0 -116.5174447,35.3181135,0 -116.5170456,35.3182363,0 -116.5166896,35.3191763,0 -116.516298,35.3195576,0 -116.5154409,35.3196499,0 -116.5146792,35.3200776,0 -116.5144402,35.3201218,0 -116.5141157,35.3198999,0 -116.5129502,35.3194803,0 -116.5120362,35.3193171,0 -116.5111402,35.3190263,0 -116.5109011,35.3190253,0 -116.5104992,35.3191833,0 -116.5101078,35.3195327,0 -116.5092089,35.3200875,0 -116.5086016,35.3207232,0 -116.5080538,35.3211677,0 -116.5073707,35.3214681,0 -116.5053843,35.3215876,0 -116.5046034,35.3219514,0 -116.5042695,35.3224446,0 -116.5039378,35.3225549,0 -116.5035297,35.3220422,0 -116.5028914,35.3217688,0 -116.5021127,35.3217656,0 -116.5012932,35.3220654,0 -116.4999465,35.3226342,0 -116.4992621,35.323126,0 -116.4989075,35.3237946,0 -116.4979418,35.3244012,0 -116.4976004,35.3250203,0 -116.4970465,35.3256695,0 -116.4958436,35.3250104,0 -116.4948142,35.3246232,0 -116.494407,35.3249041,0 -116.4933545,35.3245692,0 -116.4928269,35.3248701,0 -116.4923378,35.325251,0 -116.4917724,35.3253922,0 -116.4907414,35.3252762,0 -116.490373,35.3250194,0 -116.4899524,35.3244964,0 -116.4894829,35.324154,0 -116.4891138,35.3240408,0 -116.4888997,35.3240399,0 -116.4886251,35.3243578,0 -116.4883515,35.3245162,0 -116.4875333,35.3246085,0 -116.4867569,35.3242382,0 -116.4861865,35.3237501,0 -116.4856515,35.3235794,0 -116.4851828,35.3238167,0 -116.4844577,35.3245635,0 -116.4843578,35.3249779,0 -116.4841221,35.325296,0 -116.4829877,35.3261208,0 -116.482674,35.3264705,0 -116.4823619,35.3265649,0 -116.4818758,35.326467,0 -116.4811968,35.3260972,0 -116.4800147,35.3252465,0 -116.4782547,35.3250875,0 -116.4779925,35.3248549,0 -116.4771192,35.3244363,0 -116.4765557,35.3242743,0 -116.4755436,35.324222,0 -116.4745329,35.3242627,0 -116.4729782,35.324431,0 -116.4725536,35.3246005,0 -116.4719207,35.3251676,0 -116.4716032,35.3252827,0 -116.4712963,35.3252661,0 -116.4708219,35.3253245,0 -116.4703281,35.3254421,0 -116.4699335,35.3254207,0 -116.4692278,35.3254868,0 -116.4686228,35.3257075,0 -116.4676685,35.3257671,0 -116.4668122,35.3257315,0 -116.4664995,35.3259056,0 -116.4662056,35.3261915,0 -116.4654759,35.326198,0 -116.4640599,35.3268361,0 -116.4630077,35.3269751,0 -116.4616843,35.3269054,0 -116.461255,35.327063,0 -116.4605152,35.3270597,0 -116.4589785,35.3268614,0 -116.4585308,35.3268594,0 -116.4580228,35.3271283,0 -116.4571076,35.3271561,0 -116.4559886,35.3274982,0 -116.4544965,35.3274954,0 -116.4531152,35.3273615,0 -116.4526291,35.3272636,0 -116.4518137,35.3269248,0 -116.4507638,35.3267286,0 -116.4497132,35.3266281,0 -116.4459752,35.326627,0 -116.4437716,35.32653,0 -116.4432511,35.326423,0 -116.4430182,35.3263262,0 -116.4427281,35.3260377,0 -116.4423214,35.3257327,0 -116.4421286,35.3254605,0 -116.4421022,35.3236256,0 -116.4419721,35.3227315,0 -116.4416778,35.3219777,0 -116.441338,35.321516,0 -116.4405245,35.320922,0 -116.4397091,35.3205991,0 -116.4391057,35.3205963,0 -116.4386979,35.3204348,0 -116.4372974,35.3202847,0 -116.4356461,35.3197984,0 -116.4329494,35.3184775,0 -116.4328579,35.3184239,0 -116.4327259,35.3181999,0 -116.4312457,35.3183343,0 -116.4291538,35.3184437,0 -116.4285905,35.3182655,0 -116.4274684,35.317271,0 -116.427138,35.3172056,0 -116.4258921,35.3172157,0 -116.4255332,35.3172628,0 -116.4242843,35.3169383,0 -116.4223063,35.3177889,0 -116.4204539,35.3182268,0 -116.4174424,35.3177869,0 -116.4173327,35.3164408,0 -116.4168922,35.3154335,0 -116.4162012,35.314074,0 -116.4150459,35.3131852,0 -116.4132967,35.3129174,0 -116.4117889,35.3129267,0 -116.410969,35.3128423,0 -116.4103886,35.3125218,0 -116.4097406,35.3120694,0 -116.409159,35.3112838,0 -116.4084256,35.3089984,0 -116.4082153,35.3086982,0 -116.4077583,35.3083043,0 -116.4070286,35.3078955,0 -116.4052925,35.3075919,0 -116.4043836,35.3072213,0 -116.4032628,35.3064952,0 -116.4019064,35.3054498,0 -116.4005068,35.3046193,0 -116.4005824,35.3036933,0 -116.4003783,35.3035846,0 -116.4000609,35.3032137,0 -116.3990384,35.3031385,0 -116.3988133,35.3033178,0 -116.3971239,35.3023795,0 -116.3965444,35.3023512,0 -116.3957754,35.3028039,0 -116.3950429,35.303111,0 -116.3944534,35.302887,0 -116.3942162,35.3023566,0 -116.3940964,35.3019307,0 -116.3938083,35.3016251,0 -116.3936253,35.3012893,0 -116.3935083,35.300812,0 -116.3929362,35.3004883,0 -116.3926655,35.3002492,0 -116.3923513,35.2997321,0 -116.3913675,35.2990712,0 -116.3908441,35.2988696,0 -116.3897958,35.2987681,0 -116.3885156,35.2983641,0 -116.3869415,35.2967445,0 -116.3859224,35.2963435,0 -116.3854802,35.2963193,0 -116.3848642,35.2964196,0 -116.3839859,35.2968696,0 -116.3834569,35.2967639,0 -116.3828909,35.2961808,0 -116.3828022,35.2959392,0 -116.3828709,35.2958282,0 -116.3831426,35.2958111,0 -116.3836415,35.2956652,0 -116.3840051,35.295463,0 -116.384689,35.2947986,0 -116.3852857,35.2936885,0 -116.3858193,35.2919473,0 -116.3858285,35.2907414,0 -116.3857181,35.2903698,0 -116.3856074,35.2900729,0 -116.3853434,35.2896441,0 -116.3847481,35.2895179,0 -116.3846571,35.2894535,0 -116.3846968,35.2877859,0 -116.3841808,35.2872082,0 -116.3838659,35.2869654,0 -116.3832556,35.2868695,0 -116.3819872,35.2870486,0 -116.3809501,35.2873124,0 -116.3806567,35.2873123,0 -116.3802698,35.2874995,0 -116.3804754,35.2865028,0 -116.379968,35.2847934,0 -116.3795117,35.2845711,0 -116.37805,35.2847473,0 -116.3771957,35.2849088,0 -116.376957,35.2847193,0 -116.3766028,35.2840156,0 -116.3765109,35.2837165,0 -116.3777212,35.2827887,0 -116.3788498,35.281664,0 -116.3792036,35.2811904,0 -116.3794794,35.2806352,0 -116.3795269,35.2803386,0 -116.3794836,35.2800787,0 -116.3787431,35.2792771,0 -116.3785418,35.2789793,0 -116.3784537,35.2786634,0 -116.3790318,35.2770338,0 -116.3793761,35.2763862,0 -116.3793352,35.2758109,0 -116.3791792,35.2754947,0 -116.3788651,35.2751592,0 -116.3784848,35.2746007,0 -116.3777001,35.273669,0 -116.3772785,35.2725908,0 -116.3767199,35.2716789,0 -116.3758684,35.270617,0 -116.3747646,35.2700176,0 -116.3745187,35.2696268,0 -116.3747505,35.2689044,0 -116.374666,35.2681248,0 -116.3756338,35.2658108,0 -116.375637,35.2654027,0 -116.3753968,35.2642697,0 -116.375218,35.2639905,0 -116.3748348,35.2638216,0 -116.3746326,35.263635,0 -116.3741629,35.2629462,0 -116.3737586,35.262573,0 -116.3733831,35.2620955,0 -116.3730205,35.2614932,0 -116.3723464,35.2609146,0 -116.3723299,35.2601167,0 -116.3726499,35.2596917,0 -116.3729753,35.2594682,0 -116.3734833,35.2592902,0 -116.3735833,35.2588988,0 -116.3734973,35.2583232,0 -116.3729802,35.2579124,0 -116.3722809,35.2576676,0 -116.372147,35.2574442,0 -116.3721719,35.2571475,0 -116.3725861,35.2562221,0 -116.372184,35.2555707,0 -116.37167,35.2555474,0 -116.3713509,35.2553253,0 -116.3709647,35.2548852,0 -116.3708799,35.2545806,0 -116.3709075,35.2539314,0 -116.3710923,35.2534315,0 -116.3710946,35.2531325,0 -116.3709544,35.252966,0 -116.3707343,35.2529287,0 -116.3705104,35.2526307,0 -116.3703772,35.2523146,0 -116.3699042,35.2520524,0 -116.3695885,35.2519395,0 -116.3696823,35.2515133,0 -116.3698655,35.2512174,0 -116.3699123,35.2510135,0 -116.369622,35.2506475,0 -116.3692489,35.2494723,0 -116.3686148,35.2491701,0 -116.3679846,35.2487772,0 -116.36686,35.2479922,0 -116.3664337,35.2475447,0 -116.3661455,35.2468011,0 -116.3659033,35.245965,0 -116.3655824,35.2453614,0 -116.3652554,35.2449412,0 -116.3650982,35.2446492,0 -116.3650555,35.2444544,0 -116.3652181,35.2439206,0 -116.36522,35.2436796,0 -116.3647092,35.2424894,0 -116.3647637,35.2413024,0 -116.365361,35.2400996,0 -116.3652718,35.2399322,0 -116.3640942,35.2401486,0 -116.3637055,35.2399899,0 -116.3634856,35.2399898,0 -116.3626039,35.2401938,0 -116.3623081,35.2402256,0 -116.3619909,35.2401932,0 -116.3618599,35.2400115,0 -116.362002,35.2392403,0 -116.3623424,35.2386181,0 -116.3622764,35.2383766,0 -116.3619396,35.238078,0 -116.3614042,35.2371475,0 -116.3613158,35.2367382,0 -116.3610245,35.2365519,0 -116.3604142,35.2365115,0 -116.3598507,35.2362859,0 -116.3591058,35.236115,0 -116.3586113,35.2357413,0 -116.3582752,35.23535,0 -116.3581082,35.2343062,0 -116.3577794,35.2337116,0 -116.3575061,35.2335339,0 -116.3571595,35.2334517,0 -116.356414,35.2333735,0 -116.3560082,35.233223,0 -116.3552424,35.2328478,0 -116.3549291,35.232438,0 -116.3546626,35.2318244,0 -116.3545322,35.2311558,0 -116.3543767,35.2308025,0 -116.3539052,35.2303918,0 -116.3534779,35.2300927,0 -116.3526897,35.2296989,0 -116.3515196,35.2289876,0 -116.3507516,35.2288908,0 -116.3506172,35.2287416,0 -116.3504203,35.2279057,0 -116.3501985,35.2273665,0 -116.3499076,35.2269939,0 -116.3498235,35.2261957,0 -116.3497344,35.2260282,0 -116.3491952,35.2255986,0 -116.3481145,35.2250363,0 -116.3477114,35.2245517,0 -116.3471047,35.2240846,0 -116.3460653,35.2240048,0 -116.3445359,35.2230133,0 -116.3441284,35.2230853,0 -116.3438345,35.2230837,0 -116.3432715,35.2228024,0 -116.3423543,35.2215915,0 -116.3419944,35.2213669,0 -116.3412678,35.2207684,0 -116.3404627,35.2206721,0 -116.339905,35.2197415,0 -116.3395688,35.2193871,0 -116.3390511,35.219106,0 -116.3386901,35.2190113,0 -116.3379215,35.2190071,0 -116.3377642,35.2188949,0 -116.3371328,35.2186874,0 -116.3360477,35.2186814,0 -116.3356196,35.2185121,0 -116.3352357,35.2184544,0 -116.334534,35.2185618,0 -116.3332712,35.2188633,0 -116.331093,35.2198253,0 -116.3308725,35.219838,0 -116.3305711,35.219643,0 -116.3299303,35.2189423,0 -116.329528,35.2183835,0 -116.3292086,35.2180478,0 -116.3286357,35.2176132,0 -116.3284172,35.2173755,0 -116.3283515,35.2171247,0 -116.3281008,35.216678,0 -116.3276964,35.2163697,0 -116.327428,35.2160203,0 -116.3271117,35.2153228,0 -116.3266425,35.2146523,0 -116.3264261,35.2141642,0 -116.326291,35.2140938,0 -116.3254934,35.2141868,0 -116.3250356,35.2141842,0 -116.3242921,35.2138879,0 -116.3238365,35.213621,0 -116.3232825,35.2129639,0 -116.3232515,35.2126159,0 -116.3234226,35.212422,0 -116.3231025,35.2121837,0 -116.3225484,35.2115266,0 -116.3224318,35.2112755,0 -116.3221456,35.2110374,0 -116.3208972,35.2102929,0 -116.3203063,35.2099974,0 -116.3198009,35.2096189,0 -116.3192946,35.2093378,0 -116.318553,35.2088188,0 -116.3181834,35.2084132,0 -116.3178129,35.2081189,0 -116.3177318,35.2076732,0 -116.3178029,35.207284,0 -116.3176693,35.2070467,0 -116.3169478,35.2061521,0 -116.3167639,35.2060169,0 -116.3161376,35.2057162,0 -116.3158499,35.2056589,0 -116.315126,35.2050565,0 -116.3134907,35.2039758,0 -116.3128663,35.2034005,0 -116.3126297,35.2024551,0 -116.3124878,35.2022815,0 -116.311697,35.2019866,0 -116.3105253,35.2018162,0 -116.3101371,35.2016192,0 -116.3099171,35.2015762,0 -116.3097168,35.2011994,0 -116.3096532,35.200712,0 -116.3094859,35.2004467,0 -116.3092326,35.2003339,0 -116.3085552,35.2002466,0 -116.3077264,35.2000331,0 -116.3071674,35.1999882,0 -116.3062886,35.199677,0 -116.3055613,35.1994781,0 -116.3044275,35.1992489,0 -116.3025468,35.1991546,0 -116.3016953,35.1986131,0 -116.3008499,35.1973777,0 -116.3005156,35.1968192,0 -116.300216,35.1961775,0 -116.3005239,35.1951205,0 -116.300453,35.1942447,0 -116.2999545,35.1930731,0 -116.2997706,35.1927798,0 -116.2995019,35.1924861,0 -116.2994194,35.1922212,0 -116.2992181,35.1919835,0 -116.2988637,35.1918006,0 -116.2976116,35.1915429,0 -116.296921,35.1910379,0 -116.29621,35.1909364,0 -116.2955843,35.1907658,0 -116.2944782,35.1906275,0 -116.29403,35.1904966,0 -116.2936207,35.1904859,0 -116.293267,35.1903339,0 -116.2922711,35.1897447,0 -116.2918002,35.1893106,0 -116.2911814,35.1883608,0 -116.2906073,35.1881069,0 -116.2902185,35.1879934,0 -116.2893356,35.1881691,0 -116.2880084,35.1887596,0 -116.2874974,35.1890488,0 -116.2873266,35.1892008,0 -116.2870862,35.1895473,0 -116.2870494,35.189881,0 -116.2868786,35.190033,0 -116.2863986,35.1906564,0 -116.2862944,35.190934,0 -116.2861925,35.1909613,0 -116.2858705,35.1909594,0 -116.2856338,35.1908884,0 -116.2846169,35.1908824,0 -116.2836859,35.1907377,0 -116.2832634,35.1905961,0 -116.2824732,35.1898679,0 -116.2816291,35.1894872,0 -116.2814086,35.1894998,0 -116.2808787,35.1900115,0 -116.2806573,35.1901354,0 -116.2805047,35.1901345,0 -116.2802022,35.1898405,0 -116.2800863,35.1895337,0 -116.2798094,35.1882519,0 -116.2794728,35.1879856,0 -116.2794069,35.1877765,0 -116.2791727,35.1874272,0 -116.2785175,35.1867693,0 -116.2782332,35.1863363,0 -116.2779709,35.1853329,0 -116.2779579,35.1848876,0 -116.2781661,35.1843322,0 -116.2781162,35.1842345,0 -116.2777135,35.1838706,0 -116.2772944,35.1836111,0 -116.2769039,35.183537,0 -116.2766073,35.1834198,0 -116.2763459,35.1831804,0 -116.2753295,35.1831326,0 -116.2732103,35.1832034,0 -116.2729386,35.1832713,0 -116.2729184,35.183633,0 -116.2728142,35.1839106,0 -116.2732653,35.1846508,0 -116.2734648,35.1850833,0 -116.2736622,35.1857524,0 -116.27398,35.1862274,0 -116.2742332,35.1863402,0 -116.2746881,35.1866491,0 -116.2747372,35.1868442,0 -116.2744636,35.1871208,0 -116.2742039,35.1877315,0 -116.2737749,35.1883272,0 -116.273671,35.188577,0 -116.2734565,35.1888304,0 -116.273006,35.1890183,0 -116.2727635,35.1896012,0 -116.2721101,35.1906548,0 -116.2714267,35.1912629,0 -116.270762,35.1916624,0 -116.2702182,35.1918261,0 -116.2690689,35.1924372,0 -116.2684246,35.1924889,0 -116.2681938,35.1926044,0 -116.2679661,35.1934706,0 -116.2679631,35.1938022,0 -116.2680784,35.1941786,0 -116.2680078,35.1943032,0 -116.2678909,35.1942888,0 -116.2675707,35.1940782,0 -116.2669965,35.1938521,0 -116.2664717,35.1937793,0 -116.2660474,35.1938324,0 -116.2654359,35.1939817,0 -116.2643686,35.1939196,0 -116.2638782,35.1937914,0 -116.262812,35.193604,0 -116.2612239,35.1932547,0 -116.2607952,35.1931035,0 -116.2606498,35.1930065,0 -116.2605896,35.1926971,0 -116.2591374,35.1932059,0 -116.2589493,35.1933857,0 -116.2586269,35.1934254,0 -116.2582641,35.1931939,0 -116.2577891,35.192791,0 -116.2573686,35.1925621,0 -116.2571265,35.1925235,0 -116.2562055,35.1925552,0 -116.2560812,35.1927972,0 -116.2557516,35.1930172,0 -116.2555411,35.1931026,0 -116.2552016,35.1931378,0 -116.2548779,35.1932349,0 -116.2542374,35.1936754,0 -116.253516,35.1943959,0 -116.2521157,35.1955282,0 -116.250968,35.1968429,0 -116.2507806,35.1969392,0 -116.2499313,35.1971287,0 -116.249692,35.1973499,0 -116.2493172,35.1975562,0 -116.2493813,35.1979602,0 -116.2496682,35.1981011,0 -116.2496842,35.1981986,0 -116.2492926,35.1983909,0 -116.2490458,35.1985772,0 -116.247964,35.1990784,0 -116.2476905,35.1993272,0 -116.2474662,35.1997571,0 -116.2470559,35.2001302,0 -116.2464439,35.2003212,0 -116.2463227,35.2005988,0 -116.2464878,35.2010729,0 -116.2464185,35.2012394,0 -116.2459916,35.2015707,0 -116.2453053,35.2024569,0 -116.2450707,35.2039999,0 -116.2450655,35.2045565,0 -116.2448949,35.2046806,0 -116.2439152,35.2042988,0 -116.2434904,35.2041988,0 -116.2434723,35.2045187,0 -116.2433317,35.2050605,0 -116.2429711,35.2055591,0 -116.2428501,35.2058088,0 -116.2429816,35.2060341,0 -116.2440157,35.2069312,0 -116.2448799,35.2074739,0 -116.245645,35.2082157,0 -116.2459705,35.2092909,0 -116.245934,35.2096406,0 -116.2452815,35.210527,0 -116.2443698,35.2119545,0 -116.2440452,35.2122168,0 -116.2438559,35.2125217,0 -116.2437191,35.2126461,0 -116.243515,35.2127144,0 -116.2427112,35.2134607,0 -116.2424745,35.2133897,0 -116.2417169,35.2128145,0 -116.2413437,35.21284,0 -116.2407171,35.2127665,0 -116.2406286,35.2131694,0 -116.2401141,35.2137923,0 -116.2402632,35.2141689,0 -116.2404092,35.2148795,0 -116.2404159,35.2159787,0 -116.2407362,35.2161755,0 -116.2412946,35.2162904,0 -116.2417169,35.21646,0 -116.2421829,35.2168307,0 -116.2430825,35.2173034,0 -116.2431143,35.2175262,0 -116.2430439,35.217804,0 -116.2427332,35.2184004,0 -116.2429457,35.2185775,0 -116.2428644,35.2188743,0 -116.242808,35.2194723,0 -116.2423387,35.2201968,0 -116.2417455,35.2206761,0 -116.2414052,35.2208131,0 -116.2406082,35.2208221,0 -116.2395879,35.2211357,0 -116.2388576,35.2212563,0 -116.2386195,35.2213383,0 -116.2380059,35.2216823,0 -116.2378002,35.2219175,0 -116.2374418,35.2221657,0 -116.2367778,35.2224538,0 -116.2365728,35.2226194,0 -116.236537,35.222814,0 -116.2366874,35.2230515,0 -116.2367007,35.2234412,0 -116.2368167,35.2237341,0 -116.2372542,35.2240986,0 -116.2377505,35.2254236,0 -116.2376799,35.2257153,0 -116.2377104,35.2258866,0 -116.238081,35.226344,0 -116.2382129,35.2267483,0 -116.238498,35.2270841,0 -116.2390867,35.2276026,0 -116.2391185,35.2278254,0 -116.2390132,35.2282004,0 -116.2387736,35.2284355,0 -116.2387204,35.2286856,0 -116.2389542,35.2290767,0 -116.2390866,35.2294253,0 -116.2393545,35.2297888,0 -116.2393176,35.2301086,0 -116.2390395,35.2310721,0 -116.239179,35.2318279,0 -116.2391633,35.2326723,0 -116.2381802,35.2333979,0 -116.2374132,35.2337504,0 -116.2377857,35.2349557,0 -116.2377621,35.235142,0 -116.2374452,35.235193,0 -116.2373506,35.2353168,0 -116.2371007,35.2361518,0 -116.236782,35.2366787,0 -116.2354449,35.23794,0 -116.2351675,35.2383644,0 -116.2346011,35.2387565,0 -116.2332171,35.2393391,0 -116.2322318,35.239445,0 -116.2316303,35.2394411,0 -116.2307217,35.2401083,0 -116.2286534,35.2401689,0 -116.228289,35.2403261,0 -116.2282066,35.2404772,0 -116.2281063,35.2409643,0 -116.2279698,35.2410998,0 -116.2275836,35.2413179,0 -116.2273344,35.2416114,0 -116.2270969,35.2417676,0 -116.2267905,35.2418531,0 -116.2259245,35.2414236,0 -116.2257107,35.2417036,0 -116.2255274,35.242924,0 -116.2251692,35.2432133,0 -116.2245376,35.2435009,0 -116.2237238,35.2435377,0 -116.222792,35.2443993,0 -116.2233044,35.2449757,0 -116.2233744,35.2452396,0 -116.2237352,35.2455435,0 -116.2249122,35.2457997,0 -116.226555,35.2458661,0 -116.2269371,35.2462938,0 -116.2275088,35.2466238,0 -116.2283278,35.2467636,0 -116.2285524,35.2468717,0 -116.2285486,35.2472697,0 -116.2282575,35.2476885,0 -116.2276097,35.2489629,0 -116.2266954,35.2499296,0 -116.2263371,35.2500619,0 -116.2254044,35.2501096,0 -116.2241337,35.2500174,0 -116.2212618,35.2500599,0 -116.2197776,35.2496885,0 -116.2195605,35.2495626,0 -116.2194994,35.2499539,0 -116.2192078,35.2504231,0 -116.2192411,35.2512308,0 -116.2195455,35.2515693,0 -116.2200548,35.2519259,0 -116.2210859,35.2534803,0 -116.2216697,35.254628,0 -116.2223807,35.2553392,0 -116.222336,35.2557258,0 -116.2223728,35.2561075,0 -116.2224715,35.2565679,0 -116.2226731,35.2569393,0 -116.2227114,35.2572255,0 -116.2224838,35.257426,0 -116.2215191,35.2575039,0 -116.2213537,35.2576374,0 -116.2210813,35.2582413,0 -116.2209743,35.2587117,0 -116.2215637,35.2592706,0 -116.2216617,35.2594611,0 -116.2213517,35.2599927,0 -116.2207922,35.2605947,0 -116.2216893,35.2611557,0 -116.2232935,35.2628483,0 -116.2233926,35.2632191,0 -116.2235934,35.2636746,0 -116.223711,35.2642473,0 -116.2236597,35.2653237,0 -116.223956,35.2665201,0 -116.2236872,35.2667371,0 -116.2229199,35.267607,0 -116.2226279,35.2681098,0 -116.2223552,35.2687473,0 -116.2218034,35.2691433,0 -116.2215092,35.2692634,0 -116.2213815,35.2697505,0 -116.2210284,35.2702024,0 -116.2204926,35.2704513,0 -116.2200878,35.2705316,0 -116.219813,35.2707329,0 -116.2196056,35.2709671,0 -116.2191157,35.2718416,0 -116.2178497,35.2722344,0 -116.2175404,35.2724006,0 -116.2168888,35.2725131,0 -116.2167378,35.2726646,0 -116.2166932,35.2730344,0 -116.2165262,35.2733362,0 -116.2162579,35.2735027,0 -116.2151662,35.2739666,0 -116.2147911,35.2745698,0 -116.2147463,35.2749565,0 -116.2145585,35.2752917,0 -116.2145555,35.2755945,0 -116.2139722,35.276516,0 -116.2137656,35.2766661,0 -116.2133916,35.2771516,0 -116.2129182,35.2773167,0 -116.2125895,35.277365,0 -116.2116826,35.2777965,0 -116.2099522,35.2785255,0 -116.2094791,35.278657,0 -116.2090481,35.278671,0 -116.2083695,35.2788348,0 -116.2076306,35.2788636,0 -116.2073442,35.2787776,0 -116.206791,35.2787067,0 -116.2062781,35.2787033,0 -116.20574,35.2791877,0 -116.2052686,35.2791341,0 -116.2045738,35.2788604,0 -116.204122,35.2789079,0 -116.2031743,35.2793054,0 -116.2025379,35.2793517,0 -116.202169,35.2793156,0 -116.2017767,35.2795653,0 -116.201177,35.2800493,0 -116.2002133,35.2806787,0 -116.1996949,35.2805442,0 -116.1991209,35.2805067,0 -116.1985445,35.2807048,0 -116.197843,35.2811039,0 -116.1973468,35.2814875,0 -116.1970993,35.2816205,0 -116.1969158,35.2815015,0 -116.1966934,35.2811636,0 -116.1965743,35.280759,0 -116.195674,35.2805175,0 -116.1952449,35.2803464,0 -116.1949601,35.2800922,0 -116.1940585,35.2799852,0 -116.1934858,35.2798132,0 -116.1931838,35.2796642,0 -116.1928919,35.2796914,0 -116.1922945,35.2799398,0 -116.191781,35.2800037,0 -116.1914532,35.279951,0 -116.191129,35.2795451,0 -116.1908261,35.2790552,0 -116.1905418,35.2785188,0 -116.1904218,35.2780614,0 -116.1905128,35.2773572,0 -116.1907377,35.2766993,0 -116.1903778,35.2766969,0 -116.1900512,35.2765265,0 -116.1896037,35.2761366,0 -116.1890319,35.2758804,0 -116.1887649,35.2759122,0 -116.1885197,35.2758096,0 -116.1878707,35.2750651,0 -116.187756,35.2742231,0 -116.1874515,35.2739014,0 -116.1872866,35.2737851,0 -116.1863292,35.2734219,0 -116.1853498,35.272777,0 -116.185065,35.2725226,0 -116.1847774,35.2725712,0 -116.184427,35.2727371,0 -116.1842215,35.2727693,0 -116.1840969,35.2729199,0 -116.1836583,35.273184,0 -116.1830095,35.2734446,0 -116.1816831,35.2730445,0 -116.1814749,35.2730431,0 -116.1808634,35.2726604,0 -116.1805868,35.2726207,0 -116.1802327,35.2726435,0 -116.1798626,35.2727294,0 -116.1796603,35.2729551,0 -116.1794967,35.2739255,0 -116.17937,35.274278,0 -116.1788905,35.2745271,0 -116.1784276,35.2746627,0 -116.1772481,35.2756641,0 -116.1771473,35.2765088,0 -116.176774,35.2768974,0 -116.1763716,35.2771344,0 -116.175928,35.2772814,0 -116.1752306,35.2773664,0 -116.1738044,35.2784165,0 -116.1732326,35.2786649,0 -116.1726934,35.2787243,0 -116.1718177,35.2785922,0 -116.1714327,35.2786274,0 -116.1711333,35.2787399,0 -116.1697057,35.2789815,0 -116.1683784,35.2793761,0 -116.1681753,35.2796775,0 -116.1680793,35.2800428,0 -116.1678458,35.2803061,0 -116.1674049,35.2812873,0 -116.167325,35.2815769,0 -116.1673199,35.282069,0 -116.1674827,35.282701,0 -116.167999,35.2833732,0 -116.1681344,35.283677,0 -116.1679383,35.2842668,0 -116.1680109,35.284502,0 -116.1679057,35.2847291,0 -116.1676121,35.2849897,0 -116.1667724,35.2859514,0 -116.1664109,35.2866933,0 -116.1658834,35.2871061,0 -116.1649256,35.2874654,0 -116.1642439,35.2879149,0 -116.1635022,35.2882126,0 -116.1629236,35.2891044,0 -116.1627793,35.2896712,0 -116.1627107,35.2903521,0 -116.1627696,35.2906175,0 -116.162702,35.2911974,0 -116.1631204,35.2924116,0 -116.1631785,35.2927526,0 -116.1631287,35.2931056,0 -116.1626886,35.2939984,0 -116.16117,35.2964987,0 -116.1605613,35.2973146,0 -116.1599561,35.2992914,0 -116.1594468,35.3003165,0 -116.1585573,35.3015774,0 -116.1582532,35.3032473,0 -116.1575394,35.3044702,0 -116.1564597,35.3056383,0 -116.1552075,35.3065309,0 -116.1539672,35.3078024,0 -116.1521182,35.3093831,0 -116.1516364,35.3097324,0 -116.1511723,35.309925,0 -116.150773,35.3100137,0 -116.1504209,35.3101549,0 -116.1504514,35.3102857,0 -116.150959,35.3105114,0 -116.151005,35.3106815,0 -116.1508266,35.3109935,0 -116.1507915,35.3112939,0 -116.1507897,35.3114637,0 -116.1509128,35.3118826,0 -116.150813,35.3122869,0 -116.1508432,35.3124438,0 -116.1520304,35.3132098,0 -116.1526481,35.3132611,0 -116.1529044,35.313451,0 -116.1532333,35.314002,0 -116.1542858,35.313944,0 -116.1548227,35.314418,0 -116.1556989,35.3144503,0 -116.1563351,35.3145723,0 -116.1570052,35.3144986,0 -116.1572321,35.3145725,0 -116.1573374,35.314736,0 -116.1570408,35.3156744,0 -116.1562769,35.317106,0 -116.1556845,35.3173631,0 -116.1556823,35.3175721,0 -116.1557435,35.3178207,0 -116.1562294,35.3186079,0 -116.1563689,35.3189877,0 -116.1564062,35.3199937,0 -116.156338,35.3204243,0 -116.1563657,35.3208295,0 -116.1565832,35.3213665,0 -116.1568327,35.3219038,0 -116.1570995,35.3222976,0 -116.1572073,35.3226641,0 -116.1574915,35.3229273,0 -116.1577424,35.3233209,0 -116.1578529,35.3234262,0 -116.1581384,35.3235588,0 -116.1578765,35.3242232,0 -116.1579684,35.3245765,0 -116.1579028,35.3247589,0 -116.1575827,35.3248873,0 -116.1572934,35.3251204,0 -116.1565234,35.3255984,0 -116.1558963,35.3261165,0 -116.1559255,35.326378,0 -116.1557718,35.3273697,0 -116.1555321,35.3274202,0 -116.1549167,35.3274418,0 -116.1545426,35.3275439,0 -116.1539009,35.3279444,0 -116.1535149,35.3282683,0 -116.1527743,35.3289815,0 -116.1524833,35.3293713,0 -116.1514726,35.3299913,0 -116.1508164,35.3302479,0 -116.1504331,35.3303236,0 -116.1497121,35.3306712,0 -116.149441,35.3306824,0 -116.1494202,35.3307404,0 -116.1496637,35.3310414,0 -116.1500493,35.3310449,0 -116.1503922,35.331333,0 -116.1507762,35.3321077,0 -116.1508726,35.3324951,0 -116.1508836,35.3329654,0 -116.1508166,35.3332784,0 -116.1508459,35.3335268,0 -116.1510508,35.3337503,0 -116.1512879,35.3339348,0 -116.1515576,35.3340674,0 -116.1516362,35.3341724,0 -116.1517756,35.3360805,0 -116.1524226,35.3367121,0 -116.1525441,35.3372877,0 -116.1525182,35.3382411,0 -116.1525635,35.3384896,0 -116.1531609,35.3392906,0 -116.1550574,35.3408713,0 -116.1555955,35.3412539,0 -116.1556562,35.3415417,0 -116.1555741,35.3417763,0 -116.1551205,35.3424654,0 -116.1547663,35.3428026,0 -116.1545878,35.3431017,0 -116.1548083,35.3433645,0 -116.1551403,35.3436281,0 -116.1559648,35.3440649,0 -116.1567266,35.3443968,0 -116.1577917,35.3446916,0 -116.1586043,35.3447365,0 -116.1602743,35.3451138,0 -116.1612304,35.3451596,0 -116.1620547,35.3456226,0 -116.1623577,35.3456116,0 -116.1628211,35.3455103,0 -116.1635065,35.3455281,0 -116.1632333,35.3457352,0 -116.162749,35.3463197,0 -116.1610951,35.3474577,0 -116.1603597,35.3476485,0 -116.1601673,35.3477517,0 -116.1601656,35.3479215,0 -116.160624,35.3483035,0 -116.1620566,35.3500638,0 -116.1625619,35.3505376,0 -116.163125,35.3507602,0 -116.1637063,35.3508851,0 -116.1645025,35.3509821,0 -116.1649781,35.3512466,0 -116.165816,35.3519447,0 -116.1661799,35.3521214,0 -116.1661308,35.3523387,0 -116.1658295,35.3527087,0 -116.165709,35.3530412,0 -116.1658493,35.3533557,0 -116.1661647,35.3536975,0 -116.1661682,35.3548993,0 -116.1662431,35.35537,0 -116.1664477,35.3556327,0 -116.1665879,35.3559602,0 -116.1666006,35.3562738,0 -116.166465,35.3570566,0 -116.1661371,35.3579295,0 -116.1661895,35.359012,0 -116.1662933,35.3592193,0 -116.1665174,35.3593409,0 -116.1666777,35.3596314,0 -116.1666597,35.3598272,0 -116.16645,35.3600609,0 -116.1654889,35.3604853,0 -116.1650072,35.3608086,0 -116.1648154,35.3608595,0 -116.1640341,35.3608541,0 -116.163938,35.3608926,0 -116.1634709,35.3613466,0 -116.16337,35.3618553,0 -116.1633979,35.3622343,0 -116.1630887,35.3625885,0 -116.1630881,35.3626533,0 -116.1632551,35.3629046,0 -116.1634839,35.3637493,0 -116.1635473,35.3641852,0 -116.163455,35.3643606,0 -116.1634296,35.3646291,0 -116.1636519,35.3650105,0 -116.1639468,35.3660224,0 -116.1640572,35.3670192,0 -116.164234,35.3674281,0 -116.164863,35.3678524,0 -116.1655843,35.3681045,0 -116.1670247,35.3688309,0 -116.1681367,35.3692215,0 -116.1684499,35.3695235,0 -116.1684339,35.3696559,0 -116.1682042,35.3699879,0 -116.1680493,35.3703945,0 -116.1678366,35.3705412,0 -116.1675188,35.3706502,0 -116.1674249,35.3709831,0 -116.1673174,35.3711677,0 -116.167045,35.3712523,0 -116.1663218,35.3711855,0 -116.1661553,35.3712461,0 -116.1658811,35.3715037,0 -116.1658923,35.3718867,0 -116.166321,35.3727297,0 -116.1663164,35.3731133,0 -116.1640115,35.3758391,0 -116.16371,35.3772823,0 -116.1635943,35.3782698,0 -116.1629804,35.3792908,0 -116.1626447,35.3796591,0 -116.1625973,35.3798688,0 -116.1625963,35.3799676,0 -116.1630012,35.3801928,0 -116.1632848,35.3804912,0 -116.1639888,35.3809655,0 -116.164733,35.38133,0 -116.164841,35.3815898,0 -116.1647894,35.3819552,0 -116.1643203,35.382592,0 -116.1633941,35.3834296,0 -116.1638441,35.383908,0 -116.1642555,35.3842374,0 -116.1646691,35.3843448,0 -116.1651007,35.3848094,0 -116.1652643,35.3848534,0 -116.1654007,35.3849825,0 -116.1649175,35.3858881,0 -116.1650669,35.3862487,0 -116.1649272,35.386689,0 -116.164858,35.3868546,0 -116.1647142,35.3869826,0 -116.1644191,35.3870167,0 -116.1634813,35.3873291,0 -116.1630887,35.3876294,0 -116.1617006,35.3881778,0 -116.1614046,35.3885585,0 -116.1612056,35.3889717,0 -116.1609122,35.3890972,0 -116.1609223,35.3900061,0 -116.1607264,35.3901164,0 -116.1604532,35.3901783,0 -116.1600643,35.3901277,0 -116.1596762,35.3899975,0 -116.1589764,35.389881,0 -116.1585499,35.3897026,0 -116.1582794,35.3894934,0 -116.1580273,35.389396,0 -116.1576762,35.3894573,0 -116.15736,35.3899016,0 -116.1572004,35.3902672,0 -116.1569051,35.3905841,0 -116.1561803,35.3908687,0 -116.1559458,35.3910454,0 -116.1555029,35.3916303,0 -116.1552871,35.3918076,0 -116.1549287,35.3918265,0 -116.1543576,35.3919613,0 -116.1540367,35.3919814,0 -116.1533427,35.392345,0 -116.1531066,35.3925825,0 -116.1526752,35.3928665,0 -116.1521503,35.3927831,0 -116.1508882,35.3924394,0 -116.1503567,35.3924357,0 -116.1492735,35.3923005,0 -116.1484772,35.3921035,0 -116.1472102,35.3922221,0 -116.1467058,35.3920432,0 -116.1457199,35.3913665,0 -116.1455252,35.3913651,0 -116.1447539,35.3918842,0 -116.1442865,35.3920728,0 -116.1441767,35.3920853,0 -116.1424258,35.391678,0 -116.1419942,35.3919779,0 -116.1416064,35.3921784,0 -116.1404719,35.3914723,0 -116.1400292,35.3913829,0 -116.1390424,35.3914885,0 -116.1388218,35.3910735,0 -116.1384452,35.3906671,0 -116.1380496,35.3904842,0 -116.1377015,35.3904323,0 -116.1369347,35.3904687,0 -116.1365876,35.3901763,0 -116.1359885,35.3898534,0 -116.1353214,35.389639,0 -116.1335921,35.3892516,0 -116.1331022,35.3892557,0 -116.1325262,35.3893511,0 -116.1320173,35.3895785,0 -116.1314386,35.3897058,0 -116.1308257,35.3893628,0 -116.1303138,35.3898853,0 -116.1297003,35.3908057,0 -116.129539,35.3908703,0 -116.1291265,35.3908725,0 -116.1277914,35.390684,0 -116.1268534,35.3906624,0 -116.1261935,35.3905926,0 -116.1255301,35.3901057,0 -116.1250643,35.3895981,0 -116.1242813,35.3884469,0 -116.1235858,35.387878,0 -116.1233778,35.3875614,0 -116.1228889,35.387325,0 -116.1223397,35.3868767,0 -116.1220552,35.3865397,0 -116.1216564,35.3868536,0 -116.1210822,35.3871575,0 -116.1175932,35.3885773,0 -116.1158964,35.3891857,0 -116.111611,35.3905277,0 -116.1087981,35.3911361,0 -116.1055096,35.392038,0 -116.1031181,35.3925261,0 -116.1019883,35.3926858,0 -116.1011476,35.3926696,0 -116.10024,35.3925213,0 -116.0998045,35.3925765,0 -116.0993854,35.3927075,0 -116.0968807,35.3937616,0 -116.0930427,35.3952527,0 -116.0911402,35.3961473,0 -116.0900263,35.3964965,0 -116.0888235,35.3966513,0 -116.0864374,35.3968568,0 -116.0856004,35.3968505,0 -116.0850522,35.3970549,0 -116.0842632,35.3976301,0 -116.0840379,35.3982393,0 -116.0835921,35.3990405,0 -116.0832986,35.3992469,0 -116.0830932,35.3997072,0 -116.083013,35.4003622,0 -116.0827683,35.4010755,0 -116.0822523,35.4016527,0 -116.0820661,35.4020238,0 -116.0815697,35.402467,0 -116.0812922,35.4028672,0 -116.0811218,35.403447,0 -116.0809538,35.4038182,0 -116.0809486,35.4042801,0 -116.0805969,35.4047989,0 -116.0805889,35.4054992,0 -116.0799602,35.4063735,0 -116.0799181,35.4068798,0 -116.080023,35.4072531,0 -116.0800181,35.4076851,0 -116.079852,35.4078925,0 -116.0788106,35.4082421,0 -116.0786285,35.4082556,0 -116.0780842,35.4081025,0 -116.0777204,35.4080848,0 -116.0773728,35.4082461,0 -116.0772206,35.408826,0 -116.0770355,35.4090928,0 -116.0769764,35.4110889,0 -116.0771017,35.4112687,0 -116.0774084,35.4115094,0 -116.0773524,35.4116282,0 -116.0770065,35.4116405,0 -116.0761855,35.411813,0 -116.0756637,35.4128818,0 -116.0754614,35.4130591,0 -116.0750422,35.4131154,0 -116.0748758,35.4133377,0 -116.0745397,35.4140801,0 -116.0744613,35.4145712,0 -116.0745468,35.4150486,0 -116.0744334,35.4154203,0 -116.0741379,35.4157905,0 -116.0736839,35.4156976,0 -116.0720464,35.4156614,0 -116.0717967,35.4157606,0 -116.0716097,35.4161079,0 -116.0716545,35.4170469,0 -116.0714814,35.417398,0 -116.0710608,35.4179458,0 -116.0709391,35.4180156,0 -116.0705939,35.4180129,0 -116.070455,35.4180825,0 -116.0705184,35.4185775,0 -116.0705099,35.4193123,0 -116.0703005,35.4195085,0 -116.0701418,35.419804,0 -116.0702261,35.4199743,0 -116.0696303,35.4207469,0 -116.0694646,35.42165,0 -116.0696504,35.4220047,0 -116.0706267,35.4226763,0 -116.0706247,35.4228459,0 -116.0702082,35.4230405,0 -116.069377,35.4232602,0 -116.0681249,35.424056,0 -116.0679664,35.4243233,0 -116.0676988,35.4250701,0 -116.0675236,35.4252949,0 -116.0672088,35.4256457,0 -116.0666181,35.4259662,0 -116.0659615,35.4260176,0 -116.065148,35.426195,0 -116.0647834,35.4263759,0 -116.0641595,35.426583,0 -116.063538,35.4265782,0 -116.0629529,35.4264182,0 -116.0624036,35.4261455,0 -116.0613314,35.4263067,0 -116.06109,35.4262766,0 -116.0609879,35.4261486,0 -116.0601963,35.4259305,0 -116.0595757,35.425855,0 -116.0589884,35.4258787,0 -116.0588997,35.42609,0 -116.0585133,35.4266522,0 -116.0582693,35.4268481,0 -116.05794,35.4269586,0 -116.0567534,35.4269851,0 -116.0553959,35.4266508,0 -116.0546012,35.4264082,0 -116.0521004,35.4262422,0 -116.0497275,35.4257283,0 -116.0470948,35.4250885,0 -116.0439516,35.424591,0 -116.042534,35.4241225,0 -116.041598,35.4236193,0 -116.0383908,35.422199,0 -116.0370972,35.4217552,0 -116.0357912,35.4214551,0 -116.034172,35.4211528,0 -116.0333908,35.4208991,0 -116.0316585,35.4200932,0 -116.0301201,35.4197634,0 -116.0294321,35.4193387,0 -116.0284181,35.418382,0 -116.0276551,35.4181453,0 -116.0254347,35.4180005,0 -116.0222886,35.4176896,0 -116.0189406,35.4172225,0 -116.0177688,35.4171492,0 -116.0153059,35.4168871,0 -116.0135742,35.416828,0 -116.01153,35.4164623,0 -116.0094684,35.4163892,0 -116.0071704,35.4165391,0 -116.006358,35.4166337,0 -116.0060816,35.4167553,0 -116.0053373,35.4168955,0 -116.0045972,35.4167093,0 -116.0042246,35.4168188,0 -116.0021365,35.4166665,0 -116.0017402,35.4165603,0 -116.0009134,35.416572,0 -115.9996198,35.4167132,0 -115.9986413,35.4168964,0 -115.99783,35.4169009,0 -115.9966446,35.4171387,0 -115.9960535,35.4171226,0 -115.9958815,35.4170503,0 -115.9952959,35.4167425,0 -115.9952078,35.4165819,0 -115.9951985,35.4162263,0 -115.9952975,35.416002,0 -115.9952861,35.4158105,0 -115.9949859,35.4156279,0 -115.9946161,35.4155123,0 -115.9942613,35.4152955,0 -115.9929766,35.414677,0 -115.9908842,35.4137704,0 -115.9897448,35.412534,0 -115.9898355,35.4118707,0 -115.9905871,35.4111341,0 -115.9907012,35.4108086,0 -115.9906771,35.4105383,0 -115.9902421,35.4101407,0 -115.9906028,35.4098736,0 -115.9909938,35.4093929,0 -115.9913229,35.4083601,0 -115.9912439,35.4069751,0 -115.991295,35.4066052,0 -115.9914102,35.4063689,0 -115.9914101,35.4057721,0 -115.9918383,35.4045038,0 -115.9922444,35.4039106,0 -115.9924037,35.4021561,0 -115.9923309,35.4013789,0 -115.9923549,35.4005574,0 -115.9924682,35.4002882,0 -115.9927329,35.4000091,0 -115.9928957,35.3996747,0 -115.9927946,35.3994693,0 -115.9924676,35.3992302,0 -115.9916059,35.3988854,0 -115.9913491,35.3985343,0 -115.9913526,35.3982529,0 -115.9912732,35.3980047,0 -115.991012,35.3980025,0 -115.9903356,35.3982332,0 -115.9900886,35.3981974,0 -115.9896384,35.3979235,0 -115.9891043,35.3977614,0 -115.988955,35.3976026,0 -115.9889302,35.3973885,0 -115.9890259,35.3963313,0 -115.988857,35.3962872,0 -115.9879779,35.3965927,0 -115.9872919,35.3975887,0 -115.9868357,35.3977987,0 -115.986309,35.3981432,0 -115.9860586,35.3983775,0 -115.9857519,35.3987238,0 -115.9854152,35.3992612,0 -115.9851375,35.399484,0 -115.9852294,35.3997451,0 -115.9850767,35.399945,0 -115.9843171,35.4002312,0 -115.9835822,35.4007316,0 -115.9833542,35.4007916,0 -115.9815311,35.4005536,0 -115.9806451,35.4014497,0 -115.9800616,35.40194,0 -115.9787997,35.4024348,0 -115.9788246,35.4030274,0 -115.9787023,35.4032076,0 -115.9773903,35.4033694,0 -115.9766456,35.4035544,0 -115.9759546,35.4038412,0 -115.9743871,35.4049534,0 -115.9728003,35.4054127,0 -115.9710192,35.4060166,0 -115.9695163,35.4063639,0 -115.9678444,35.407025,0 -115.9647952,35.4078768,0 -115.9643544,35.4079406,0 -115.9615363,35.4079276,0 -115.9607772,35.4081574,0 -115.9604552,35.4083011,0 -115.9602565,35.4083321,0 -115.9599411,35.4082443,0 -115.9594511,35.4082579,0 -115.9578531,35.4085866,0 -115.9573099,35.4085369,0 -115.9560334,35.4092759,0 -115.9552468,35.4095054,0 -115.9548894,35.4095023,0 -115.9535036,35.4092877,0 -115.9522381,35.4094214,0 -115.9519071,35.4094202,0 -115.9510011,35.409311,0 -115.9498464,35.409301,0 -115.9489339,35.4096983,0 -115.9488358,35.4098437,0 -115.9488286,35.4112116,0 -115.9489327,35.4119043,0 -115.9486907,35.4133826,0 -115.9484429,35.4140657,0 -115.9484829,35.4143246,0 -115.9497353,35.4157494,0 -115.9498698,35.4159757,0 -115.9501985,35.4163438,0 -115.9499868,35.4164944,0 -115.9495722,35.4166597,0 -115.9490483,35.4167677,0 -115.9483163,35.4170202,0 -115.9473326,35.4175969,0 -115.945845,35.4175923,0 -115.9456741,35.4176657,0 -115.9453925,35.4177038,0 -115.9450731,35.4179486,0 -115.9448456,35.4179377,0 -115.9442888,35.4174764,0 -115.9437888,35.4173205,0 -115.943427,35.4174001,0 -115.9418953,35.4180671,0 -115.9411026,35.418758,0 -115.9398237,35.4189042,0 -115.9396888,35.4191068,0 -115.9396481,35.4194826,0 -115.939763,35.4202545,0 -115.9397313,35.4205693,0 -115.9395741,35.4210294,0 -115.9393656,35.4211964,0 -115.938786,35.4213602,0 -115.9381674,35.4213435,0 -115.9370146,35.4211758,0 -115.9368484,35.4212643,0 -115.9360429,35.4218763,0 -115.9355378,35.4226372,0 -115.9354426,35.4237039,0 -115.9351586,35.4237593,0 -115.934956,35.4238917,0 -115.9347429,35.4241437,0 -115.9345132,35.4242801,0 -115.9340246,35.4242939,0 -115.9331342,35.4242295,0 -115.9324241,35.4244523,0 -115.9307777,35.424632,0 -115.9305763,35.424584,0 -115.9302913,35.4244831,0 -115.9301161,35.4243044,0 -115.9300254,35.4239985,0 -115.9300172,35.4237575,0 -115.9297681,35.4232615,0 -115.9291963,35.4228288,0 -115.9284439,35.4225407,0 -115.9281852,35.4223471,0 -115.9277324,35.4222755,0 -115.9265944,35.4230645,0 -115.9263998,35.4232204,0 -115.9261342,35.4235444,0 -115.9256141,35.4236176,0 -115.9254104,35.4238816,0 -115.9253212,35.4243136,0 -115.9252923,35.4250823,0 -115.9249413,35.4256696,0 -115.9248901,35.4261108,0 -115.9249264,35.4264826,0 -115.9244892,35.4273003,0 -115.924605,35.4278979,0 -115.9245293,35.4284262,0 -115.9241492,35.4286666,0 -115.9241271,35.4287577,0 -115.9245447,35.4292209,0 -115.9249216,35.4298259,0 -115.9252341,35.4301213,0 -115.9251211,35.4302247,0 -115.924828,35.4303242,0 -115.9245471,35.4309558,0 -115.9242421,35.4314063,0 -115.9242017,35.4327061,0 -115.9242809,35.4329055,0 -115.9246689,35.4334361,0 -115.9246807,35.4335825,0 -115.9242791,35.4337928,0 -115.924221,35.4350642,0 -115.9240726,35.4353072,0 -115.923854,35.4355378,0 -115.9235924,35.4356306,0 -115.924293,35.4358527,0 -115.9246064,35.4360693,0 -115.9257525,35.4361789,0 -115.9268253,35.4364086,0 -115.927509,35.4364747,0 -115.9281451,35.4364403,0 -115.9286227,35.4363083,0 -115.9290018,35.4363679,0 -115.9292644,35.4368504,0 -115.9299598,35.4378771,0 -115.9308772,35.4387656,0 -115.9315572,35.4391118,0 -115.933352,35.4397097,0 -115.9339359,35.440422,0 -115.9341034,35.4404586,0 -115.9341917,35.4405693,0 -115.9341471,35.4410598,0 -115.9331913,35.4431282,0 -115.9318741,35.4447373,0 -115.9310062,35.4456501,0 -115.930264,35.4463038,0 -115.9302279,35.4471839,0 -115.9300193,35.4481625,0 -115.9300842,35.4488034,0 -115.9302955,35.4494656,0 -115.9300212,35.4498633,0 -115.9291645,35.4503527,0 -115.9281542,35.4505071,0 -115.9278071,35.4508642,0 -115.9273086,35.4515801,0 -115.9269388,35.4522211,0 -115.9269296,35.4524283,0 -115.9268312,35.4525363,0 -115.9260932,35.4528699,0 -115.9258353,35.4532181,0 -115.9256987,35.4549474,0 -115.9253753,35.4553647,0 -115.9252534,35.4560051,0 -115.9254051,35.4568056,0 -115.9259401,35.4577771,0 -115.92546,35.4581868,0 -115.9247304,35.4586281,0 -115.9239534,35.4587211,0 -115.9236666,35.4588033,0 -115.9234133,35.4589635,0 -115.9224686,35.4599702,0 -115.9218282,35.4603227,0 -115.9213595,35.4604299,0 -115.9203675,35.4601125,0 -115.9194778,35.4603642,0 -115.9183653,35.4603324,0 -115.9179258,35.4601756,0 -115.9171321,35.4595114,0 -115.9167871,35.4592687,0 -115.9165648,35.4591993,0 -115.9160239,35.4594571,0 -115.9155271,35.4595933,0 -115.9150826,35.4598083,0 -115.9142513,35.4596878,0 -115.9135842,35.459273,0 -115.9131678,35.4593464,0 -115.912702,35.4595871,0 -115.9115037,35.4596653,0 -115.9112547,35.4599748,0 -115.9108717,35.4601271,0 -115.9104077,35.4602343,0 -115.9100223,35.4605647,0 -115.90934,35.4607144,0 -115.9086873,35.4606862,0 -115.9081722,35.460548,0 -115.9076583,35.4603207,0 -115.9074406,35.4603187,0 -115.9065063,35.4610004,0 -115.9053231,35.4619692,0 -115.9049942,35.4621443,0 -115.9046614,35.4626088,0 -115.9046296,35.4629425,0 -115.9043485,35.4636078,0 -115.9024932,35.4639694,0 -115.9016767,35.4639842,0 -115.9012114,35.4641803,0 -115.9010155,35.4645793,0 -115.9004968,35.4647081,0 -115.8993824,35.4646089,0 -115.8990009,35.46465,0 -115.8976048,35.4652606,0 -115.8968629,35.4657881,0 -115.8962619,35.4659607,0 -115.8952004,35.4659732,0 -115.8944316,35.4664782,0 -115.8925251,35.4665943,0 -115.8920608,35.4667236,0 -115.8912151,35.4668717,0 -115.8907746,35.4672461,0 -115.8904548,35.4674163,0 -115.8901191,35.4674182,0 -115.8899075,35.4673291,0 -115.8897024,35.4670767,0 -115.889785,35.4659903,0 -115.8896004,35.4655656,0 -115.8890669,35.4647816,0</coordinates></LinearRing></outerBoundaryIs></Polygon></Placemark><Placemark><name>Mojave Desert Tortoise Conservation Bank (sites 6-8) - stream</name><description><![CDATA[Bank: Mojave Desert Tortoise Conservation Bank<br/>Site group: Mojave Desert Tortoise Conservation Bank (sites 6-8)<br/>Credit type: Ephemeral/Intermittent Stream<br/>Credit group: stream<br/>HCPB number: 1798-2018-02-R6<br/>Status: Open<br/>Credits available: Yes<br/>CDFW region: R6 - Inland Deserts Region<br/>Note: This is non-contiguous bank with multiple sites<br/>OBJECTID: 243]]></description><styleUrl>#sa</styleUrl><Polygon><tessellate>1</tessellate><outerBoundaryIs><LinearRing><coordinates>-115.1258141,35.3970552,0 -115.0980256,35.3749887,0 -115.0981738,35.3749894,0 -115.0833114,35.3630666,0 -115.0666352,35.3498295,0 -115.0361827,35.3255345,0 -115.0200973,35.3126477,0 -115.0008082,35.2972472,0 -115.0008085,35.2972157,0 -114.9826739,35.2826807,0 -114.9470919,35.2543725,0 -114.9415444,35.2499947,0 -114.9415008,35.2499939,0 -114.9180272,35.2309514,0 -114.8986174,35.2154165,0 -114.8869089,35.2060691,0 -114.8758037,35.1972002,0 -114.8241444,35.1557523,0 -114.7709311,35.1129011,0 -114.7587599,35.1031231,0 -114.7507994,35.0967014,0 -114.7507995,35.0967566,0 -114.7507995,35.0967665,0 -114.7269099,35.07752,0 -114.7031591,35.0583397,0 -114.6347425,35.0032795,0 -114.6330001,35.0018756,0 -114.6318889,35.0000014,0 -114.6317848,34.9996999,0 -114.6315671,34.999294,0 -114.6311769,34.9983752,0 -114.6307777,34.9975165,0 -114.6306041,34.9970776,0 -114.6303264,34.9964586,0 -114.6301603,34.9958025,0 -114.6297274,34.9943437,0 -114.6294404,34.9930031,0 -114.6293804,34.9923765,0 -114.6291105,34.9910279,0 -114.6290499,34.9905431,0 -114.6288666,34.9883224,0 -114.6288587,34.986871,0 -114.6288763,34.9864969,0 -114.6289544,34.9856041,0 -114.6292148,34.9833175,0 -114.6294062,34.982448,0 -114.6297794,34.9811914,0 -114.6303264,34.9789811,0 -114.6305607,34.9784538,0 -114.6307776,34.9778263,0 -114.6311855,34.9768417,0 -114.6316018,34.9759632,0 -114.6323668,34.974426,0 -114.6325822,34.9739199,0 -114.632739,34.9734815,0 -114.6334859,34.9717588,0 -114.6335758,34.9715317,0 -114.634137,34.9701148,0 -114.6343539,34.9695169,0 -114.6345676,34.9685261,0 -114.634606,34.9683482,0 -114.6346928,34.96786,0 -114.6347188,34.967433,0 -114.634832,34.9667262,0 -114.6350042,34.9658442,0 -114.6350727,34.965582,0 -114.6350918,34.9655089,0 -114.6351115,34.9652718,0 -114.6351614,34.9646692,0 -114.6351179,34.9628265,0 -114.6350315,34.961219,0 -114.6349271,34.9604549,0 -114.6348491,34.9600428,0 -114.6346397,34.9591298,0 -114.6343282,34.9575741,0 -114.6341928,34.9571077,0 -114.6339017,34.9561049,0 -114.633538,34.9550711,0 -114.6331119,34.9539994,0 -114.632462,34.9525525,0 -114.6323754,34.9524072,0 -114.631767,34.9513856,0 -114.6314373,34.9506621,0 -114.6311336,34.9499245,0 -114.6307951,34.9492091,0 -114.6305598,34.9485728,0 -114.630352,34.9479116,0 -114.629866,34.9457844,0 -114.6297961,34.9453213,0 -114.6296747,34.9448435,0 -114.6295535,34.9436828,0 -114.6293883,34.9408432,0 -114.6294923,34.9395882,0 -114.6295793,34.9390191,0 -114.6297707,34.9380283,0 -114.6298312,34.9375834,0 -114.6300312,34.9366427,0 -114.6301868,34.9360807,0 -114.6309936,34.9336188,0 -114.6314025,34.9326365,0 -114.6317409,34.9317256,0 -114.6318507,34.931472,0 -114.6319052,34.9313462,0 -114.6321231,34.9306177,0 -114.6322357,34.9301674,0 -114.6322709,34.9299142,0 -114.6323659,34.9292284,0 -114.6324353,34.9288694,0 -114.6325304,34.928474,0 -114.6325551,34.9284001,0 -114.6326522,34.9281096,0 -114.6327396,34.9277764,0 -114.6329478,34.9267397,0 -114.6330173,34.9261401,0 -114.6330687,34.92525,0 -114.6331468,34.9244039,0 -114.6331482,34.924371,0 -114.6331732,34.9237477,0 -114.6331734,34.9233863,0 -114.6330694,34.9221099,0 -114.6328432,34.9208654,0 -114.6327131,34.9204207,0 -114.6324876,34.9195043,0 -114.6321838,34.9187149,0 -114.6319578,34.9183376,0 -114.631628,34.9174679,0 -114.6312896,34.9162856,0 -114.6307691,34.9146568,0 -114.6305943,34.9138607,0 -114.6304734,34.9130685,0 -114.630344,34.9114558,0 -114.6303171,34.9102095,0 -114.6303263,34.9096531,0 -114.6303424,34.909295,0 -114.6304217,34.908613,0 -114.6304219,34.9081572,0 -114.6306733,34.9069259,0 -114.6312199,34.9048837,0 -114.6313941,34.9044489,0 -114.6315149,34.9039989,0 -114.632001,34.9028042,0 -114.6324184,34.9018539,0 -114.6326775,34.9012922,0 -114.6333559,34.8999221,0 -114.6338246,34.8988044,0 -114.6343017,34.8975887,0 -114.6344319,34.8971014,0 -114.6345972,34.896632,0 -114.6347535,34.8962632,0 -114.6350393,34.8954767,0 -114.6353089,34.8948262,0 -114.6354561,34.8943216,0 -114.6357953,34.8929077,0 -114.6359938,34.8921893,0 -114.6362112,34.8910881,0 -114.6364028,34.889987,0 -114.6365243,34.8894116,0 -114.6366274,34.8883068,0 -114.6366195,34.8878099,0 -114.6366359,34.8873415,0 -114.6367238,34.8857866,0 -114.6367197,34.8854511,0 -114.6367147,34.8850472,0 -114.636628,34.8839315,0 -114.6365938,34.8831205,0 -114.6364113,34.8814906,0 -114.6363241,34.8809006,0 -114.6361768,34.8802075,0 -114.6358987,34.8785935,0 -114.6357509,34.8776895,0 -114.6357079,34.8772843,0 -114.6356473,34.8769702,0 -114.6354726,34.8764123,0 -114.6353052,34.8759426,0 -114.6349704,34.8750029,0 -114.6349877,34.8746468,0 -114.6348653,34.874389,0 -114.634739,34.8740386,0 -114.634588,34.8736197,0 -114.6343886,34.873249,0 -114.6343019,34.8730878,0 -114.6342538,34.8729452,0 -114.634128,34.8725725,0 -114.6337722,34.8717753,0 -114.633491,34.8712264,0 -114.6330767,34.8704174,0 -114.6326172,34.8694445,0 -114.632325,34.868874,0 -114.6320184,34.8682752,0 -114.631628,34.867736,0 -114.6313415,34.8672851,0 -114.6311056,34.8670112,0 -114.6305082,34.8663175,0 -114.6301175,34.8657782,0 -114.6298575,34.8654526,0 -114.6298482,34.8654409,0 -114.6298199,34.8654112,0 -114.6291281,34.8646855,0 -114.6287367,34.8643013,0 -114.6283551,34.8638637,0 -114.628025,34.8635736,0 -114.6274437,34.8629268,0 -114.6274393,34.8629226,0 -114.6268614,34.8623698,0 -114.6263325,34.8617987,0 -114.6259941,34.8614855,0 -114.6257932,34.8613433,0 -114.6255598,34.8611071,0 -114.6252385,34.8608243,0 -114.6241015,34.8599505,0 -114.6238501,34.8597329,0 -114.6234458,34.8594199,0 -114.6230153,34.8590866,0 -114.622637,34.8588262,0 -114.6223038,34.8585969,0 -114.6220531,34.8583683,0 -114.6218003,34.8582048,0 -114.6213754,34.8578542,0 -114.6208987,34.8575201,0 -114.6197614,34.8567965,0 -114.6195527,34.8567036,0 -114.6193011,34.8565536,0 -114.6185546,34.8561536,0 -114.6171484,34.8554608,0 -114.616332,34.8551457,0 -114.6158888,34.8549375,0 -114.6155601,34.8548067,0 -114.6148911,34.8545403,0 -114.6139796,34.8541402,0 -114.6137368,34.8539706,0 -114.6133897,34.8538095,0 -114.6132468,34.853732,0 -114.6126343,34.8534,0 -114.6110888,34.8527129,0 -114.6104465,34.8523628,0 -114.6101341,34.8522199,0 -114.6094912,34.8518833,0 -114.6084238,34.8514002,0 -114.6080075,34.8511938,0 -114.6076341,34.8510221,0 -114.607269,34.8509023,0 -114.6069396,34.8507377,0 -114.6064264,34.8505372,0 -114.606332,34.8505003,0 -114.6059236,34.8503639,0 -114.6052295,34.8500508,0 -114.6048471,34.8499142,0 -114.6045611,34.8497663,0 -114.6042313,34.8495681,0 -114.6032752,34.848967,0 -114.6027023,34.8486937,0 -114.6025204,34.84858,0 -114.6022163,34.8484262,0 -114.6018962,34.8481974,0 -114.6016095,34.8480201,0 -114.6013046,34.8477879,0 -114.6009409,34.847576,0 -114.6004292,34.8472396,0 -114.5997079,34.8468344,0 -114.5987705,34.8462615,0 -114.5980061,34.8457073,0 -114.5975987,34.8453736,0 -114.597278,34.8451535,0 -114.5964788,34.8445388,0 -114.5953422,34.8435454,0 -114.5949775,34.8433022,0 -114.5942396,34.8427275,0 -114.5935191,34.8421292,0 -114.5931023,34.8418082,0 -114.5927291,34.8415555,0 -114.5924339,34.8412992,0 -114.5917657,34.8407763,0 -114.5913922,34.8404585,0 -114.5905758,34.8396783,0 -114.5894825,34.8385309,0 -114.5890213,34.8380854,0 -114.5886058,34.8376232,0 -114.588128,34.8371564,0 -114.587789,34.8367711,0 -114.5873463,34.8363606,0 -114.586626,34.8355739,0 -114.5864183,34.8350092,0 -114.5861321,34.8344254,0 -114.5859413,34.8341358,0 -114.5857587,34.8338019,0 -114.5849851,34.8326185,0 -114.5844295,34.8317284,0 -114.5842906,34.8314763,0 -114.5841944,34.8312364,0 -114.5841692,34.8311734,0 -114.5840214,34.8309002,0 -114.5838831,34.830574,0 -114.5836141,34.8300253,0 -114.5832842,34.829643,0 -114.5829602,34.8292131,0 -114.5829017,34.8291355,0 -114.5824934,34.82864,0 -114.5822514,34.8283715,0 -114.581566,34.8270594,0 -114.5814094,34.8267407,0 -114.5812708,34.8264054,0 -114.5810104,34.8258907,0 -114.580636,34.8252133,0 -114.5805069,34.8248629,0 -114.5803668,34.8245434,0 -114.5800728,34.8240107,0 -114.5799586,34.8237423,0 -114.5799069,34.8235626,0 -114.5798893,34.8235016,0 -114.5798549,34.8234465,0 -114.5797337,34.8232526,0 -114.5795867,34.8229347,0 -114.5794129,34.8226372,0 -114.5792825,34.8223407,0 -114.5790831,34.8219492,0 -114.578692,34.8209405,0 -114.5785422,34.8205146,0 -114.5785276,34.8204732,0 -114.5781967,34.8196887,0 -114.5776683,34.8183357,0 -114.5775812,34.8180669,0 -114.5772946,34.8174223,0 -114.5771817,34.8171159,0 -114.5769547,34.8166081,0 -114.5768262,34.8163206,0 -114.576723,34.8160169,0 -114.576581,34.815599,0 -114.5764519,34.8152188,0 -114.5762087,34.8142698,0 -114.5760188,34.8134119,0 -114.5758908,34.8127516,0 -114.5758621,34.8126037,0 -114.5757746,34.8120205,0 -114.575579,34.8113408,0 -114.5753762,34.8106361,0 -114.5752799,34.8101802,0 -114.5751679,34.809757,0 -114.5751406,34.8093866,0 -114.5750026,34.8086741,0 -114.57482,34.8079874,0 -114.5747075,34.8076361,0 -114.5746373,34.8071639,0 -114.5746206,34.8065969,0 -114.5745418,34.8059579,0 -114.5745338,34.805571,0 -114.5745941,34.8049814,0 -114.5746032,34.8048933,0 -114.5746114,34.8046422,0 -114.5745593,34.8043668,0 -114.5743769,34.8039138,0 -114.5740391,34.8032389,0 -114.5740052,34.8031537,0 -114.5738996,34.8028878,0 -114.5738914,34.8028481,0 -114.5737785,34.8023001,0 -114.5737092,34.8020862,0 -114.5733937,34.8014073,0 -114.5732141,34.8010209,0 -114.5729801,34.8004093,0 -114.5727793,34.799762,0 -114.5726333,34.7990914,0 -114.5725283,34.7987069,0 -114.5725176,34.7986354,0 -114.5724855,34.7984209,0 -114.5722499,34.7975958,0 -114.5720487,34.7970557,0 -114.5719638,34.7968277,0 -114.5719514,34.7967827,0 -114.5718517,34.7964223,0 -114.5715911,34.7956563,0 -114.5714348,34.7953106,0 -114.571174,34.7946413,0 -114.5707839,34.7938638,0 -114.5706188,34.7936144,0 -114.5700627,34.7926793,0 -114.5698547,34.7923729,0 -114.569655,34.7921297,0 -114.5693772,34.7916905,0 -114.5687605,34.7908837,0 -114.5684487,34.7903927,0 -114.567849,34.7896567,0 -114.5675151,34.7893039,0 -114.5674757,34.7892623,0 -114.5665907,34.7880822,0 -114.5662698,34.7876914,0 -114.5659743,34.7872576,0 -114.5657053,34.7869714,0 -114.56528,34.7862097,0 -114.5651321,34.7859007,0 -114.5649852,34.7854996,0 -114.5649071,34.7851369,0 -114.5649083,34.7850929,0 -114.5649162,34.7848232,0 -114.5648469,34.7844771,0 -114.564759,34.784152,0 -114.564499,34.7835273,0 -114.5643344,34.7832082,0 -114.5638559,34.7823797,0 -114.5636226,34.7819996,0 -114.5635398,34.7818792,0 -114.5631276,34.78128,0 -114.5622936,34.7798718,0 -114.5618158,34.7791807,0 -114.5615566,34.7787359,0 -114.5613558,34.7783175,0 -114.5608957,34.7775488,0 -114.5606099,34.777138,0 -114.559924,34.7760501,0 -114.5590132,34.7747536,0 -114.5584137,34.7738314,0 -114.5580751,34.773363,0 -114.5578498,34.7729878,0 -114.5575509,34.7725716,0 -114.5572675,34.7721769,0 -114.5557228,34.7704133,0 -114.5553753,34.7699803,0 -114.5552183,34.7698444,0 -114.5551578,34.7697921,0 -114.5545917,34.7691119,0 -114.5545917,34.7691119,0 -114.5545507,34.7690626,0 -114.5541688,34.7685688,0 -114.5535538,34.7678983,0 -114.55311,34.7674144,0 -114.5527708,34.7671121,0 -114.5523889,34.7667105,0 -114.5516852,34.7660481,0 -114.5513206,34.7657959,0 -114.5510431,34.7655025,0 -114.5503228,34.7649647,0 -114.5500885,34.764807,0 -114.5498113,34.7645787,0 -114.5492372,34.7640196,0 -114.5489602,34.7637781,0 -114.5483787,34.7631984,0 -114.5481613,34.7630482,0 -114.5474151,34.7624706,0 -114.5470149,34.7621417,0 -114.5466678,34.7617961,0 -114.5465356,34.7616424,0 -114.5463555,34.7614331,0 -114.5459908,34.7611538,0 -114.5457307,34.7609066,0 -114.5454706,34.7607355,0 -114.5453232,34.7605928,0 -114.5444462,34.7600329,0 -114.544047,34.7597331,0 -114.5436994,34.7595133,0 -114.5433005,34.7592093,0 -114.5429615,34.7589743,0 -114.5426487,34.7587212,0 -114.541706,34.758123,0 -114.541702,34.7581205,0 -114.5416792,34.7581035,0 -114.5413128,34.7578304,0 -114.5412616,34.7577991,0 -114.5407574,34.7574908,0 -114.5401924,34.7570797,0 -114.5397153,34.7567326,0 -114.5385784,34.755986,0 -114.5377971,34.7554329,0 -114.5367372,34.754878,0 -114.5363467,34.7546262,0 -114.5357831,34.7543104,0 -114.5355777,34.7542183,0 -114.5350534,34.753983,0 -114.5344278,34.7536115,0 -114.5341761,34.753414,0 -114.5339336,34.7532578,0 -114.5336652,34.7530504,0 -114.5335954,34.7529889,0 -114.5333607,34.7527821,0 -114.5330833,34.7526212,0 -114.5328825,34.7524836,0 -114.531764,34.7518909,0 -114.5316346,34.7518497,0 -114.5313384,34.7517554,0 -114.5311384,34.7516223,0 -114.5309297,34.7515337,0 -114.5302273,34.7510624,0 -114.5301152,34.7509715,0 -114.5297236,34.7506543,0 -114.5294896,34.7504982,0 -114.5294373,34.7504633,0 -114.5290371,34.7501614,0 -114.5287076,34.7500059,0 -114.5286812,34.7497973,0 -114.5283514,34.7495383,0 -114.5269894,34.748273,0 -114.5261722,34.7476585,0 -114.52586,34.7473741,0 -114.5250191,34.7465177,0 -114.5244543,34.745737,0 -114.5241934,34.74542,0 -114.5239069,34.745018,0 -114.5235686,34.7446038,0 -114.5229431,34.7438994,0 -114.5223875,34.7432427,0 -114.5213555,34.7419172,0 -114.5200697,34.7404524,0 -114.5196713,34.7399484,0 -114.5192459,34.739456,0 -114.5183334,34.7385544,0 -114.5178132,34.7380708,0 -114.5167113,34.7372278,0 -114.5149225,34.7359188,0 -114.5141504,34.7354288,0 -114.5136988,34.7351926,0 -114.5132118,34.7349182,0 -114.5128566,34.7347181,0 -114.5120666,34.7343327,0 -114.5117712,34.7342153,0 -114.511394,34.7340863,0 -114.5105652,34.7338027,0 -114.509628,34.7334584,0 -114.5083426,34.7330222,0 -114.5075869,34.7326998,0 -114.5069099,34.732459,0 -114.5058084,34.7321032,0 -114.5050963,34.7318464,0 -114.5043931,34.7316331,0 -114.5029518,34.731285,0 -114.502535,34.7311477,0 -114.501554,34.730742,0 -114.5007814,34.7303731,0 -114.5007341,34.7303372,0 -114.5005305,34.7301826,0 -114.5000871,34.729918,0 -114.4998956,34.7298676,0 -114.4993666,34.7297281,0 -114.4989583,34.7295332,0 -114.4986028,34.7293264,0 -114.4982991,34.7290938,0 -114.4978558,34.7288809,0 -114.4975262,34.728662,0 -114.4971617,34.7284906,0 -114.4962756,34.7279969,0 -114.4958939,34.7278467,0 -114.4955036,34.7276103,0 -114.4951305,34.7274404,0 -114.4947921,34.7272392,0 -114.4944703,34.7270887,0 -114.4941514,34.7268753,0 -114.4939413,34.7267348,0 -114.493751,34.7266875,0 -114.4936626,34.7266656,0 -114.493012,34.7263527,0 -114.4926997,34.7261646,0 -114.4924472,34.7260546,0 -114.4920838,34.7258068,0 -114.4918309,34.7255958,0 -114.4913796,34.7251329,0 -114.4911452,34.7249276,0 -114.4909897,34.7247078,0 -114.4907248,34.7240997,0 -114.490573,34.723751,0 -114.4901156,34.7225788,0 -114.4888013,34.7192094,0 -114.4887587,34.7191004,0 -114.4882986,34.7180913,0 -114.4878463,34.7172171,0 -114.4876212,34.7166423,0 -114.4871092,34.7163343,0 -114.4860415,34.7158236,0 -114.4848515,34.7153105,0 -114.4844617,34.7151214,0 -114.4840364,34.7149611,0 -114.4832021,34.7147048,0 -114.4821703,34.7146882,0 -114.4815531,34.7146202,0 -114.4807986,34.7146186,0 -114.4800349,34.7145872,0 -114.4799625,34.7145898,0 -114.4792965,34.7146138,0 -114.4786456,34.7145681,0 -114.476813,34.7145378,0 -114.4762404,34.7144344,0 -114.4754764,34.7143401,0 -114.474861,34.7142944,0 -114.4738008,34.7140133,0 -114.4734111,34.7138913,0 -114.4732364,34.7138567,0 -114.4726386,34.7135628,0 -114.4722556,34.7133473,0 -114.4714318,34.7127007,0 -114.4711005,34.7122929,0 -114.4708493,34.7119837,0 -114.4704071,34.7112227,0 -114.4703029,34.7110693,0 -114.4698689,34.7104303,0 -114.4693993,34.7094762,0 -114.4691486,34.7088254,0 -114.469031,34.7084764,0 -114.4686708,34.7074082,0 -114.4684545,34.7065835,0 -114.4684194,34.7064496,0 -114.468323,34.7057439,0 -114.4682913,34.7055116,0 -114.4682809,34.7054359,0 -114.4682703,34.7053013,0 -114.4682197,34.7046591,0 -114.4682026,34.7040898,0 -114.4682371,34.7035196,0 -114.4682629,34.7020214,0 -114.4681411,34.7012109,0 -114.4677076,34.6993434,0 -114.467169,34.6977963,0 -114.4669955,34.6972383,0 -114.4665961,34.6952766,0 -114.4664047,34.6945894,0 -114.4661101,34.6933245,0 -114.4659442,34.6928636,0 -114.465806,34.6922946,0 -114.465737,34.691542,0 -114.4651903,34.6903602,0 -114.4646511,34.6896348,0 -114.4642172,34.688888,0 -114.4637055,34.6877358,0 -114.4629331,34.6866729,0 -114.4620476,34.6855236,0 -114.4613271,34.6847606,0 -114.460572,34.6838068,0 -114.4600245,34.6832271,0 -114.4593131,34.682391,0 -114.4584963,34.681325,0 -114.457845,34.6804075,0 -114.4572202,34.679472,0 -114.4566303,34.6787498,0 -114.4562661,34.6781696,0 -114.4559881,34.677613,0 -114.4555715,34.6768562,0 -114.4552501,34.6761686,0 -114.4550678,34.6755786,0 -114.4550238,34.6748074,0 -114.4550326,34.6740131,0 -114.4550151,34.6734079,0 -114.4549292,34.6726764,0 -114.4548417,34.672219,0 -114.4546595,34.6717096,0 -114.4544259,34.6712598,0 -114.4541731,34.6709455,0 -114.4531577,34.669897,0 -114.4525678,34.6693724,0 -114.4521163,34.6689027,0 -114.4517167,34.6684567,0 -114.4513788,34.6680309,0 -114.45117,34.6678298,0 -114.4508579,34.6672868,0 -114.4506234,34.6667447,0 -114.4506609,34.6663328,0 -114.4506839,34.6660798,0 -114.4509012,34.6651227,0 -114.4512747,34.6645203,0 -114.4518817,34.6638398,0 -114.4525238,34.6632047,0 -114.4533145,34.6625892,0 -114.4541555,34.6620241,0 -114.454911,34.6614757,0 -114.4549639,34.6614434,0 -114.4558754,34.6608858,0 -114.4566477,34.6603836,0 -114.4572027,34.6599871,0 -114.4575764,34.6595418,0 -114.4579499,34.6589101,0 -114.4579974,34.6588046,0 -114.4580994,34.6585786,0 -114.4581668,34.6584293,0 -114.4582621,34.6579959,0 -114.458133,34.6574163,0 -114.4579498,34.6570081,0 -114.4577071,34.6566721,0 -114.4574288,34.6564189,0 -114.457047,34.6561314,0 -114.4555709,34.655203,0 -114.4546253,34.654622,0 -114.4535141,34.6539642,0 -114.4525157,34.6533389,0 -114.4516389,34.6527762,0 -114.4510482,34.6523528,0 -114.4503976,34.6519586,0 -114.4498328,34.6514158,0 -114.4490437,34.6507157,0 -114.4486005,34.6502306,0 -114.448279,34.6499767,0 -114.4479753,34.6496295,0 -114.4476892,34.6492702,0 -114.4471156,34.6484573,0 -114.4468473,34.6481891,0 -114.4456752,34.6472507,0 -114.4449279,34.6467667,0 -114.4439646,34.6458474,0 -114.4436264,34.6454283,0 -114.4428096,34.6443128,0 -114.442411,34.6437165,0 -114.4416907,34.6423676,0 -114.4415001,34.6418197,0 -114.4412215,34.6411107,0 -114.4407758,34.6401817,0 -114.4406839,34.6399901,0 -114.4405618,34.6394404,0 -114.4404748,34.6388234,0 -114.4404311,34.6382231,0 -114.4404485,34.6367283,0 -114.4404536,34.636701,0 -114.4405789,34.6360188,0 -114.4406598,34.6351993,0 -114.4407791,34.6339917,0 -114.4409433,34.6335363,0 -114.4409711,34.6334311,0 -114.4410568,34.6331066,0 -114.4414565,34.6319243,0 -114.4415517,34.631527,0 -114.4415515,34.6307184,0 -114.4413691,34.6299354,0 -114.4411181,34.6292754,0 -114.4409088,34.6288563,0 -114.4402495,34.6274173,0 -114.4397271,34.6259222,0 -114.439408,34.6250091,0 -114.4393204,34.6245694,0 -114.4389382,34.623498,0 -114.4389039,34.62328,0 -114.4387825,34.6228494,0 -114.4386955,34.622392,0 -114.4383489,34.621267,0 -114.4383113,34.6211685,0 -114.4381574,34.6207662,0 -114.4379322,34.6202786,0 -114.4376884,34.6198796,0 -114.4374809,34.6196134,0 -114.4371673,34.6192837,0 -114.4364044,34.6186099,0 -114.435813,34.6181437,0 -114.4351892,34.6177426,0 -114.434008,34.6171178,0 -114.4334691,34.6168012,0 -114.4327569,34.6164769,0 -114.432254,34.6162974,0 -114.4317858,34.6161632,0 -114.4314039,34.6160195,0 -114.431056,34.6158511,0 -114.4306564,34.6156972,0 -114.4301885,34.6154821,0 -114.4297714,34.6152348,0 -114.4283996,34.614372,0 -114.4282288,34.6142515,0 -114.4280351,34.6141148,0 -114.4274451,34.6136329,0 -114.4269067,34.6132333,0 -114.4258125,34.6119837,0 -114.4257871,34.6119515,0 -114.4253095,34.6113461,0 -114.4250484,34.6108514,0 -114.4248758,34.6102778,0 -114.4243884,34.6076924,0 -114.4242502,34.6070739,0 -114.4242427,34.6070456,0 -114.4240415,34.6062845,0 -114.4238855,34.6051529,0 -114.4238682,34.6048641,0 -114.4239027,34.6047005,0 -114.423886,34.6042076,0 -114.4239378,34.6036138,0 -114.424007,34.6030506,0 -114.4242335,34.6019662,0 -114.4244939,34.6012213,0 -114.425031,34.600388,0 -114.4253443,34.6000778,0 -114.425951,34.5995796,0 -114.4267337,34.5991184,0 -114.4270807,34.598968,0 -114.4273757,34.5988205,0 -114.427653,34.5986605,0 -114.4282609,34.598481,0 -114.4285046,34.5983815,0 -114.4287473,34.5983067,0 -114.4294938,34.5981125,0 -114.4306911,34.5978782,0 -114.4314379,34.5976953,0 -114.4321671,34.5974707,0 -114.4325669,34.5973082,0 -114.4335742,34.5969956,0 -114.4339901,34.5968451,0 -114.4348061,34.5964809,0 -114.4350838,34.596249,0 -114.435535,34.5957846,0 -114.4357442,34.5956287,0 -114.4359176,34.5953691,0 -114.4359809,34.595208,0 -114.4360739,34.5949714,0 -114.4361431,34.5947384,0 -114.4361253,34.5944744,0 -114.4360739,34.5942237,0 -114.4359347,34.5938232,0 -114.4357446,34.5935111,0 -114.4352406,34.5927389,0 -114.4345289,34.5919409,0 -114.4342686,34.5915675,0 -114.4334177,34.5905529,0 -114.4330879,34.5902356,0 -114.4325153,34.5896045,0 -114.4322887,34.5893772,0 -114.4314897,34.5886652,0 -114.4311263,34.5882935,0 -114.4306216,34.587829,0 -114.4289558,34.5866625,0 -114.4278792,34.5858069,0 -114.4268371,34.5848328,0 -114.4264036,34.5844967,0 -114.4260381,34.5841833,0 -114.4256562,34.5838082,0 -114.4249696,34.5832737,0 -114.4248409,34.5831735,0 -114.4239027,34.5823076,0 -114.4236603,34.5820637,0 -114.4234165,34.581739,0 -114.4233644,34.5816697,0 -114.4223759,34.5806632,0 -114.4220799,34.5803775,0 -114.4217671,34.5801058,0 -114.421195,34.5797173,0 -114.4201188,34.578889,0 -114.4196845,34.5786269,0 -114.4193545,34.5784058,0 -114.4183642,34.5779517,0 -114.4168028,34.5770394,0 -114.4164217,34.5768653,0 -114.415622,34.5764998,0 -114.4148919,34.5761269,0 -114.4142673,34.5759053,0 -114.4136764,34.575648,0 -114.4129651,34.5752698,0 -114.4113677,34.5745861,0 -114.41076,34.5742668,0 -114.4101182,34.5740304,0 -114.4095624,34.5737731,0 -114.4086771,34.5733173,0 -114.4082084,34.5729946,0 -114.4078602,34.5727791,0 -114.4073394,34.5723534,0 -114.4066795,34.5716488,0 -114.406368,34.5711843,0 -114.4061416,34.5707507,0 -114.4057428,34.5701319,0 -114.4056388,34.5699042,0 -114.4055858,34.5697883,0 -114.4053257,34.56913,0 -114.4052214,34.5687072,0 -114.4050477,34.5681963,0 -114.4049087,34.5679258,0 -114.4047532,34.567542,0 -114.4045795,34.5672782,0 -114.4043018,34.5670249,0 -114.4040926,34.5667518,0 -114.4035379,34.5661085,0 -114.4031037,34.5656467,0 -114.4024963,34.565078,0 -114.4023403,34.5648963,0 -114.4023115,34.5648568,0 -114.401992,34.5644179,0 -114.4018368,34.5642543,0 -114.4017499,34.5640707,0 -114.4016101,34.5639259,0 -114.4013332,34.5635607,0 -114.401003,34.5630814,0 -114.4007766,34.5627105,0 -114.4003602,34.5619624,0 -114.3999594,34.5609907,0 -114.3998917,34.5608265,0 -114.3995797,34.5602116,0 -114.3993537,34.5596926,0 -114.3987636,34.5585685,0 -114.3985027,34.5581656,0 -114.3982073,34.5575719,0 -114.3976866,34.5566368,0 -114.3964359,34.5544486,0 -114.39609,34.5538986,0 -114.3951518,34.5522421,0 -114.3945791,34.5514043,0 -114.3943528,34.5509436,0 -114.3937626,34.5500418,0 -114.3928249,34.5481831,0 -114.3923566,34.5472942,0 -114.3917491,34.5463777,0 -114.3908982,34.5448622,0 -114.3903429,34.5440255,0 -114.3896651,34.5428951,0 -114.3893523,34.5424327,0 -114.3889884,34.5418344,0 -114.3884508,34.5408956,0 -114.388121,34.5404792,0 -114.3875997,34.5397753,0 -114.3870961,34.5389941,0 -114.3860716,34.5375426,0 -114.3858283,34.5372334,0 -114.3857077,34.5371018,0 -114.3853945,34.5367602,0 -114.3848553,34.5360055,0 -114.3841962,34.5349594,0 -114.3836759,34.5342601,0 -114.3828427,34.5330196,0 -114.3825304,34.5325279,0 -114.3822696,34.5320065,0 -114.3821379,34.5317023,0 -114.3818002,34.530922,0 -114.3815224,34.5304489,0 -114.3811065,34.5293459,0 -114.3807062,34.5282217,0 -114.380073,34.5259134,0 -114.3799604,34.5255032,0 -114.3798564,34.5249616,0 -114.379595,34.5238741,0 -114.3794736,34.5232659,0 -114.3793699,34.5224479,0 -114.3792133,34.5218552,0 -114.3791098,34.5212439,0 -114.3788486,34.5199971,0 -114.3787621,34.5193779,0 -114.3787445,34.5192058,0 -114.3786411,34.5181926,0 -114.3785539,34.5177395,0 -114.3785014,34.5173026,0 -114.3784495,34.517137,0 -114.3783806,34.5166383,0 -114.378377,34.5165439,0 -114.3783631,34.5161788,0 -114.3781721,34.5151054,0 -114.3781024,34.5146022,0 -114.378016,34.5134214,0 -114.3780161,34.5130533,0 -114.3778936,34.5117534,0 -114.3778771,34.5110607,0 -114.3778418,34.5106697,0 -114.3778774,34.5100929,0 -114.3778422,34.5089812,0 -114.3778077,34.5084644,0 -114.3780322,34.5070569,0 -114.3782754,34.5059828,0 -114.3784669,34.5053003,0 -114.3788485,34.5043933,0 -114.3797692,34.5026555,0 -114.3800648,34.5021467,0 -114.380498,34.501223,0 -114.3806044,34.5010517,0 -114.380741,34.5008319,0 -114.3810008,34.5001812,0 -114.381115,34.5000096,0 -114.3813832,34.4993571,0 -114.3816699,34.4984121,0 -114.3820521,34.4969909,0 -114.3822089,34.4962116,0 -114.3824081,34.4953748,0 -114.382608,34.4943223,0 -114.3827294,34.4936236,0 -114.3827723,34.4929868,0 -114.3828514,34.4925253,0 -114.3830335,34.4912135,0 -114.3830339,34.490228,0 -114.3829641,34.4892282,0 -114.3829715,34.48843,0 -114.3829718,34.4884032,0 -114.3829721,34.4883643,0 -114.3829465,34.4874621,0 -114.3822654,34.483443,0 -114.3820344,34.4820798,0 -114.3818089,34.4803032,0 -114.381804,34.4800487,0 -114.3818009,34.4798828,0 -114.3817046,34.4784053,0 -114.3816795,34.4775099,0 -114.3816818,34.4773102,0 -114.3816965,34.4760515,0 -114.3818182,34.4753192,0 -114.3820176,34.4745722,0 -114.3822165,34.4736477,0 -114.3825551,34.4726051,0 -114.38292,34.4718047,0 -114.383623,34.4699774,0 -114.3840921,34.4688115,0 -114.3848217,34.4674732,0 -114.3852941,34.4665348,0 -114.3855418,34.4660426,0 -114.3860621,34.4650893,0 -114.3865834,34.4637834,0 -114.3868606,34.4630308,0 -114.3870007,34.4625692,0 -114.3871911,34.4615813,0 -114.3872,34.4612784,0 -114.3872171,34.4606983,0 -114.3871383,34.4599426,0 -114.3869822,34.4592244,0 -114.3864619,34.4579368,0 -114.3862164,34.4575674,0 -114.3857758,34.4569046,0 -114.3849605,34.4560203,0 -114.3841869,34.4553253,0 -114.3836312,34.454709,0 -114.3829118,34.4540382,0 -114.3822697,34.4533299,0 -114.381324,34.4525333,0 -114.3811575,34.4523931,0 -114.3801851,34.4515739,0 -114.3799865,34.4514329,0 -114.3794126,34.4510251,0 -114.3789713,34.4506003,0 -114.37871,34.4503488,0 -114.3775815,34.4493907,0 -114.3764621,34.4483681,0 -114.3761582,34.4480725,0 -114.3757756,34.4478139,0 -114.3754717,34.4475947,0 -114.3751415,34.447394,0 -114.3746217,34.4471774,0 -114.3745297,34.4471466,0 -114.3742473,34.4470518,0 -114.373562,34.4469674,0 -114.3718781,34.447016,0 -114.3710443,34.4470037,0 -114.3702541,34.4470845,0 -114.3693516,34.4471371,0 -114.3692875,34.4471428,0 -114.3684664,34.4472157,0 -114.3679974,34.4472834,0 -114.3675981,34.4473156,0 -114.3672591,34.447343,0 -114.3666695,34.4473574,0 -114.3662002,34.4474519,0 -114.3657463,34.4475273,0 -114.3645247,34.4477302,0 -114.3636661,34.4478687,0 -114.3631447,34.4479305,0 -114.3626588,34.4480529,0 -114.3619902,34.4481895,0 -114.3613485,34.4483415,0 -114.3606181,34.4485882,0 -114.3601321,34.4487129,0 -114.3595249,34.44891,0 -114.3588829,34.4490505,0 -114.358371,34.4491894,0 -114.357919,34.4493412,0 -114.3573374,34.4494727,0 -114.3568072,34.4496705,0 -114.3563046,34.4498009,0 -114.3558177,34.4498426,0 -114.3552102,34.4498736,0 -114.3537526,34.4499963,0 -114.353197,34.4500871,0 -114.3526329,34.4500513,0 -114.3519906,34.4500774,0 -114.3515226,34.4500588,0 -114.3507839,34.4500294,0 -114.35028,34.449989,0 -114.3497846,34.4499829,0 -114.3493771,34.4500573,0 -114.3470672,34.4506089,0 -114.3469602,34.4506366,0 -114.3462177,34.4508287,0 -114.345115,34.4511387,0 -114.3441947,34.4512684,0 -114.343414,34.4513226,0 -114.3426323,34.4514106,0 -114.3419547,34.4514499,0 -114.3410275,34.4514714,0 -114.3406753,34.4514796,0 -114.3406274,34.4514807,0 -114.339464,34.4513797,0 -114.3388646,34.4513077,0 -114.3384652,34.4511676,0 -114.3382301,34.4510851,0 -114.337527,34.4508866,0 -114.3374018,34.4508471,0 -114.3368763,34.4506809,0 -114.3362806,34.4503997,0 -114.3362768,34.4503979,0 -114.336269,34.4503951,0 -114.3357219,34.4501964,0 -114.3345329,34.4494312,0 -114.3338123,34.4488815,0 -114.3331664,34.4482301,0 -114.3327975,34.4478581,0 -114.3327698,34.4478301,0 -114.332076,34.4470755,0 -114.3315721,34.4464604,0 -114.3312997,34.4460603,0 -114.331069,34.4457215,0 -114.3304527,34.4448621,0 -114.3302391,34.4445016,0 -114.3295237,34.4432938,0 -114.3291418,34.4424582,0 -114.3286557,34.4416736,0 -114.3280861,34.4404479,0 -114.3278828,34.4400106,0 -114.3277356,34.4396431,0 -114.3272148,34.4386987,0 -114.3270406,34.4383135,0 -114.3269282,34.4381056,0 -114.32678,34.4379268,0 -114.3265021,34.4375386,0 -114.3261657,34.4373198,0 -114.3261646,34.437319,0 -114.3258706,34.4371989,0 -114.3257122,34.4371341,0 -114.3250878,34.4370267,0 -114.3248801,34.4370118,0 -114.324359,34.4369744,0 -114.3238728,34.4368792,0 -114.3230827,34.4368025,0 -114.3227785,34.4366932,0 -114.3222317,34.4365978,0 -114.3216886,34.436409,0 -114.3212156,34.4362446,0 -114.3179239,34.4353508,0 -114.3178475,34.4353301,0 -114.3167894,34.4348885,0 -114.3159125,34.4345673,0 -114.3154005,34.4343444,0 -114.3149044,34.4340709,0 -114.3140287,34.4336714,0 -114.313316,34.4332568,0 -114.3125085,34.4328149,0 -114.3120581,34.4326255,0 -114.3116062,34.4323079,0 -114.310304,34.4315836,0 -114.3095582,34.431081,0 -114.3094975,34.4310279,0 -114.309176,34.430746,0 -114.3087679,34.4304631,0 -114.3082819,34.4301971,0 -114.3077957,34.4299625,0 -114.307084,34.4296802,0 -114.3060327,34.429212,0 -114.3059803,34.4291953,0 -114.30546,34.4290295,0 -114.304844,34.4286958,0 -114.3041151,34.4283585,0 -114.303299,34.4279339,0 -114.302656,34.4276296,0 -114.3020308,34.4273759,0 -114.3015193,34.4270587,0 -114.3012093,34.4267901,0 -114.3009715,34.426584,0 -114.3004128,34.4262835,0 -114.3003213,34.4262342,0 -114.2996778,34.4257637,0 -114.2991064,34.4252828,0 -114.2983857,34.4245438,0 -114.2976563,34.4239528,0 -114.296102,34.4225144,0 -114.2953728,34.4218695,0 -114.2953421,34.4218376,0 -114.2951096,34.421597,0 -114.2946175,34.4210876,0 -114.2940618,34.4204282,0 -114.293455,34.4197784,0 -114.2928554,34.418725,0 -114.2925048,34.4180012,0 -114.2924564,34.4179013,0 -114.2922741,34.4173359,0 -114.2921638,34.4170431,0 -114.2919349,34.4164359,0 -114.2918833,34.4159182,0 -114.2919012,34.4152144,0 -114.2919485,34.4146676,0 -114.2919612,34.4145205,0 -114.2919874,34.413777,0 -114.2918743,34.4121388,0 -114.2917354,34.4110982,0 -114.2915787,34.4106875,0 -114.2911881,34.4098106,0 -114.2907372,34.4091251,0 -114.2903037,34.4083237,0 -114.2899735,34.4077972,0 -114.2891835,34.4069703,0 -114.2885842,34.4064334,0 -114.2877766,34.4059332,0 -114.2869332,34.4054578,0 -114.2865272,34.4052289,0 -114.2863526,34.4051305,0 -114.2856509,34.4048511,0 -114.2847301,34.4044079,0 -114.2821089,34.4034245,0 -114.2812927,34.403294,0 -114.2805618,34.4032701,0 -114.2805458,34.4032696,0 -114.2798604,34.4031597,0 -114.2795778,34.4031266,0 -114.279166,34.4030784,0 -114.2781941,34.4030467,0 -114.2767611,34.4029775,0 -114.2755108,34.4029437,0 -114.2719231,34.4029032,0 -114.2716568,34.4029002,0 -114.2702244,34.4028038,0 -114.2687746,34.402657,0 -114.2681909,34.4025501,0 -114.2674201,34.4024091,0 -114.2671574,34.4023535,0 -114.2657798,34.4020622,0 -114.2651292,34.4016718,0 -114.2648636,34.4015252,0 -114.2645209,34.401336,0 -114.2640976,34.4011566,0 -114.2639216,34.4010819,0 -114.2633841,34.4006817,0 -114.2624903,34.3999282,0 -114.2621425,34.3995888,0 -114.2617614,34.3991459,0 -114.2615552,34.3988632,0 -114.2613088,34.3985254,0 -114.2606841,34.3978471,0 -114.2599897,34.3969374,0 -114.2594166,34.3963077,0 -114.2584002,34.3951459,0 -114.2577311,34.3945339,0 -114.2570633,34.3938955,0 -114.2564823,34.3934025,0 -114.2562407,34.3931653,0 -114.2560209,34.3929497,0 -114.2558303,34.3927625,0 -114.2549797,34.3920165,0 -114.2543204,34.3914669,0 -114.2542337,34.3913947,0 -114.2535743,34.3908667,0 -114.2529928,34.3905104,0 -114.2522594,34.3899807,0 -114.2507694,34.3889045,0 -114.250267,34.3885852,0 -114.2494419,34.3880971,0 -114.2480877,34.3871978,0 -114.2449711,34.3849212,0 -114.2434087,34.3836771,0 -114.240883,34.3817504,0 -114.2401882,34.3811683,0 -114.238513,34.3798574,0 -114.2370373,34.3787899,0 -114.2350406,34.3769529,0 -114.2344335,34.3761884,0 -114.2338077,34.375326,0 -114.2339546,34.3742723,0 -114.233669,34.3737937,0 -114.2332347,34.3732259,0 -114.2327754,34.3725349,0 -114.232488,34.3719708,0 -114.2321586,34.3714308,0 -114.2317765,34.3708667,0 -114.2308296,34.3691861,0 -114.2299266,34.3678435,0 -114.2294844,34.367264,0 -114.2292411,34.3668872,0 -114.2285118,34.3660172,0 -114.2283217,34.3658058,0 -114.2276876,34.3652707,0 -114.2272976,34.3649999,0 -114.2268446,34.3647338,0 -114.2262725,34.364486,0 -114.2257423,34.3642882,0 -114.2251611,34.3641271,0 -114.2244838,34.363912,0 -114.2238593,34.3637746,0 -114.2231561,34.3635489,0 -114.2223144,34.3633938,0 -114.2208041,34.3630711,0 -114.2197016,34.362868,0 -114.2185547,34.3627155,0 -114.2176179,34.3626029,0 -114.2168632,34.3625596,0 -114.2159858,34.3624534,0 -114.2139886,34.362345,0 -114.2129735,34.3622041,0 -114.2121491,34.3621646,0 -114.2113066,34.3621866,0 -114.2094578,34.3620776,0 -114.2060198,34.3619228,0 -114.2054561,34.3618663,0 -114.2050377,34.3618517,0 -114.2047966,34.3618433,0 -114.2041707,34.3618451,0 -114.2038246,34.3617931,0 -114.2033813,34.3617746,0 -114.2026264,34.3616706,0 -114.2020531,34.3616604,0 -114.2013235,34.3616098,0 -114.2008028,34.3615428,0 -114.2003172,34.3615257,0 -114.1999783,34.3614405,0 -114.1998572,34.3614013,0 -114.1994496,34.3612695,0 -114.1992159,34.3611822,0 -114.1988765,34.3610553,0 -114.1976696,34.3605254,0 -114.1971135,34.3600632,0 -114.1966446,34.3593961,0 -114.1962986,34.3591088,0 -114.1961943,34.3590222,0 -114.1959335,34.3587833,0 -114.1956122,34.3584323,0 -114.1941363,34.3572792,0 -114.1938149,34.3571322,0 -114.1934502,34.3569351,0 -114.1929031,34.3566912,0 -114.1920788,34.3563846,0 -114.1911929,34.3561823,0 -114.1910979,34.3561607,0 -114.1900466,34.3558959,0 -114.1893175,34.3557646,0 -114.1887708,34.3555991,0 -114.1882758,34.3554889,0 -114.1878335,34.355311,0 -114.1874682,34.3552151,0 -114.1871826,34.3550349,0 -114.1866793,34.3548815,0 -114.1854342,34.3542711,0 -114.1851688,34.354141,0 -114.1847519,34.3539245,0 -114.1843779,34.3537066,0 -114.1839004,34.353526,0 -114.1835626,34.3532788,0 -114.1830247,34.353013,0 -114.1825293,34.3527166,0 -114.1822088,34.3526038,0 -114.1818267,34.3523761,0 -114.1813567,34.3521581,0 -114.1810105,34.351915,0 -114.1806105,34.3516996,0 -114.1796305,34.3510516,0 -114.1783109,34.3502552,0 -114.1779888,34.3499626,0 -114.1776411,34.3497397,0 -114.1773097,34.3495808,0 -114.1771993,34.3495279,0 -114.176227,34.3489611,0 -114.1758362,34.348621,0 -114.1755502,34.3484472,0 -114.1750896,34.3479763,0 -114.1746119,34.3473128,0 -114.1743348,34.3469,0 -114.1741006,34.3465148,0 -114.1738833,34.3462049,0 -114.1736569,34.3458987,0 -114.1733624,34.3456103,0 -114.1730936,34.3451866,0 -114.1730165,34.3450829,0 -114.172859,34.3448711,0 -114.1719992,34.3438072,0 -114.1717909,34.3434777,0 -114.1713479,34.3428888,0 -114.1708973,34.3422276,0 -114.1704281,34.3416436,0 -114.1702378,34.3413737,0 -114.1699466,34.3410656,0 -114.1698982,34.3410144,0 -114.1691862,34.3401792,0 -114.1690296,34.3398691,0 -114.1689146,34.3396686,0 -114.1686493,34.339206,0 -114.1684921,34.3388758,0 -114.1683536,34.3385583,0 -114.1681452,34.3379549,0 -114.1679722,34.3375719,0 -114.1676234,34.3368239,0 -114.1674507,34.3365013,0 -114.167277,34.3360443,0 -114.1669472,34.3353985,0 -114.1668081,34.335054,0 -114.1664179,34.3342869,0 -114.1661663,34.3336242,0 -114.1660179,34.3333127,0 -114.1659489,34.3329777,0 -114.1658528,34.3326587,0 -114.1656276,34.332281,0 -114.1653507,34.3317668,0 -114.165202,34.3316057,0 -114.1648382,34.3310697,0 -114.1645083,34.3306191,0 -114.1635363,34.3291544,0 -114.1632402,34.328751,0 -114.1626851,34.3278869,0 -114.1619385,34.3269257,0 -114.1617706,34.3267554,0 -114.1613043,34.3262824,0 -114.160932,34.325734,0 -114.1606442,34.3251654,0 -114.160359,34.324525,0 -114.1597331,34.3234964,0 -114.1593775,34.322788,0 -114.159286,34.3225698,0 -114.159126,34.3221883,0 -114.1588046,34.3217339,0 -114.1581356,34.3203427,0 -114.1578065,34.3194881,0 -114.1576757,34.3186301,0 -114.1575721,34.3182027,0 -114.1574154,34.317803,0 -114.1571637,34.3175086,0 -114.1566248,34.3170137,0 -114.1563652,34.3167343,0 -114.1560178,34.3165924,0 -114.1556702,34.3163336,0 -114.1553408,34.3161884,0 -114.1548538,34.3157735,0 -114.1545587,34.3156241,0 -114.1542211,34.3153864,0 -114.1538129,34.3150289,0 -114.1534318,34.3148463,0 -114.1530058,34.3144986,0 -114.152024,34.313792,0 -114.1512875,34.3131098,0 -114.1502713,34.3123825,0 -114.1493937,34.3118671,0 -114.1489167,34.3116841,0 -114.148396,34.3113656,0 -114.1478661,34.311089,0 -114.1469118,34.3104447,0 -114.1465123,34.3100521,0 -114.1461134,34.3097356,0 -114.1455922,34.3092238,0 -114.1450976,34.3088017,0 -114.1446115,34.3083578,0 -114.1441074,34.3080091,0 -114.1435779,34.307618,0 -114.1431727,34.3073463,0 -114.1427102,34.3070362,0 -114.1422501,34.3066277,0 -114.1412866,34.3059335,0 -114.1409744,34.3057403,0 -114.1398801,34.3048949,0 -114.1394887,34.3045409,0 -114.139411,34.3044969,0 -114.1390117,34.30414,0 -114.138604,34.3036211,0 -114.138524,34.3034377,0 -114.1384129,34.3031829,0 -114.1382735,34.3027844,0 -114.1380826,34.3022384,0 -114.1380141,34.3013421,0 -114.1380485,34.3006173,0 -114.1381443,34.3002271,0 -114.1382915,34.2998044,0 -114.1386299,34.2990077,0 -114.1389172,34.2982673,0 -114.1390383,34.2978204,0 -114.1391074,34.2974506,0 -114.1392385,34.2971324,0 -114.1392636,34.2970715,0 -114.1394377,34.2964802,0 -114.1394726,34.2962224,0 -114.1394382,34.2959257,0 -114.1393688,34.2954696,0 -114.1393538,34.2954108,0 -114.1392203,34.2948886,0 -114.1392468,34.2946794,0 -114.1392118,34.2942188,0 -114.1386734,34.2919058,0 -114.1385953,34.2914398,0 -114.1383602,34.2904416,0 -114.1382912,34.2899809,0 -114.1382647,34.2895794,0 -114.1381011,34.2887908,0 -114.1378482,34.2880226,0 -114.1377874,34.2876882,0 -114.1376664,34.2871854,0 -114.1375706,34.2869022,0 -114.1374496,34.2864355,0 -114.1372936,34.2860471,0 -114.1371714,34.285551,0 -114.1370148,34.2851244,0 -114.1369017,34.2846985,0 -114.1367897,34.2844032,0 -114.1362777,34.2826144,0 -114.1361033,34.282126,0 -114.1359564,34.2816325,0 -114.1356958,34.2805945,0 -114.1356264,34.2801942,0 -114.1356513,34.2797875,0 -114.1361728,34.2787704,0 -114.1363983,34.2784279,0 -114.1365546,34.2781024,0 -114.1366162,34.2777232,0 -114.1367467,34.2771602,0 -114.1367722,34.2767086,0 -114.1367555,34.2755287,0 -114.1366845,34.2751219,0 -114.1366336,34.2746378,0 -114.1365288,34.2742193,0 -114.1364293,34.2737164,0 -114.1364162,34.27365,0 -114.1361563,34.2726298,0 -114.1356784,34.2713961,0 -114.1353316,34.2704304,0 -114.1352533,34.2703124,0 -114.1351697,34.270134,0 -114.1348009,34.2693475,0 -114.1343843,34.2685608,0 -114.1336288,34.2672013,0 -114.1332571,34.2664132,0 -114.132996,34.2660575,0 -114.1325361,34.2653033,0 -114.1317626,34.2641404,0 -114.1316328,34.2640028,0 -114.1313383,34.2635931,0 -114.131165,34.2632639,0 -114.1309475,34.2626892,0 -114.1307818,34.2619385,0 -114.1307991,34.2616615,0 -114.1308516,34.2613419,0 -114.1310777,34.2609723,0 -114.1312425,34.2607508,0 -114.1313729,34.260453,0 -114.1315555,34.2598286,0 -114.1317894,34.2593654,0 -114.131971,34.2590285,0 -114.13218,34.258743,0 -114.1327612,34.2583453,0 -114.1331092,34.2582111,0 -114.1337079,34.2581248,0 -114.1341415,34.2579834,0 -114.134558,34.2579061,0 -114.1348881,34.2578023,0 -114.1351832,34.2577384,0 -114.1354874,34.2577089,0 -114.1358171,34.2576454,0 -114.1361558,34.2576905,0 -114.1367899,34.2578331,0 -114.1370671,34.2579185,0 -114.1374404,34.2580737,0 -114.1378162,34.2581698,0 -114.1378575,34.2581803,0 -114.1383955,34.25837,0 -114.1388466,34.2585038,0 -114.1392888,34.2585742,0 -114.1401668,34.258674,0 -114.1405391,34.2587978,0 -114.140921,34.2588928,0 -114.1417638,34.259181,0 -114.1421629,34.2592551,0 -114.1425012,34.2593783,0 -114.1429004,34.2594792,0 -114.1443585,34.2596328,0 -114.1448013,34.2596403,0 -114.1452786,34.2596233,0 -114.145522,34.2595991,0 -114.1460083,34.2595507,0 -114.1464159,34.2594838,0 -114.1469376,34.2594457,0 -114.1477872,34.2593324,0 -114.1483173,34.2591823,0 -114.1488208,34.2590865,0 -114.1496634,34.2588492,0 -114.1501321,34.2587375,0 -114.1505487,34.258595,0 -114.1510607,34.2585222,0 -114.1514942,34.258372,0 -114.1522414,34.2581727,0 -114.1525544,34.2580609,0 -114.1528232,34.2580129,0 -114.1532656,34.2578521,0 -114.1536295,34.2577867,0 -114.1539339,34.2577997,0 -114.1544374,34.2579059,0 -114.1555919,34.2582368,0 -114.156113,34.2582994,0 -114.1566948,34.2584584,0 -114.1572845,34.2585575,0 -114.1575166,34.2586196,0 -114.1578486,34.2587085,0 -114.1583695,34.2588182,0 -114.1589076,34.2589067,0 -114.1594463,34.2590694,0 -114.15995,34.2591643,0 -114.1603406,34.2593073,0 -114.1611135,34.2594756,0 -114.1614601,34.2595345,0 -114.161868,34.259526,0 -114.1624506,34.259465,0 -114.1635788,34.2595831,0 -114.1638598,34.2595714,0 -114.1638735,34.2595708,0 -114.1645852,34.2596021,0 -114.1647008,34.2595808,0 -114.1648114,34.2595604,0 -114.164959,34.2595597,0 -114.1651329,34.2595254,0 -114.1652625,34.2594203,0 -114.1653407,34.2591452,0 -114.1653488,34.2589349,0 -114.1652548,34.2586026,0 -114.1651581,34.2582611,0 -114.16482,34.2576036,0 -114.1644642,34.2569916,0 -114.1642905,34.256575,0 -114.1640041,34.2561365,0 -114.1636907,34.2554672,0 -114.1635007,34.2546835,0 -114.1634824,34.2542533,0 -114.1634396,34.2538865,0 -114.1634651,34.2534508,0 -114.1635606,34.2528786,0 -114.1636736,34.2525389,0 -114.163882,34.2521768,0 -114.1641858,34.2517209,0 -114.1646809,34.2512538,0 -114.1650889,34.2508322,0 -114.1654885,34.2504773,0 -114.1658263,34.2502592,0 -114.1660777,34.250015,0 -114.166352,34.2498112,0 -114.1665649,34.249653,0 -114.1666549,34.2496039,0 -114.166859,34.2494926,0 -114.1672064,34.2494279,0 -114.1674649,34.2493684,0 -114.1679183,34.249264,0 -114.1686821,34.2490321,0 -114.1689123,34.2489475,0 -114.1691001,34.2488785,0 -114.1693484,34.2488207,0 -114.1707834,34.2484865,0 -114.1713556,34.2483261,0 -114.171912,34.2481127,0 -114.1721893,34.2480321,0 -114.1727461,34.247922,0 -114.1737178,34.2476917,0 -114.1742036,34.2475407,0 -114.1744115,34.2474054,0 -114.1745168,34.2473178,0 -114.1746636,34.2471957,0 -114.1746723,34.2471885,0 -114.1749497,34.2469145,0 -114.1751938,34.2467032,0 -114.1754371,34.2464202,0 -114.1757657,34.245977,0 -114.1758876,34.2457075,0 -114.1759398,34.2454802,0 -114.1759224,34.2449536,0 -114.1759088,34.2448295,0 -114.1758701,34.244476,0 -114.1758877,34.2433033,0 -114.1759222,34.2429106,0 -114.1760445,34.2422147,0 -114.1760959,34.2420342,0 -114.176391,34.2413822,0 -114.1768254,34.2408414,0 -114.1770517,34.2406311,0 -114.1773281,34.2404062,0 -114.1779876,34.2399289,0 -114.1782661,34.2396843,0 -114.1788741,34.2391941,0 -114.1802106,34.2382312,0 -114.1808527,34.2378605,0 -114.1818079,34.2372449,0 -114.1823805,34.2368376,0 -114.1834568,34.2360087,0 -114.1851069,34.2348125,0 -114.1854714,34.2344978,0 -114.1857664,34.234297,0 -114.1865123,34.2337066,0 -114.1868598,34.2334108,0 -114.1872074,34.2330769,0 -114.1874688,34.232869,0 -114.1876766,34.2326798,0 -114.1892572,34.2316293,0 -114.1899687,34.2311082,0 -114.1902816,34.2308569,0 -114.1906449,34.2306229,0 -114.1916531,34.2298677,0 -114.191843,34.2297445,0 -114.1932848,34.2284928,0 -114.1937013,34.228045,0 -114.1941517,34.2276621,0 -114.1944822,34.2273381,0 -114.1955936,34.2264174,0 -114.19627,34.2257997,0 -114.1970868,34.2249831,0 -114.1976079,34.2244238,0 -114.1980241,34.2240341,0 -114.1983716,34.223738,0 -114.19877,34.2233404,0 -114.1994994,34.222749,0 -114.2000552,34.2222459,0 -114.2008715,34.2216381,0 -114.2019307,34.2207585,0 -114.2025035,34.2202362,0 -114.2027463,34.2199667,0 -114.2052466,34.2178484,0 -114.2061847,34.216942,0 -114.2069481,34.2162293,0 -114.2073134,34.2159301,0 -114.2079383,34.2152792,0 -114.2081978,34.2150421,0 -114.2085804,34.2146543,0 -114.2092223,34.2139668,0 -114.2103155,34.2127437,0 -114.2105936,34.212409,0 -114.210941,34.2120299,0 -114.2112535,34.211745,0 -114.2115132,34.2114294,0 -114.2120352,34.2110044,0 -114.2129034,34.2103622,0 -114.2131979,34.2101838,0 -114.2135967,34.2099072,0 -114.2139617,34.2097225,0 -114.214378,34.2094764,0 -114.2148645,34.2091546,0 -114.2152635,34.208968,0 -114.2159758,34.2085884,0 -114.2167918,34.2080635,0 -114.2172088,34.2079006,0 -114.217556,34.2077168,0 -114.217955,34.2075683,0 -114.2183368,34.2073938,0 -114.218928,34.2070795,0 -114.2194478,34.2068589,0 -114.2205949,34.2062951,0 -114.2218791,34.20564,0 -114.2223128,34.2054806,0 -114.2231806,34.2050358,0 -114.2235456,34.2048692,0 -114.2240044,34.2046094,0 -114.2241014,34.2045545,0 -114.2247258,34.2041123,0 -114.2249858,34.2038571,0 -114.2251091,34.2036975,0 -114.2252056,34.2035727,0 -114.2254378,34.2032725,0 -114.2257678,34.2026094,0 -114.2258718,34.2022845,0 -114.2259072,34.2019973,0 -114.2259591,34.2007352,0 -114.2259583,34.2002636,0 -114.2259244,34.1999579,0 -114.2257854,34.1993329,0 -114.2257812,34.1993192,0 -114.2253683,34.1979717,0 -114.2253025,34.1976175,0 -114.2252816,34.197505,0 -114.2251603,34.1970383,0 -114.2250598,34.1967228,0 -114.2248991,34.196218,0 -114.2248132,34.1957224,0 -114.2247962,34.1953149,0 -114.2248471,34.1939559,0 -114.2249341,34.1931786,0 -114.2250209,34.1925789,0 -114.2251772,34.1920783,0 -114.2253683,34.1913737,0 -114.2255075,34.1909572,0 -114.225819,34.190342,0 -114.2261155,34.1898197,0 -114.2263059,34.1894295,0 -114.2265319,34.1890529,0 -114.2267924,34.1887709,0 -114.227157,34.1884694,0 -114.2275909,34.1881302,0 -114.2283031,34.187636,0 -114.229223,34.1870804,0 -114.2295699,34.186899,0 -114.229917,34.1867421,0 -114.2306464,34.1863569,0 -114.2309583,34.1861526,0 -114.2318263,34.1858311,0 -114.2327641,34.1856697,0 -114.2333544,34.1855415,0 -114.2339451,34.1852675,0 -114.2343959,34.1851788,0 -114.2354549,34.1848938,0 -114.2358204,34.1847449,0 -114.2372785,34.1843065,0 -114.2380425,34.1841348,0 -114.238337,34.1840856,0 -114.2383898,34.1840768,0 -114.2387711,34.1840368,0 -114.2391358,34.1839734,0 -114.2398302,34.1837585,0 -114.2402294,34.1835579,0 -114.2406288,34.1833174,0 -114.2409068,34.1831017,0 -114.2411671,34.1828691,0 -114.2417402,34.1822592,0 -114.2422786,34.1815862,0 -114.2429039,34.180851,0 -114.2429208,34.1808311,0 -114.2433545,34.1803637,0 -114.2437542,34.1799975,0 -114.243969,34.1798232,0 -114.2443301,34.17953,0 -114.244397,34.1794758,0 -114.2451954,34.1789517,0 -114.2455266,34.1787712,0 -114.2458614,34.178616,0 -114.2459252,34.1785864,0 -114.2465843,34.1782229,0 -114.2470193,34.1780521,0 -114.2474182,34.1778541,0 -114.2483035,34.17735,0 -114.2485983,34.1772206,0 -114.2489806,34.177008,0 -114.2497622,34.1764827,0 -114.2505785,34.1760383,0 -114.25115,34.1758504,0 -114.2516543,34.1754737,0 -114.2520622,34.1752648,0 -114.2524182,34.1749202,0 -114.2529218,34.1746196,0 -114.253417,34.1744329,0 -114.254146,34.1741979,0 -114.2548056,34.1738725,0 -114.2555608,34.1735945,0 -114.2561768,34.1734097,0 -114.2567595,34.1732901,0 -114.2574267,34.1730932,0 -114.2579475,34.1728903,0 -114.259415,34.1725691,0 -114.2599962,34.1724604,0 -114.2605876,34.1722311,0 -114.2625053,34.1718279,0 -114.2638947,34.1715053,0 -114.2647535,34.1712325,0 -114.2666288,34.1707676,0 -114.2672615,34.1706693,0 -114.2677923,34.1705436,0 -114.2686081,34.1703933,0 -114.270136,34.1708082,0 -114.2713341,34.1712105,0 -114.2741635,34.1719791,0 -114.2747194,34.1722277,0 -114.2752399,34.172393,0 -114.2789127,34.1719332,0 -114.2815156,34.1715852,0 -114.2836081,34.1713355,0 -114.2865519,34.1709241,0 -114.2871324,34.1708714,0 -114.2924881,34.1670404,0 -114.2930355,34.1666846,0 -114.2944945,34.1650442,0 -114.2966132,34.1625081,0 -114.2972381,34.1615986,0 -114.2978539,34.1609445,0 -114.2985147,34.1600822,0 -114.2989137,34.1596552,0 -114.2999729,34.1586082,0 -114.3005363,34.1580963,0 -114.3010058,34.1577075,0 -114.3016733,34.1570616,0 -114.3021254,34.1565012,0 -114.3034615,34.155099,0 -114.3039221,34.1545706,0 -114.3047722,34.1537648,0 -114.305137,34.153528,0 -114.3057187,34.152932,0 -114.3061101,34.1525805,0 -114.3064135,34.152207,0 -114.3067526,34.1518653,0 -114.3070901,34.1514335,0 -114.30782,34.150655,0 -114.3081315,34.1502258,0 -114.3084009,34.1499557,0 -114.3086701,34.1495571,0 -114.308904,34.149318,0 -114.309208,34.1489646,0 -114.3095206,34.1487065,0 -114.3098764,34.1482849,0 -114.3101372,34.1480208,0 -114.3104231,34.1476437,0 -114.311083,34.1468467,0 -114.3114216,34.1463049,0 -114.3117689,34.1456337,0 -114.3119498,34.1453538,0 -114.3121767,34.1450027,0 -114.3125082,34.1447412,0 -114.3126987,34.1445908,0 -114.3130367,34.1443772,0 -114.3140692,34.1435818,0 -114.3148775,34.1430217,0 -114.3154333,34.142673,0 -114.3159709,34.1422892,0 -114.3164487,34.1419775,0 -114.3181412,34.1407376,0 -114.3186101,34.1404591,0 -114.319078,34.140124,0 -114.319461,34.1399066,0 -114.3197734,34.1395988,0 -114.3200944,34.1393792,0 -114.3209968,34.1388375,0 -114.321882,34.1381843,0 -114.3223857,34.1378564,0 -114.3225383,34.137749,0 -114.3232286,34.1372632,0 -114.3236354,34.1369979,0 -114.324122,34.1367925,0 -114.3245214,34.1365739,0 -114.3248591,34.1364138,0 -114.3255975,34.1361252,0 -114.3259541,34.1360047,0 -114.3262315,34.1359615,0 -114.3269001,34.1357329,0 -114.3273768,34.135641,0 -114.3277944,34.1355181,0 -114.328237,34.1354284,0 -114.3286273,34.1352698,0 -114.3290532,34.1351587,0 -114.329495,34.1351273,0 -114.3299211,34.1350275,0 -114.3321526,34.1347305,0 -114.3329938,34.1345835,0 -114.3335668,34.1345257,0 -114.3342851,34.1344267,0 -114.334835,34.1343509,0 -114.3362838,34.1342181,0 -114.3368316,34.1341158,0 -114.3373345,34.1341222,0 -114.337553,34.1340812,0 -114.3378726,34.1340214,0 -114.3393221,34.1339447,0 -114.3403728,34.1338107,0 -114.3408156,34.1337994,0 -114.3412152,34.1338638,0 -114.3422736,34.1339951,0 -114.3427944,34.1341175,0 -114.3432893,34.1342019,0 -114.3438451,34.1342571,0 -114.3442303,34.1343178,0 -114.344366,34.1343392,0 -114.3447745,34.1343837,0 -114.3451385,34.1343738,0 -114.345469,34.1344173,0 -114.3458857,34.1343819,0 -114.345962,34.1343791,0 -114.3466228,34.1343555,0 -114.3473601,34.1342081,0 -114.348186,34.1340939,0 -114.3485929,34.1339815,0 -114.3490094,34.1338966,0 -114.349479,34.1338333,0 -114.3497824,34.1337718,0 -114.3501384,34.133669,0 -114.3505034,34.1335872,0 -114.3508337,34.1335387,0 -114.3511628,34.1335127,0 -114.3517966,34.1332994,0 -114.3526557,34.133044,0 -114.3532128,34.1327658,0 -114.3534196,34.1326626,0 -114.3537324,34.1325232,0 -114.3542184,34.1321962,0 -114.3545571,34.1319684,0 -114.3545837,34.1319505,0 -114.3549048,34.1317934,0 -114.35526,34.1315695,0 -114.3559637,34.1309054,0 -114.3562587,34.1305963,0 -114.3573091,34.1293573,0 -114.357612,34.1288918,0 -114.3578641,34.1285795,0 -114.3581245,34.1280951,0 -114.3585505,34.1271957,0 -114.3587156,34.12681,0 -114.3589935,34.1263223,0 -114.3594961,34.1250153,0 -114.359618,34.1247389,0 -114.3596526,34.1246604,0 -114.3599305,34.124267,0 -114.360183,34.123964,0 -114.3604076,34.123762,0 -114.3606518,34.1234603,0 -114.361172,34.1230075,0 -114.3614067,34.1228244,0 -114.3614765,34.1227765,0 -114.3617797,34.122568,0 -114.3620753,34.1223307,0 -114.3623089,34.1221204,0 -114.362483,34.1219219,0 -114.3626771,34.1217299,0 -114.3630298,34.1213812,0 -114.3633855,34.1210721,0 -114.3637412,34.120711,0 -114.3640115,34.1205101,0 -114.3646093,34.1199576,0 -114.3649748,34.1196444,0 -114.3653045,34.1194298,0 -114.3656165,34.1191758,0 -114.3660243,34.1189262,0 -114.3671365,34.1183471,0 -114.3674487,34.1182615,0 -114.3678564,34.1181175,0 -114.3683159,34.1178984,0 -114.3690715,34.1176264,0 -114.3697311,34.117433,0 -114.3703306,34.1172979,0 -114.3713293,34.1171418,0 -114.3717971,34.1170537,0 -114.3723011,34.1170245,0 -114.3728137,34.1169462,0 -114.3734034,34.1168283,0 -114.3743752,34.1166839,0 -114.3747918,34.1166536,0 -114.3748445,34.1166498,0 -114.3754955,34.1166577,0 -114.3756862,34.1166152,0 -114.3757737,34.1165786,0 -114.376311,34.1165628,0 -114.3779865,34.116295,0 -114.3788721,34.1161737,0 -114.379141,34.1161187,0 -114.3794715,34.1160297,0 -114.3797404,34.1159318,0 -114.380035,34.1158651,0 -114.3804605,34.1157427,0 -114.3811034,34.1154872,0 -114.3814594,34.1152922,0 -114.3827522,34.1144093,0 -114.3836471,34.1137764,0 -114.3842722,34.1133896,0 -114.3843828,34.1133121,0 -114.3846009,34.1131592,0 -114.385825,34.1124193,0 -114.3863989,34.1120514,0 -114.3866682,34.1119109,0 -114.3869454,34.1117352,0 -114.3871967,34.1116138,0 -114.3874314,34.1115337,0 -114.3880311,34.1112796,0 -114.3884815,34.1110309,0 -114.3893678,34.1105884,0 -114.3896535,34.1104312,0 -114.3900096,34.1102766,0 -114.3904182,34.1101483,0 -114.3904225,34.1101475,0 -114.3906792,34.1101039,0 -114.3907829,34.1101112,0 -114.3909122,34.1101204,0 -114.391037,34.1101472,0 -114.3916769,34.1102845,0 -114.3923881,34.1104984,0 -114.3932918,34.110688,0 -114.393639,34.1107395,0 -114.3944371,34.1108251,0 -114.3950182,34.1108325,0 -114.3954868,34.1108564,0 -114.3958692,34.1108385,0 -114.3959958,34.110849,0 -114.3962601,34.1108708,0 -114.39672,34.1109414,0 -114.3969146,34.110979,0 -114.3975618,34.1111041,0 -114.3982566,34.1112924,0 -114.3989768,34.1114666,0 -114.399585,34.1115657,0 -114.4010256,34.1117212,0 -114.4014339,34.1117387,0 -114.4018671,34.1117267,0 -114.4032052,34.1116144,0 -114.4042025,34.1116578,0 -114.4049665,34.1116175,0 -114.4057228,34.1115987,0 -114.4061469,34.1115569,0 -114.406495,34.1115052,0 -114.4071809,34.1114503,0 -114.4088815,34.1112378,0 -114.4092639,34.1110895,0 -114.4099411,34.1107466,0 -114.4102704,34.1106149,0 -114.4117037,34.1099795,0 -114.4125099,34.109578,0 -114.4132746,34.1091581,0 -114.4143071,34.1086178,0 -114.414942,34.1082158,0 -114.4154966,34.1078979,0 -114.415853,34.1076716,0 -114.4167207,34.1070095,0 -114.4171287,34.1066094,0 -114.418075,34.1056387,0 -114.4183617,34.1053128,0 -114.418457,34.105218,0 -114.4188994,34.1047781,0 -114.419178,34.1044656,0 -114.4200451,34.1036105,0 -114.4206538,34.1029348,0 -114.4209399,34.1025755,0 -114.4220771,34.1009624,0 -114.422476,34.1004359,0 -114.4228147,34.0999457,0 -114.4234752,34.0991185,0 -114.4237961,34.0986675,0 -114.4240303,34.0984368,0 -114.4247045,34.0979545,0 -114.4256963,34.0972449,0 -114.4259224,34.0970655,0 -114.4261663,34.0968446,0 -114.4263828,34.096586,0 -114.4265644,34.0962732,0 -114.4267387,34.0958991,0 -114.4271119,34.0950274,0 -114.4271502,34.0949498,0 -114.427277,34.0946932,0 -114.4274161,34.094319,0 -114.4275719,34.0937417,0 -114.4278236,34.0931913,0 -114.4279274,34.0930324,0 -114.4281535,34.0926126,0 -114.428639,34.0920565,0 -114.4292381,34.0915663,0 -114.4295776,34.0913185,0 -114.4299335,34.0910156,0 -114.4305763,34.0905376,0 -114.4308881,34.0903058,0 -114.4312272,34.0900244,0 -114.4317987,34.0896558,0 -114.4321377,34.0894148,0 -114.4330227,34.0887244,0 -114.4335009,34.0882686,0 -114.4339613,34.0877059,0 -114.4341266,34.0874368,0 -114.4342644,34.0871659,0 -114.4343434,34.0868929,0 -114.4344822,34.0841027,0 -114.4345422,34.0838059,0 -114.4347425,34.0824302,0 -114.4348123,34.0820467,0 -114.4348894,34.0817378,0 -114.4349331,34.0814019,0 -114.4350717,34.0807266,0 -114.4352276,34.0801718,0 -114.4353937,34.0797076,0 -114.43548,34.0794262,0 -114.4355502,34.0790425,0 -114.4355774,34.0784648,0 -114.4356272,34.0774045,0 -114.4356541,34.0771255,0 -114.4357322,34.0767157,0 -114.4360265,34.0759145,0 -114.4362353,34.0755184,0 -114.4365657,34.0749891,0 -114.4367825,34.0745261,0 -114.4369915,34.0740178,0 -114.4372768,34.0733236,0 -114.437745,34.0714857,0 -114.4377925,34.0710857,0 -114.437894,34.0702299,0 -114.4379103,34.0698023,0 -114.4379969,34.0689078,0 -114.4381967,34.0679361,0 -114.4383004,34.0672159,0 -114.4383529,34.0666606,0 -114.4385092,34.0657037,0 -114.4385695,34.0650951,0 -114.4386747,34.0635375,0 -114.4387701,34.0626078,0 -114.4388715,34.0619146,0 -114.4390389,34.0607697,0 -114.4390912,34.0601334,0 -114.4391689,34.0596719,0 -114.4393344,34.0580378,0 -114.4396117,34.0564045,0 -114.4396459,34.0560546,0 -114.4396551,34.0554576,0 -114.4396375,34.0549242,0 -114.4394384,34.0534149,0 -114.4393599,34.0531105,0 -114.4391773,34.0521323,0 -114.4390476,34.0517751,0 -114.4389433,34.0513637,0 -114.4388736,34.0508289,0 -114.4388571,34.0505383,0 -114.4387616,34.0501766,0 -114.4386393,34.0498247,0 -114.4384218,34.0494277,0 -114.4381444,34.0489725,0 -114.4378672,34.048567,0 -114.4378226,34.0484848,0 -114.4375365,34.0479576,0 -114.4366517,34.0460925,0 -114.4365388,34.0457704,0 -114.4363914,34.0452414,0 -114.4362608,34.0449065,0 -114.4362003,34.0446103,0 -114.4360788,34.0442133,0 -114.4359917,34.0438345,0 -114.4358619,34.0434774,0 -114.4357493,34.0430991,0 -114.4356623,34.0426933,0 -114.4355571,34.0423447,0 -114.4354195,34.0413875,0 -114.435324,34.0409203,0 -114.4350982,34.0391689,0 -114.435028,34.0387933,0 -114.4349919,34.03815,0 -114.4349598,34.03758,0 -114.4349332,34.037107,0 -114.4349245,34.0366482,0 -114.4349499,34.0360777,0 -114.4350449,34.0351929,0 -114.435185,34.0345964,0 -114.4353057,34.0341739,0 -114.4353935,34.0333762,0 -114.4354885,34.0327834,0 -114.4355144,34.032446,0 -114.4356104,34.0316716,0 -114.4356224,34.0316076,0 -114.4359219,34.0300048,0 -114.436113,34.0291854,0 -114.4361157,34.0287194,0 -114.4361222,34.0275894,0 -114.4361732,34.0272563,0 -114.4366431,34.0261598,0 -114.4368951,34.0253738,0 -114.4373894,34.0241667,0 -114.4375546,34.0236798,0 -114.4378584,34.0229423,0 -114.438032,34.0226397,0 -114.4385442,34.0218405,0 -114.4392211,34.0209606,0 -114.4398626,34.0202846,0 -114.4399065,34.0202384,0 -114.4402106,34.0198579,0 -114.4405485,34.0193966,0 -114.4408175,34.0190943,0 -114.4412874,34.0186355,0 -114.4415786,34.0183149,0 -114.4416075,34.0182831,0 -114.4416425,34.0182535,0 -114.4420245,34.0179304,0 -114.4423858,34.0175393,0 -114.4426497,34.0172535,0 -114.4428163,34.0171255,0 -114.4430137,34.0169738,0 -114.4433791,34.0166423,0 -114.4437962,34.0163303,0 -114.4441344,34.0159994,0 -114.4445427,34.0157069,0 -114.4446243,34.015636,0 -114.4449416,34.0153598,0 -114.4452971,34.0151398,0 -114.445636,34.0149617,0 -114.44586,34.0148245,0 -114.4459749,34.0147542,0 -114.4462352,34.0145782,0 -114.4463571,34.0144957,0 -114.4463723,34.0144881,0 -114.4467119,34.0143186,0 -114.447129,34.0140737,0 -114.4472836,34.0139733,0 -114.4474597,34.013859,0 -114.4478152,34.0136997,0 -114.4484221,34.0133785,0 -114.4491341,34.0130557,0 -114.4493676,34.0129679,0 -114.4496375,34.0128664,0 -114.4504885,34.0124993,0 -114.452902,34.0116581,0 -114.4537098,34.011481,0 -114.4541521,34.0113592,0 -114.4547073,34.0112432,0 -114.4552546,34.0111604,0 -114.4557495,34.0111208,0 -114.4559257,34.0111339,0 -114.4572857,34.0112352,0 -114.4577633,34.0113112,0 -114.4585228,34.011527,0 -114.4595864,34.0118293,0 -114.4603504,34.0119142,0 -114.4607761,34.0120001,0 -114.4612619,34.0120746,0 -114.4624947,34.0122012,0 -114.4627297,34.0121638,0 -114.4630239,34.0121169,0 -114.4636055,34.0121105,0 -114.4639093,34.0120508,0 -114.4642829,34.0119558,0 -114.4649596,34.0116462,0 -114.4649937,34.0116306,0 -114.4653425,34.0113832,0 -114.4656199,34.0112118,0 -114.4659236,34.0109252,0 -114.4661665,34.0104147,0 -114.4663577,34.0101384,0 -114.4666782,34.0095656,0 -114.4668869,34.0090051,0 -114.4670959,34.0085527,0 -114.4674079,34.0075305,0 -114.4674595,34.0071904,0 -114.4674686,34.0068723,0 -114.4674164,34.0061727,0 -114.4673382,34.0056933,0 -114.4673165,34.0056115,0 -114.4672599,34.0053983,0 -114.4671474,34.005123,0 -114.4670348,34.004902,0 -114.4668605,34.0046384,0 -114.4667878,34.0045374,0 -114.4663661,34.0039525,0 -114.4659317,34.0034753,0 -114.4656281,34.0032768,0 -114.4654189,34.0031185,0 -114.4651155,34.0029468,0 -114.464577,34.0027115,0 -114.4641083,34.0026407,0 -114.4637092,34.0025095,0 -114.4629197,34.0021714,0 -114.4624766,34.0019384,0 -114.4619898,34.001709,0 -114.4612876,34.0013206,0 -114.4609398,34.0011482,0 -114.4601993,34.0006598,0 -114.4600107,34.0005354,0 -114.4596295,34.0003336,0 -114.4592207,34.0000177,0 -114.4590301,33.9997931,0 -114.4588053,33.9995775,0 -114.4585956,33.9993316,0 -114.4583626,33.998983,0 -114.4582582,33.9987468,0 -114.4581538,33.9985642,0 -114.4580489,33.9981618,0 -114.4580494,33.9975039,0 -114.4580695,33.9973005,0 -114.4580963,33.9970284,0 -114.4581187,33.9968015,0 -114.4581707,33.9965537,0 -114.4586487,33.9955272,0 -114.4589253,33.9951109,0 -114.4592653,33.9947755,0 -114.4595601,33.9944572,0 -114.4598382,33.9942701,0 -114.4598742,33.9942494,0 -114.4601944,33.9940659,0 -114.4609283,33.9938257,0 -114.461071,33.993779,0 -114.4618686,33.993581,0 -114.4621645,33.993521,0 -114.4624515,33.9934827,0 -114.4632749,33.9934955,0 -114.4636318,33.9935269,0 -114.4644645,33.9935427,0 -114.464638,33.993567,0 -114.4648115,33.9935914,0 -114.4651152,33.9935992,0 -114.4654371,33.993588,0 -114.4659052,33.9936097,0 -114.4665474,33.9935108,0 -114.466809,33.9934034,0 -114.467078,33.9932491,0 -114.4672766,33.9931081,0 -114.4675468,33.9929945,0 -114.4677414,33.9928811,0 -114.4677461,33.9928783,0 -114.4677707,33.9928682,0 -114.4680496,33.9927534,0 -114.4685879,33.9924161,0 -114.469014,33.9919049,0 -114.469265,33.9915539,0 -114.4697857,33.9906267,0 -114.4699764,33.9903372,0 -114.4701638,33.9899113,0 -114.4702718,33.989666,0 -114.4706978,33.9890492,0 -114.4709055,33.988846,0 -114.4711231,33.9885602,0 -114.4712501,33.9884364,0 -114.4713489,33.9883401,0 -114.4718957,33.9878463,0 -114.472182,33.9876531,0 -114.4726163,33.9872904,0 -114.4728069,33.9871083,0 -114.4730242,33.9868113,0 -114.473259,33.9865695,0 -114.4737961,33.9860795,0 -114.4741618,33.9856868,0 -114.4742734,33.985567,0 -114.4748557,33.9851652,0 -114.4753501,33.984753,0 -114.4756548,33.9845767,0 -114.4761581,33.9842097,0 -114.4764703,33.9840387,0 -114.4768007,33.9838236,0 -114.4775723,33.983453,0 -114.4780631,33.9832405,0 -114.478336,33.9831224,0 -114.4786744,33.9829328,0 -114.478988,33.9828041,0 -114.4792656,33.9826708,0 -114.4799862,33.9821911,0 -114.4802899,33.9820528,0 -114.4811057,33.9818337,0 -114.4817129,33.9815998,0 -114.4819648,33.9814648,0 -114.4824073,33.9810869,0 -114.4827902,33.9808577,0 -114.4829898,33.9806673,0 -114.4831892,33.9805621,0 -114.4833362,33.9804265,0 -114.483476,33.9802295,0 -114.4836577,33.9800153,0 -114.4838146,33.9796358,0 -114.483866,33.9793654,0 -114.4839442,33.9791104,0 -114.4843005,33.978165,0 -114.4844559,33.9778525,0 -114.4848564,33.9772203,0 -114.4851512,33.9768997,0 -114.485368,33.9766319,0 -114.4856543,33.9764274,0 -114.4857491,33.9763261,0 -114.4859325,33.9761795,0 -114.4864268,33.9753922,0 -114.4866006,33.9750583,0 -114.4868094,33.9747495,0 -114.4869746,33.9744603,0 -114.4871565,33.9742708,0 -114.4873126,33.9740729,0 -114.4878933,33.9731771,0 -114.488346,33.9724788,0 -114.4887974,33.9718344,0 -114.4890134,33.9715598,0 -114.4892229,33.9713544,0 -114.4895442,33.9711182,0 -114.4906641,33.9701656,0 -114.4912976,33.9698144,0 -114.4915142,33.9696567,0 -114.4917404,33.9694298,0 -114.4922004,33.9688467,0 -114.4924692,33.9685713,0 -114.4927205,33.968445,0 -114.4929119,33.9682855,0 -114.4933809,33.968015,0 -114.4936237,33.9677962,0 -114.4938581,33.9676754,0 -114.4943698,33.9672487,0 -114.4947515,33.9669765,0 -114.4950893,33.9666822,0 -114.4951857,33.9665982,0 -114.4954038,33.966438,0 -114.4963144,33.9655562,0 -114.4965934,33.9651472,0 -114.4966098,33.9651232,0 -114.4968877,33.9648101,0 -114.4976604,33.9640107,0 -114.4979026,33.9637041,0 -114.4983981,33.963276,0 -114.4992496,33.9624057,0 -114.4993409,33.9623432,0 -114.4995533,33.962198,0 -114.499856,33.9619149,0 -114.4998818,33.9618908,0 -114.5001599,33.9616968,0 -114.5003774,33.9614759,0 -114.5005589,33.961345,0 -114.5007763,33.9612725,0 -114.5014185,33.9611347,0 -114.5018352,33.9610452,0 -114.5025648,33.9606357,0 -114.5033285,33.9602756,0 -114.5046399,33.9596071,0 -114.5053945,33.9592224,0 -114.5058466,33.9590137,0 -114.5065064,33.9586801,0 -114.5070964,33.958427,0 -114.5076697,33.9581502,0 -114.5086245,33.9576169,0 -114.5089885,33.9574378,0 -114.5097355,33.9571753,0 -114.5100824,33.957038,0 -114.5104469,33.9569486,0 -114.5112979,33.956817,0 -114.5117487,33.9567968,0 -114.512027,33.9568316,0 -114.5130856,33.9571568,0 -114.5137422,33.9576059,0 -114.5138932,33.9577091,0 -114.5141546,33.9578552,0 -114.51484,33.9580599,0 -114.5151526,33.9580885,0 -114.5154295,33.9580807,0 -114.5156389,33.9580502,0 -114.5159847,33.9579709,0 -114.5162639,33.9578625,0 -114.516628,33.9577641,0 -114.5175654,33.9574026,0 -114.5181025,33.9571203,0 -114.5181727,33.9570834,0 -114.5221142,33.9545162,0 -114.5230348,33.9538796,0 -114.52616,33.9507012,0 -114.5263625,33.9505021,0 -114.5267319,33.950139,0 -114.5272364,33.9496081,0 -114.5282771,33.9481984,0 -114.528764,33.9475044,0 -114.5291105,33.9469468,0 -114.5294235,33.9462411,0 -114.529614,33.945749,0 -114.5296966,33.9453788,0 -114.5297186,33.9452802,0 -114.5298841,33.9448516,0 -114.5300749,33.944492,0 -114.5305524,33.9436897,0 -114.5307254,33.943264,0 -114.5313671,33.9420712,0 -114.531483,33.9418968,0 -114.5316112,33.941704,0 -114.5318285,33.9413238,0 -114.5320279,33.9410504,0 -114.5322526,33.9407987,0 -114.5325835,33.9404938,0 -114.5328441,33.940285,0 -114.533382,33.9397383,0 -114.5336249,33.9394523,0 -114.5337812,33.9391259,0 -114.5343887,33.9381665,0 -114.5345965,33.9374332,0 -114.5347013,33.9366926,0 -114.5348056,33.9363496,0 -114.5349612,33.936019,0 -114.5350656,33.9356893,0 -114.5353261,33.9350607,0 -114.5354825,33.9347482,0 -114.5356044,33.9344444,0 -114.5357248,33.9341138,0 -114.5359164,33.9333029,0 -114.5358638,33.9329513,0 -114.5358464,33.932557,0 -114.5358649,33.9318848,0 -114.5358472,33.9311717,0 -114.5359782,33.9304284,0 -114.5359337,33.9292666,0 -114.5359607,33.9282649,0 -114.535865,33.9266144,0 -114.5355008,33.9259201,0 -114.5346842,33.9252035,0 -114.5343712,33.9250738,0 -114.5338679,33.9249223,0 -114.533243,33.9247712,0 -114.532739,33.924761,0 -114.5320449,33.9246703,0 -114.5316927,33.9246055,0 -114.5315756,33.924584,0 -114.5312294,33.9245442,0 -114.530742,33.9243914,0 -114.5304997,33.9243366,0 -114.5302573,33.9242591,0 -114.5300251,33.9241848,0 -114.5299791,33.9241701,0 -114.5289719,33.9239387,0 -114.5273922,33.9233419,0 -114.5267673,33.9230987,0 -114.5262809,33.9228831,0 -114.525986,33.9227775,0 -114.524405,33.9217067,0 -114.5227212,33.9205909,0 -114.5218364,33.9200645,0 -114.5210031,33.9194926,0 -114.520701,33.9192346,0 -114.5202564,33.9188548,0 -114.519836,33.918535,0 -114.5194928,33.9182739,0 -114.5187283,33.9176483,0 -114.517939,33.9171219,0 -114.5172099,33.916575,0 -114.5164365,33.9159464,0 -114.5157427,33.9152875,0 -114.5155462,33.9150654,0 -114.515186,33.9146584,0 -114.5146479,33.9141272,0 -114.5141101,33.9136587,0 -114.5135721,33.9131543,0 -114.5129983,33.9126699,0 -114.5125308,33.912213,0 -114.5121659,33.9117943,0 -114.5120622,33.9116753,0 -114.5117659,33.9112977,0 -114.5116269,33.9110723,0 -114.5114531,33.9108559,0 -114.5113836,33.9107359,0 -114.5113325,33.9106477,0 -114.5112578,33.9105657,0 -114.5111929,33.9104945,0 -114.5109856,33.9101994,0 -114.5109847,33.9101962,0 -114.5108115,33.9096079,0 -114.5102731,33.9087307,0 -114.5097694,33.9080558,0 -114.509388,33.9072525,0 -114.5090931,33.906538,0 -114.5087285,33.9056057,0 -114.5086065,33.9052334,0 -114.5085018,33.9049094,0 -114.5084331,33.9045051,0 -114.5082597,33.9038015,0 -114.5082248,33.9034217,0 -114.5081384,33.9031553,0 -114.5081199,33.9030037,0 -114.5082249,33.9025304,0 -114.5082936,33.9021264,0 -114.5085892,33.9014329,0 -114.5088845,33.9009818,0 -114.5093537,33.9004778,0 -114.5096301,33.9002837,0 -114.5102565,33.8997972,0 -114.5106023,33.899554,0 -114.5115928,33.8990324,0 -114.5120266,33.898829,0 -114.5128768,33.8984995,0 -114.5138667,33.8980359,0 -114.5141462,33.8979469,0 -114.5145788,33.8978092,0 -114.5153952,33.8976703,0 -114.515725,33.8976574,0 -114.5165053,33.8977699,0 -114.5170087,33.8978925,0 -114.5181207,33.8983647,0 -114.5185032,33.8985686,0 -114.5193178,33.8991326,0 -114.5197009,33.8994243,0 -114.5200651,33.8996335,0 -114.5208786,33.9000359,0 -114.5222349,33.9007068,0 -114.5224847,33.9007859,0 -114.5226342,33.9008333,0 -114.5229821,33.9010033,0 -114.5231346,33.9010894,0 -114.5233811,33.9012286,0 -114.5236759,33.9013636,0 -114.5240403,33.9014382,0 -114.5242834,33.9015089,0 -114.5246316,33.9015579,0 -114.5247326,33.9015611,0 -114.5248744,33.9015656,0 -114.5251856,33.9015246,0 -114.5252211,33.90152,0 -114.5255083,33.9014187,0 -114.5256898,33.9013145,0 -114.5259164,33.9010675,0 -114.5260196,33.9007894,0 -114.5260888,33.9003903,0 -114.5260891,33.8995368,0 -114.5259858,33.8988988,0 -114.5259684,33.8985203,0 -114.5258123,33.8978425,0 -114.5256029,33.8972016,0 -114.5254991,33.8968105,0 -114.525135,33.8959116,0 -114.5249614,33.8955606,0 -114.5244582,33.8946927,0 -114.5241704,33.8941338,0 -114.5236413,33.8934437,0 -114.5227556,33.8921873,0 -114.522149,33.8916402,0 -114.5214285,33.891022,0 -114.519284,33.8889694,0 -114.5184507,33.8881053,0 -114.5175827,33.8874007,0 -114.5170786,33.8869324,0 -114.5165582,33.8865618,0 -114.5159159,33.8860524,0 -114.5156417,33.8858227,0 -114.5147181,33.8850488,0 -114.5105339,33.8814374,0 -114.5097961,33.8807641,0 -114.5092344,33.880366,0 -114.5071135,33.8788624,0 -114.5068694,33.8786367,0 -114.5064182,33.8783425,0 -114.5051434,33.8774008,0 -114.5044228,33.8766908,0 -114.5036058,33.8755425,0 -114.5035347,33.875408,0 -114.5033284,33.875018,0 -114.5033807,33.8750191,0 -114.5033981,33.8748475,0 -114.5034573,33.8745808,0 -114.5036054,33.8739143,0 -114.5036589,33.8735296,0 -114.5038312,33.8728524,0 -114.5038497,33.8723574,0 -114.5038314,33.8720954,0 -114.503867,33.8716715,0 -114.5038492,33.8712998,0 -114.5038139,33.8709896,0 -114.5036848,33.8702487,0 -114.5035184,33.8698323,0 -114.5034846,33.8697476,0 -114.5033277,33.8694693,0 -114.5031202,33.8688778,0 -114.5030238,33.8680348,0 -114.5030149,33.8679569,0 -114.5029989,33.8678164,0 -114.5030334,33.8675245,0 -114.5030855,33.8672566,0 -114.5032585,33.8669004,0 -114.5033775,33.8665412,0 -114.50338,33.8665337,0 -114.5033883,33.8664992,0 -114.5034329,33.866313,0 -114.5035364,33.8660462,0 -114.5039534,33.8652781,0 -114.504109,33.86488,0 -114.5042315,33.8646351,0 -114.5045091,33.8642141,0 -114.5047862,33.8639594,0 -114.5053602,33.8636287,0 -114.5056721,33.8634821,0 -114.5059676,33.8633677,0 -114.5063844,33.8632643,0 -114.5071306,33.8631229,0 -114.5074425,33.8630437,0 -114.5079119,33.8630356,0 -114.5081409,33.8630171,0 -114.5082238,33.8630104,0 -114.5085705,33.8629467,0 -114.5098043,33.8624665,0 -114.5101339,33.8622896,0 -114.5107244,33.8619151,0 -114.5109678,33.8617412,0 -114.5110476,33.861693,0 -114.5115188,33.861408,0 -114.5115409,33.8613947,0 -114.5123391,33.8607562,0 -114.5127726,33.8603642,0 -114.5132074,33.8600395,0 -114.5133629,33.8598367,0 -114.5135198,33.8596323,0 -114.5138313,33.8593013,0 -114.5144572,33.8588015,0 -114.5147604,33.858609,0 -114.5151434,33.8584514,0 -114.5154215,33.858394,0 -114.5156639,33.8583439,0 -114.5160894,33.8582903,0 -114.5164879,33.8583135,0 -114.5174957,33.8584127,0 -114.5178773,33.8584839,0 -114.5194316,33.8588903,0 -114.5199875,33.8590546,0 -114.5211235,33.8594453,0 -114.5216618,33.8596624,0 -114.5222522,33.8598693,0 -114.5229645,33.8600939,0 -114.5236509,33.8601753,0 -114.5241109,33.860189,0 -114.5252567,33.8600349,0 -114.5255862,33.85997,0 -114.5267465,33.8595027,0 -114.5268704,33.8594528,0 -114.5272866,33.859272,0 -114.5275302,33.8591663,0 -114.5281733,33.858856,0 -114.5285554,33.8586422,0 -114.5287984,33.8584837,0 -114.52924,33.8581034,0 -114.5294833,33.8578154,0 -114.5297525,33.8574967,0 -114.5299382,33.8572969,0 -114.5299604,33.857273,0 -114.5301695,33.8569148,0 -114.5302906,33.8565393,0 -114.5303607,33.8562387,0 -114.5303944,33.8558457,0 -114.5303996,33.8554867,0 -114.5304043,33.855164,0 -114.5303087,33.8537852,0 -114.5301814,33.8529349,0 -114.5301341,33.852619,0 -114.5300569,33.8514708,0 -114.5300253,33.8512787,0 -114.5299782,33.8509917,0 -114.5299261,33.8504738,0 -114.529927,33.8502895,0 -114.5298744,33.8497741,0 -114.5298477,33.8491732,0 -114.5298304,33.848783,0 -114.5297695,33.8485295,0 -114.5295088,33.8476583,0 -114.5291096,33.8467615,0 -114.5289288,33.846282,0 -114.5287549,33.845931,0 -114.5283891,33.8449963,0 -114.5282072,33.8446198,0 -114.527861,33.8437987,0 -114.5274616,33.8429445,0 -114.5271311,33.8419495,0 -114.5269749,33.8415589,0 -114.5268535,33.8411825,0 -114.5264196,33.8400791,0 -114.526194,33.8394256,0 -114.5258465,33.8387416,0 -114.5254819,33.8381572,0 -114.5252737,33.8378576,0 -114.5250733,33.8376416,0 -114.524857,33.8374739,0 -114.5246838,33.8373132,0 -114.5241796,33.8368454,0 -114.523972,33.8365526,0 -114.5237981,33.8362173,0 -114.5236244,33.8358256,0 -114.5234671,33.8354062,0 -114.522982,33.8344249,0 -114.5226957,33.8337204,0 -114.5225296,33.8333607,0 -114.5220617,33.8321786,0 -114.5216788,33.8312831,0 -114.5214805,33.830735,0 -114.5214012,33.8304354,0 -114.5212813,33.8298398,0 -114.5212797,33.829832,0 -114.5212744,33.8298217,0 -114.5208286,33.8289541,0 -114.5205335,33.8283096,0 -114.5202555,33.8275358,0 -114.5201511,33.827111,0 -114.5200822,33.8266795,0 -114.5200645,33.8263303,0 -114.5200649,33.8257904,0 -114.5200649,33.8256656,0 -114.5200093,33.8251539,0 -114.5199945,33.8250184,0 -114.5200992,33.8243319,0 -114.5202903,33.8237211,0 -114.5202909,33.8235816,0 -114.5203602,33.8231958,0 -114.5204812,33.8227912,0 -114.5206482,33.8223485,0 -114.5207587,33.8220558,0 -114.5209154,33.8217501,0 -114.5209469,33.821679,0 -114.5212625,33.8209658,0 -114.5214358,33.8206453,0 -114.5222003,33.8195845,0 -114.5225125,33.8192155,0 -114.5226037,33.8191265,0 -114.5228932,33.8188436,0 -114.5229462,33.8187919,0 -114.5232583,33.8185461,0 -114.5239707,33.8179982,0 -114.5244219,33.8177352,0 -114.5248222,33.8174712,0 -114.5250718,33.8173543,0 -114.525516,33.8171465,0 -114.5261929,33.8167645,0 -114.5265409,33.8165369,0 -114.5271139,33.8161993,0 -114.5273905,33.8159738,0 -114.5278254,33.8154673,0 -114.5281299,33.8150055,0 -114.5281903,33.8146931,0 -114.5280677,33.8139638,0 -114.5278076,33.8136046,0 -114.5275476,33.8132003,0 -114.527226,33.8127666,0 -114.5271562,33.8126725,0 -114.5269225,33.8123711,0 -114.5263495,33.8116939,0 -114.5261407,33.8113988,0 -114.5257249,33.8106717,0 -114.5254816,33.8103045,0 -114.5252822,33.8099672,0 -114.524976,33.8094117,0 -114.5244141,33.8083926,0 -114.5243273,33.8082352,0 -114.5240227,33.8077962,0 -114.5234941,33.8066594,0 -114.5229464,33.8055528,0 -114.5225814,33.8049077,0 -114.5224261,33.8045197,0 -114.5220787,33.8038602,0 -114.5219227,33.8035216,0 -114.5218529,33.8032653,0 -114.5217317,33.8029269,0 -114.5214363,33.802327,0 -114.5213149,33.8020067,0 -114.5206889,33.8007282,0 -114.5202373,33.7999245,0 -114.5199432,33.7992329,0 -114.5196134,33.7986126,0 -114.5194574,33.798274,0 -114.5191275,33.7972899,0 -114.519005,33.7969805,0 -114.5187278,33.7963865,0 -114.5185719,33.7959782,0 -114.5185025,33.7957309,0 -114.5183636,33.795097,0 -114.5182248,33.7943307,0 -114.5181203,33.7939217,0 -114.5180275,33.7934293,0 -114.5179459,33.7929957,0 -114.517669,33.7917886,0 -114.517582,33.7912438,0 -114.5175292,33.7911143,0 -114.5173563,33.7904287,0 -114.5172863,33.7899568,0 -114.5172516,33.7895077,0 -114.5171481,33.7890604,0 -114.5169919,33.7887398,0 -114.5168346,33.7883472,0 -114.5167661,33.7882773,0 -114.5163662,33.7871336,0 -114.516054,33.7864854,0 -114.5158452,33.7861095,0 -114.515367,33.7852817,0 -114.5149425,33.7845469,0 -114.5147522,33.784269,0 -114.5146211,33.7839925,0 -114.5144572,33.7837342,0 -114.5142482,33.783347,0 -114.5137797,33.7826229,0 -114.5135184,33.7822884,0 -114.5133458,33.7819956,0 -114.5131546,33.7816052,0 -114.5129985,33.781244,0 -114.5128415,33.7809547,0 -114.5126861,33.7805689,0 -114.5124953,33.7802461,0 -114.5119731,33.7791679,0 -114.5118345,33.7788327,0 -114.5115738,33.7783139,0 -114.5112875,33.7776384,0 -114.5108623,33.7765601,0 -114.5104799,33.7754828,0 -114.5103238,33.7751464,0 -114.510186,33.7747753,0 -114.5100467,33.7745388,0 -114.5094384,33.7731383,0 -114.5090573,33.7723888,0 -114.5085456,33.7711948,0 -114.5077371,33.7697242,0 -114.5074942,33.7691259,0 -114.5072165,33.7685227,0 -114.5069217,33.7678107,0 -114.5065566,33.766656,0 -114.5065052,33.7664415,0 -114.5063141,33.7660128,0 -114.5062271,33.7656698,0 -114.5061232,33.7654426,0 -114.5060188,33.7651031,0 -114.5058798,33.7647296,0 -114.505724,33.7640791,0 -114.5055157,33.7634694,0 -114.5054278,33.763057,0 -114.5050806,33.7621258,0 -114.5049773,33.7614877,0 -114.5048982,33.7607683,0 -114.5048029,33.7601327,0 -114.5047687,33.7596656,0 -114.5046646,33.7593464,0 -114.5044904,33.7583285,0 -114.5044037,33.7573724,0 -114.5042824,33.7564974,0 -114.504231,33.7556766,0 -114.5042396,33.7552369,0 -114.504213,33.7543546,0 -114.5042397,33.7539658,0 -114.5044152,33.7524957,0 -114.5044391,33.7522956,0 -114.5044989,33.7519248,0 -114.504526,33.751462,0 -114.5045955,33.7507775,0 -114.5048212,33.7501152,0 -114.5048724,33.7500197,0 -114.5050469,33.7500206,0 -114.5051151,33.7496033,0 -114.5052715,33.7489653,0 -114.5053759,33.7486827,0 -114.5054107,33.7483866,0 -114.50548,33.7480546,0 -114.5056199,33.7475276,0 -114.5057933,33.7469559,0 -114.5059311,33.7466399,0 -114.5060349,33.7462393,0 -114.5061226,33.7459008,0 -114.5063309,33.7453472,0 -114.5064525,33.7450841,0 -114.5066267,33.7447637,0 -114.5071824,33.7435943,0 -114.507548,33.7429764,0 -114.5078768,33.7424209,0 -114.5081188,33.7419705,0 -114.5088665,33.7407628,0 -114.5096993,33.7395608,0 -114.5100382,33.7389488,0 -114.5101844,33.7385841,0 -114.5104809,33.7379668,0 -114.5109137,33.7372761,0 -114.5110883,33.7369266,0 -114.5112622,33.7366491,0 -114.5117647,33.7359855,0 -114.5118693,33.7357975,0 -114.5121994,33.7349223,0 -114.5122689,33.7346552,0 -114.5122796,33.7343311,0 -114.5122853,33.7341578,0 -114.5122858,33.7341445,0 -114.5122169,33.7338524,0 -114.5121126,33.7335891,0 -114.5119911,33.733363,0 -114.511783,33.7332137,0 -114.5108453,33.732711,0 -114.5107918,33.7326905,0 -114.5102019,33.7324644,0 -114.5098027,33.7322752,0 -114.5094039,33.732041,0 -114.5089353,33.7318357,0 -114.5085177,33.7315619,0 -114.5080667,33.7313015,0 -114.5076855,33.7311202,0 -114.507286,33.7309063,0 -114.5063833,33.7302418,0 -114.5061574,33.7300959,0 -114.5058971,33.7298758,0 -114.5056544,33.7296122,0 -114.5049424,33.7289476,0 -114.5043868,33.7282782,0 -114.5042731,33.7281515,0 -114.5041488,33.7280133,0 -114.5041436,33.7280075,0 -114.5038135,33.7274613,0 -114.5036224,33.7271924,0 -114.5034315,33.7268443,0 -114.5031886,33.7262437,0 -114.5030666,33.7258358,0 -114.5026329,33.7246559,0 -114.5022424,33.7244066,0 -114.5009664,33.7239297,0 -114.5004792,33.7237209,0 -114.5001843,33.7234311,0 -114.4998552,33.7231723,0 -114.4993508,33.7227041,0 -114.4991003,33.7224957,0 -114.4986483,33.7220424,0 -114.4983707,33.7218189,0 -114.4979887,33.7214173,0 -114.4977192,33.7211021,0 -114.4971906,33.7203919,0 -114.4969726,33.7200019,0 -114.496765,33.7196708,0 -114.4961226,33.7184543,0 -114.4957657,33.7178277,0 -114.4954878,33.7166633,0 -114.4953142,33.7160855,0 -114.4950981,33.7152713,0 -114.4950562,33.714892,0 -114.4950189,33.7145541,0 -114.4948718,33.7138299,0 -114.4948484,33.7136829,0 -114.4947503,33.7130668,0 -114.4946367,33.7121234,0 -114.4946287,33.7120571,0 -114.4946268,33.7120501,0 -114.4945156,33.7116541,0 -114.4942554,33.7100417,0 -114.4941784,33.7094392,0 -114.4941437,33.7081525,0 -114.49409,33.7073651,0 -114.4941165,33.7067764,0 -114.4942472,33.7059974,0 -114.4943847,33.7055872,0 -114.4946195,33.7048871,0 -114.4947934,33.7041918,0 -114.4949756,33.703614,0 -114.4951143,33.703096,0 -114.4953055,33.7025793,0 -114.4957398,33.7016147,0 -114.4962433,33.7008052,0 -114.4964165,33.7004647,0 -114.496669,33.7000465,0 -114.497033,33.6995442,0 -114.4973201,33.6991039,0 -114.4975804,33.698821,0 -114.4978587,33.6984407,0 -114.4991782,33.6970546,0 -114.4994724,33.6967697,0 -114.4998638,33.6964646,0 -114.5002625,33.6960746,0 -114.500419,33.6959461,0 -114.5007667,33.6954202,0 -114.5010356,33.6950908,0 -114.5015909,33.694788,0 -114.5018171,33.6946388,0 -114.5018683,33.694605,0 -114.5028235,33.6941661,0 -114.5030838,33.6940627,0 -114.5033445,33.6938967,0 -114.5038833,33.6936804,0 -114.5043052,33.6934589,0 -114.5044199,33.6933987,0 -114.5054628,33.6929321,0 -114.5060873,33.6927309,0 -114.5068342,33.6924301,0 -114.5071462,33.6923843,0 -114.5075805,33.6922439,0 -114.5082753,33.6921056,0 -114.5090038,33.6920055,0 -114.5093344,33.6919879,0 -114.5098026,33.6919149,0 -114.5112706,33.6917515,0 -114.5116783,33.6916202,0 -114.5121387,33.6915017,0 -114.5126498,33.691398,0 -114.5130934,33.6912848,0 -114.5135358,33.6911448,0 -114.5139171,33.6909849,0 -114.5149587,33.6906079,0 -114.5153158,33.6904081,0 -114.5167481,33.689737,0 -114.5177194,33.6893663,0 -114.5186916,33.6889487,0 -114.5191608,33.6886846,0 -114.5196991,33.68843,0 -114.5213829,33.6874148,0 -114.5216775,33.687206,0 -114.5220419,33.6870111,0 -114.5224938,33.686802,0 -114.5229107,33.6865503,0 -114.5236567,33.6860562,0 -114.5237995,33.6859532,0 -114.5240744,33.6857549,0 -114.5241177,33.6857318,0 -114.5249763,33.685274,0 -114.5252985,33.6850694,0 -114.5256361,33.6848187,0 -114.5260012,33.6844981,0 -114.5266601,33.6840117,0 -114.5273896,33.6833299,0 -114.5278931,33.6828955,0 -114.5288131,33.6818768,0 -114.5290659,33.6815596,0 -114.5298025,33.6802746,0 -114.5300537,33.6796192,0 -114.530671,33.6780082,0 -114.5309748,33.676864,0 -114.5311579,33.6759469,0 -114.5312966,33.6750313,0 -114.53154,33.6741456,0 -114.5317107,33.6733103,0 -114.5317993,33.6728768,0 -114.5319034,33.6720287,0 -114.5320252,33.6713251,0 -114.5320601,33.6708627,0 -114.5320346,33.6704007,0 -114.532034,33.6703976,0 -114.5318686,33.6696192,0 -114.5317221,33.6691599,0 -114.5316582,33.6689929,0 -114.5315395,33.6686824,0 -114.5311047,33.6677566,0 -114.5308366,33.6673967,0 -114.5304795,33.6669882,0 -114.5301151,33.6666126,0 -114.5290995,33.665777,0 -114.5288127,33.6655528,0 -114.5284832,33.6653257,0 -114.5275285,33.6645275,0 -114.5270084,33.6642717,0 -114.5267203,33.6640996,0 -114.5265914,33.6640226,0 -114.5261649,33.6638202,0 -114.525368,33.663442,0 -114.5249763,33.6633432,0 -114.5245946,33.663209,0 -114.5240213,33.662965,0 -114.52357,33.6629002,0 -114.523241,33.6628326,0 -114.5219907,33.6627687,0 -114.5214694,33.6627842,0 -114.5212612,33.6628009,0 -114.520897,33.6628301,0 -114.5199941,33.6629338,0 -114.5190829,33.6629967,0 -114.5187608,33.6630483,0 -114.5183611,33.6630029,0 -114.5179627,33.6630023,0 -114.5175202,33.6629266,0 -114.5171632,33.6628839,0 -114.5171085,33.6628714,0 -114.5170919,33.6628676,0 -114.5168257,33.6628069,0 -114.516487,33.6626216,0 -114.516105,33.6624515,0 -114.5158098,33.6622763,0 -114.5154626,33.6621065,0 -114.515437,33.6620812,0 -114.5152002,33.6618473,0 -114.5149074,33.6615581,0 -114.5144025,33.660879,0 -114.5141423,33.6604164,0 -114.5140794,33.6602227,0 -114.5140532,33.6601418,0 -114.513961,33.6598582,0 -114.5139346,33.6595286,0 -114.5140037,33.659183,0 -114.5141083,33.6589546,0 -114.5143172,33.6586076,0 -114.5144442,33.6584553,0 -114.5146644,33.6581914,0 -114.5153925,33.6575615,0 -114.5154913,33.6574876,0 -114.5157579,33.6572882,0 -114.5163299,33.6569593,0 -114.5169732,33.6565504,0 -114.5174748,33.6563919,0 -114.5176327,33.6563421,0 -114.5182573,33.6560957,0 -114.5188755,33.6559228,0 -114.5191782,33.6558382,0 -114.5195072,33.6557689,0 -114.5204449,33.6557079,0 -114.5209141,33.6557966,0 -114.5214525,33.655865,0 -114.5217687,33.6559279,0 -114.5219553,33.655965,0 -114.5234132,33.6561285,0 -114.5238647,33.6561509,0 -114.5242997,33.6561248,0 -114.5252029,33.6561422,0 -114.5257225,33.6560725,0 -114.5260697,33.6560089,0 -114.5266004,33.655857,0 -114.5269561,33.6557087,0 -114.5273729,33.6555646,0 -114.5278158,33.6554717,0 -114.5283274,33.6553318,0 -114.5296641,33.6548471,0 -114.5300631,33.6546814,0 -114.5304719,33.6544831,0 -114.5304806,33.6544789,0 -114.5306583,33.6543832,0 -114.5312531,33.6540631,0 -114.5316004,33.6539051,0 -114.5319725,33.6535761,0 -114.5322509,33.6532426,0 -114.5330662,33.6520551,0 -114.5333712,33.6515213,0 -114.5334838,33.6511857,0 -114.5336145,33.6506356,0 -114.5336401,33.6503477,0 -114.5336231,33.6500996,0 -114.5335523,33.6495759,0 -114.5334486,33.64905,0 -114.5333796,33.6487983,0 -114.5332035,33.648481,0 -114.5331247,33.6483391,0 -114.5328677,33.6478761,0 -114.5326159,33.6475556,0 -114.5324594,33.647253,0 -114.5319557,33.6466276,0 -114.5314615,33.6459784,0 -114.5309315,33.6453489,0 -114.5306709,33.6451221,0 -114.5303761,33.6448278,0 -114.5302484,33.6447441,0 -114.5295945,33.644316,0 -114.5290035,33.6440328,0 -114.5286393,33.6438751,0 -114.5283613,33.6436717,0 -114.5277535,33.6433289,0 -114.5273902,33.6430412,0 -114.5269994,33.6428097,0 -114.5264177,33.6422847,0 -114.5261574,33.6420107,0 -114.5257063,33.6414025,0 -114.5254975,33.6410939,0 -114.525167,33.6406646,0 -114.5250204,33.6404232,0 -114.5248544,33.6402142,0 -114.5246469,33.6397846,0 -114.5245168,33.6394319,0 -114.5242122,33.6387935,0 -114.5241336,33.6384467,0 -114.5239689,33.6379797,0 -114.5238123,33.6372389,0 -114.5237787,33.636846,0 -114.523614,33.6358084,0 -114.523587,33.6354181,0 -114.5236401,33.6347708,0 -114.5237603,33.6340807,0 -114.5238472,33.6336916,0 -114.5239344,33.6334056,0 -114.5240391,33.6331346,0 -114.5244897,33.6322945,0 -114.5247852,33.6318545,0 -114.5250548,33.6315296,0 -114.5253587,33.6312812,0 -114.5259131,33.630749,0 -114.5262081,33.6305143,0 -114.526261,33.6304723,0 -114.5266076,33.6302245,0 -114.526862,33.6301049,0 -114.5271988,33.6299465,0 -114.5278583,33.6297091,0 -114.528171,33.6296542,0 -114.5285008,33.6296197,0 -114.5287787,33.6295907,0 -114.5296983,33.6294251,0 -114.5299073,33.6293723,0 -114.5301499,33.6292541,0 -114.5304444,33.6291645,0 -114.530566,33.6291032,0 -114.5307576,33.6286966,0 -114.5308353,33.6282555,0 -114.5308795,33.6280046,0 -114.5310173,33.6262806,0 -114.5310186,33.6257237,0 -114.5310976,33.6253693,0 -114.5311749,33.6250229,0 -114.5312962,33.6246764,0 -114.5311215,33.6242713,0 -114.5310005,33.6240362,0 -114.5309143,33.6238686,0 -114.5302708,33.6229216,0 -114.5299412,33.6225621,0 -114.5296805,33.6222386,0 -114.5294821,33.6220207,0 -114.5291868,33.6216388,0 -114.529091,33.6214391,0 -114.5289168,33.6209872,0 -114.5287497,33.620452,0 -114.5285793,33.6199062,0 -114.5284659,33.6196537,0 -114.5283623,33.6194937,0 -114.5279978,33.6186872,0 -114.5277187,33.618237,0 -114.5273031,33.6177702,0 -114.5270765,33.6175503,0 -114.5268344,33.6173249,0 -114.5263817,33.6169478,0 -114.5261571,33.6167235,0 -114.5258617,33.616465,0 -114.5250111,33.6159888,0 -114.5245078,33.6157431,0 -114.5239688,33.6153308,0 -114.5237265,33.615177,0 -114.5231104,33.6146608,0 -114.5227806,33.6143596,0 -114.5223892,33.6139194,0 -114.5222157,33.613692,0 -114.5221799,33.6136186,0 -114.5220763,33.613406,0 -114.5219722,33.613181,0 -114.5218856,33.6128338,0 -114.521851,33.6126407,0 -114.521847,33.6125801,0 -114.5218414,33.6124962,0 -114.5218343,33.6123903,0 -114.5218602,33.6117857,0 -114.5219032,33.6115822,0 -114.5219816,33.6113698,0 -114.5221204,33.6110786,0 -114.5222853,33.6108788,0 -114.5225633,33.6106712,0 -114.52291,33.6104887,0 -114.5229443,33.6104751,0 -114.5231361,33.6103986,0 -114.523361,33.610257,0 -114.5237608,33.6101208,0 -114.5245421,33.6098021,0 -114.5253584,33.6094158,0 -114.5256353,33.609316,0 -114.5259313,33.6091703,0 -114.526151,33.6090467,0 -114.5263649,33.6089264,0 -114.5265727,33.6088306,0 -114.5269904,33.6085832,0 -114.5271534,33.6084722,0 -114.5274333,33.6082816,0 -114.5276763,33.6080625,0 -114.5279366,33.6077885,0 -114.5280712,33.6076239,0 -114.5281016,33.6075867,0 -114.5283274,33.6073777,0 -114.5285445,33.6071479,0 -114.5300102,33.6053719,0 -114.5304624,33.6049361,0 -114.5307072,33.6047391,0 -114.5308789,33.6046011,0 -114.5311399,33.6043226,0 -114.5315911,33.6039384,0 -114.5320774,33.6033747,0 -114.5323195,33.6030411,0 -114.5327285,33.6026202,0 -114.532937,33.6023293,0 -114.5330842,33.6020476,0 -114.5336392,33.601136,0 -114.5344212,33.5998852,0 -114.5347849,33.5993379,0 -114.5351415,33.5987269,0 -114.5357493,33.5978122,0 -114.5360869,33.597272,0 -114.5366774,33.5963965,0 -114.536754,33.5962669,0 -114.536903,33.5960147,0 -114.5370767,33.5956405,0 -114.5376503,33.5947033,0 -114.5382573,33.5940042,0 -114.5384661,33.5938163,0 -114.538728,33.5935581,0 -114.5392299,33.593063,0 -114.5393515,33.5929028,0 -114.5395764,33.592676,0 -114.5400457,33.5921176,0 -114.5401819,33.5918924,0 -114.5403404,33.5916304,0 -114.5404715,33.5913767,0 -114.5405671,33.5910774,0 -114.5406012,33.5909705,0 -114.5406876,33.5905969,0 -114.5407398,33.5902457,0 -114.5407233,33.5898539,0 -114.5406711,33.5897155,0 -114.5405661,33.5895128,0 -114.5404715,33.5892214,0 -114.540328,33.589038,0 -114.5403154,33.5890219,0 -114.5401492,33.5886107,0 -114.5400808,33.5882963,0 -114.5400455,33.5879481,0 -114.5400458,33.5877234,0 -114.5400975,33.5874329,0 -114.5401498,33.5869269,0 -114.5402719,33.5864209,0 -114.5404095,33.5860577,0 -114.5404627,33.5857359,0 -114.5404791,33.5854721,0 -114.5404944,33.5853785,0 -114.540567,33.5849349,0 -114.5406276,33.5843573,0 -114.5406187,33.5836988,0 -114.5406048,33.5834834,0 -114.5405322,33.5823546,0 -114.5404435,33.5816088,0 -114.5404095,33.5813224,0 -114.5403814,33.5812127,0 -114.5402866,33.5808418,0 -114.5402284,33.5806138,0 -114.540202,33.580311,0 -114.5401153,33.5797596,0 -114.5400284,33.579455,0 -114.5399754,33.5791478,0 -114.5397672,33.578579,0 -114.5395764,33.5781189,0 -114.5394903,33.5778076,0 -114.5393682,33.5774668,0 -114.5391076,33.5770471,0 -114.5389174,33.5768522,0 -114.5387531,33.5766593,0 -114.5386736,33.5765659,0 -114.53831,33.5761972,0 -114.5377532,33.575474,0 -114.5376675,33.5753245,0 -114.5375112,33.5751117,0 -114.5373888,33.5748584,0 -114.5373203,33.5745327,0 -114.5371987,33.5737631,0 -114.5371986,33.5734756,0 -114.5371313,33.5728443,0 -114.5370249,33.5718469,0 -114.5369382,33.5714325,0 -114.5368602,33.5709016,0 -114.5366259,33.5703936,0 -114.5365388,33.5701475,0 -114.5360964,33.5693536,0 -114.5357568,33.5688386,0 -114.5352009,33.5681759,0 -114.5346412,33.5675921,0 -114.5337949,33.5667095,0 -114.5336041,33.5664134,0 -114.5334785,33.5661762,0 -114.533249,33.5657423,0 -114.5329101,33.5648792,0 -114.5327187,33.5644642,0 -114.5326502,33.5641136,0 -114.5323714,33.5630885,0 -114.5321974,33.5626207,0 -114.5320763,33.5624079,0 -114.5318947,33.5621529,0 -114.5317144,33.561976,0 -114.531277,33.5615467,0 -114.530653,33.5610481,0 -114.5304966,33.560961,0 -114.5302357,33.5607767,0 -114.5297853,33.5603551,0 -114.5296117,33.5602241,0 -114.5292808,33.5599071,0 -114.529215,33.5598296,0 -114.5290561,33.5596424,0 -114.5283607,33.5589275,0 -114.5277016,33.5580336,0 -114.5273882,33.5577019,0 -114.5270759,33.557346,0 -114.5268335,33.5570304,0 -114.526625,33.5568184,0 -114.5261914,33.5563194,0 -114.5259998,33.5560301,0 -114.5257313,33.5556681,0 -114.5256533,33.5555744,0 -114.5252179,33.5550511,0 -114.5247939,33.5544828,0 -114.5244895,33.5539768,0 -114.5242631,33.5534988,0 -114.5241762,33.55321,0 -114.5241764,33.552963,0 -114.5242461,33.5527433,0 -114.5243857,33.5524296,0 -114.5245062,33.5522694,0 -114.5246971,33.5520714,0 -114.5249231,33.5519164,0 -114.5251659,33.551722,0 -114.5254451,33.5515438,0 -114.5263302,33.5513086,0 -114.5265896,33.5512746,0 -114.5267987,33.5511927,0 -114.5270415,33.5511693,0 -114.5271114,33.5511626,0 -114.5274925,33.5510789,0 -114.5282575,33.5509496,0 -114.5289432,33.5507521,0 -114.529229,33.5506437,0 -114.5295236,33.5504553,0 -114.529898,33.5502723,0 -114.5302354,33.5500464,0 -114.5304609,33.5497699,0 -114.5306433,33.5494427,0 -114.5307054,33.5493311,0 -114.530878,33.5490758,0 -114.5310525,33.5487194,0 -114.5312431,33.5484025,0 -114.5316589,33.5479912,0 -114.5317436,33.5479295,0 -114.5319809,33.5477564,0 -114.5320416,33.5477122,0 -114.5324057,33.5475126,0 -114.5339174,33.5466221,0 -114.5344375,33.5462944,0 -114.5354793,33.5456812,0 -114.5359133,33.5454642,0 -114.5363821,33.5451977,0 -114.5367469,33.5450163,0 -114.5377008,33.5445881,0 -114.5381879,33.5443386,0 -114.5386556,33.5441215,0 -114.5391766,33.5439375,0 -114.5392619,33.543902,0 -114.5395245,33.5437928,0 -114.5398638,33.5436299,0 -114.5404441,33.5433039,0 -114.5411907,33.5429353,0 -114.5416939,33.5425884,0 -114.5424157,33.5422562,0 -114.5432569,33.5417708,0 -114.5447336,33.5408663,0 -114.545306,33.5405509,0 -114.5459474,33.5401482,0 -114.5464349,33.5398001,0 -114.5474766,33.5391846,0 -114.5483411,33.5385696,0 -114.5486135,33.5383758,0 -114.5497331,33.5376646,0 -114.550636,33.5371229,0 -114.551417,33.5366241,0 -114.5520068,33.5362267,0 -114.5525453,33.5359291,0 -114.5529541,33.5356563,0 -114.5534144,33.5353939,0 -114.5535765,33.5353291,0 -114.5537351,33.5352657,0 -114.5545076,33.5347571,0 -114.5549235,33.5345479,0 -114.5554108,33.5342693,0 -114.5559577,33.5339811,0 -114.5563121,33.5337161,0 -114.5563482,33.5336891,0 -114.5568604,33.5333472,0 -114.557572,33.5329515,0 -114.5581702,33.532539,0 -114.5585616,33.5322089,0 -114.5587613,33.532018,0 -114.5590728,33.5316016,0 -114.5593083,33.531236,0 -114.5594551,33.5308735,0 -114.5595687,33.5306455,0 -114.5596289,33.5303175,0 -114.559673,33.52995,0 -114.5597853,33.5293918,0 -114.5598291,33.5290376,0 -114.5598204,33.5286487,0 -114.5598898,33.5277733,0 -114.5602909,33.5264791,0 -114.5603054,33.5264322,0 -114.5604453,33.5261947,0 -114.5605931,33.5258906,0 -114.5606699,33.5254872,0 -114.5606874,33.5251043,0 -114.5608102,33.5241226,0 -114.560758,33.5230951,0 -114.560619,33.5218842,0 -114.560584,33.5202426,0 -114.5605638,33.520051,0 -114.560497,33.5194173,0 -114.5605234,33.5185747,0 -114.5605149,33.5182913,0 -114.5605659,33.5179601,0 -114.5606884,33.5175868,0 -114.5608012,33.5173364,0 -114.5608507,33.5171825,0 -114.5609129,33.5169894,0 -114.5610608,33.5166986,0 -114.5612893,33.5163505,0 -114.5613473,33.5162623,0 -114.5615909,33.5159895,0 -114.5616477,33.5159437,0 -114.5618165,33.5158075,0 -114.562441,33.515235,0 -114.5632838,33.5145923,0 -114.5639872,33.5141015,0 -114.5643951,33.513795,0 -114.5646542,33.5135305,0 -114.5648031,33.5133784,0 -114.5651242,33.5130952,0 -114.5654095,33.5128093,0 -114.5655842,33.5125585,0 -114.5659659,33.5121917,0 -114.5663998,33.5116872,0 -114.5675451,33.5106631,0 -114.5680931,33.510227,0 -114.5685008,33.5098394,0 -114.5692562,33.5093503,0 -114.5696032,33.509145,0 -114.5703411,33.5088092,0 -114.5705511,33.50874,0 -114.5708092,33.508655,0 -114.5716868,33.5082691,0 -114.5726071,33.5078644,0 -114.5729443,33.5077595,0 -114.5734231,33.5076755,0 -114.5738135,33.5075742,0 -114.5742561,33.5074879,0 -114.5751202,33.5074072,0 -114.5752545,33.5073947,0 -114.5757148,33.5073047,0 -114.5761398,33.507289,0 -114.5766347,33.5072309,0 -114.5770689,33.5072045,0 -114.5774333,33.5071486,0 -114.5778232,33.50711,0 -114.5783274,33.5070236,0 -114.5787174,33.5069288,0 -114.5793084,33.5068188,0 -114.5795859,33.5067189,0 -114.579907,33.5066713,0 -114.5803807,33.5064727,0 -114.5807031,33.5063374,0 -114.5812093,33.5061251,0 -114.5817119,33.50589,0 -114.5823384,33.5056253,0 -114.5834314,33.5050667,0 -114.5843224,33.5045384,0 -114.5843346,33.5045312,0 -114.584951,33.5041872,0 -114.5854631,33.5039102,0 -114.5860265,33.5036485,0 -114.5860361,33.503644,0 -114.5864032,33.503443,0 -114.5876075,33.5027836,0 -114.5876402,33.5027683,0 -114.587859,33.5026661,0 -114.5881417,33.5024948,0 -114.588246,33.5024316,0 -114.5884486,33.5023089,0 -114.5890043,33.5018329,0 -114.5894911,33.5014573,0 -114.5899249,33.5010201,0 -114.5908451,33.500214,0 -114.5909585,33.5000263,0 -114.5911236,33.4998467,0 -114.591601,33.499417,0 -114.5918437,33.4991259,0 -114.5920436,33.4987668,0 -114.5923559,33.4983232,0 -114.5923684,33.4982897,0 -114.5925898,33.4976971,0 -114.592894,33.497051,0 -114.5930157,33.4968752,0 -114.593414,33.4961974,0 -114.5935017,33.4960664,0 -114.5939618,33.4954848,0 -114.5947347,33.4945654,0 -114.5950817,33.4939871,0 -114.5954204,33.4935366,0 -114.5957764,33.4929906,0 -114.5959401,33.4927822,0 -114.5959673,33.4927476,0 -114.5960277,33.4926417,0 -114.5962967,33.4921707,0 -114.5966018,33.4917216,0 -114.5966787,33.4916085,0 -114.5967313,33.4915141,0 -114.596844,33.491312,0 -114.5971901,33.490772,0 -114.5973269,33.490504,0 -114.5973473,33.4904639,0 -114.5973864,33.4903488,0 -114.5974678,33.4901085,0 -114.5975385,33.4898214,0 -114.5976772,33.4895098,0 -114.5980495,33.4884798,0 -114.5981977,33.4881822,0 -114.5984843,33.4874522,0 -114.5985595,33.4872875,0 -114.5986583,33.4870711,0 -114.5986766,33.4869819,0 -114.598745,33.4866481,0 -114.5989962,33.4860321,0 -114.599196,33.4854259,0 -114.599465,33.4848359,0 -114.5995953,33.4845033,0 -114.599782,33.484222,0 -114.5998732,33.4840846,0 -114.6003507,33.4834727,0 -114.6005767,33.4831198,0 -114.6007937,33.4828292,0 -114.6011666,33.4822058,0 -114.6013395,33.4821771,0 -114.6019653,33.4816112,0 -114.6027034,33.4810733,0 -114.6028505,33.4809239,0 -114.603111,33.4807263,0 -114.6033454,33.4804907,0 -114.6041444,33.4794272,0 -114.6046208,33.4787164,0 -114.6048009,33.478511,0 -114.6048029,33.4785088,0 -114.6053425,33.4776451,0 -114.6057153,33.4772259,0 -114.6060797,33.4768398,0 -114.6064014,33.4765496,0 -114.6067397,33.4761572,0 -114.6067832,33.4761119,0 -114.6070348,33.4758497,0 -114.6077031,33.475217,0 -114.6084498,33.4743968,0 -114.6094307,33.4735655,0 -114.6097346,33.4732785,0 -114.6112715,33.4719417,0 -114.6115491,33.4715947,0 -114.6118616,33.4712589,0 -114.612148,33.4709168,0 -114.6124348,33.4706377,0 -114.6127645,33.4701683,0 -114.6128419,33.4700429,0 -114.6130076,33.4697742,0 -114.6133459,33.4692829,0 -114.6137889,33.4685564,0 -114.6140231,33.4682826,0 -114.6143005,33.4678794,0 -114.6148474,33.4669511,0 -114.6162105,33.4651062,0 -114.6165056,33.4647984,0 -114.6168616,33.4643467,0 -114.6173651,33.4637543,0 -114.6177295,33.4634221,0 -114.6180685,33.4630478,0 -114.6184067,33.4625859,0 -114.618498,33.4624994,0 -114.6193182,33.4617229,0 -114.6196914,33.4612316,0 -114.620343,33.4605486,0 -114.6206985,33.4600048,0 -114.6210113,33.4596241,0 -114.6216709,33.4587034,0 -114.6222001,33.4580388,0 -114.6224955,33.4576166,0 -114.6226941,33.4572528,0 -114.6231118,33.4561517,0 -114.6232851,33.4553552,0 -114.6233027,33.4548557,0 -114.6233022,33.4548389,0 -114.6232944,33.4545967,0 -114.6232247,33.4541947,0 -114.6231204,33.4538215,0 -114.6229386,33.4529468,0 -114.6228857,33.4524807,0 -114.6227735,33.451842,0 -114.6227326,33.4515187,0 -114.6226689,33.4510153,0 -114.62253,33.4503189,0 -114.6225039,33.4495648,0 -114.6224609,33.4491508,0 -114.6224521,33.4487596,0 -114.6225204,33.4480389,0 -114.6227037,33.4472541,0 -114.6228598,33.4468315,0 -114.6229812,33.4463638,0 -114.6231465,33.4459843,0 -114.6238846,33.4436185,0 -114.6241097,33.4430901,0 -114.6242664,33.4425238,0 -114.6243963,33.4422047,0 -114.6245788,33.4416761,0 -114.6247262,33.4411921,0 -114.6249692,33.4401465,0 -114.6252385,33.4392732,0 -114.6254386,33.4384673,0 -114.6256033,33.4380812,0 -114.6259854,33.4367485,0 -114.6261334,33.4363005,0 -114.6262545,33.4359337,0 -114.6263496,33.435572,0 -114.6264978,33.4351061,0 -114.6266195,33.4346248,0 -114.62663,33.4346001,0 -114.626775,33.4342603,0 -114.6271047,33.4336068,0 -114.6273309,33.4329732,0 -114.6275392,33.432105,0 -114.6276695,33.4317704,0 -114.6278082,33.4315395,0 -114.627973,33.4311376,0 -114.6281374,33.4306008,0 -114.6282673,33.4303371,0 -114.6283206,33.4302291,0 -114.6284504,33.4298564,0 -114.6289457,33.4289583,0 -114.6291103,33.4287764,0 -114.6296139,33.4280447,0 -114.6298308,33.4277811,0 -114.6299952,33.4275182,0 -114.6301953,33.4273343,0 -114.6306121,33.4268461,0 -114.630864,33.4266364,0 -114.6311761,33.4263432,0 -114.6314458,33.4261999,0 -114.6317924,33.4259383,0 -114.6320792,33.425796,0 -114.6329125,33.4251117,0 -114.6338761,33.4240656,0 -114.6340495,33.4237788,0 -114.6342317,33.4235711,0 -114.6344404,33.4232552,0 -114.6346921,33.4230187,0 -114.6349874,33.4227893,0 -114.6352739,33.4225415,0 -114.6355777,33.4221962,0 -114.6360289,33.4219595,0 -114.6369921,33.4211921,0 -114.6372879,33.4209853,0 -114.6375912,33.4206869,0 -114.6380948,33.4202969,0 -114.6388152,33.4196833,0 -114.6391798,33.4194587,0 -114.6399958,33.4188539,0 -114.6404386,33.4185674,0 -114.6408294,33.418237,0 -114.6412281,33.4179609,0 -114.6414801,33.4178342,0 -114.6417755,33.4176028,0 -114.6424349,33.4171513,0 -114.6428433,33.4169296,0 -114.6433204,33.4166071,0 -114.6437282,33.4163744,0 -114.6442581,33.4159771,0 -114.6450652,33.4155334,0 -114.6456557,33.4152296,0 -114.6462465,33.4148813,0 -114.6468541,33.4146193,0 -114.6474272,33.4142989,0 -114.6478867,33.4140719,0 -114.6484077,33.4139455,0 -114.6488767,33.4137326,0 -114.6493716,33.4135304,0 -114.6500138,33.4133672,0 -114.6511076,33.4131449,0 -114.6517675,33.4129943,0 -114.6523057,33.412912,0 -114.6537553,33.4127743,0 -114.6543627,33.4127796,0 -114.6553425,33.4128213,0 -114.6558389,33.4127716,0 -114.6563384,33.4128177,0 -114.6563857,33.4128221,0 -114.6568745,33.4128406,0 -114.6573581,33.4128589,0 -114.6582254,33.4131241,0 -114.6586427,33.4132108,0 -114.6590902,33.4133855,0 -114.6592067,33.4134309,0 -114.6596601,33.4135713,0 -114.6600141,33.413681,0 -114.6607691,33.4138762,0 -114.6611241,33.4140487,0 -114.661429,33.4141969,0 -114.6625141,33.4145939,0 -114.6630258,33.4148126,0 -114.6633999,33.414921,0 -114.6638507,33.415158,0 -114.6647016,33.4154041,0 -114.6650316,33.4155479,0 -114.6657431,33.4156251,0 -114.6661342,33.4157661,0 -114.6665419,33.4158543,0 -114.6669416,33.415987,0 -114.6675405,33.4161489,0 -114.6678873,33.4163429,0 -114.6682864,33.4164801,0 -114.6686598,33.4166488,0 -114.6690855,33.4167203,0 -114.6695024,33.4169238,0 -114.6698497,33.4170707,0 -114.6706914,33.4172578,0 -114.6711165,33.4174437,0 -114.671613,33.4175351,0 -114.6718111,33.4175716,0 -114.6722715,33.4177284,0 -114.6725836,33.4177677,0 -114.6729834,33.4178439,0 -114.6733475,33.4178709,0 -114.6737121,33.4179808,0 -114.6741113,33.417992,0 -114.6741663,33.4180037,0 -114.6745457,33.4180842,0 -114.6748059,33.4180347,0 -114.6754315,33.4180902,0 -114.6758822,33.4180937,0 -114.6762907,33.4180652,0 -114.6766639,33.4179716,0 -114.6766644,33.4179715,0 -114.6770806,33.4178964,0 -114.6774625,33.417839,0 -114.6778793,33.4178067,0 -114.6786086,33.417674,0 -114.6790418,33.4176628,0 -114.6792763,33.4176069,0 -114.6796238,33.4175855,0 -114.6801184,33.4176771,0 -114.680631,33.4176668,0 -114.6810738,33.4177236,0 -114.6825063,33.4176858,0 -114.6828787,33.4177646,0 -114.6838398,33.417872,0 -114.6841028,33.4179014,0 -114.6846155,33.4179044,0 -114.6852313,33.4179594,0 -114.6857984,33.4179411,0 -114.6862212,33.4179275,0 -114.6866812,33.4179606,0 -114.6867333,33.4179643,0 -114.6870025,33.4179061,0 -114.6874452,33.4179405,0 -114.6878619,33.4178136,0 -114.688149,33.4177814,0 -114.6886349,33.4176413,0 -114.6894421,33.4174487,0 -114.6899197,33.4172563,0 -114.690371,33.4171722,0 -114.6907966,33.4169516,0 -114.691595,33.4167653,0 -114.6923937,33.4165496,0 -114.6929231,33.4163475,0 -114.6935999,33.4161438,0 -114.6940257,33.4159772,0 -114.694399,33.4158002,0 -114.6947722,33.415549,0 -114.6951195,33.4154041,0 -114.6953972,33.4151893,0 -114.6958834,33.4148674,0 -114.6960832,33.4145842,0 -114.6962306,33.4144415,0 -114.6964471,33.4141261,0 -114.6964737,33.4140664,0 -114.6964997,33.414008,0 -114.6966211,33.4137359,0 -114.6967252,33.4133342,0 -114.6968469,33.4129717,0 -114.697116,33.4123453,0 -114.6972462,33.4121027,0 -114.6973419,33.4118327,0 -114.6975068,33.4115632,0 -114.6978535,33.4110588,0 -114.6982619,33.4107383,0 -114.6984874,33.4105244,0 -114.6988262,33.4102845,0 -114.6997027,33.4097576,0 -114.7000326,33.4094989,0 -114.700319,33.4093904,0 -114.7007009,33.4090636,0 -114.7010915,33.4088989,0 -114.7013958,33.4086724,0 -114.701874,33.4083614,0 -114.701934,33.4083224,0 -114.7021941,33.4081782,0 -114.7029233,33.4079736,0 -114.7033744,33.4079614,0 -114.7038608,33.4079289,0 -114.7041384,33.4079363,0 -114.7042776,33.407966,0 -114.7045812,33.4079122,0 -114.7050585,33.4078793,0 -114.7062306,33.4077293,0 -114.7066907,33.4077085,0 -114.7071593,33.4075941,0 -114.7083401,33.4074852,0 -114.7089907,33.4073853,0 -114.7095642,33.4072264,0 -114.7099723,33.407202,0 -114.7104844,33.4071377,0 -114.7110741,33.4071032,0 -114.7114999,33.4070622,0 -114.7120469,33.4071237,0 -114.7125938,33.4071022,0 -114.7130192,33.4071467,0 -114.713531,33.4071721,0 -114.7140349,33.4071384,0 -114.7145989,33.4072594,0 -114.7151542,33.4072767,0 -114.7157188,33.4073528,0 -114.7162745,33.407507,0 -114.7167262,33.4075711,0 -114.7171258,33.4077618,0 -114.7174115,33.4078602,0 -114.71749,33.4078873,0 -114.717872,33.4079376,0 -114.7182536,33.4080351,0 -114.7186876,33.4081184,0 -114.7192,33.4081348,0 -114.7197639,33.4082154,0 -114.7202421,33.4083262,0 -114.7206845,33.408293,0 -114.7214656,33.4080601,0 -114.7218049,33.4080156,0 -114.722134,33.4078895,0 -114.7225159,33.4077041,0 -114.7229591,33.4075362,0 -114.7232361,33.4072987,0 -114.7238437,33.4068231,0 -114.7242607,33.4065795,0 -114.7245389,33.4063601,0 -114.7247903,33.4060672,0 -114.7249897,33.4058692,0 -114.7251463,33.4056329,0 -114.7253803,33.4054106,0 -114.7255282,33.4050567,0 -114.725598,33.4048301,0 -114.7256241,33.4041065,0 -114.7255802,33.4035981,0 -114.725406,33.4029129,0 -114.7252851,33.402552,0 -114.7252473,33.402461,0 -114.7251546,33.4022378,0 -114.7250922,33.4020186,0 -114.7250242,33.40178,0 -114.7248249,33.401414,0 -114.7245908,33.4009335,0 -114.7243077,33.4005464,0 -114.7242523,33.4004707,0 -114.7241679,33.4003339,0 -114.7240006,33.400063,0 -114.7236682,33.3997483,0 -114.7236533,33.3997342,0 -114.7236361,33.3997107,0 -114.723054,33.3989147,0 -114.7227762,33.3986422,0 -114.7224813,33.3982833,0 -114.7222643,33.3981026,0 -114.7220129,33.3977622,0 -114.7216478,33.3973111,0 -114.7214044,33.3970814,0 -114.7203805,33.3959594,0 -114.7197641,33.3953228,0 -114.7194604,33.3949543,0 -114.719174,33.3946904,0 -114.7188267,33.3942449,0 -114.718488,33.3938673,0 -114.7177414,33.3931366,0 -114.7171166,33.3923896,0 -114.7169505,33.3922279,0 -114.7168217,33.3921024,0 -114.716474,33.3917176,0 -114.7160662,33.3911962,0 -114.7153462,33.3903548,0 -114.7149982,33.389961,0 -114.7145558,33.3895204,0 -114.7138955,33.3888225,0 -114.7135752,33.3884215,0 -114.7131927,33.3880969,0 -114.7129672,33.3878773,0 -114.7126978,33.387673,0 -114.7124022,33.3873903,0 -114.712073,33.3871639,0 -114.7115518,33.3866798,0 -114.7112572,33.3864601,0 -114.7108491,33.3860798,0 -114.710476,33.3857963,0 -114.7101807,33.3856215,0 -114.709772,33.3852618,0 -114.7090176,33.3847415,0 -114.7087655,33.3845337,0 -114.7083052,33.3840852,0 -114.708044,33.3837508,0 -114.7076544,33.3831496,0 -114.7074445,33.3827179,0 -114.7072898,33.3823998,0 -114.7072896,33.3823992,0 -114.707151,33.3820603,0 -114.707038,33.3816329,0 -114.7070035,33.380665,0 -114.7070383,33.3803551,0 -114.7071291,33.3799851,0 -114.7071678,33.3798272,0 -114.7072897,33.3791123,0 -114.7073765,33.3788329,0 -114.7074809,33.3780765,0 -114.7073855,33.3769338,0 -114.7073239,33.3767554,0 -114.70717,33.3763101,0 -114.7069946,33.3758026,0 -114.7068811,33.375422,0 -114.706691,33.3750298,0 -114.7063,33.3746531,0 -114.7061416,33.374381,0 -114.7060918,33.3742955,0 -114.7057877,33.3738396,0 -114.7055533,33.3733767,0 -114.7049975,33.3724298,0 -114.7046857,33.3719687,0 -114.7044164,33.371369,0 -114.7040864,33.370817,0 -114.7034526,33.3696647,0 -114.7027578,33.3684639,0 -114.702177,33.3676117,0 -114.701465,33.3662816,0 -114.701248,33.3657798,0 -114.7007358,33.364856,0 -114.7002152,33.3638059,0 -114.7000153,33.3634625,0 -114.6994418,33.3623638,0 -114.6990776,33.3615713,0 -114.6987913,33.3604359,0 -114.6987824,33.3599278,0 -114.6987503,33.3593565,0 -114.6987388,33.3591503,0 -114.6985828,33.3581673,0 -114.6985568,33.3575279,0 -114.6985132,33.3571432,0 -114.6982703,33.3555592,0 -114.6982094,33.3551307,0 -114.6981922,33.354849,0 -114.6981496,33.3546064,0 -114.6981316,33.3545036,0 -114.6980877,33.353856,0 -114.6980882,33.3535472,0 -114.6980882,33.3535304,0 -114.6980856,33.3535039,0 -114.6980533,33.3531665,0 -114.6980597,33.3530574,0 -114.6980881,33.3525782,0 -114.6982544,33.3516847,0 -114.6983226,33.3513185,0 -114.6986439,33.3500713,0 -114.6987918,33.349686,0 -114.6990173,33.3489492,0 -114.6990172,33.3478306,0 -114.6991212,33.3461536,0 -114.6991995,33.3454471,0 -114.6991475,33.3447742,0 -114.6991644,33.3443286,0 -114.6992515,33.3435462,0 -114.6993291,33.3431675,0 -114.6994248,33.3424327,0 -114.6996244,33.3413368,0 -114.6998154,33.3405122,0 -114.6999199,33.3401485,0 -114.7000151,33.339697,0 -114.7003106,33.3388321,0 -114.7003875,33.3385699,0 -114.7004575,33.3381751,0 -114.7007793,33.3372018,0 -114.7013695,33.3359368,0 -114.7018033,33.3348544,0 -114.7020723,33.334291,0 -114.7023417,33.3337812,0 -114.7025411,33.3335164,0 -114.7026972,33.3331696,0 -114.7027408,33.3330864,0 -114.7030536,33.3324886,0 -114.7031403,33.3322408,0 -114.7032009,33.3322089,0 -114.7033351,33.3317477,0 -114.7035131,33.3311361,0 -114.7039565,33.3300522,0 -114.7041733,33.3295749,0 -114.704668,33.3286784,0 -114.7049105,33.3281829,0 -114.7051452,33.327826,0 -114.7056403,33.326842,0 -114.705944,33.3262807,0 -114.7062997,33.3257521,0 -114.7066299,33.3251904,0 -114.7069246,33.3247948,0 -114.7071942,33.3242113,0 -114.7074895,33.3238267,0 -114.7078192,33.3234807,0 -114.7082278,33.3229984,0 -114.7084963,33.3227334,0 -114.7088088,33.3223324,0 -114.7094252,33.321772,0 -114.7099115,33.3212162,0 -114.7104408,33.3205602,0 -114.7107017,33.3203643,0 -114.7109794,33.3200619,0 -114.7113441,33.3197698,0 -114.7116302,33.319504,0 -114.7120727,33.319309,0 -114.7136181,33.3185459,0 -114.7142948,33.3183354,0 -114.714427,33.3182663,0 -114.7146946,33.3181265,0 -114.7151285,33.3179356,0 -114.7160052,33.317478,0 -114.7164395,33.317231,0 -114.7168468,33.3168429,0 -114.7176234,33.3162198,0 -114.7177766,33.3160969,0 -114.7181058,33.3157415,0 -114.7184276,33.3155386,0 -114.7189128,33.3150748,0 -114.7193043,33.3149104,0 -114.7199987,33.3144719,0 -114.720476,33.3142794,0 -114.7208664,33.314054,0 -114.7213182,33.313734,0 -114.7215554,33.3136031,0 -114.7217428,33.3134998,0 -114.7221335,33.313317,0 -114.7225592,33.3129594,0 -114.7229063,33.3127695,0 -114.7232209,33.3123897,0 -114.7232447,33.3123609,0 -114.7234443,33.3120195,0 -114.7236357,33.3115854,0 -114.7238008,33.3111563,0 -114.7240692,33.3102177,0 -114.7243387,33.3097328,0 -114.7245996,33.3094357,0 -114.7249813,33.3092596,0 -114.725389,33.3089412,0 -114.7259019,33.308697,0 -114.7263354,33.308414,0 -114.7263761,33.3083975,0 -114.7267691,33.3082389,0 -114.7271342,33.3080408,0 -114.7278115,33.3075452,0 -114.7281928,33.3073304,0 -114.7287146,33.3069611,0 -114.7293657,33.306302,0 -114.72973,33.3060299,0 -114.7301466,33.3055704,0 -114.7304508,33.3053124,0 -114.7306933,33.3049671,0 -114.7309015,33.3047743,0 -114.7310929,33.3043944,0 -114.7312403,33.3042223,0 -114.7313182,33.3039783,0 -114.7313961,33.303806,0 -114.7314223,33.3035158,0 -114.7314743,33.303279,0 -114.7314307,33.3025981,0 -114.7313008,33.3022613,0 -114.7311362,33.3017137,0 -114.7308399,33.3013143,0 -114.7307196,33.3010613,0 -114.7304588,33.3007811,0 -114.7300759,33.3002599,0 -114.7299816,33.3001316,0 -114.7296943,33.2996522,0 -114.7294344,33.2992909,0 -114.7291047,33.2987635,0 -114.728783,33.298322,0 -114.7285058,33.2976793,0 -114.727959,33.2965557,0 -114.7269867,33.2948285,0 -114.7268735,33.2944998,0 -114.7262758,33.2933324,0 -114.7261269,33.2930415,0 -114.726009,33.2928692,0 -114.7258229,33.2925969,0 -114.7256442,33.2922357,0 -114.7251634,33.2912636,0 -114.7248945,33.2908728,0 -114.7246683,33.290368,0 -114.724417,33.2899761,0 -114.7241915,33.2894917,0 -114.7237485,33.2887231,0 -114.7235141,33.2884201,0 -114.7232883,33.2880772,0 -114.723011,33.287762,0 -114.7227239,33.287489,0 -114.7222984,33.2871418,0 -114.7219087,33.2869673,0 -114.7214131,33.2867094,0 -114.7210487,33.286548,0 -114.7206234,33.286268,0 -114.7202504,33.2860858,0 -114.7197903,33.2857946,0 -114.7193646,33.2855908,0 -114.7189737,33.2854253,0 -114.7185053,33.2851782,0 -114.7178979,33.2850565,0 -114.7173858,33.2848605,0 -114.7167088,33.284685,0 -114.7157017,33.2843794,0 -114.7151028,33.2842516,0 -114.7145382,33.2841036,0 -114.7139916,33.2839322,0 -114.7135834,33.2838396,0 -114.7120483,33.2835871,0 -114.7116472,33.2835211,0 -114.710276,33.2832785,0 -114.7090784,33.2829802,0 -114.7081668,33.2828809,0 -114.7070209,33.2826333,0 -114.7063783,33.2825134,0 -114.7059096,33.282426,0 -114.7058272,33.282419,0 -114.7055277,33.2823936,0 -114.7050392,33.282284,0 -114.7047986,33.28223,0 -114.7042144,33.2821427,0 -114.703409,33.2820223,0 -114.7029319,33.2819922,0 -114.7023678,33.2818827,0 -114.7018034,33.2817166,0 -114.7003451,33.281376,0 -114.6997113,33.2811829,0 -114.69913,33.2810697,0 -114.6979838,33.2807367,0 -114.6967773,33.280422,0 -114.6963347,33.2802574,0 -114.6957009,33.2801451,0 -114.6944763,33.2797957,0 -114.6939908,33.2797293,0 -114.6933913,33.2795116,0 -114.6927579,33.2793834,0 -114.692124,33.2791321,0 -114.6914904,33.2789523,0 -114.6907873,33.2786559,0 -114.6901537,33.2785167,0 -114.6896153,33.2783592,0 -114.6890945,33.2781446,0 -114.6886603,33.2779445,0 -114.6881228,33.277668,0 -114.6875148,33.277456,0 -114.6870548,33.2772454,0 -114.6864556,33.2769423,0 -114.6859087,33.2767214,0 -114.6852658,33.2764244,0 -114.68465,33.2761697,0 -114.6842068,33.2759242,0 -114.6837734,33.2756615,0 -114.683611,33.2755496,0 -114.6830612,33.2751712,0 -114.6828091,33.2750406,0 -114.6820893,33.2746677,0 -114.6812557,33.274131,0 -114.6799363,33.2731822,0 -114.6789465,33.2723901,0 -114.6786863,33.2720784,0 -114.6778268,33.2711962,0 -114.6773494,33.2705983,0 -114.677196,33.2703367,0 -114.6770806,33.2701399,0 -114.6767,33.2695441,0 -114.6766025,33.2693915,0 -114.6765232,33.2692019,0 -114.6764207,33.268957,0 -114.6762728,33.2681722,0 -114.6761605,33.2678235,0 -114.6759952,33.2673678,0 -114.6758394,33.2670427,0 -114.6755261,33.2665164,0 -114.6751444,33.2660349,0 -114.6744237,33.2649038,0 -114.6740588,33.2641763,0 -114.6739662,33.2640454,0 -114.6737987,33.2638087,0 -114.6735561,33.2633566,0 -114.6730089,33.2624236,0 -114.672861,33.26207,0 -114.6727048,33.2616353,0 -114.6726441,33.2612066,0 -114.672489,33.2606903,0 -114.6724272,33.2604849,0 -114.6723495,33.2601516,0 -114.6722881,33.259714,0 -114.6722362,33.2592659,0 -114.6722541,33.2587866,0 -114.6722404,33.258224,0 -114.6722364,33.2580625,0 -114.6723058,33.2577978,0 -114.6724101,33.2574881,0 -114.6728181,33.2568824,0 -114.6730867,33.2565748,0 -114.673669,33.2560483,0 -114.6740244,33.2557668,0 -114.6744673,33.2555384,0 -114.6749358,33.2553476,0 -114.6754655,33.2551611,0 -114.6764592,33.2548605,0 -114.6764729,33.2548563,0 -114.676485,33.254851,0 -114.6769935,33.2546242,0 -114.6774796,33.2544727,0 -114.6777315,33.2543618,0 -114.6779218,33.2542781,0 -114.6782517,33.2540824,0 -114.6791198,33.2534719,0 -114.6795542,33.2531239,0 -114.6797115,33.2529484,0 -114.6799625,33.2526684,0 -114.6803957,33.2522712,0 -114.6809864,33.2516687,0 -114.6828361,33.2503135,0 -114.6829706,33.2502659,0 -114.6836256,33.2500342,0 -114.6839643,33.2498864,0 -114.684598,33.2495339,0 -114.6848581,33.2494121,0 -114.6851186,33.2492456,0 -114.6856743,33.2490247,0 -114.6857529,33.2489803,0 -114.6861782,33.2487398,0 -114.6869944,33.248368,0 -114.6874111,33.2481176,0 -114.6880186,33.247815,0 -114.6882615,33.2476743,0 -114.688661,33.247423,0 -114.6888517,33.2473031,0 -114.6890773,33.2471205,0 -114.6894159,33.2467233,0 -114.6895113,33.2464649,0 -114.6895138,33.2464412,0 -114.6895229,33.246356,0 -114.6895372,33.2462218,0 -114.6895203,33.246023,0 -114.6894695,33.2458312,0 -114.6894591,33.2457922,0 -114.6892598,33.2452083,0 -114.6889989,33.2447215,0 -114.6888043,33.2442735,0 -114.6887216,33.2440832,0 -114.6885219,33.243697,0 -114.6879572,33.2427787,0 -114.6877139,33.2424164,0 -114.6876535,33.24228,0 -114.6871937,33.2414562,0 -114.6865161,33.2405303,0 -114.6858303,33.2396992,0 -114.6857353,33.239584,0 -114.6854482,33.2392999,0 -114.6849192,33.2386826,0 -114.684598,33.2382814,0 -114.6842421,33.2378824,0 -114.6837039,33.2371772,0 -114.683304,33.2367482,0 -114.6828966,33.2362559,0 -114.6825753,33.2359266,0 -114.6819936,33.2351196,0 -114.6812731,33.2342402,0 -114.6809259,33.2337923,0 -114.6805784,33.2334276,0 -114.6803097,33.2330952,0 -114.6797018,33.2324501,0 -114.6793547,33.2320564,0 -114.6791466,33.2318559,0 -114.6785388,33.2311841,0 -114.677836,33.2302877,0 -114.6776272,33.2299683,0 -114.6773667,33.2296475,0 -114.6768196,33.2290223,0 -114.6765073,33.2287251,0 -114.6761428,33.2283458,0 -114.6757954,33.2279407,0 -114.6754914,33.2276394,0 -114.6748059,33.2268565,0 -114.6744677,33.2264004,0 -114.6740593,33.225708,0 -114.6735386,33.2245974,0 -114.6733652,33.22415,0 -114.6731652,33.2235282,0 -114.6731046,33.2231152,0 -114.6730783,33.2223681,0 -114.6731133,33.2218741,0 -114.6731997,33.2211636,0 -114.6733043,33.2206723,0 -114.6734516,33.22015,0 -114.6737383,33.2188668,0 -114.6740062,33.2182737,0 -114.6741635,33.2179255,0 -114.6743194,33.2174644,0 -114.6749276,33.2161739,0 -114.6751786,33.215178,0 -114.6753179,33.2144734,0 -114.6760209,33.2120732,0 -114.6762554,33.2111279,0 -114.6763859,33.2107415,0 -114.6768545,33.2090888,0 -114.6770109,33.2086547,0 -114.6771587,33.2083505,0 -114.677306,33.2079674,0 -114.6774705,33.2077133,0 -114.6778444,33.2069862,0 -114.6782174,33.2061266,0 -114.6783819,33.2055765,0 -114.6784604,33.2050741,0 -114.6785035,33.2044686,0 -114.6785578,33.2040366,0 -114.6785642,33.2039854,0 -114.6785994,33.2033075,0 -114.6785918,33.202517,0 -114.6785903,33.2023682,0 -114.67853,33.2017242,0 -114.6784603,33.2012501,0 -114.6783731,33.2002291,0 -114.6782172,33.1995699,0 -114.6780866,33.1991457,0 -114.6779309,33.1985087,0 -114.6777093,33.1978899,0 -114.6774183,33.1970773,0 -114.6772536,33.1965498,0 -114.6769842,33.1955211,0 -114.6768282,33.1950705,0 -114.6766718,33.1945392,0 -114.6763683,33.1932117,0 -114.6761682,33.1924258,0 -114.676038,33.1920265,0 -114.6759259,33.1915495,0 -114.6757219,33.1904553,0 -114.6755953,33.1897758,0 -114.6755262,33.189187,0 -114.675518,33.1887282,0 -114.6754571,33.1882729,0 -114.675405,33.1875013,0 -114.675431,33.1871732,0 -114.6754306,33.186349,0 -114.6754567,33.1859084,0 -114.6755523,33.18545,0 -114.6756731,33.1841533,0 -114.6757347,33.1837331,0 -114.6757695,33.1832416,0 -114.6759866,33.1821537,0 -114.6761077,33.1817911,0 -114.6763073,33.1810414,0 -114.6764203,33.180795,0 -114.6765505,33.1803659,0 -114.6768458,33.1795235,0 -114.677002,33.1789615,0 -114.6774362,33.1778816,0 -114.6776789,33.1774352,0 -114.6780002,33.176781,0 -114.6781564,33.1765153,0 -114.678339,33.176,0 -114.678478,33.1756905,0 -114.678492,33.1756652,0 -114.6786163,33.1754414,0 -114.6787295,33.1751773,0 -114.6789462,33.1745565,0 -114.6791289,33.1738839,0 -114.6792411,33.1732514,0 -114.6793893,33.1720196,0 -114.6794409,33.1712102,0 -114.6794415,33.1708959,0 -114.6795799,33.1697353,0 -114.6796147,33.1689611,0 -114.6796058,33.1685516,0 -114.6795279,33.1676441,0 -114.6793975,33.1666985,0 -114.6793108,33.1662791,0 -114.6791377,33.1655868,0 -114.6790503,33.1651432,0 -114.6789291,33.1647177,0 -114.6787638,33.164015,0 -114.6786342,33.1633434,0 -114.6786077,33.163032,0 -114.6785819,33.1622936,0 -114.6786338,33.1617204,0 -114.6787033,33.1613678,0 -114.6789377,33.160658,0 -114.6791025,33.1603122,0 -114.6792901,33.1598277,0 -114.6793718,33.1596165,0 -114.6795367,33.1592707,0 -114.6796817,33.1590172,0 -114.6797704,33.158862,0 -114.6799205,33.1586619,0 -114.6799967,33.1585603,0 -114.6800461,33.1584751,0 -114.6802395,33.1581413,0 -114.6807347,33.1574264,0 -114.6807892,33.1573696,0 -114.6810384,33.1571103,0 -114.6813596,33.156721,0 -114.6816803,33.1562554,0 -114.6820506,33.1554932,0 -114.6823057,33.1549682,0 -114.6823606,33.1548401,0 -114.6824967,33.1545225,0 -114.6826189,33.1541068,0 -114.6827147,33.1537412,0 -114.6829227,33.1529478,0 -114.6831482,33.1517416,0 -114.6833654,33.1509322,0 -114.6837466,33.1499091,0 -114.6838508,33.149557,0 -114.6841548,33.1488025,0 -114.6843717,33.1479817,0 -114.6848586,33.1463981,0 -114.6850315,33.1459402,0 -114.6851962,33.1455808,0 -114.6854916,33.1450863,0 -114.6860389,33.1438479,0 -114.6862992,33.1434675,0 -114.6865248,33.1430743,0 -114.6866116,33.142766,0 -114.6868461,33.1422494,0 -114.6872715,33.1414221,0 -114.6878183,33.1406395,0 -114.6881395,33.1402502,0 -114.6884086,33.139963,0 -114.6894412,33.1386424,0 -114.6895144,33.1385709,0 -114.6897018,33.138388,0 -114.6900148,33.1380006,0 -114.6908302,33.137168,0 -114.6911896,33.1367788,0 -114.691568,33.136369,0 -114.692298,33.1356679,0 -114.6926099,33.1353765,0 -114.6931912,33.1348746,0 -114.6934956,33.1345494,0 -114.6938948,33.1341966,0 -114.6942721,33.1339197,0 -114.6946152,33.1336679,0 -114.6954664,33.1328516,0 -114.6957613,33.1324871,0 -114.696005,33.1321127,0 -114.6960498,33.1320232,0 -114.696247,33.1316287,0 -114.6964644,33.1312768,0 -114.6969939,33.130212,0 -114.6972458,33.129607,0 -114.6974714,33.12889,0 -114.6977059,33.1283717,0 -114.6979487,33.1279098,0 -114.6991466,33.1252506,0 -114.6991836,33.1251938,0 -114.6992857,33.1250374,0 -114.6993226,33.1248407,0 -114.699364,33.1246202,0 -114.6996676,33.1235402,0 -114.6997278,33.1232279,0 -114.6998066,33.1229909,0 -114.6999193,33.1227313,0 -114.7001366,33.122128,0 -114.7005445,33.1211874,0 -114.7011258,33.119612,0 -114.7012384,33.1193388,0 -114.7015947,33.1186195,0 -114.7018898,33.1178442,0 -114.7020285,33.117409,0 -114.7021854,33.1171051,0 -114.7024281,33.1164165,0 -114.7027924,33.1155965,0 -114.7029311,33.1152172,0 -114.7030616,33.1147815,0 -114.7033741,33.1139895,0 -114.703478,33.1135136,0 -114.7037562,33.1128855,0 -114.7039148,33.1124842,0 -114.7041036,33.1120065,0 -114.7043206,33.1112348,0 -114.7043222,33.1112279,0 -114.7044074,33.1108412,0 -114.7045459,33.11052,0 -114.7053795,33.1073515,0 -114.7056752,33.1065694,0 -114.7058136,33.1059929,0 -114.7059004,33.1057541,0 -114.706031,33.105219,0 -114.7063581,33.1041679,0 -114.706395,33.1040492,0 -114.7065858,33.1035407,0 -114.7067253,33.1029574,0 -114.7067428,33.1026562,0 -114.7067511,33.1025123,0 -114.706821,33.1021151,0 -114.7069421,33.1017637,0 -114.7070203,33.1013872,0 -114.7071679,33.1002925,0 -114.7072723,33.0996974,0 -114.707492,33.0988834,0 -114.7075414,33.0987005,0 -114.7075845,33.098398,0 -114.7076236,33.0979919,0 -114.7076715,33.0974942,0 -114.7076799,33.0966709,0 -114.7079057,33.0949302,0 -114.7079145,33.0945848,0 -114.7078883,33.0935503,0 -114.7078966,33.0932631,0 -114.7078707,33.0925924,0 -114.7078531,33.0922565,0 -114.7077927,33.0919091,0 -114.707697,33.0915791,0 -114.7074624,33.0909144,0 -114.7073589,33.0904852,0 -114.7069927,33.0892954,0 -114.7069681,33.0892154,0 -114.7068204,33.0888463,0 -114.7067668,33.088796,0 -114.7066034,33.0886429,0 -114.7064127,33.0883627,0 -114.7062043,33.0881111,0 -114.7060403,33.0878796,0 -114.7060138,33.0878422,0 -114.7054142,33.0874247,0 -114.7052728,33.0873954,0 -114.7050141,33.0873419,0 -114.704598,33.087141,0 -114.704095,33.0870602,0 -114.7035568,33.086858,0 -114.7030708,33.086848,0 -114.7024802,33.0867185,0 -114.7019509,33.0866602,0 -114.7014465,33.0865347,0 -114.7009955,33.0865224,0 -114.6999802,33.0863982,0 -114.6995292,33.0864171,0 -114.6991031,33.0864783,0 -114.6985475,33.0864029,0 -114.6981047,33.086443,0 -114.6975933,33.0864381,0 -114.6971332,33.0864068,0 -114.6966463,33.0864352,0 -114.6956398,33.086417,0 -114.69505,33.0864225,0 -114.6944934,33.0863962,0 -114.693964,33.0864192,0 -114.6935211,33.0863666,0 -114.6930781,33.0862542,0 -114.6927056,33.0860897,0 -114.691811,33.0858321,0 -114.6914558,33.0856131,0 -114.6910211,33.0854264,0 -114.6905004,33.0851538,0 -114.6900663,33.0849067,0 -114.6897539,33.0846546,0 -114.6894675,33.0845388,0 -114.6892762,33.0843484,0 -114.6889897,33.0842055,0 -114.6888251,33.0839858,0 -114.688686,33.0836956,0 -114.6885647,33.0835396,0 -114.6885212,33.0832223,0 -114.688564,33.0829961,0 -114.6885952,33.0828901,0 -114.6887293,33.0824344,0 -114.6889983,33.0816217,0 -114.6892067,33.0804067,0 -114.6892327,33.0799503,0 -114.6893108,33.0793494,0 -114.6893109,33.0788844,0 -114.6891983,33.0780192,0 -114.6892154,33.0777375,0 -114.6890858,33.0771924,0 -114.6890769,33.0771316,0 -114.6889554,33.0763032,0 -114.6887203,33.0751767,0 -114.6886773,33.0749708,0 -114.6883307,33.0739436,0 -114.6878873,33.0729373,0 -114.6877314,33.0724712,0 -114.6872448,33.0715244,0 -114.6871845,33.0714596,0 -114.686837,33.0710864,0 -114.6865244,33.0706253,0 -114.6862814,33.0703618,0 -114.6860125,33.0700202,0 -114.6853177,33.0693608,0 -114.6845104,33.0685497,0 -114.6841893,33.0681373,0 -114.6834427,33.0673911,0 -114.6832256,33.0670351,0 -114.6827394,33.0664973,0 -114.6826528,33.0664644,0 -114.6822972,33.0659425,0 -114.6817759,33.0653777,0 -114.6810817,33.0645289,0 -114.6807952,33.0641458,0 -114.6804306,33.063702,0 -114.6796492,33.0628005,0 -114.6792933,33.0623384,0 -114.6788508,33.0619541,0 -114.6781736,33.0610824,0 -114.677696,33.0605762,0 -114.6775291,33.060336,0 -114.6774097,33.0601643,0 -114.6770797,33.0598768,0 -114.6767759,33.059511,0 -114.6766095,33.0594375,0 -114.6764637,33.059373,0 -114.6761415,33.0591696,0 -114.6757776,33.0589026,0 -114.6754133,33.0586808,0 -114.6751521,33.0584656,0 -114.6746314,33.0578849,0 -114.6744233,33.0575767,0 -114.6743108,33.0573555,0 -114.6740676,33.0566185,0 -114.6740153,33.0562132,0 -114.6740152,33.0557618,0 -114.6740413,33.0554313,0 -114.6741111,33.0549911,0 -114.6741891,33.0546598,0 -114.6742583,33.0541144,0 -114.6744575,33.053234,0 -114.6745619,33.0518242,0 -114.6746315,33.0513574,0 -114.6747786,33.0506214,0 -114.6748053,33.0501294,0 -114.6749095,33.0494648,0 -114.6749359,33.0487372,0 -114.674947,33.0477687,0 -114.6749531,33.047234,0 -114.6749268,33.0469197,0 -114.6748656,33.0465366,0 -114.674849,33.0461781,0 -114.674779,33.0457917,0 -114.6747358,33.0454298,0 -114.6746226,33.0450492,0 -114.6745446,33.0446777,0 -114.6743887,33.0442138,0 -114.6742449,33.0438185,0 -114.6742153,33.0437371,0 -114.6740005,33.0432136,0 -114.673703,33.0424884,0 -114.673288,33.0418044,0 -114.6730168,33.0413575,0 -114.6727565,33.0410547,0 -114.6725653,33.0407501,0 -114.6723306,33.040539,0 -114.6718708,33.0398346,0 -114.6717068,33.0394684,0 -114.6717059,33.0394663,0 -114.6716671,33.0394242,0 -114.671463,33.0392027,0 -114.6714555,33.0391889,0 -114.6712202,33.0387533,0 -114.6710117,33.0385621,0 -114.6708208,33.0382417,0 -114.6703347,33.037762,0 -114.6699093,33.0373695,0 -114.6696228,33.0371282,0 -114.6695742,33.0370962,0 -114.6683709,33.0363057,0 -114.6683203,33.0362724,0 -114.6678689,33.0359995,0 -114.6674088,33.0356658,0 -114.6669745,33.0354231,0 -114.6663588,33.0349887,0 -114.6657427,33.0346261,0 -114.6652653,33.0342773,0 -114.664874,33.034087,0 -114.6645273,33.0338659,0 -114.6636858,33.0334942,0 -114.6634768,33.0334018,0 -114.6630256,33.0332973,0 -114.6625303,33.0330263,0 -114.6621745,33.0329105,0 -114.6617752,33.032735,0 -114.6615289,33.0326641,0 -114.6612459,33.0325826,0 -114.6607946,33.0325499,0 -114.660438,33.0325013,0 -114.6599612,33.0325837,0 -114.6595443,33.0328028,0 -114.6592319,33.0329343,0 -114.6589243,33.0331786,0 -114.6589191,33.0331827,0 -114.658633,33.033377,0 -114.6583549,33.0336525,0 -114.65806,33.0338232,0 -114.6577825,33.0340383,0 -114.6572536,33.0345398,0 -114.6571833,33.0346064,0 -114.6568273,33.0348901,0 -114.656454,33.035352,0 -114.6561321,33.0357209,0 -114.655759,33.0360845,0 -114.6554557,33.0365153,0 -114.6548308,33.0373421,0 -114.6546304,33.0376812,0 -114.654344,33.0379738,0 -114.6541358,33.0383148,0 -114.6539016,33.0385929,0 -114.6536759,33.0389754,0 -114.6534933,33.0393673,0 -114.6532761,33.0397027,0 -114.6531287,33.04005,0 -114.6524518,33.0410416,0 -114.6520091,33.041829,0 -114.6517399,33.0423767,0 -114.6515492,33.0426292,0 -114.6513495,33.0429926,0 -114.6511847,33.0432401,0 -114.6510546,33.043543,0 -114.650889,33.0438261,0 -114.6508584,33.0438947,0 -114.6507248,33.0441946,0 -114.650542,33.0444497,0 -114.6503514,33.0447712,0 -114.6502466,33.044893,0 -114.6500559,33.0451147,0 -114.6494399,33.045947,0 -114.6491968,33.0462179,0 -114.6489361,33.0465756,0 -114.6487671,33.046758,0 -114.6481026,33.0474755,0 -114.6478854,33.0476014,0 -114.6477035,33.0477067,0 -114.647174,33.0481448,0 -114.6467399,33.0484479,0 -114.6465765,33.0486216,0 -114.6465233,33.0486782,0 -114.6463204,33.0487381,0 -114.6462627,33.0487551,0 -114.6461968,33.0487943,0 -114.6458897,33.0489768,0 -114.6455071,33.0489914,0 -114.6451427,33.0490231,0 -114.6448302,33.0488602,0 -114.6443702,33.0486518,0 -114.6437103,33.0482033,0 -114.6429896,33.0478627,0 -114.6425557,33.0475888,0 -114.6422258,33.047481,0 -114.6415227,33.0470231,0 -114.6411494,33.0468832,0 -114.640741,33.0466784,0 -114.6404201,33.0463828,0 -114.6401424,33.0461752,0 -114.6398646,33.0459003,0 -114.6395954,33.045606,0 -114.6390832,33.0449228,0 -114.6388834,33.0446979,0 -114.6385801,33.0443139,0 -114.6381545,33.0439506,0 -114.6377201,33.0434451,0 -114.6370347,33.0427343,0 -114.6367129,33.042333,0 -114.6364618,33.0420735,0 -114.635837,33.0413424,0 -114.6355155,33.0409366,0 -114.6349249,33.0402948,0 -114.6345953,33.039779,0 -114.6342654,33.0394779,0 -114.6336837,33.0386036,0 -114.6333626,33.0382673,0 -114.6331369,33.0378797,0 -114.632859,33.0376206,0 -114.6325206,33.0370721,0 -114.6322428,33.0367684,0 -114.6319128,33.0362588,0 -114.6315313,33.0357749,0 -114.6311745,33.0352211,0 -114.6307754,33.0346844,0 -114.630116,33.033629,0 -114.6298119,33.033198,0 -114.6294909,33.0327606,0 -114.6286229,33.0317455,0 -114.6280934,33.0312721,0 -114.6275551,33.0309056,0 -114.6271455,33.0305494,0 -114.6271295,33.0305354,0 -114.6266522,33.0301865,0 -114.626175,33.0299072,0 -114.6259125,33.0297746,0 -114.6257755,33.0297055,0 -114.6256468,33.0296077,0 -114.625558,33.0295403,0 -114.6255034,33.0295176,0 -114.624726,33.0291953,0 -114.6243607,33.0290439,0 -114.624022,33.0288502,0 -114.6236053,33.0287613,0 -114.6231451,33.0285822,0 -114.622664,33.0284873,0 -114.6226417,33.0284829,0 -114.6223031,33.0283723,0 -114.6219818,33.0283015,0 -114.621661,33.0282551,0 -114.6212442,33.0281413,0 -114.6207667,33.0279766,0 -114.6204105,33.0279233,0 -114.6201066,33.0277839,0 -114.6197766,33.0277641,0 -114.6194295,33.0276305,0 -114.6191607,33.0275854,0 -114.6187442,33.0274536,0 -114.6185004,33.0273921,0 -114.6179451,33.0273033,0 -114.617572,33.0271928,0 -114.6168686,33.0270912,0 -114.6168477,33.027084,0 -114.6165475,33.0269798,0 -114.6161742,33.0269364,0 -114.6158609,33.0269265,0 -114.6152799,33.0267974,0 -114.6149106,33.0268121,0 -114.6149067,33.0268123,0 -114.6145674,33.0267672,0 -114.6142991,33.0267713,0 -114.6140471,33.0267004,0 -114.6131879,33.0266823,0 -114.612815,33.0265989,0 -114.6124849,33.0265655,0 -114.6120772,33.0264815,0 -114.6113564,33.0263813,0 -114.6109918,33.0263474,0 -114.6105579,33.0262712,0 -114.6101844,33.0262459,0 -114.6098462,33.0262433,0 -114.6090734,33.0261298,0 -114.6086735,33.0261434,0 -114.6082142,33.0260716,0 -114.607754,33.0260608,0 -114.607372,33.0259989,0 -114.6069376,33.0259989,0 -114.6063219,33.0259032,0 -114.6058876,33.0258716,0 -114.6055171,33.0257994,0 -114.6054793,33.0257921,0 -114.6053164,33.0257871,0 -114.6050541,33.025779,0 -114.6049836,33.0257665,0 -114.6043334,33.0256517,0 -114.6038645,33.0256624,0 -114.6033957,33.0255907,0 -114.6030142,33.0255667,0 -114.6025803,33.0255888,0 -114.6019638,33.0255535,0 -114.6015025,33.0254861,0 -114.6005306,33.0254517,0 -114.5999841,33.0254057,0 -114.5997041,33.0254409,0 -114.5995065,33.0254657,0 -114.5991076,33.0254697,0 -114.5986035,33.0255302,0 -114.5982558,33.0255151,0 -114.5978309,33.0255676,0 -114.5973452,33.0255883,0 -114.5969024,33.0256636,0 -114.5965295,33.0256744,0 -114.596216,33.0257073,0 -114.5958339,33.0257844,0 -114.5955829,33.0258887,0 -114.5948802,33.0259063,0 -114.5944102,33.0259571,0 -114.5940638,33.0260122,0 -114.5933347,33.0260144,0 -114.5932903,33.0260125,0 -114.592805,33.0259922,0 -114.5924405,33.026082,0 -114.5920154,33.0260824,0 -114.5909813,33.0261806,0 -114.5905656,33.0261905,0 -114.5900881,33.0262794,0 -114.5895503,33.0263032,0 -114.5890467,33.0264687,0 -114.5885679,33.0265265,0 -114.5884875,33.0265572,0 -114.588135,33.026692,0 -114.587649,33.0267714,0 -114.5871367,33.026988,0 -114.5867556,33.0270647,0 -114.5867112,33.0270737,0 -114.5862166,33.0272555,0 -114.5856784,33.0274776,0 -114.585166,33.0278038,0 -114.5847404,33.0281273,0 -114.5840638,33.0287236,0 -114.5837601,33.0291254,0 -114.5834645,33.0294128,0 -114.5832215,33.0298074,0 -114.5829696,33.0301427,0 -114.5824056,33.0310761,0 -114.5822719,33.0312669,0 -114.5820658,33.0315609,0 -114.5817629,33.0319554,0 -114.5814067,33.0325151,0 -114.5810861,33.0328997,0 -114.5800963,33.0338271,0 -114.5792365,33.0346061,0 -114.5789329,33.0349378,0 -114.5785935,33.0351841,0 -114.5781519,33.0355357,0 -114.5777265,33.0356931,0 -114.5774477,33.0358204,0 -114.5772233,33.0358677,0 -114.5765023,33.0361578,0 -114.575781,33.0362704,0 -114.5756012,33.0363247,0 -114.5751745,33.0364535,0 -114.5742107,33.0365386,0 -114.574089,33.0365617,0 -114.5736637,33.0366427,0 -114.5730986,33.0366136,0 -114.5725873,33.0366369,0 -114.5720668,33.036631,0 -114.5718287,33.0366146,0 -114.571598,33.0365987,0 -114.5715206,33.0365916,0 -114.5712334,33.0365652,0 -114.570937,33.0365136,0 -114.5705211,33.0364177,0 -114.5695317,33.0362987,0 -114.5688199,33.0361337,0 -114.568186,33.03596,0 -114.567657,33.0358774,0 -114.5667971,33.035612,0 -114.5663108,33.0355116,0 -114.5658941,33.0354677,0 -114.5655555,33.0353275,0 -114.5651907,33.0352963,0 -114.5647568,33.0351656,0 -114.5643404,33.0352003,0 -114.5639585,33.0351648,0 -114.5635756,33.0352536,0 -114.5631511,33.0352201,0 -114.5627777,33.0352913,0 -114.5622743,33.0352567,0 -114.5617535,33.035271,0 -114.561363,33.0352978,0 -114.5611545,33.0352633,0 -114.5609287,33.0352259,0 -114.5597992,33.0351198,0 -114.5591581,33.0349841,0 -114.558481,33.0349287,0 -114.5571354,33.0347719,0 -114.5565279,33.034643,0 -114.5551475,33.0344166,0 -114.5545475,33.0342276,0 -114.5539367,33.0341856,0 -114.5538802,33.0341817,0 -114.5531772,33.0340645,0 -114.5526636,33.0339977,0 -114.5515561,33.0339172,0 -114.5511881,33.0338905,0 -114.5508068,33.0338081,0 -114.5499379,33.0338207,0 -114.5496174,33.0337989,0 -114.5494529,33.0338215,0 -114.5489111,33.0338483,0 -114.5484802,33.0338697,0 -114.5473954,33.0338158,0 -114.5468042,33.0338651,0 -114.5463611,33.0338147,0 -114.5457798,33.0338334,0 -114.5447552,33.0337751,0 -114.5435758,33.0337861,0 -114.5426901,33.033699,0 -114.5418906,33.0336962,0 -114.5410759,33.033647,0 -114.5397988,33.033473,0 -114.5397208,33.0334624,0 -114.5395695,33.0334518,0 -114.5384102,33.0333709,0 -114.5376804,33.0333388,0 -114.5370826,33.0332645,0 -114.5367336,33.0331763,0 -114.53657,33.033135,0 -114.53639,33.0331261,0 -114.5358671,33.0331002,0 -114.5347469,33.0329117,0 -114.534555,33.0328577,0 -114.5341568,33.0327456,0 -114.5327849,33.0325957,0 -114.5320648,33.0324906,0 -114.5320177,33.0324866,0 -114.5308488,33.0323872,0 -114.5302071,33.0322265,0 -114.5297728,33.0322234,0 -114.5290865,33.0320148,0 -114.527871,33.0317973,0 -114.5272892,33.0316356,0 -114.52669,33.0315634,0 -114.5260924,33.0313896,0 -114.5255799,33.0313414,0 -114.5249378,33.0311468,0 -114.5244256,33.0309726,0 -114.5217086,33.0304026,0 -114.5208485,33.0302001,0 -114.5205286,33.0300704,0 -114.5201623,33.0299219,0 -114.5196718,33.0296904,0 -114.5196335,33.0296723,0 -114.5191738,33.0294792,0 -114.5187909,33.0291525,0 -114.5182609,33.028856,0 -114.5176969,33.0285973,0 -114.5172376,33.0282624,0 -114.5167853,33.0279911,0 -114.516309,33.0276106,0 -114.5157795,33.0272446,0 -114.5151456,33.0268531,0 -114.5145718,33.0263622,0 -114.5139904,33.0259139,0 -114.5134521,33.0255248,0 -114.5129226,33.0249943,0 -114.5123066,33.0244155,0 -114.511481,33.023771,0 -114.5108312,33.0232035,0 -114.5104753,33.0227905,0 -114.5100498,33.0223934,0 -114.5095895,33.0220002,0 -114.5092501,33.021649,0 -114.5089211,33.0212204,0 -114.5083045,33.0205697,0 -114.5078102,33.0198239,0 -114.5073318,33.0191783,0 -114.5069671,33.0186502,0 -114.5064641,33.0178412,0 -114.5062816,33.0174831,0 -114.5060655,33.0171696,0 -114.5055445,33.0162721,0 -114.5053089,33.0159125,0 -114.5051452,33.0156202,0 -114.5043629,33.0143387,0 -114.5040848,33.0138368,0 -114.5036858,33.012977,0 -114.5034001,33.012416,0 -114.5030344,33.0115962,0 -114.5024279,33.0103425,0 -114.5017162,33.0089689,0 -114.5014459,33.0083063,0 -114.5010815,33.0072509,0 -114.5009607,33.0069822,0 -114.500769,33.0066366,0 -114.5005791,33.0060266,0 -114.5004044,33.0057631,0 -114.5002654,33.0054099,0 -114.5001788,33.0051079,0 -114.5001433,33.0048128,0 -114.500136,33.004752,0 -114.5000745,33.0044495,0 -114.4998488,33.0035715,0 -114.4997183,33.0029096,0 -114.4996691,33.002735,0 -114.4996062,33.0025114,0 -114.499424,33.0020272,0 -114.4992323,33.0010735,0 -114.4992414,33.0007174,0 -114.4992071,33.0000392,0 -114.4991889,32.9996761,0 -114.498607,32.9976183,0 -114.4983043,32.9966834,0 -114.4981743,32.996156,0 -114.4980439,32.9955613,0 -114.4976439,32.9934141,0 -114.4973579,32.9922517,0 -114.4971489,32.9913124,0 -114.4970197,32.990637,0 -114.4968373,32.9895735,0 -114.4966551,32.9878348,0 -114.4964807,32.9856833,0 -114.4962645,32.9843079,0 -114.49622,32.9837344,0 -114.4961509,32.9831687,0 -114.4960823,32.9827889,0 -114.4960704,32.9825382,0 -114.4960476,32.9820594,0 -114.4958817,32.9811007,0 -114.4956827,32.979686,0 -114.4955606,32.9789657,0 -114.4953,32.9778436,0 -114.494918,32.9767646,0 -114.4947713,32.9759414,0 -114.4946836,32.9756212,0 -114.4945367,32.9753353,0 -114.4943365,32.9745942,0 -114.4939207,32.9734136,0 -114.4931207,32.9719197,0 -114.4928343,32.9715614,0 -114.4924615,32.9711763,0 -114.4916721,32.9705792,0 -114.4913419,32.9703855,0 -114.490864,32.9701371,0 -114.4901788,32.9699356,0 -114.4897428,32.9699171,0 -114.4892329,32.9698954,0 -114.4888155,32.9698776,0 -114.4881381,32.9700828,0 -114.4874702,32.9703783,0 -114.4867525,32.9706118,0 -114.4867415,32.9706154,0 -114.4860112,32.9708977,0 -114.4854819,32.97107,0 -114.4844756,32.9714364,0 -114.4840414,32.9715343,0 -114.4834767,32.9716862,0 -114.4831983,32.971716,0 -114.4819668,32.9718476,0 -114.4816201,32.971869,0 -114.4813507,32.9720365,0 -114.4811328,32.972266,0 -114.4809332,32.9726924,0 -114.4806645,32.9731974,0 -114.4806189,32.9732469,0 -114.4802481,32.9736488,0 -114.4798825,32.9738755,0 -114.4791966,32.9742187,0 -114.4785718,32.9744699,0 -114.4780165,32.97462,0 -114.4777214,32.9747524,0 -114.4773048,32.9748319,0 -114.4767934,32.9749582,0 -114.4761943,32.9750784,0 -114.4754037,32.9750891,0 -114.4748882,32.975096,0 -114.4747436,32.9750979,0 -114.4741359,32.9750199,0 -114.4732722,32.974781,0 -114.4724059,32.9745413,0 -114.471966,32.9744196,0 -114.4713062,32.9741949,0 -114.4706123,32.9739069,0 -114.4700128,32.9734976,0 -114.4696664,32.9731279,0 -114.4688503,32.9717629,0 -114.4684761,32.9710211,0 -114.468181,32.9701074,0 -114.4677034,32.9683567,0 -114.4675385,32.9675732,0 -114.4673833,32.9665907,0 -114.4673309,32.9657138,0 -114.4672354,32.9648699,0 -114.4672001,32.9642052,0 -114.4672352,32.9632914,0 -114.4673224,32.9627074,0 -114.4673996,32.9614843,0 -114.4674082,32.9609687,0 -114.4673738,32.9602815,0 -114.4673661,32.9596187,0 -114.4673742,32.9589551,0 -114.4674574,32.9583232,0 -114.4674875,32.9580949,0 -114.467496,32.9580297,0 -114.4675265,32.9579376,0 -114.4677125,32.9573752,0 -114.4678167,32.956835,0 -114.4680169,32.9560582,0 -114.4682423,32.9553375,0 -114.4685716,32.9545501,0 -114.4689188,32.9537409,0 -114.4697439,32.9520127,0 -114.4701523,32.9510823,0 -114.4704727,32.9506013,0 -114.4709508,32.9497614,0 -114.4710628,32.9496793,0 -114.4716446,32.9487404,0 -114.472712,32.9471231,0 -114.472853,32.9469407,0 -114.4731122,32.9466053,0 -114.4738241,32.9456169,0 -114.4742828,32.9451423,0 -114.4747698,32.9446384,0 -114.475326,32.944021,0 -114.4758038,32.94358,0 -114.4762541,32.9429844,0 -114.47681,32.9425224,0 -114.4773485,32.9419623,0 -114.477687,32.9415721,0 -114.4780254,32.9412276,0 -114.4783907,32.9407946,0 -114.4792149,32.9398971,0 -114.4798055,32.9390462,0 -114.4800135,32.938697,0 -114.480335,32.9382093,0 -114.4808203,32.937208,0 -114.4809339,32.9365693,0 -114.4810384,32.9361788,0 -114.4810803,32.9356186,0 -114.4810719,32.9349891,0 -114.4809858,32.9343366,0 -114.480847,32.9335431,0 -114.4805777,32.9326623,0 -114.4798923,32.9305838,0 -114.4796493,32.9297636,0 -114.4793278,32.9290255,0 -114.4791627,32.9284776,0 -114.4789535,32.9279824,0 -114.4787974,32.9273812,0 -114.4785813,32.9268591,0 -114.4783382,32.9260994,0 -114.4781126,32.9255943,0 -114.4778871,32.9251752,0 -114.4775309,32.9246162,0 -114.4770968,32.9240138,0 -114.4762028,32.9230027,0 -114.4747786,32.9216009,0 -114.4741279,32.9210081,0 -114.4723474,32.9195435,0 -114.4719924,32.9192439,0 -114.4719648,32.9192206,0 -114.4698314,32.9174197,0 -114.4682165,32.916185,0 -114.4680344,32.9160458,0 -114.4678924,32.9159225,0 -114.4671748,32.9152996,0 -114.4665229,32.9148034,0 -114.4657589,32.914062,0 -114.4652042,32.9135904,0 -114.4643972,32.9126213,0 -114.4641146,32.9122325,0 -114.4638579,32.9118792,0 -114.4633806,32.9110383,0 -114.4631112,32.9101354,0 -114.4629386,32.9085607,0 -114.462924,32.9079676,0 -114.4629213,32.9078564,0 -114.4628938,32.9067397,0 -114.4627899,32.9059845,0 -114.4629474,32.9045771,0 -114.4630073,32.9035706,0 -114.4630598,32.9021738,0 -114.4631899,32.9012686,0 -114.4632242,32.9006801,0 -114.463265,32.8999816,0 -114.4633112,32.8991895,0 -114.4633807,32.898469,0 -114.4634155,32.8978744,0 -114.4635202,32.8969165,0 -114.4635712,32.8958106,0 -114.4636836,32.8947547,0 -114.4638833,32.8934324,0 -114.4639356,32.89285,0 -114.4641454,32.8916616,0 -114.4642748,32.8905969,0 -114.4644312,32.8896246,0 -114.4644358,32.8896024,0 -114.4646222,32.8887082,0 -114.4648572,32.8877635,0 -114.4651524,32.8866347,0 -114.4654037,32.8859468,0 -114.4656206,32.8851493,0 -114.4661088,32.8830899,0 -114.4675608,32.8831997,0 -114.4682171,32.8834414,0 -114.4689239,32.8837667,0 -114.4697573,32.8837962,0 -114.4706693,32.884205,0 -114.4708681,32.8845231,0 -114.4710614,32.88473,0 -114.4714009,32.8847813,0 -114.4722014,32.8851545,0 -114.4724988,32.8851333,0 -114.4731181,32.8853421,0 -114.4731361,32.8854954,0 -114.4734233,32.8857503,0 -114.473344,32.8860633,0 -114.4734146,32.8861788,0 -114.4737017,32.8864338,0 -114.4739368,32.8865467,0 -114.4746038,32.8867725,0 -114.4751105,32.8867935,0 -114.4754567,32.8866326,0 -114.475624,32.8863998,0 -114.4759011,32.8864188,0 -114.476359,32.8866025,0 -114.4764271,32.8867456,0 -114.4760848,32.8872339,0 -114.4760313,32.8876178,0 -114.4764015,32.8880308,0 -114.4766255,32.8880877,0 -114.4766887,32.8882858,0 -114.4770003,32.8886255,0 -114.4774961,32.888737,0 -114.4776895,32.8889634,0 -114.4779718,32.8890491,0 -114.4783819,32.8893051,0 -114.4785714,32.8892963,0 -114.4789717,32.8890055,0 -114.4791024,32.8889622,0 -114.4792147,32.8890552,0 -114.4793724,32.8893283,0 -114.4794547,32.8897074,0 -114.4794775,32.8901517,0 -114.4799527,32.8901567,0 -114.4802253,32.8900508,0 -114.4803885,32.8902282,0 -114.4805308,32.8906252,0 -114.4803227,32.8910817,0 -114.480497,32.8914856,0 -114.4804106,32.8919986,0 -114.4802858,32.8921458,0 -114.4800538,32.8922543,0 -114.4797056,32.8922926,0 -114.4798702,32.8925011,0 -114.4803159,32.8928536,0 -114.4805851,32.8929965,0 -114.4807494,32.8932052,0 -114.4807498,32.8933293,0 -114.4812627,32.8936243,0 -114.481515,32.8939427,0 -114.481547,32.8941213,0 -114.4812459,32.8943083,0 -114.4810752,32.8949298,0 -114.4810828,32.8954905,0 -114.4807819,32.8956776,0 -114.4799807,32.8958197,0 -114.4802008,32.8965988,0 -114.4804922,32.8966394,0 -114.4813861,32.8970643,0 -114.4816258,32.8976411,0 -114.4818845,32.8976381,0 -114.482378,32.8974956,0 -114.4826634,32.8975981,0 -114.4833836,32.897658,0 -114.4837129,32.8974313,0 -114.48455,32.8970426,0 -114.4856405,32.8969618,0 -114.4859748,32.8970677,0 -114.4864094,32.8972843,0 -114.4867877,32.8973099,0 -114.4870755,32.8972603,0 -114.4872133,32.897111,0 -114.4873088,32.8966298,0 -114.4879048,32.8963178,0 -114.4881343,32.8959805,0 -114.4882521,32.8959056,0 -114.489195,32.8959399,0 -114.4893544,32.8959702,0 -114.4893865,32.896043,0 -114.4893877,32.8963817,0 -114.489469,32.8966844,0 -114.4896138,32.8968396,0 -114.4897953,32.896873,0 -114.4896644,32.897082,0 -114.489408,32.8971888,0 -114.4894321,32.8977032,0 -114.490078,32.8985261,0 -114.4904449,32.8986862,0 -114.4907851,32.8987304,0 -114.4912067,32.8986969,0 -114.4914089,32.898747,0 -114.4912898,32.8989828,0 -114.4912749,32.8991376,0 -114.4913916,32.8993323,0 -114.4918212,32.8997249,0 -114.4934782,32.9001501,0 -114.494542,32.900472,0 -114.4949946,32.9005236,0 -114.4953273,32.9004946,0 -114.4961111,32.9002786,0 -114.4969555,32.9003261,0 -114.497715,32.9002296,0 -114.4989984,32.9003206,0 -114.4996445,32.9001262,0 -114.5002556,32.9001679,0 -114.5012417,32.8998929,0 -114.5018395,32.8998198,0 -114.5028079,32.8998548,0 -114.5064702,32.9005416,0 -114.5083107,32.9011035,0 -114.5094711,32.9015775,0 -114.5101769,32.9024248,0 -114.5110739,32.9030778,0 -114.5116699,32.9031498,0 -114.5124721,32.9029971,0 -114.5136247,32.9029096,0 -114.5157396,32.9034384,0 -114.5174997,32.9035585,0 -114.5195116,32.903364,0 -114.5201706,32.9034192,0 -114.5207467,32.903573,0 -114.521326,32.9038201,0 -114.5216762,32.9041448,0 -114.5225387,32.9047747,0 -114.5234623,32.9051493,0 -114.5243905,32.9052232,0 -114.5254792,32.9051627,0 -114.526774,32.9048773,0 -114.5294238,32.9040617,0 -114.5299001,32.9039696,0 -114.5313834,32.9033859,0 -114.532199,32.9027075,0 -114.5323942,32.9025964,0 -114.5325675,32.902328,0 -114.5326361,32.9013568,0 -114.5331371,32.900623,0 -114.5335736,32.9004347,0 -114.5341151,32.8996622,0 -114.5343798,32.8995972,0 -114.5347924,32.8992723,0 -114.5355946,32.8982163,0 -114.5358713,32.8980275,0 -114.5370305,32.8977435,0 -114.5373765,32.8973413,0 -114.537457,32.8970149,0 -114.5378019,32.8968827,0 -114.5380305,32.8966802,0 -114.5394485,32.8961332,0 -114.5398854,32.8960696,0 -114.5403883,32.8958279,0 -114.5411628,32.8953201,0 -114.5419233,32.8945728,0 -114.5424368,32.8944328,0 -114.5428148,32.8943842,0 -114.5434271,32.8944157,0 -114.5437767,32.8944913,0 -114.5440779,32.8944287,0 -114.544251,32.8943228,0 -114.544375,32.8943055,0 -114.5445138,32.8943755,0 -114.5446847,32.8943872,0 -114.5452345,32.8942999,0 -114.5455889,32.8943241,0 -114.5459519,32.8941309,0 -114.5464934,32.8940018,0 -114.5467883,32.8938765,0 -114.5468368,32.8937554,0 -114.5469924,32.8936725,0 -114.5474617,32.8936526,0 -114.5484056,32.8933508,0 -114.548892,32.8931064,0 -114.549455,32.8927503,0 -114.5514129,32.8923074,0 -114.5538073,32.8912403,0 -114.5544966,32.8909759,0 -114.5551483,32.8905945,0 -114.5552526,32.8904044,0 -114.5555016,32.8902449,0 -114.5555835,32.8900325,0 -114.5557592,32.8898679,0 -114.55593,32.8894955,0 -114.5563219,32.889771,0 -114.556632,32.8898755,0 -114.5568341,32.890076,0 -114.5577535,32.8906266,0 -114.5580497,32.8908749,0 -114.5587763,32.8916404,0 -114.559226,32.8924705,0 -114.5596194,32.8928603,0 -114.5601954,32.8936573,0 -114.5611249,32.8944888,0 -114.5612565,32.8949126,0 -114.5613661,32.8950551,0 -114.5636078,32.8967022,0 -114.5648992,32.8969665,0 -114.5655191,32.8971747,0 -114.5662195,32.8976997,0 -114.566796,32.8979779,0 -114.5672169,32.8983385,0 -114.5681984,32.8988825,0 -114.5684766,32.8989327,0 -114.568746,32.8990754,0 -114.5689747,32.8992572,0 -114.5690691,32.8994296,0 -114.5694409,32.899787,0 -114.5695561,32.900127,0 -114.5698202,32.9001968,0 -114.5703806,32.9002555,0 -114.5716182,32.9001841,0 -114.571624,32.8998625,0 -114.5717516,32.8996842,0 -114.5718762,32.8991531,0 -114.5725933,32.8988593,0 -114.5730191,32.8985153,0 -114.5733288,32.8981759,0 -114.5736995,32.8974906,0 -114.5749745,32.89763,0 -114.5754449,32.8975995,0 -114.5757546,32.8973196,0 -114.5761105,32.8968145,0 -114.5776161,32.8957333,0 -114.5779744,32.8955914,0 -114.5786153,32.8954481,0 -114.5793623,32.8949692,0 -114.5800706,32.8946792,0 -114.5801805,32.8946104,0 -114.5802968,32.894365,0 -114.5804502,32.8941816,0 -114.5806095,32.8941178,0 -114.5810997,32.8941654,0 -114.5821984,32.8939682,0 -114.582793,32.8941517,0 -114.5834449,32.8942187,0 -114.5837812,32.8945632,0 -114.5837463,32.8938964,0 -114.5838189,32.8936521,0 -114.5843899,32.8929541,0 -114.5848658,32.8922181,0 -114.5846288,32.8919945,0 -114.5834941,32.8913776,0 -114.5830649,32.8909749,0 -114.582796,32.8905727,0 -114.5820936,32.8890302,0 -114.5817859,32.888127,0 -114.581887,32.8875838,0 -114.582439,32.8876005,0 -114.5834016,32.8882157,0 -114.5838962,32.8887059,0 -114.5846469,32.8896082,0 -114.585279,32.8900764,0 -114.5857224,32.8901999,0 -114.5869166,32.8909662,0 -114.5871517,32.8912104,0 -114.5873947,32.8913723,0 -114.5875585,32.8913314,0 -114.5882552,32.890735,0 -114.5885116,32.8906276,0 -114.5889895,32.8907693,0 -114.5893529,32.890965,0 -114.5895293,32.8913092,0 -114.5894455,32.8915423,0 -114.5891355,32.8916978,0 -114.5890791,32.8919015,0 -114.5892606,32.8921942,0 -114.5897091,32.8926501,0 -114.5899695,32.8927613,0 -114.5902584,32.8929573,0 -114.5905541,32.8930809,0 -114.5908221,32.8931097,0 -114.5911322,32.8932137,0 -114.5914293,32.8937113,0 -114.5922505,32.8946493,0 -114.5917036,32.8949652,0 -114.5912409,32.8951725,0 -114.5909954,32.8954257,0 -114.5913694,32.8957625,0 -114.5919128,32.896387,0 -114.5919304,32.8967201,0 -114.5918407,32.8970151,0 -114.5918437,32.8972436,0 -114.5917046,32.8976702,0 -114.5918204,32.8978752,0 -114.5920145,32.8980337,0 -114.5921337,32.8983325,0 -114.5924287,32.8987261,0 -114.5929288,32.898511,0 -114.5930878,32.8985215,0 -114.5932871,32.8983692,0 -114.5939314,32.8983192,0 -114.5946207,32.8979297,0 -114.5949992,32.8978312,0 -114.5952705,32.897954,0 -114.5954648,32.8981119,0 -114.5955836,32.8982858,0 -114.595562,32.8985129,0 -114.5960384,32.8993236,0 -114.5960197,32.9000672,0 -114.5957114,32.900433,0 -114.5954336,32.9005076,0 -114.5950702,32.9008358,0 -114.5948881,32.9011974,0 -114.5946666,32.9013276,0 -114.5949267,32.9016981,0 -114.594858,32.9019011,0 -114.5948375,32.9021178,0 -114.5948922,32.9023187,0 -114.5948246,32.9027708,0 -114.5949811,32.902937,0 -114.5952832,32.9031236,0 -114.5956901,32.9032446,0 -114.5958885,32.9033578,0 -114.5962478,32.9041087,0 -114.5964899,32.9042807,0 -114.5967068,32.9043265,0 -114.596905,32.9044438,0 -114.5970579,32.9047759,0 -114.597181,32.905293,0 -114.596858,32.905842,0 -114.5973859,32.9065005,0 -114.5989981,32.9080526,0 -114.599315,32.9086035,0 -114.5993462,32.9087923,0 -114.5996401,32.9091964,0 -114.6004229,32.9096335,0 -114.6010793,32.9102382,0 -114.6011606,32.9104173,0 -114.6013978,32.9106409,0 -114.6019798,32.9109917,0 -114.6023238,32.9114191,0 -114.6028802,32.9118939,0 -114.603127,32.9119781,0 -114.6034186,32.9121686,0 -114.6040404,32.9131346,0 -114.6044859,32.9140159,0 -114.6047617,32.9142213,0 -114.6051319,32.9145994,0 -114.6050942,32.9148666,0 -114.6052393,32.9150218,0 -114.6055436,32.9151877,0 -114.6057226,32.9153765,0 -114.6058589,32.9158838,0 -114.6057291,32.9163422,0 -114.6058593,32.9165274,0 -114.6060074,32.9169112,0 -114.6060977,32.9176438,0 -114.6065358,32.9182134,0 -114.6069343,32.9185517,0 -114.6072406,32.918697,0 -114.6080947,32.9192946,0 -114.6083386,32.9197056,0 -114.6084417,32.9200447,0 -114.6087735,32.9201813,0 -114.6089554,32.920339,0 -114.6111271,32.9213161,0 -114.6115674,32.9216055,0 -114.612145,32.9221323,0 -114.6126532,32.9223537,0 -114.6129868,32.9227293,0 -114.6133326,32.922846,0 -114.6137699,32.9231662,0 -114.6140565,32.9235177,0 -114.6143662,32.9237567,0 -114.6142814,32.9238713,0 -114.6140515,32.9239596,0 -114.6141492,32.9242257,0 -114.6143313,32.9243834,0 -114.6144956,32.9244671,0 -114.6150165,32.9245541,0 -114.6159308,32.9246472,0 -114.61665,32.9248514,0 -114.6171149,32.924879,0 -114.617624,32.9248341,0 -114.6177426,32.9249315,0 -114.6179077,32.9252168,0 -114.6188522,32.9260279,0 -114.6189918,32.926245,0 -114.619312,32.9263704,0 -114.6196444,32.9268911,0 -114.6200459,32.9269389,0 -114.6209113,32.9275476,0 -114.6213327,32.9276487,0 -114.6215194,32.9277547,0 -114.6216384,32.9279289,0 -114.6216457,32.9285004,0 -114.6218862,32.9285579,0 -114.6220306,32.9287235,0 -114.6220295,32.9295124,0 -114.622074,32.9296919,0 -114.6223168,32.9299886,0 -114.6231633,32.9298614,0 -114.6237703,32.929848,0 -114.6241548,32.9299466,0 -114.6245162,32.9301578,0 -114.6247556,32.9303608,0 -114.6255514,32.9303881,0 -114.6255848,32.9305208,0 -114.6257688,32.9307203,0 -114.6259335,32.9307878,0 -114.6261161,32.9312001,0 -114.6260425,32.9314186,0 -114.6265095,32.9319843,0 -114.6258964,32.932348,0 -114.6257026,32.9325736,0 -114.6256972,32.93276,0 -114.6253494,32.9330531,0 -114.625142,32.9331638,0 -114.6253637,32.933293,0 -114.6256185,32.9335905,0 -114.625504,32.9337592,0 -114.6251669,32.9340685,0 -114.6245934,32.9344036,0 -114.6244554,32.9345604,0 -114.6243004,32.9352869,0 -114.6245548,32.9359789,0 -114.6247988,32.9363898,0 -114.6247567,32.9368333,0 -114.6248227,32.9370454,0 -114.624789,32.9372716,0 -114.6245464,32.937494,0 -114.6244983,32.9377398,0 -114.6245668,32.9380558,0 -114.6247653,32.9384933,0 -114.6246866,32.9387377,0 -114.6241044,32.938906,0 -114.6243535,32.939265,0 -114.6245571,32.9394555,0 -114.6247381,32.939883,0 -114.6247212,32.9405775,0 -114.6247775,32.9408924,0 -114.6246577,32.9415074,0 -114.6250435,32.9427584,0 -114.6250309,32.9428925,0 -114.6250895,32.9430521,0 -114.6250397,32.9433187,0 -114.6248568,32.9434948,0 -114.6252984,32.9435749,0 -114.62546,32.9436895,0 -114.6257168,32.9437071,0 -114.626008,32.9436229,0 -114.6264014,32.9436287,0 -114.626674,32.9432215,0 -114.6269901,32.943004,0 -114.6274129,32.9429598,0 -114.627477,32.9426734,0 -114.6274658,32.9424028,0 -114.6275555,32.9421384,0 -114.6277667,32.9422155,0 -114.6280226,32.9422433,0 -114.6281914,32.9424103,0 -114.628572,32.9425501,0 -114.6289337,32.9427615,0 -114.6291284,32.942785,0 -114.6294098,32.9428039,0 -114.6297679,32.942662,0 -114.6306839,32.9426095,0 -114.6309381,32.9426522,0 -114.6311136,32.9427528,0 -114.6313422,32.9428097,0 -114.6315144,32.9428109,0 -114.6318295,32.9426546,0 -114.631952,32.942719,0 -114.6320799,32.9431643,0 -114.6322822,32.9434529,0 -114.6323986,32.9435833,0 -114.6324978,32.9436216,0 -114.6325641,32.9437884,0 -114.6326601,32.9438288,0 -114.6329636,32.9435096,0 -114.6333358,32.9432175,0 -114.6347846,32.9429897,0 -114.6349714,32.9430961,0 -114.6354632,32.9432329,0 -114.6362496,32.9433795,0 -114.6366317,32.9433741,0 -114.6369021,32.9436412,0 -114.637281,32.9438018,0 -114.6375824,32.9436875,0 -114.6379403,32.943708,0 -114.6384388,32.9439215,0 -114.638757,32.9442025,0 -114.6389263,32.9442346,0 -114.639125,32.9442168,0 -114.6393467,32.9440864,0 -114.639812,32.9439828,0 -114.6402618,32.9440443,0 -114.6407336,32.9440001,0 -114.6410393,32.944024,0 -114.6411626,32.9440771,0 -114.641585,32.9443722,0 -114.6416722,32.9444924,0 -114.6416707,32.944897,0 -114.6418057,32.9450308,0 -114.6419824,32.9451153,0 -114.6422875,32.9454058,0 -114.6427947,32.9453777,0 -114.643126,32.9456716,0 -114.6425286,32.9461073,0 -114.642302,32.9465487,0 -114.642374,32.9466989,0 -114.6432973,32.9476123,0 -114.6435853,32.9478186,0 -114.6444677,32.9482518,0 -114.6442593,32.9483727,0 -114.6439613,32.9487886,0 -114.6437201,32.9488657,0 -114.6435962,32.9490027,0 -114.6435302,32.9493097,0 -114.6431637,32.9499287,0 -114.6436757,32.9499839,0 -114.6439002,32.9500503,0 -114.6440349,32.9502207,0 -114.6440335,32.9504959,0 -114.6436293,32.9506037,0 -114.6440917,32.9510502,0 -114.6447412,32.951343,0 -114.6449166,32.9515727,0 -114.6444587,32.9519852,0 -114.6440808,32.9522342,0 -114.6440533,32.9525151,0 -114.6442062,32.9527608,0 -114.6444935,32.9530465,0 -114.6449886,32.9537159,0 -114.645703,32.9539272,0 -114.6461812,32.9544681,0 -114.6470912,32.9544179,0 -114.6473988,32.9543528,0 -114.6477207,32.9545925,0 -114.6479567,32.9547018,0 -114.6479802,32.9549734,0 -114.6481141,32.9552522,0 -114.6480445,32.9554657,0 -114.6477612,32.9557268,0 -114.6474744,32.9558943,0 -114.6474646,32.9559976,0 -114.6473883,32.9560235,0 -114.6474603,32.9564332,0 -114.6475862,32.956535,0 -114.6477618,32.95663,0 -114.6482473,32.9567042,0 -114.6486326,32.9569275,0 -114.6497491,32.957231,0 -114.6499572,32.957245,0 -114.6503064,32.9570968,0 -114.6504459,32.9572178,0 -114.6506809,32.9573008,0 -114.6509646,32.9575503,0 -114.6514248,32.9577009,0 -114.6518461,32.9579152,0 -114.6520284,32.9582564,0 -114.6520505,32.9584136,0 -114.6523519,32.9586104,0 -114.6524449,32.9590194,0 -114.6526878,32.9591432,0 -114.6529359,32.9592092,0 -114.6532615,32.9590746,0 -114.6535819,32.9590053,0 -114.6536602,32.9589031,0 -114.6536486,32.9585065,0 -114.6534999,32.9582158,0 -114.6530795,32.9576922,0 -114.652976,32.9573387,0 -114.6529351,32.9568407,0 -114.6528705,32.9566959,0 -114.6532584,32.9566314,0 -114.6534981,32.9561689,0 -114.6535587,32.9559418,0 -114.6542886,32.9558837,0 -114.6549842,32.9559801,0 -114.6553468,32.9558724,0 -114.6555561,32.9557293,0 -114.6557412,32.955742,0 -114.6558763,32.9559698,0 -114.6569832,32.9566838,0 -114.657365,32.9570975,0 -114.6577919,32.9572416,0 -114.6580407,32.9574071,0 -114.6584095,32.95744,0 -114.6586013,32.9573787,0 -114.6586203,32.9572808,0 -114.6585422,32.9571814,0 -114.6585085,32.9569103,0 -114.6585395,32.9567886,0 -114.6586277,32.9566943,0 -114.6586217,32.9565717,0 -114.6584884,32.9562569,0 -114.6576825,32.9558107,0 -114.6575665,32.9555882,0 -114.6575245,32.9552059,0 -114.6576016,32.9546993,0 -114.6575619,32.9542922,0 -114.6576188,32.9541062,0 -114.6584439,32.9541782,0 -114.6590077,32.9543235,0 -114.6593377,32.9543539,0 -114.6598019,32.9543109,0 -114.6601357,32.9540939,0 -114.6603861,32.9538088,0 -114.6605528,32.9537644,0 -114.6605506,32.9548558,0 -114.6611206,32.9551063,0 -114.661274,32.955227,0 -114.6617001,32.9552598,0 -114.6618442,32.9553183,0 -114.6622465,32.9555907,0 -114.6625514,32.9559813,0 -114.6625437,32.9560634,0 -114.6623019,32.9562368,0 -114.6621177,32.9565298,0 -114.662486,32.9569839,0 -114.6625016,32.9572324,0 -114.6626224,32.9576118,0 -114.6625364,32.9580023,0 -114.6625502,32.9581683,0 -114.6627666,32.9583645,0 -114.6629423,32.958368,0 -114.6630127,32.9584553,0 -114.6632871,32.9589688,0 -114.6632745,32.9593064,0 -114.6637034,32.9595756,0 -114.6642693,32.959562,0 -114.6648099,32.9596313,0 -114.66512,32.9598016,0 -114.6651971,32.9599242,0 -114.6654929,32.9601801,0 -114.6656751,32.9602235,0 -114.6658192,32.9602193,0 -114.6662424,32.9599817,0 -114.6665151,32.9599462,0 -114.6667247,32.9598641,0 -114.6668972,32.9604562,0 -114.667008,32.9605434,0 -114.6672273,32.9605718,0 -114.6679227,32.9605219,0 -114.6681608,32.9604046,0 -114.6685592,32.9603631,0 -114.6688891,32.9601872,0 -114.6690735,32.9601541,0 -114.6693642,32.9602357,0 -114.6695942,32.9601849,0 -114.6700418,32.960215,0 -114.670747,32.9604192,0 -114.6708703,32.9603711,0 -114.6713998,32.9603476,0 -114.6718286,32.9603681,0 -114.6722304,32.9604692,0 -114.6723949,32.9603968,0 -114.6726591,32.9604899,0 -114.6729236,32.9606975,0 -114.673062,32.9608883,0 -114.6733723,32.9610247,0 -114.6736058,32.9610401,0 -114.6738666,32.9611816,0 -114.6742569,32.9612987,0 -114.6748042,32.9613106,0 -114.6750833,32.9612549,0 -114.6758375,32.9604226,0 -114.676034,32.960312,0 -114.6766083,32.9594634,0 -114.6769694,32.9594256,0 -114.6770251,32.9595615,0 -114.6772199,32.9596817,0 -114.6776957,32.9596147,0 -114.6780367,32.9594228,0 -114.6785719,32.9594589,0 -114.6787803,32.959484,0 -114.6790868,32.9597079,0 -114.6791866,32.9595824,0 -114.6795237,32.9594401,0 -114.6797574,32.9594477,0 -114.6800936,32.9596026,0 -114.6806299,32.9600591,0 -114.6808537,32.9600741,0 -114.68102,32.9602831,0 -114.6816138,32.9604223,0 -114.6817159,32.9607923,0 -114.6818097,32.9609387,0 -114.6821018,32.9611648,0 -114.6822276,32.9613876,0 -114.6826426,32.961762,0 -114.682993,32.9613064,0 -114.6831806,32.9612438,0 -114.6836558,32.9608811,0 -114.6838957,32.9608844,0 -114.6842997,32.9607486,0 -114.6848192,32.9608978,0 -114.6853374,32.9611143,0 -114.6855437,32.9606906,0 -114.6855637,32.9604774,0 -114.685738,32.9602908,0 -114.6863737,32.9601931,0 -114.6868169,32.9599587,0 -114.6870287,32.9599978,0 -114.6874133,32.9602795,0 -114.6875938,32.9607538,0 -114.6878302,32.9610501,0 -114.6880927,32.9610678,0 -114.68832,32.9611492,0 -114.6889009,32.9615627,0 -114.6890853,32.9615476,0 -114.6893636,32.9613939,0 -114.6897175,32.9609704,0 -114.6905594,32.9612796,0 -114.6910737,32.9615399,0 -114.6913801,32.9619236,0 -114.6913203,32.9623486,0 -114.6913299,32.9626631,0 -114.6913924,32.9628322,0 -114.691677,32.963033,0 -114.6919041,32.9634277,0 -114.6921093,32.9636397,0 -114.6924145,32.9639324,0 -114.6926185,32.9640532,0 -114.6928415,32.9640767,0 -114.693022,32.9640308,0 -114.6933751,32.9641289,0 -114.693638,32.96404,0 -114.6939446,32.9636965,0 -114.6942911,32.9634475,0 -114.6946859,32.9628961,0 -114.6954257,32.9630019,0 -114.6958398,32.9632209,0 -114.6958962,32.9636621,0 -114.6960222,32.9637778,0 -114.6964349,32.9639706,0 -114.6966383,32.9637859,0 -114.6968639,32.9637184,0 -114.6973115,32.9631873,0 -114.6974902,32.9627455,0 -114.6982952,32.9620978,0 -114.6986252,32.9619217,0 -114.6991371,32.9619973,0 -114.699638,32.9621877,0 -114.6997241,32.9624162,0 -114.6997615,32.9629552,0 -114.7003335,32.962911,0 -114.7007896,32.9633704,0 -114.7007775,32.9638839,0 -114.7008253,32.964058,0 -114.7009269,32.9641403,0 -114.7011699,32.964114,0 -114.7014694,32.9638452,0 -114.7020569,32.963637,0 -114.7021509,32.9634701,0 -114.702356,32.9634753,0 -114.702775,32.963289,0 -114.7031795,32.9626309,0 -114.7035324,32.9623159,0 -114.7035686,32.9619306,0 -114.7034862,32.961661,0 -114.703511,32.9613985,0 -114.7036276,32.9612,0 -114.7036662,32.9607898,0 -114.7038961,32.960533,0 -114.7041472,32.9603597,0 -114.7043854,32.9603262,0 -114.7053417,32.9604645,0 -114.7054386,32.9602647,0 -114.7056071,32.9602429,0 -114.7061182,32.9606402,0 -114.7065376,32.9610727,0 -114.7066739,32.9612881,0 -114.7066743,32.9617009,0 -114.7068287,32.9619341,0 -114.7076196,32.9620583,0 -114.7078752,32.9621526,0 -114.7080115,32.962368,0 -114.7080022,32.9627307,0 -114.7078437,32.9630088,0 -114.7082352,32.9635303,0 -114.708211,32.963679,0 -114.7079619,32.9638708,0 -114.7078673,32.9640213,0 -114.7079424,32.9644449,0 -114.7078053,32.9651852,0 -114.7079455,32.9658797,0 -114.7082126,32.9664753,0 -114.7083923,32.9665451,0 -114.7087305,32.9665924,0 -114.7087377,32.9669313,0 -114.7088877,32.9671064,0 -114.709221,32.9673101,0 -114.7096926,32.9672923,0 -114.7103595,32.9670728,0 -114.7105886,32.9670881,0 -114.7110364,32.9672666,0 -114.7113576,32.9672881,0 -114.7115266,32.9673653,0 -114.7117319,32.9675771,0 -114.7120047,32.9676944,0 -114.7122962,32.9676148,0 -114.7126953,32.967848,0 -114.7129647,32.9678989,0 -114.7131231,32.9679837,0 -114.7133462,32.9682131,0 -114.7135803,32.9683279,0 -114.7138811,32.9683562,0 -114.714017,32.9682664,0 -114.71457,32.9686334,0 -114.7147879,32.9691267,0 -114.7149695,32.9692792,0 -114.7152072,32.9693528,0 -114.7154488,32.9697577,0 -114.715414,32.9701087,0 -114.7152019,32.9701488,0 -114.7145317,32.9701176,0 -114.7141248,32.9701851,0 -114.7134713,32.9702044,0 -114.7133391,32.970262,0 -114.712738,32.9707995,0 -114.7126526,32.9709573,0 -114.7127214,32.9710807,0 -114.7129186,32.9712181,0 -114.7130549,32.9714291,0 -114.7132126,32.9714722,0 -114.7136735,32.9714824,0 -114.7141489,32.9716651,0 -114.7144087,32.9716098,0 -114.7147845,32.9717837,0 -114.7151588,32.9720951,0 -114.7153517,32.9721312,0 -114.7155919,32.9719448,0 -114.7165232,32.9716841,0 -114.7169556,32.9716179,0 -114.717219,32.972038,0 -114.7174648,32.9721332,0 -114.7178029,32.971984,0 -114.7178577,32.9715694,0 -114.7185388,32.9716555,0 -114.7187071,32.971572,0 -114.7191223,32.9715862,0 -114.719279,32.9714246,0 -114.7194498,32.9708971,0 -114.7195324,32.9708029,0 -114.7197681,32.9706835,0 -114.7198166,32.9705112,0 -114.7202649,32.9696628,0 -114.7204352,32.9697282,0 -114.7209926,32.9697654,0 -114.7216042,32.9697387,0 -114.7219542,32.9699377,0 -114.7225352,32.9704088,0 -114.7227358,32.9704898,0 -114.7231342,32.9705165,0 -114.7236062,32.9708052,0 -114.7237913,32.9708575,0 -114.7241056,32.9708522,0 -114.7242395,32.971036,0 -114.7243674,32.9710962,0 -114.7245354,32.9710329,0 -114.7248025,32.9708439,0 -114.7250132,32.9704803,0 -114.7255279,32.97046,0 -114.726015,32.9702221,0 -114.7261141,32.9698505,0 -114.7261259,32.9695541,0 -114.726037,32.9693049,0 -114.726138,32.9691136,0 -114.7263382,32.9690149,0 -114.7268897,32.9690514,0 -114.7273031,32.9691715,0 -114.7277122,32.9691857,0 -114.7281456,32.9690271,0 -114.7283686,32.9687292,0 -114.728664,32.968654,0 -114.7297675,32.9687402,0 -114.7300309,32.9686528,0 -114.7304608,32.9684149,0 -114.7312667,32.9685233,0 -114.7325004,32.9689251,0 -114.7328486,32.9689754,0 -114.7334068,32.9686613,0 -114.7344828,32.9683006,0 -114.734694,32.9680984,0 -114.7350453,32.9675844,0 -114.7352412,32.9673917,0 -114.7354462,32.9672569,0 -114.7357454,32.9671416,0 -114.7369543,32.9672491,0 -114.737407,32.9673739,0 -114.7377082,32.9674075,0 -114.7380008,32.9675351,0 -114.7383301,32.9676112,0 -114.7389251,32.9679344,0 -114.7392705,32.9680116,0 -114.7399237,32.968055,0 -114.7409452,32.9682715,0 -114.7412685,32.9684147,0 -114.741676,32.9686852,0 -114.7418608,32.9689366,0 -114.7418095,32.9693115,0 -114.7414532,32.9696932,0 -114.7412611,32.9720856,0 -114.7414758,32.9725322,0 -114.7415486,32.9727803,0 -114.7415381,32.9730634,0 -114.7418375,32.9739752,0 -114.7417974,32.9744048,0 -114.7418944,32.9747355,0 -114.7421023,32.9749115,0 -114.7426281,32.9749466,0 -114.7431169,32.9750333,0 -114.7433537,32.9749765,0 -114.7437671,32.9750017,0 -114.7454693,32.9758208,0 -114.7454592,32.9759739,0 -114.7452807,32.976175,0 -114.7451601,32.9764964,0 -114.7451323,32.9767928,0 -114.7451846,32.976918,0 -114.7453867,32.9769854,0 -114.7455776,32.9771738,0 -114.7458835,32.9773293,0 -114.7460598,32.9775031,0 -114.746601,32.9777147,0 -114.7467795,32.9778616,0 -114.7468537,32.9780965,0 -114.7468048,32.9786202,0 -114.7467245,32.9787905,0 -114.7464643,32.979003,0 -114.7464134,32.9792023,0 -114.7469939,32.9800246,0 -114.7474609,32.9805151,0 -114.7474956,32.9808281,0 -114.7480244,32.9816876,0 -114.747998,32.9819697,0 -114.7477904,32.982303,0 -114.7476348,32.9827655,0 -114.7473495,32.9830709,0 -114.7473155,32.9834334,0 -114.7471949,32.9836957,0 -114.7473705,32.9840453,0 -114.7475699,32.9841903,0 -114.7476421,32.9843041,0 -114.7474399,32.9852583,0 -114.7470324,32.9860515,0 -114.7460826,32.9865449,0 -114.7459409,32.9868465,0 -114.7459503,32.9870693,0 -114.746468,32.987314,0 -114.7467048,32.9882179,0 -114.7466961,32.9885342,0 -114.7460548,32.9890182,0 -114.7458077,32.9894346,0 -114.7459525,32.9897278,0 -114.7456354,32.9900533,0 -114.7455055,32.9906336,0 -114.7453662,32.990991,0 -114.7457522,32.9917695,0 -114.7457481,32.9921972,0 -114.7459,32.9926574,0 -114.7461202,32.9931713,0 -114.7463555,32.9935176,0 -114.7465797,32.9936038,0 -114.7466505,32.9937132,0 -114.7467371,32.9941938,0 -114.7469047,32.994505,0 -114.7471848,32.9944929,0 -114.7474077,32.9943578,0 -114.7477639,32.9943685,0 -114.7480523,32.9944701,0 -114.748699,32.9948543,0 -114.7491903,32.9950536,0 -114.7496234,32.9950832,0 -114.7499006,32.9950323,0 -114.7502905,32.9946352,0 -114.7505369,32.9944564,0 -114.7507716,32.9945992,0 -114.7513118,32.9947543,0 -114.7518084,32.9950819,0 -114.7523747,32.9952576,0 -114.7527445,32.995589,0 -114.752802,32.9962394,0 -114.752711,32.9968684,0 -114.7524603,32.9971489,0 -114.7523022,32.9976384,0 -114.7518215,32.998147,0 -114.7512243,32.9987018,0 -114.7507787,32.9990099,0 -114.7505269,32.9991283,0 -114.7502018,32.999161,0 -114.7498642,32.9993543,0 -114.7497381,32.9993326,0 -114.7497507,32.9991981,0 -114.7496689,32.9990441,0 -114.7494215,32.9989465,0 -114.7492141,32.9989328,0 -114.749057,32.9995844,0 -114.7487772,33.0001738,0 -114.7486715,33.0009586,0 -114.7483017,33.0023393,0 -114.7482878,33.002487,0 -114.7484475,33.0028354,0 -114.7484136,33.003198,0 -114.7479505,33.0040321,0 -114.7479752,33.0044526,0 -114.7487414,33.0050035,0 -114.749007,33.0051161,0 -114.7492561,33.0051592,0 -114.7497497,33.0058814,0 -114.7500214,33.0060617,0 -114.7503459,33.0061913,0 -114.7506831,33.0061867,0 -114.7507737,33.0067603,0 -114.750982,33.0072252,0 -114.7516893,33.0079426,0 -114.7519511,33.0080823,0 -114.7524666,33.0082216,0 -114.7525989,33.0085031,0 -114.752622,33.0091261,0 -114.7522583,33.0093993,0 -114.7520378,33.0100414,0 -114.7520379,33.0105548,0 -114.7518227,33.0113108,0 -114.7521713,33.0116987,0 -114.7524748,33.0118811,0 -114.7532215,33.0124714,0 -114.7540947,33.0129077,0 -114.7545653,33.0130202,0 -114.754165,33.013556,0 -114.7535646,33.0141157,0 -114.7530997,33.0146251,0 -114.7529105,33.0147613,0 -114.752059,33.0149478,0 -114.752007,33.0151605,0 -114.7523946,33.0161593,0 -114.7522111,33.0169171,0 -114.7519801,33.0171586,0 -114.7520643,33.0173729,0 -114.7523982,33.0176594,0 -114.7529348,33.0179248,0 -114.7535811,33.0183867,0 -114.7538378,33.018728,0 -114.7539944,33.0184278,0 -114.7542234,33.0182804,0 -114.7546028,33.0182656,0 -114.7549536,33.0182889,0 -114.7562619,33.0188757,0 -114.7564688,33.0190652,0 -114.756698,33.019698,0 -114.7568289,33.0198418,0 -114.7575111,33.0202655,0 -114.7580946,33.0208852,0 -114.7583218,33.0209105,0 -114.7585203,33.020792,0 -114.7589596,33.0207905,0 -114.7596568,33.0209892,0 -114.7598959,33.0210051,0 -114.760316,33.0206277,0 -114.7604857,33.0205309,0 -114.7607236,33.0205601,0 -114.7609084,33.0206401,0 -114.7611442,33.0205206,0 -114.7615057,33.0200853,0 -114.7616892,33.0200347,0 -114.7618773,33.0200604,0 -114.7624186,33.0204431,0 -114.7627203,33.0204767,0 -114.7629281,33.0206526,0 -114.7631367,33.0206531,0 -114.7634018,33.0205624,0 -114.7635485,33.0203696,0 -114.7635486,33.020194,0 -114.7637268,33.0194897,0 -114.7639374,33.0191254,0 -114.7640538,33.018741,0 -114.7642219,33.0186578,0 -114.7645765,33.0186408,0 -114.7654398,33.0190089,0 -114.7668349,33.0192937,0 -114.7687155,33.0193147,0 -114.7689041,33.0191849,0 -114.7691642,33.0191481,0 -114.7697061,33.0191842,0 -114.7705149,33.0194542,0 -114.7710027,33.019554,0 -114.772096,33.0193564,0 -114.772925,33.0194105,0 -114.7735578,33.0193318,0 -114.7738938,33.0193406,0 -114.7742494,33.0194858,0 -114.7752485,33.0201197,0 -114.775719,33.0209211,0 -114.7762741,33.0216742,0 -114.7768457,33.0222526,0 -114.7771304,33.0226362,0 -114.7775264,33.0233787,0 -114.7777623,33.0236826,0 -114.77811,33.024512,0 -114.7787807,33.0252322,0 -114.77917,33.0255282,0 -114.7798387,33.0259238,0 -114.782204,33.026878,0 -114.7827067,33.0273063,0 -114.7832063,33.0278228,0 -114.7837368,33.0281553,0 -114.7843041,33.0284361,0 -114.7846837,33.0288396,0 -114.785373,33.0293582,0 -114.7858919,33.0299872,0 -114.7876012,33.0307492,0 -114.7881778,33.0312739,0 -114.7889936,33.0318144,0 -114.7898725,33.032197,0 -114.7904945,33.0327515,0 -114.7909065,33.0333194,0 -114.7910652,33.0336812,0 -114.7913824,33.0340673,0 -114.7919595,33.0349296,0 -114.7925519,33.0354554,0 -114.7927929,33.0357957,0 -114.7933294,33.0362365,0 -114.7961965,33.0378318,0 -114.7972539,33.038568,0 -114.7976792,33.0393083,0 -114.7981603,33.0398264,0 -114.7984472,33.0405347,0 -114.798671,33.0408874,0 -114.7992334,33.0412219,0 -114.8008909,33.0418722,0 -114.801456,33.0419907,0 -114.8021258,33.0420348,0 -114.8035737,33.0425091,0 -114.8040367,33.0428775,0 -114.8046181,33.0436997,0 -114.8047354,33.0438156,0 -114.8049352,33.0439099,0 -114.8055041,33.0440016,0 -114.8058815,33.044118,0 -114.8067704,33.0445312,0 -114.8079342,33.0447839,0 -114.8083808,33.0448133,0 -114.8087875,33.045097,0 -114.8091372,33.0451336,0 -114.8098724,33.0449931,0 -114.8105752,33.045026,0 -114.8107143,33.044738,0 -114.8107554,33.0444702,0 -114.8113554,33.0444019,0 -114.8120729,33.0444494,0 -114.8124241,33.0442968,0 -114.8131139,33.0441263,0 -114.8133325,33.0440191,0 -114.8137603,33.0435609,0 -114.8142344,33.0432949,0 -114.8153582,33.0423031,0 -114.8154166,33.0424851,0 -114.8152868,33.0431928,0 -114.8153944,33.0434162,0 -114.8153781,33.0435907,0 -114.8152144,33.0437962,0 -114.8151994,33.0439572,0 -114.8153374,33.0443717,0 -114.8153857,33.0447129,0 -114.8156428,33.0450542,0 -114.8159679,33.0456973,0 -114.8160497,33.046027,0 -114.8160309,33.0462283,0 -114.8157812,33.0468416,0 -114.8149716,33.0481259,0 -114.8144655,33.0483898,0 -114.8140006,33.0490754,0 -114.8139537,33.0492344,0 -114.8141116,33.049434,0 -114.8142612,33.0500283,0 -114.8144781,33.050323,0 -114.8148937,33.0505127,0 -114.8161154,33.0506609,0 -114.8172005,33.0509606,0 -114.8177145,33.0512396,0 -114.8183122,33.0517114,0 -114.8185427,33.0518213,0 -114.8189413,33.0518477,0 -114.8200294,33.0520545,0 -114.8212764,33.0524477,0 -114.8217887,33.0528058,0 -114.8220849,33.0532442,0 -114.8224542,33.0539309,0 -114.822644,33.0548217,0 -114.8231144,33.0552852,0 -114.8234234,33.0561029,0 -114.8236221,33.0562107,0 -114.8244083,33.0563843,0 -114.8247751,33.0564082,0 -114.8252982,33.0563078,0 -114.8260048,33.0563003,0 -114.8266951,33.0557783,0 -114.8272458,33.0552067,0 -114.8274657,33.0550859,0 -114.8276661,33.0548289,0 -114.8278148,33.0547847,0 -114.8279958,33.0550804,0 -114.8282617,33.0553289,0 -114.8285776,33.0557268,0 -114.830282,33.0586231,0 -114.8308038,33.059225,0 -114.8311402,33.0597472,0 -114.8315776,33.060222,0 -114.8316337,33.0604824,0 -114.8320982,33.0608373,0 -114.8326671,33.0611047,0 -114.8331892,33.061531,0 -114.8336939,33.0621454,0 -114.8340973,33.0629827,0 -114.834449,33.0633437,0 -114.8350007,33.0636232,0 -114.8353906,33.0639194,0 -114.8361346,33.0652386,0 -114.8374888,33.066382,0 -114.8379443,33.0668309,0 -114.8379469,33.0669797,0 -114.8376651,33.067245,0 -114.8372841,33.0677198,0 -114.8368146,33.0681078,0 -114.8367553,33.0684012,0 -114.8364808,33.0689371,0 -114.8362372,33.0693131,0 -114.8355732,33.0700666,0 -114.8352223,33.0707326,0 -114.8347064,33.071104,0 -114.834182,33.0712181,0 -114.834037,33.0713977,0 -114.8341466,33.0719164,0 -114.8339083,33.072092,0 -114.8334038,33.0721668,0 -114.8326349,33.0724945,0 -114.8317109,33.0730958,0 -114.831242,33.0731459,0 -114.8305811,33.072832,0 -114.829805,33.0723752,0 -114.8295082,33.0722882,0 -114.8292983,33.0723015,0 -114.8282155,33.0725543,0 -114.8273545,33.0723218,0 -114.8269249,33.0722801,0 -114.8268704,33.0718303,0 -114.8267982,33.0717385,0 -114.8262228,33.0717201,0 -114.825802,33.0715841,0 -114.8253912,33.071341,0 -114.8252397,33.0708985,0 -114.8252877,33.0706737,0 -114.8249946,33.0702514,0 -114.8241396,33.0704745,0 -114.8239742,33.0703555,0 -114.8236136,33.0702639,0 -114.8231084,33.0700009,0 -114.8227073,33.0700015,0 -114.8224762,33.0700675,0 -114.8220115,33.0705772,0 -114.8219902,33.0709784,0 -114.8216846,33.0716773,0 -114.8216409,33.0719716,0 -114.8214909,33.0722049,0 -114.8208768,33.0724212,0 -114.8207038,33.073072,0 -114.8206087,33.0740927,0 -114.8207,33.0744906,0 -114.8206774,33.0747325,0 -114.8203172,33.0751546,0 -114.8206381,33.0754853,0 -114.8207641,33.0756975,0 -114.8213141,33.076342,0 -114.8220861,33.0768409,0 -114.8222981,33.0771502,0 -114.8229871,33.0775065,0 -114.8234108,33.0777847,0 -114.8235859,33.0779717,0 -114.8238588,33.079179,0 -114.8237406,33.0794144,0 -114.823497,33.0796389,0 -114.823218,33.0798528,0 -114.8229542,33.0799301,0 -114.8227213,33.0803605,0 -114.8227541,33.0805249,0 -114.8232213,33.0808531,0 -114.8234673,33.081084,0 -114.8234623,33.0811932,0 -114.8231831,33.0816074,0 -114.8230448,33.0820577,0 -114.8222936,33.0827107,0 -114.8219386,33.0829035,0 -114.821882,33.0829945,0 -114.8219033,33.0834552,0 -114.8219875,33.0837234,0 -114.8219405,33.0840874,0 -114.8220954,33.0846652,0 -114.8225978,33.0853066,0 -114.8215321,33.0860604,0 -114.8215552,33.0861564,0 -114.821952,33.0865477,0 -114.8223456,33.0867892,0 -114.8222401,33.0875937,0 -114.8224601,33.0879867,0 -114.8226383,33.0884849,0 -114.8227336,33.0888425,0 -114.8228195,33.0896868,0 -114.823699,33.0898521,0 -114.8240305,33.0897389,0 -114.8244327,33.0893871,0 -114.824784,33.0892347,0 -114.8255063,33.0882012,0 -114.8259093,33.0880116,0 -114.8271017,33.0877931,0 -114.8275796,33.0877775,0 -114.8281937,33.0876151,0 -114.8292211,33.0869261,0 -114.8294309,33.086913,0 -114.8302197,33.0872353,0 -114.8307462,33.08727,0 -114.8312871,33.0874948,0 -114.8321231,33.0881716,0 -114.8326297,33.0891104,0 -114.8330007,33.0896079,0 -114.8332521,33.0898408,0 -114.8336522,33.0898536,0 -114.8346109,33.0897278,0 -114.8349905,33.0896173,0 -114.8355074,33.089584,0 -114.8357933,33.0896166,0 -114.8359041,33.0901508,0 -114.8358723,33.0908379,0 -114.8360043,33.0911438,0 -114.8361379,33.0912609,0 -114.8364386,33.0913077,0 -114.8370056,33.0909718,0 -114.8372938,33.0907424,0 -114.8378097,33.0908268,0 -114.8386233,33.0907761,0 -114.8388795,33.0909549,0 -114.8390659,33.0911971,0 -114.839264,33.091656,0 -114.8398105,33.0912732,0 -114.8402724,33.0913399,0 -114.8405458,33.0915108,0 -114.8424517,33.0932851,0 -114.8434161,33.0943081,0 -114.8437983,33.0948605,0 -114.8445342,33.0952331,0 -114.8461597,33.0958807,0 -114.8471906,33.0961919,0 -114.8483608,33.0967283,0 -114.8487213,33.0969953,0 -114.8515166,33.0995714,0 -114.8526582,33.1004169,0 -114.8532927,33.101364,0 -114.8533788,33.102167,0 -114.853618,33.1033937,0 -114.8539887,33.1044181,0 -114.8543218,33.1056698,0 -114.8546742,33.1065443,0 -114.8550922,33.1070583,0 -114.8557338,33.1074113,0 -114.8568064,33.1076169,0 -114.8582746,33.107758,0 -114.8594742,33.1077028,0 -114.8609866,33.1077487,0 -114.8622215,33.1080103,0 -114.8631639,33.1082895,0 -114.8664808,33.1094126,0 -114.8677911,33.1101328,0 -114.868516,33.1106695,0 -114.8696072,33.1116647,0 -114.8700908,33.1117871,0 -114.8710242,33.1114682,0 -114.8717247,33.1118038,0 -114.8721782,33.1122499,0 -114.8732366,33.1119755,0 -114.8751768,33.1117044,0 -114.8761027,33.1119281,0 -114.8772552,33.1127282,0 -114.8782397,33.1137161,0 -114.8784991,33.114168,0 -114.8803099,33.11669,0 -114.8810314,33.1174978,0 -114.8819035,33.1187684,0 -114.8823291,33.1192849,0 -114.8831231,33.1200073,0 -114.8880318,33.1216148,0 -114.8897824,33.1220011,0 -114.8929701,33.1231337,0 -114.8937946,33.1230607,0 -114.8953168,33.1231244,0 -114.8960968,33.123067,0 -114.8978275,33.123669,0 -114.8987104,33.1243606,0 -114.8996893,33.1247145,0 -114.9003098,33.1245196,0 -114.9010341,33.1243679,0 -114.9027405,33.1245338,0 -114.9038316,33.1248406,0 -114.9055162,33.1254759,0 -114.9064041,33.1261136,0 -114.9070689,33.1263744,0 -114.9076927,33.1261436,0 -114.9098957,33.1251286,0 -114.9103621,33.1247423,0 -114.9113167,33.1244245,0 -114.9123274,33.1242009,0 -114.913427,33.1237113,0 -114.9146812,33.1236484,0 -114.9161801,33.1239637,0 -114.9184053,33.1241091,0 -114.91893,33.1242519,0 -114.9209657,33.124584,0 -114.9237933,33.1242615,0 -114.9246589,33.1242092,0 -114.9274758,33.1249363,0 -114.9291032,33.1254952,0 -114.9311879,33.126464,0 -114.9324931,33.1265492,0 -114.9336878,33.1264279,0 -114.9358571,33.1264787,0 -114.9363737,33.1267115,0 -114.9370732,33.1268296,0 -114.9377594,33.1270915,0 -114.9383327,33.1274001,0 -114.9394591,33.1277999,0 -114.9407231,33.1278641,0 -114.9437236,33.1277698,0 -114.9457235,33.1277913,0 -114.9465775,33.1281003,0 -114.9471138,33.1288232,0 -114.9472709,33.1306267,0 -114.9480637,33.1311309,0 -114.9485474,33.1319591,0 -114.9487467,33.1321351,0 -114.9491625,33.13276,0 -114.9494769,33.1330881,0 -114.9496218,33.1333875,0 -114.9499112,33.1335149,0 -114.9501729,33.1334777,0 -114.9507752,33.133716,0 -114.9519522,33.1337926,0 -114.952413,33.1339312,0 -114.95251,33.1340461,0 -114.9532884,33.134477,0 -114.9539977,33.1344692,0 -114.9544522,33.1342268,0 -114.9547979,33.134213,0 -114.954956,33.1343682,0 -114.9551666,33.134418,0 -114.9554761,33.1343295,0 -114.9557049,33.1341815,0 -114.9558764,33.1341926,0 -114.9560851,33.134025,0 -114.956666,33.1347329,0 -114.956814,33.1349959,0 -114.9570114,33.135661,0 -114.9569701,33.1358756,0 -114.9567971,33.1361178,0 -114.9567245,33.1369098,0 -114.9568136,33.1373447,0 -114.9569419,33.1375888,0 -114.9570645,33.1376505,0 -114.9570513,33.1377811,0 -114.9568529,33.13809,0 -114.9564591,33.1390968,0 -114.9558577,33.1402529,0 -114.9554279,33.1404786,0 -114.9547465,33.1406335,0 -114.9543215,33.1408048,0 -114.9535727,33.1407564,0 -114.9533275,33.1406137,0 -114.9531546,33.1406206,0 -114.9531563,33.1408379,0 -114.9528498,33.141126,0 -114.9520397,33.1417433,0 -114.9517926,33.141854,0 -114.9517086,33.1420659,0 -114.9517264,33.1428096,0 -114.9516111,33.1431281,0 -114.9514629,33.1433357,0 -114.9506821,33.1438645,0 -114.9504896,33.1440874,0 -114.9503741,33.1444056,0 -114.9510029,33.1445917,0 -114.9517092,33.1446377,0 -114.9520465,33.144714,0 -114.9530159,33.1451753,0 -114.9533156,33.1451949,0 -114.9536876,33.1451285,0 -114.9539412,33.1449458,0 -114.9547727,33.1448006,0 -114.9558769,33.1459048,0 -114.9561566,33.1459049,0 -114.9563609,33.1457913,0 -114.9566572,33.1458469,0 -114.9568152,33.146002,0 -114.9572235,33.1462458,0 -114.9576628,33.1463831,0 -114.9583641,33.1467184,0 -114.9584349,33.146886,0 -114.9588115,33.1472365,0 -114.9590911,33.1481784,0 -114.9597741,33.1477201,0 -114.9601829,33.147543,0 -114.9604874,33.1475082,0 -114.9623888,33.1476682,0 -114.9628515,33.1477885,0 -114.9634195,33.1476988,0 -114.96365,33.1475327,0 -114.9639381,33.1474427,0 -114.9643679,33.1472171,0 -114.9646725,33.146947,0 -114.9653024,33.146653,0 -114.9655133,33.1464675,0 -114.9658558,33.1460188,0 -114.9661126,33.1458001,0 -114.9666315,33.1448375,0 -114.9668916,33.1445828,0 -114.9672588,33.1443351,0 -114.9673364,33.1441951,0 -114.9674138,33.1435844,0 -114.9677463,33.1434793,0 -114.9681147,33.1431475,0 -114.9683244,33.1428102,0 -114.9683792,33.1419808,0 -114.9683017,33.1416499,0 -114.9681832,33.1415335,0 -114.9680912,33.1408937,0 -114.9683958,33.1406237,0 -114.9689178,33.1403315,0 -114.9691827,33.1404935,0 -114.9694435,33.1405119,0 -114.9699992,33.1407459,0 -114.9703794,33.1408249,0 -114.9707054,33.1407916,0 -114.9710297,33.1405411,0 -114.9719418,33.1402199,0 -114.9724455,33.1398901,0 -114.9732028,33.1396134,0 -114.973417,33.1391565,0 -114.9736772,33.1389017,0 -114.9739703,33.1387577,0 -114.9742238,33.1383393,0 -114.9746204,33.1382383,0 -114.9748807,33.1382191,0 -114.9753283,33.1382662,0 -114.9758124,33.1379172,0 -114.9762389,33.1377274,0 -114.9764775,33.1377069,0 -114.9767951,33.1375281,0 -114.9770175,33.1372166,0 -114.9772713,33.1372691,0 -114.9774126,33.137369,0 -114.9776693,33.1373857,0 -114.978328,33.1370118,0 -114.9787694,33.1368956,0 -114.9789698,33.1365822,0 -114.9792893,33.1363859,0 -114.9795149,33.1360381,0 -114.9795915,33.1356816,0 -114.9797853,33.1354997,0 -114.9799907,33.1353085,0 -114.9803992,33.1350811,0 -114.9809587,33.134846,0 -114.9815957,33.1347062,0 -114.9824007,33.1350843,0 -114.9829951,33.1351771,0 -114.9834327,33.135332,0 -114.9837127,33.1355675,0 -114.9845043,33.1360896,0 -114.9847546,33.1357077,0 -114.985357,33.1354751,0 -114.9856995,33.1352617,0 -114.9865736,33.1341773,0 -114.986898,33.133691,0 -114.9870116,33.1331552,0 -114.9870362,33.1326497,0 -114.9872323,33.1328615,0 -114.9879713,33.1330181,0 -114.9883931,33.1332402,0 -114.9886872,33.1336619,0 -114.9894051,33.1340527,0 -114.9897853,33.1341316,0 -114.9903417,33.1344032,0 -114.9905427,33.1345608,0 -114.9911682,33.1347824,0 -114.9920686,33.1352937,0 -114.9926841,33.1353877,0 -114.9928364,33.1354599,0 -114.9931551,33.1358891,0 -114.993831,33.1363342,0 -114.9940158,33.1360918,0 -114.994523,33.1357603,0 -114.994989,33.1356093,0 -114.9958356,33.1351387,0 -114.9963236,33.1349185,0 -114.9971337,33.1347516,0 -114.9976852,33.134371,0 -114.9977921,33.1341423,0 -114.9980064,33.133153,0 -114.9981329,33.1329272,0 -114.9983487,33.1327654,0 -114.998836,33.1328516,0 -114.9991847,33.133037,0 -114.9995205,33.1331312,0 -115.0000111,33.1331811,0 -115.00065,33.133494,0 -115.0010745,33.1335577,0 -115.0013611,33.1334482,0 -115.0020883,33.1333241,0 -115.0029771,33.1329119,0 -115.0040409,33.1331336,0 -115.004349,33.1330627,0 -115.0053908,33.1332024,0 -115.0058996,33.1335252,0 -115.0064167,33.133758,0 -115.0071637,33.1338242,0 -115.0073398,33.133787,0 -115.0076824,33.1338007,0 -115.008308,33.1340249,0 -115.0093353,33.1347976,0 -115.0096135,33.1348155,0 -115.0099115,33.1350884,0 -115.0100218,33.1352947,0 -115.0104066,33.1349874,0 -115.0106322,33.1346709,0 -115.0111061,33.1343769,0 -115.0113875,33.1345644,0 -115.0122376,33.1348401,0 -115.0128286,33.1352043,0 -115.0134567,33.135217,0 -115.0138016,33.1351583,0 -115.0147068,33.1351501,0 -115.0151104,33.1347356,0 -115.0152813,33.1342754,0 -115.0158754,33.1336621,0 -115.0160761,33.1335845,0 -115.017013,33.1339347,0 -115.017215,33.134062,0 -115.0181096,33.1344218,0 -115.0182414,33.1351006,0 -115.0182169,33.1353707,0 -115.0180147,33.1361727,0 -115.0180397,33.1366089,0 -115.0177433,33.1370246,0 -115.0175517,33.1374604,0 -115.0177537,33.1383531,0 -115.0176054,33.1385369,0 -115.0174953,33.1390368,0 -115.017782,33.1394359,0 -115.0182233,33.1402613,0 -115.0184999,33.1405325,0 -115.0193003,33.1409645,0 -115.0196163,33.1410393,0 -115.0196067,33.141618,0 -115.0194504,33.1416808,0 -115.019337,33.1419814,0 -115.0194529,33.14292,0 -115.0202443,33.1431265,0 -115.0207169,33.1433743,0 -115.0211206,33.1436719,0 -115.0214762,33.1440209,0 -115.0222056,33.1440498,0 -115.0226022,33.1439514,0 -115.0230945,33.1437447,0 -115.023414,33.144019,0 -115.0237631,33.1442046,0 -115.0243461,33.1444232,0 -115.0249044,33.144912,0 -115.0254242,33.1450063,0 -115.0253307,33.1444868,0 -115.0253716,33.1440366,0 -115.0252134,33.1438815,0 -115.0252347,33.1436475,0 -115.0252973,33.1434342,0 -115.0255967,33.1432181,0 -115.0259476,33.1426791,0 -115.0267068,33.1433258,0 -115.0270095,33.1433091,0 -115.0277633,33.1430678,0 -115.0278723,33.1425825,0 -115.0281912,33.1421535,0 -115.0284775,33.1420812,0 -115.0288843,33.1421075,0 -115.0290685,33.1419745,0 -115.0294009,33.1413983,0 -115.0296875,33.1410907,0 -115.029873,33.1415999,0 -115.0300136,33.1417636,0 -115.0302771,33.1419437,0 -115.0307744,33.1421569,0 -115.0311714,33.1425267,0 -115.0315418,33.1426962,0 -115.031761,33.1429085,0 -115.0320277,33.143288,0 -115.0322664,33.1432672,0 -115.0331505,33.1427809,0 -115.0337309,33.1428925,0 -115.0342884,33.1432887,0 -115.0351759,33.1432371,0 -115.035814,33.1435373,0 -115.0360778,33.1435388,0 -115.0363715,33.1434687,0 -115.0364904,33.1435255,0 -115.0365687,33.1436813,0 -115.0367353,33.1438446,0 -115.0370926,33.14394,0 -115.0375376,33.1442585,0 -115.0381137,33.1445491,0 -115.038634,33.1451766,0 -115.0389779,33.1454653,0 -115.0391631,33.1455584,0 -115.0403963,33.1458516,0 -115.040836,33.1458653,0 -115.040741,33.1464387,0 -115.0407658,33.146875,0 -115.0420232,33.1483141,0 -115.0423133,33.1492748,0 -115.0424962,33.1496308,0 -115.0429016,33.1499102,0 -115.043231,33.1503118,0 -115.0433303,33.1511152,0 -115.0434439,33.1512856,0 -115.0442001,33.1517326,0 -115.0455007,33.1511642,0 -115.046179,33.1512153,0 -115.0465329,33.1511762,0 -115.0469587,33.1512644,0 -115.0474637,33.1518337,0 -115.0482594,33.1520842,0 -115.0493503,33.151465,0 -115.0497101,33.1513546,0 -115.0498213,33.1512427,0 -115.0501374,33.1510818,0 -115.0503332,33.1508227,0 -115.0516158,33.1504523,0 -115.0521392,33.1501418,0 -115.0533066,33.1498545,0 -115.0536668,33.1496784,0 -115.0540143,33.1496464,0 -115.0543688,33.1502485,0 -115.0546489,33.1504841,0 -115.0547973,33.1509827,0 -115.054926,33.1512263,0 -115.0549705,33.1514465,0 -115.0549544,33.1518621,0 -115.0552707,33.1521721,0 -115.0553665,33.1525403,0 -115.0555257,33.1527399,0 -115.0556727,33.1528962,0 -115.0563857,33.1530864,0 -115.0566415,33.1532021,0 -115.0575905,33.1538969,0 -115.0575694,33.1541309,0 -115.0577723,33.1545063,0 -115.0577806,33.1548873,0 -115.0578914,33.1550934,0 -115.0578074,33.1553055,0 -115.0577829,33.1555756,0 -115.0578179,33.1559039,0 -115.058017,33.1560796,0 -115.0581686,33.1563069,0 -115.0582151,33.1565087,0 -115.0581839,33.1568511,0 -115.0583029,33.1574383,0 -115.058287,33.1576142,0 -115.0580802,33.1580119,0 -115.0579693,33.1585037,0 -115.0581343,33.1588222,0 -115.0585745,33.1594301,0 -115.0586108,33.1597403,0 -115.0585288,33.1601697,0 -115.058814,33.1603509,0 -115.0595482,33.1603427,0 -115.0599286,33.160169,0 -115.060187,33.1599321,0 -115.0603399,33.15967,0 -115.0604339,33.1593499,0 -115.0607414,33.1590439,0 -115.0612056,33.1589106,0 -115.0614759,33.159254,0 -115.0616409,33.1595725,0 -115.0635084,33.1602955,0 -115.0637279,33.1603318,0 -115.0641288,33.1603073,0 -115.0648349,33.1601911,0 -115.0650813,33.160244,0 -115.0657093,33.1605398,0 -115.0659234,33.1605535,0 -115.0662835,33.1604473,0 -115.0664832,33.1603178,0 -115.0668413,33.1602199,0 -115.067094,33.16023,0 -115.0674137,33.1602688,0 -115.0675982,33.1603711,0 -115.067956,33.160702,0 -115.0680827,33.1607282,0 -115.0686704,33.1604215,0 -115.0689354,33.1603482,0 -115.0692333,33.1601499,0 -115.0693914,33.1599137,0 -115.0699743,33.1594837,0 -115.0707098,33.1593027,0 -115.0714292,33.1589682,0 -115.0724386,33.1588448,0 -115.0726163,33.1587004,0 -115.0728305,33.158714,0 -115.0735075,33.1590832,0 -115.0737615,33.1593713,0 -115.0740632,33.1596081,0 -115.074628,33.1597893,0 -115.0749427,33.1598817,0 -115.0761993,33.159799,0 -115.0768761,33.1599331,0 -115.0772716,33.1600852,0 -115.077453,33.1602235,0 -115.0776849,33.1600391,0 -115.0779498,33.1597302,0 -115.0784469,33.1594722,0 -115.0786579,33.1595219,0 -115.0788061,33.1597851,0 -115.0791425,33.1601145,0 -115.0795153,33.1607541,0 -115.0798141,33.1614977,0 -115.0806644,33.1620956,0 -115.0808541,33.1623794,0 -115.0812297,33.1625121,0 -115.0819187,33.162991,0 -115.0822679,33.1631764,0 -115.0829386,33.1633821,0 -115.0831974,33.1636162,0 -115.0831796,33.1640498,0 -115.0832689,33.1642546,0 -115.0834484,33.164411,0 -115.0832773,33.1646355,0 -115.0832613,33.1650511,0 -115.0834655,33.1666039,0 -115.0833425,33.1670125,0 -115.0836019,33.1679529,0 -115.0835677,33.1683312,0 -115.0830565,33.1694577,0 -115.0827554,33.1696919,0 -115.0826504,33.169899,0 -115.0826871,33.1702092,0 -115.0827993,33.1703974,0 -115.0829677,33.1709156,0 -115.083159,33.1711814,0 -115.0831299,33.171741,0 -115.0827538,33.1728037,0 -115.0825829,33.1730283,0 -115.0825468,33.1734244,0 -115.0824465,33.1735808,0 -115.0821948,33.1737459,0 -115.0822215,33.1741642,0 -115.0823486,33.1744261,0 -115.0823884,33.1747003,0 -115.0823097,33.1748582,0 -115.081855,33.1751189,0 -115.08173,33.1753102,0 -115.0816876,33.1757784,0 -115.0819899,33.1767213,0 -115.0827802,33.1779857,0 -115.0831205,33.1782207,0 -115.0837855,33.1783036,0 -115.084951,33.1792295,0 -115.0855457,33.1793218,0 -115.0859375,33.1792745,0 -115.0865945,33.1789181,0 -115.0867861,33.1788573,0 -115.0877637,33.1788311,0 -115.0882566,33.1788962,0 -115.0893916,33.178952,0 -115.090029,33.1788116,0 -115.0907154,33.1783665,0 -115.0910925,33.1782459,0 -115.0913444,33.1780806,0 -115.0922889,33.177163,0 -115.0926907,33.1770075,0 -115.0937333,33.1767565,0 -115.0942064,33.176802,0 -115.0945321,33.1768897,0 -115.0950911,33.1773783,0 -115.096195,33.1775575,0 -115.0969171,33.1781471,0 -115.0969998,33.178424,0 -115.097262,33.1786218,0 -115.0974306,33.1789042,0 -115.0972626,33.1796663,0 -115.0972791,33.1798037,0 -115.0973723,33.179913,0 -115.0983715,33.1799127,0 -115.0995545,33.1797103,0 -115.1002668,33.1794978,0 -115.1015543,33.1795118,0 -115.1018372,33.1792402,0 -115.1019672,33.1789948,0 -115.1022088,33.1787024,0 -115.1025117,33.1782138,0 -115.1027101,33.1776838,0 -115.1030185,33.1776828,0 -115.1034546,33.1775502,0 -115.10369,33.1775652,0 -115.1043212,33.1777323,0 -115.1052775,33.1771592,0 -115.105891,33.1769363,0 -115.1063851,33.1766842,0 -115.1066945,33.1767121,0 -115.1069514,33.1767969,0 -115.107338,33.1768032,0 -115.107388,33.1768383,0 -115.1070782,33.177458,0 -115.1070988,33.1779819,0 -115.1068347,33.1787621,0 -115.1068069,33.1790683,0 -115.1070129,33.1803674,0 -115.1080554,33.1814665,0 -115.1080131,33.1819347,0 -115.1078675,33.1823696,0 -115.1078838,33.1829682,0 -115.107928,33.1832646,0 -115.1082822,33.183764,0 -115.1083577,33.184088,0 -115.108429,33.1841946,0 -115.1088131,33.1840507,0 -115.1091591,33.1840365,0 -115.1095147,33.1839143,0 -115.1099921,33.1836368,0 -115.110847,33.1834739,0 -115.1111714,33.183337,0 -115.1115126,33.1830226,0 -115.1119178,33.1829439,0 -115.1123787,33.1829728,0 -115.1133244,33.1832335,0 -115.1138739,33.1828699,0 -115.114368,33.182648,0 -115.1151753,33.1827717,0 -115.1156319,33.1830359,0 -115.1159278,33.1831076,0 -115.1162725,33.1833731,0 -115.116796,33.183672,0 -115.1170953,33.1832201,0 -115.1176299,33.1827832,0 -115.1183054,33.1826996,0 -115.1186829,33.1828142,0 -115.1191341,33.1828246,0 -115.1195607,33.1826346,0 -115.1202889,33.1826809,0 -115.1204985,33.1829842,0 -115.1205652,33.1833395,0 -115.1206939,33.1835012,0 -115.1208601,33.183518,0 -115.1211087,33.1833853,0 -115.1214727,33.1834085,0 -115.1219144,33.1835272,0 -115.122457,33.1839603,0 -115.122743,33.1846125,0 -115.1226452,33.1854575,0 -115.1231901,33.1851481,0 -115.1235921,33.1849926,0 -115.1242952,33.1848381,0 -115.1246394,33.1848418,0 -115.1249096,33.1847141,0 -115.1253477,33.1846333,0 -115.1260282,33.1847311,0 -115.1267941,33.1845987,0 -115.1273016,33.1847034,0 -115.1276525,33.1846352,0 -115.12798,33.1843479,0 -115.1288567,33.1844219,0 -115.1293741,33.1846541,0 -115.1296593,33.1848353,0 -115.1297605,33.1851497,0 -115.130013,33.1854555,0 -115.1303738,33.1855147,0 -115.130725,33.185682,0 -115.1314229,33.1863061,0 -115.1324444,33.1864435,0 -115.1333644,33.1867556,0 -115.1336674,33.1867386,0 -115.1341784,33.1868073,0 -115.135398,33.1871385,0 -115.136073,33.1889747,0 -115.1361577,33.1894691,0 -115.1361502,33.1897946,0 -115.1363353,33.1901325,0 -115.1365739,33.1901115,0 -115.1372361,33.1899363,0 -115.137643,33.1899621,0 -115.1381806,33.1902135,0 -115.1384481,33.1905928,0 -115.138581,33.1912717,0 -115.1385462,33.191673,0 -115.1385987,33.1920335,0 -115.138805,33.1923727,0 -115.1390997,33.1931703,0 -115.1394193,33.1932088,0 -115.1400799,33.1930514,0 -115.1403022,33.1929056,0 -115.1404153,33.1929369,0 -115.140996,33.1933633,0 -115.1414101,33.1936069,0 -115.1423197,33.1935379,0 -115.1431562,33.193822,0 -115.1436453,33.1938698,0 -115.1437358,33.193862,0 -115.1439431,33.1936955,0 -115.1444504,33.1935646,0 -115.1450319,33.1935653,0 -115.1460895,33.1933063,0 -115.1471601,33.193139,0 -115.148508,33.1932426,0 -115.1494956,33.1935225,0 -115.1501329,33.193382,0 -115.1509611,33.193036,0 -115.1520762,33.1928532,0 -115.1522789,33.1927573,0 -115.152732,33.1927498,0 -115.1532772,33.1926757,0 -115.1538556,33.1927123,0 -115.1545242,33.1924651,0 -115.1546095,33.1922349,0 -115.1548662,33.1920157,0 -115.1552174,33.1921827,0 -115.1556881,33.1921056,0 -115.1562323,33.1921566,0 -115.1566519,33.1918029,0 -115.1571177,33.1916513,0 -115.1577942,33.1920383,0 -115.1588791,33.192433,0 -115.159346,33.192387,0 -115.1597371,33.192234,0 -115.1599577,33.19194,0 -115.1603309,33.1916195,0 -115.1605919,33.1911106,0 -115.16115,33.1908924,0 -115.1614913,33.1909321,0 -115.1623667,33.1912594,0 -115.1626354,33.1913852,0 -115.1631833,33.191764,0 -115.1635807,33.1918979,0 -115.1647969,33.1920291,0 -115.1654064,33.1919592,0 -115.1658364,33.1919683,0 -115.1661906,33.1918639,0 -115.1666455,33.1918384,0 -115.1672511,33.1915584,0 -115.1674841,33.1915158,0 -115.1675813,33.1918147,0 -115.1684096,33.1925193,0 -115.1684334,33.1927277,0 -115.1685074,33.1928298,0 -115.1686202,33.1928783,0 -115.1694092,33.1929735,0 -115.1698493,33.1931101,0 -115.1703222,33.1931219,0 -115.1707557,33.1930949,0 -115.1711572,33.1929393,0 -115.171507,33.1931244,0 -115.171984,33.193571,0 -115.172271,33.1937341,0 -115.173054,33.1938923,0 -115.1734022,33.1938713,0 -115.173377,33.1946195,0 -115.1736073,33.1961375,0 -115.1736521,33.1963578,0 -115.1738637,33.1966429,0 -115.1740214,33.1972868,0 -115.174204,33.197769,0 -115.1740818,33.1978882,0 -115.1740361,33.198085,0 -115.1741411,33.1985987,0 -115.174338,33.199046,0 -115.174513,33.1999807,0 -115.1743655,33.2004243,0 -115.1743632,33.2009314,0 -115.174468,33.2014453,0 -115.1745453,33.2022652,0 -115.1746565,33.202707,0 -115.1746278,33.2030278,0 -115.1743767,33.2034285,0 -115.1744043,33.2040824,0 -115.1755574,33.2046806,0 -115.1759487,33.205122,0 -115.1763315,33.2051825,0 -115.1771899,33.2052141,0 -115.1778177,33.2056182,0 -115.1776856,33.206663,0 -115.1774993,33.2073033,0 -115.1769009,33.2074206,0 -115.1765001,33.2075537,0 -115.1762373,33.2078603,0 -115.1761739,33.2081753,0 -115.1763456,33.2087433,0 -115.1764621,33.2087775,0 -115.1771367,33.209907,0 -115.1771408,33.2103418,0 -115.1774207,33.2110662,0 -115.1769243,33.2125202,0 -115.1773681,33.2135809,0 -115.1780953,33.2146051,0 -115.1790584,33.2156621,0 -115.1808411,33.2178763,0 -115.1812604,33.218247,0 -115.1816939,33.2182201,0 -115.1826353,33.2182977,0 -115.1830206,33.2180865,0 -115.1832825,33.2180486,0 -115.1834626,33.2182049,0 -115.1836512,33.2185069,0 -115.1842538,33.2182732,0 -115.1848469,33.2181475,0 -115.1853688,33.2178545,0 -115.1858318,33.2177389,0 -115.18624,33.2174889,0 -115.1865647,33.2174953,0 -115.1877724,33.2179111,0 -115.1880987,33.2179365,0 -115.1888496,33.2184548,0 -115.1890595,33.218758,0 -115.1892789,33.2187176,0 -115.1900749,33.2187315,0 -115.190411,33.2185898,0 -115.190529,33.218235,0 -115.1905358,33.2176738,0 -115.190814,33.2174559,0 -115.1911502,33.2175495,0 -115.1914626,33.2178562,0 -115.1923626,33.2179704,0 -115.1928461,33.2181095,0 -115.1932704,33.2184261,0 -115.1936742,33.2184879,0 -115.1942291,33.2183992,0 -115.1950069,33.2180468,0 -115.1966312,33.2177143,0 -115.1969321,33.2178911,0 -115.1976596,33.2185415,0 -115.199151,33.2184733,0 -115.1994394,33.2185173,0 -115.1996012,33.218412,0 -115.1997241,33.2181972,0 -115.1998513,33.2180986,0 -115.2010188,33.2182991,0 -115.2021027,33.2187117,0 -115.2026523,33.218348,0 -115.203051,33.2182281,0 -115.2033291,33.2180102,0 -115.2036326,33.2176442,0 -115.2041504,33.2175002,0 -115.2044654,33.2175927,0 -115.2050832,33.2181569,0 -115.2058302,33.2189648,0 -115.2060569,33.2193233,0 -115.2068369,33.2195175,0 -115.2079589,33.219262,0 -115.2085653,33.2192277,0 -115.2092228,33.2191062,0 -115.2099477,33.2189527,0 -115.2106224,33.218746,0 -115.2108362,33.2188999,0 -115.2110843,33.2192597,0 -115.2120797,33.2199384,0 -115.2130169,33.2203053,0 -115.2134478,33.2205498,0 -115.2148951,33.2218114,0 -115.2154598,33.2220223,0 -115.2168054,33.2217992,0 -115.217497,33.2215375,0 -115.2176931,33.2215236,0 -115.2185556,33.2210345,0 -115.2186106,33.2215338,0 -115.2187344,33.2219333,0 -115.2188816,33.2222143,0 -115.2192595,33.2223286,0 -115.2213266,33.2223499,0 -115.2215218,33.2224974,0 -115.2222347,33.2228057,0 -115.2229069,33.2227574,0 -115.2233136,33.2225476,0 -115.2241011,33.2224159,0 -115.2243567,33.2224501,0 -115.2246272,33.2225576,0 -115.225037,33.2224773,0 -115.226416,33.2225614,0 -115.2270577,33.2221306,0 -115.22725,33.2219073,0 -115.2277645,33.2219396,0 -115.2282334,33.2220587,0 -115.228526,33.2221362,0 -115.2288303,33.2223146,0 -115.2289006,33.2227356,0 -115.2288323,33.2230212,0 -115.228678,33.2233014,0 -115.2284922,33.2234527,0 -115.2274632,33.2233879,0 -115.2266826,33.2236832,0 -115.2264821,33.2239395,0 -115.2257977,33.2240317,0 -115.2250741,33.2245604,0 -115.2234336,33.2250729,0 -115.2225409,33.2254154,0 -115.2221572,33.2256088,0 -115.2213333,33.2256655,0 -115.2208227,33.2258327,0 -115.2205878,33.2261521,0 -115.220333,33.2262797,0 -115.2193923,33.2261594,0 -115.2189589,33.2261864,0 -115.2185028,33.2264658,0 -115.2179572,33.2265486,0 -115.2171795,33.2265636,0 -115.2164935,33.2265204,0 -115.2150345,33.2278958,0 -115.2144853,33.2284953,0 -115.2140255,33.2292998,0 -115.2130424,33.2304153,0 -115.212686,33.2310267,0 -115.2125965,33.2315466,0 -115.2123051,33.2323978,0 -115.2120656,33.2336327,0 -115.2121104,33.2357912,0 -115.2116857,33.2374094,0 -115.2114198,33.2394214,0 -115.2109771,33.2405169,0 -115.2108787,33.2413799,0 -115.210622,33.242324,0 -115.210103,33.2433058,0 -115.2091475,33.2443506,0 -115.2089089,33.245332,0 -115.2088125,33.2464128,0 -115.2088238,33.2470112,0 -115.2090323,33.248057,0 -115.2088697,33.2518093,0 -115.2093429,33.2525456,0 -115.2092913,33.2531221,0 -115.2093996,33.2535999,0 -115.2094051,33.2545061,0 -115.2099106,33.2548821,0 -115.2098203,33.2573401,0 -115.2097163,33.258022,0 -115.2096034,33.2583227,0 -115.2095763,33.2588645,0 -115.2094606,33.259437,0 -115.2095479,33.260149,0 -115.2095312,33.2608182,0 -115.209767,33.2615576,0 -115.2097338,33.2621715,0 -115.2098485,33.2625773,0 -115.2100192,33.2628416,0 -115.2102042,33.2629411,0 -115.2103391,33.2634732,0 -115.2108462,33.2639625,0 -115.2113838,33.2647029,0 -115.2120334,33.265396,0 -115.2125576,33.266045,0 -115.2124472,33.2675235,0 -115.2121534,33.2688818,0 -115.2120633,33.2698903,0 -115.2118841,33.2702054,0 -115.2118392,33.2707096,0 -115.2114672,33.2710124,0 -115.2114216,33.2712813,0 -115.2114618,33.2715555,0 -115.212158,33.2717281,0 -115.212365,33.2720653,0 -115.2122928,33.272876,0 -115.211862,33.2743162,0 -115.2116894,33.2760081,0 -115.2115375,33.2767413,0 -115.2112936,33.2773002,0 -115.2109974,33.2777163,0 -115.2106897,33.278023,0 -115.2103449,33.2787441,0 -115.2101927,33.2799662,0 -115.2102369,33.2806755,0 -115.2104295,33.2819013,0 -115.2109947,33.2835237,0 -115.2114185,33.2845065,0 -115.2112443,33.2878181,0 -115.2108468,33.2888893,0 -115.210838,33.2903346,0 -115.2109682,33.2914139,0 -115.2113299,33.2925793,0 -115.2116741,33.2930719,0 -115.2119029,33.293648,0 -115.2119963,33.2940524,0 -115.212135,33.2956372,0 -115.2124985,33.2966382,0 -115.2126676,33.2976418,0 -115.2138984,33.2998027,0 -115.2139459,33.3004759,0 -115.21386,33.3019199,0 -115.2138964,33.3027192,0 -115.2139832,33.3031957,0 -115.2141586,33.3034058,0 -115.2146128,33.3036339,0 -115.2149088,33.3039424,0 -115.2155775,33.3049084,0 -115.2162272,33.3056195,0 -115.21606,33.3067503,0 -115.2162496,33.3070431,0 -115.2163182,33.3074823,0 -115.216137,33.3083039,0 -115.2164243,33.3091918,0 -115.216311,33.3102173,0 -115.2165696,33.3107046,0 -115.2174652,33.3120291,0 -115.2176716,33.3128572,0 -115.2184225,33.3136293,0 -115.2187224,33.3141372,0 -115.2191669,33.3151979,0 -115.2192972,33.3159126,0 -115.2194817,33.3165039,0 -115.2199361,33.3174564,0 -115.2219132,33.3187531,0 -115.2221889,33.3195314,0 -115.2222681,33.3203334,0 -115.222502,33.3208555,0 -115.2229188,33.3212622,0 -115.2233852,33.3213033,0 -115.2244668,33.3215077,0 -115.2251254,33.3217866,0 -115.2258701,33.3225765,0 -115.226259,33.323135,0 -115.2268103,33.3236649,0 -115.2279064,33.323886,0 -115.2296049,33.3254059,0 -115.2308346,33.3261355,0 -115.2312204,33.326649,0 -115.2317908,33.3277536,0 -115.2323202,33.3283485,0 -115.2331335,33.329392,0 -115.2335611,33.3300424,0 -115.234061,33.3304629,0 -115.2345918,33.3310922,0 -115.2351484,33.3326832,0 -115.2354576,33.3330402,0 -115.2358,33.333221,0 -115.2364667,33.3340732,0 -115.2366537,33.3344869,0 -115.2369022,33.3352853,0 -115.2376007,33.3354379,0 -115.2385563,33.3360959,0 -115.2385848,33.3369853,0 -115.2387492,33.3380464,0 -115.2391881,33.33869,0 -115.2396874,33.3396271,0 -115.2398876,33.3405274,0 -115.2396355,33.3414174,0 -115.2405017,33.342595,0 -115.2409067,33.3428923,0 -115.241554,33.3436212,0 -115.2415122,33.3440897,0 -115.2413653,33.3445262,0 -115.2425328,33.3459582,0 -115.2429255,33.3466351,0 -115.2434654,33.3473575,0 -115.2441573,33.3480714,0 -115.2446693,33.3488643,0 -115.2452747,33.3493371,0 -115.2460132,33.3495285,0 -115.246526,33.3505571,0 -115.2479681,33.3522962,0 -115.248739,33.3535765,0 -115.2490713,33.3537243,0 -115.2494749,33.3540396,0 -115.2505327,33.3545226,0 -115.2508119,33.3552648,0 -115.2513813,33.3571122,0 -115.2533528,33.3601799,0 -115.2538669,33.3605246,0 -115.2543557,33.3610399,0 -115.2547323,33.3616614,0 -115.2548046,33.3627891,0 -115.2549016,33.3633931,0 -115.256312,33.3654925,0 -115.2572789,33.3665135,0 -115.2612423,33.3697693,0 -115.2616688,33.370557,0 -115.2643043,33.3736934,0 -115.2662488,33.3758625,0 -115.267705,33.3769684,0 -115.2687929,33.3773626,0 -115.2698951,33.3775948,0 -115.2705848,33.3773662,0 -115.2709424,33.3771179,0 -115.2713275,33.3769816,0 -115.2720588,33.37706,0 -115.2724078,33.3775373,0 -115.2725176,33.3775947,0 -115.2726066,33.3775773,0 -115.2728129,33.3772797,0 -115.2729308,33.3772001,0 -115.2737974,33.3772153,0 -115.2744308,33.3775588,0 -115.2747638,33.3776678,0 -115.2749325,33.377791,0 -115.2752461,33.3782266,0 -115.2754529,33.3783186,0 -115.2779678,33.3788449,0 -115.2784425,33.3790921,0 -115.2791892,33.3796821,0 -115.2794969,33.3798646,0 -115.2797542,33.3803699,0 -115.2801839,33.3802888,0 -115.2807901,33.3804535,0 -115.2809651,33.3805891,0 -115.2813486,33.3810598,0 -115.2814348,33.381283,0 -115.2822253,33.3820486,0 -115.2824564,33.3824724,0 -115.2820685,33.3826471,0 -115.2819009,33.3829048,0 -115.2819093,33.3830759,0 -115.2820646,33.3833024,0 -115.2822375,33.3833972,0 -115.2824069,33.3834216,0 -115.2824856,33.3838019,0 -115.2826759,33.384007,0 -115.2827093,33.3841974,0 -115.2827131,33.3845198,0 -115.2823835,33.3858819,0 -115.2826242,33.3863776,0 -115.2828284,33.3866225,0 -115.2829802,33.3870204,0 -115.28313,33.3871362,0 -115.283172,33.3872557,0 -115.2831383,33.3875492,0 -115.2828405,33.3883357,0 -115.28276,33.388409,0 -115.2823157,33.3884143,0 -115.2822232,33.388488,0 -115.2822904,33.3888788,0 -115.2824127,33.3891669,0 -115.2829236,33.3900262,0 -115.2833449,33.3910196,0 -115.2840529,33.3924668,0 -115.2842667,33.392661,0 -115.2849453,33.3930206,0 -115.2850492,33.3931782,0 -115.2850745,33.3934495,0 -115.2851829,33.3936845,0 -115.2856009,33.3939898,0 -115.2857758,33.3941934,0 -115.285982,33.3951832,0 -115.2866429,33.3969116,0 -115.2871697,33.3977749,0 -115.2876596,33.399001,0 -115.2882505,33.4002566,0 -115.2889486,33.4008543,0 -115.2890182,33.401135,0 -115.2891787,33.4014152,0 -115.2894619,33.401632,0 -115.2900403,33.4016866,0 -115.2907703,33.4022213,0 -115.2911483,33.4029228,0 -115.2918059,33.4039042,0 -115.2920999,33.4047276,0 -115.2919889,33.4050239,0 -115.2914124,33.4052876,0 -115.2913705,33.405469,0 -115.2916136,33.4061617,0 -115.2915809,33.4069552,0 -115.2918779,33.4067745,0 -115.2925307,33.4074494,0 -115.2927584,33.4085325,0 -115.2930846,33.4087523,0 -115.2935372,33.4092516,0 -115.2940204,33.4101332,0 -115.2943896,33.4103557,0 -115.2948375,33.4104198,0 -115.2951039,33.4105814,0 -115.2961728,33.4107388,0 -115.2963149,33.41117,0 -115.2965211,33.4112516,0 -115.2966298,33.4114014,0 -115.2965777,33.4117424,0 -115.2962014,33.4118459,0 -115.2959537,33.4124462,0 -115.2960467,33.4126152,0 -115.2978508,33.413217,0 -115.2982744,33.4133159,0 -115.2997009,33.4135499,0 -115.2999796,33.4133318,0 -115.300519,33.4135829,0 -115.3013764,33.4146329,0 -115.3024756,33.4153901,0 -115.3025972,33.4157237,0 -115.3025724,33.4162474,0 -115.3027638,33.4167668,0 -115.3031385,33.4171707,0 -115.3034224,33.4176232,0 -115.3039557,33.4179463,0 -115.3044966,33.4181794,0 -115.3046704,33.4187792,0 -115.3043656,33.4191677,0 -115.3045158,33.4196662,0 -115.3051067,33.4205546,0 -115.3053804,33.4208797,0 -115.3059817,33.4214063,0 -115.3061495,33.4217067,0 -115.3060791,33.4222567,0 -115.3080206,33.4227764,0 -115.3087504,33.4228602,0 -115.3092453,33.423342,0 -115.3096689,33.425144,0 -115.31027,33.4261598,0 -115.3108199,33.4265383,0 -115.3110456,33.4268537,0 -115.3121143,33.4277786,0 -115.3120011,33.4285687,0 -115.3120084,33.4286488,0 -115.3121327,33.4300081,0 -115.3132067,33.4310534,0 -115.3140131,33.4314661,0 -115.3145572,33.431663,0 -115.315765,33.4326625,0 -115.3163833,33.4337336,0 -115.3173937,33.4350106,0 -115.3177963,33.4353436,0 -115.3180938,33.4363766,0 -115.318618,33.4370436,0 -115.3192279,33.43748,0 -115.3197497,33.4379294,0 -115.3204664,33.4398401,0 -115.3215122,33.4407203,0 -115.3223299,33.4415595,0 -115.3227893,33.4421589,0 -115.3230017,33.4426903,0 -115.3232551,33.4439743,0 -115.3235201,33.4446431,0 -115.3236361,33.4452844,0 -115.3236791,33.4462655,0 -115.3238746,33.4469843,0 -115.3238809,33.4474014,0 -115.3240677,33.4479747,0 -115.3240692,33.4484457,0 -115.3250545,33.4495217,0 -115.3253074,33.4500811,0 -115.3254054,33.450685,0 -115.3254155,33.4513016,0 -115.3253517,33.4520224,0 -115.3254034,33.4526598,0 -115.3256514,33.4532731,0 -115.3268501,33.4546268,0 -115.3269542,33.4551586,0 -115.3273656,33.4561266,0 -115.327656,33.456507,0 -115.3276908,33.4570889,0 -115.3278724,33.4579698,0 -115.3286014,33.4583993,0 -115.3291034,33.4586119,0 -115.329363,33.4590154,0 -115.3302166,33.4586154,0 -115.3304338,33.4587714,0 -115.3312103,33.4595726,0 -115.3313152,33.46034,0 -115.3323613,33.4612205,0 -115.3328875,33.4613801,0 -115.3330738,33.4617177,0 -115.3327272,33.4624572,0 -115.3327583,33.4628396,0 -115.3331918,33.4629924,0 -115.3332498,33.4637907,0 -115.3324298,33.4653372,0 -115.3319825,33.4656603,0 -115.3313971,33.4665474,0 -115.3312271,33.4672203,0 -115.330615,33.4681611,0 -115.3304898,33.4685782,0 -115.3303291,33.4689007,0 -115.3302886,33.4693598,0 -115.3303848,33.4700122,0 -115.3308555,33.4708402,0 -115.3303958,33.4718784,0 -115.3300953,33.4722846,0 -115.3300302,33.4730193,0 -115.3301275,33.4734132,0 -115.3304895,33.473805,0 -115.3310317,33.4741529,0 -115.3311947,33.4745509,0 -115.331038,33.4750767,0 -115.3310256,33.4754638,0 -115.3312351,33.4755876,0 -115.3319704,33.476243,0 -115.3323722,33.4764342,0 -115.3330065,33.4768493,0 -115.3330537,33.4770191,0 -115.3333232,33.4773058,0 -115.3335797,33.4773548,0 -115.3336835,33.4777123,0 -115.3338239,33.4779031,0 -115.3339331,33.4779721,0 -115.334003,33.4781796,0 -115.3339704,33.478547,0 -115.3343866,33.4790715,0 -115.3346748,33.4795512,0 -115.3347691,33.4799782,0 -115.3347398,33.4803088,0 -115.3351067,33.4811443,0 -115.3357016,33.4821418,0 -115.3359539,33.4830256,0 -115.3359327,33.4832644,0 -115.3356705,33.4834882,0 -115.3348901,33.4835874,0 -115.3345321,33.4838976,0 -115.3343119,33.4841424,0 -115.3336264,33.4854112,0 -115.3335921,33.4857969,0 -115.3336474,33.4861697,0 -115.3338731,33.4866086,0 -115.333568,33.488806,0 -115.3336125,33.4895476,0 -115.3332934,33.4899155,0 -115.3326137,33.4898732,0 -115.3325877,33.4901673,0 -115.332827,33.4906992,0 -115.3329088,33.4915171,0 -115.3328632,33.4920314,0 -115.3326373,33.4925899,0 -115.330769,33.495512,0 -115.3300924,33.4959316,0 -115.3296132,33.4963634,0 -115.3291258,33.4968872,0 -115.3286984,33.4977288,0 -115.3286032,33.4985539,0 -115.3282676,33.5004035,0 -115.3282648,33.5010933,0 -115.3285263,33.5025889,0 -115.3284576,33.5036721,0 -115.3281141,33.503817,0 -115.3276996,33.5045114,0 -115.3271966,33.505459,0 -115.3269917,33.5062773,0 -115.3272343,33.5067727,0 -115.3279941,33.5076512,0 -115.327989,33.508205,0 -115.3280645,33.5085975,0 -115.3284744,33.5091956,0 -115.3289153,33.5094448,0 -115.3291295,33.5100122,0 -115.3295606,33.5108703,0 -115.3303205,33.5117488,0 -115.3306466,33.5120461,0 -115.3308733,33.5122265,0 -115.3313832,33.5124428,0 -115.3314084,33.5129062,0 -115.3313381,33.5136961,0 -115.331447,33.5139614,0 -115.3311677,33.5146218,0 -115.3307281,33.5153519,0 -115.3307476,33.5156301,0 -115.3309958,33.5163105,0 -115.3311908,33.5165997,0 -115.3312271,33.5169344,0 -115.3312212,33.5172479,0 -115.3310093,33.517401,0 -115.3307508,33.5178282,0 -115.3304894,33.5189937,0 -115.3304991,33.5194265,0 -115.3304472,33.5197775,0 -115.3306719,33.520467,0 -115.3307759,33.5210861,0 -115.330745,33.5213464,0 -115.330418,33.5215145,0 -115.3300404,33.5216072,0 -115.3295627,33.5215219,0 -115.3291341,33.5213846,0 -115.3282693,33.5209429,0 -115.3273087,33.5205578,0 -115.3270841,33.5203848,0 -115.3268261,33.5203475,0 -115.3261757,33.5204912,0 -115.3258392,33.5204959,0 -115.3254225,33.5204698,0 -115.3247304,33.5203159,0 -115.3238536,33.5197625,0 -115.3226312,33.5193723,0 -115.3223681,33.5193559,0 -115.3216625,33.5191087,0 -115.320726,33.5189764,0 -115.3203882,33.5188075,0 -115.3198872,33.5187395,0 -115.3192611,33.5180907,0 -115.3184842,33.5176528,0 -115.3177315,33.5174396,0 -115.3174707,33.5176449,0 -115.3171027,33.5175665,0 -115.3164167,33.517099,0 -115.3156249,33.5168279,0 -115.3149889,33.5167883,0 -115.3137463,33.5168768,0 -115.3129452,33.5174549,0 -115.3122209,33.5171695,0 -115.3114281,33.517157,0 -115.3102028,33.5168033,0 -115.309671,33.5165853,0 -115.3092957,33.5163402,0 -115.3087659,33.5156054,0 -115.3081837,33.5154582,0 -115.3077045,33.5153914,0 -115.3073205,33.5149978,0 -115.3072627,33.5141631,0 -115.3071304,33.5139148,0 -115.3068454,33.5138969,0 -115.3062235,33.5134517,0 -115.3059621,33.5134171,0 -115.3053081,33.5135794,0 -115.3046379,33.5139253,0 -115.3044714,33.5140626,0 -115.30445,33.5143014,0 -115.3032955,33.5151343,0 -115.3023193,33.5152025,0 -115.3019958,33.5153669,0 -115.3017553,33.5155922,0 -115.3015108,33.5156137,0 -115.3011924,33.5157231,0 -115.2996221,33.5150339,0 -115.2992933,33.5150132,0 -115.2989808,33.514809,0 -115.2986407,33.5144184,0 -115.2978419,33.5139806,0 -115.2969987,33.5132998,0 -115.2964909,33.5133051,0 -115.2962399,33.5134001,0 -115.2959281,33.513436,0 -115.295556,33.5136528,0 -115.2947754,33.5137519,0 -115.2947404,33.5138973,0 -115.2943832,33.5139488,0 -115.2929609,33.5138228,0 -115.2925455,33.5135384,0 -115.291643,33.51278,0 -115.2911754,33.5125845,0 -115.2906933,33.5120556,0 -115.290229,33.5118234,0 -115.2898011,33.5117604,0 -115.2893327,33.5114902,0 -115.2889019,33.5111308,0 -115.287259,33.5110094,0 -115.2867393,33.510903,0 -115.2862986,33.5106537,0 -115.2860918,33.510253,0 -115.2860913,33.5100381,0 -115.285552,33.5093284,0 -115.2858422,33.5088522,0 -115.2859502,33.5085668,0 -115.2858679,33.5080688,0 -115.2858783,33.5075949,0 -115.2859842,33.5073161,0 -115.2864004,33.5068648,0 -115.2865471,33.5066337,0 -115.2867499,33.5060923,0 -115.2867975,33.5055598,0 -115.2866297,33.5052167,0 -115.2864742,33.5044868,0 -115.286256,33.5042146,0 -115.2859894,33.5039947,0 -115.2853609,33.5036228,0 -115.2852556,33.5033206,0 -115.2852803,33.5030452,0 -115.2854395,33.5027413,0 -115.2854237,33.5024263,0 -115.2847258,33.5018468,0 -115.2842648,33.5015779,0 -115.28379,33.5012158,0 -115.2831816,33.5006236,0 -115.2824016,33.5002239,0 -115.2818978,33.4996936,0 -115.2815179,33.4995034,0 -115.2805633,33.4993328,0 -115.2801331,33.4992136,0 -115.2798798,33.4990868,0 -115.2796194,33.4987934,0 -115.2788389,33.4981535,0 -115.2785028,33.4979663,0 -115.2777761,33.4979576,0 -115.2771454,33.4978626,0 -115.2764641,33.4978384,0 -115.2760454,33.4975906,0 -115.27547,33.4973697,0 -115.2750105,33.4970824,0 -115.2745432,33.4968868,0 -115.274051,33.4969668,0 -115.2737424,33.4969659,0 -115.2733357,33.4971495,0 -115.2729524,33.4971749,0 -115.2723691,33.4972858,0 -115.2717346,33.4969876,0 -115.2713699,33.4968724,0 -115.2710544,33.4967048,0 -115.270493,33.4960786,0 -115.2701742,33.4959478,0 -115.2696168,33.495525,0 -115.2696518,33.4946406,0 -115.2695484,33.49392,0 -115.269469,33.4936812,0 -115.2690225,33.4933224,0 -115.2686856,33.4932167,0 -115.2681746,33.4931561,0 -115.2675157,33.4928998,0 -115.2671813,33.4929341,0 -115.2670671,33.4930049,0 -115.2667129,33.4930817,0 -115.2662741,33.4931157,0 -115.2657942,33.4930563,0 -115.2650131,33.4928142,0 -115.2643473,33.4924724,0 -115.2634769,33.4921953,0 -115.2624768,33.4918076,0 -115.2619328,33.4914787,0 -115.2610898,33.491349,0 -115.2607657,33.4908576,0 -115.2605164,33.4906016,0 -115.2600799,33.4903918,0 -115.2597649,33.4900852,0 -115.2588993,33.4894934,0 -115.2585329,33.4894266,0 -115.2585869,33.4892396,0 -115.2584785,33.4883175,0 -115.2585174,33.4881442,0 -115.2591937,33.4880944,0 -115.259978,33.4878316,0 -115.2605234,33.4877951,0 -115.2617767,33.48756,0 -115.262058,33.4871963,0 -115.2622134,33.4866656,0 -115.2627199,33.485556,0 -115.262984,33.4845514,0 -115.262959,33.4840407,0 -115.2627629,33.4831894,0 -115.2629305,33.4827937,0 -115.2632368,33.4825727,0 -115.2633759,33.4822492,0 -115.2634115,33.481605,0 -115.2631595,33.4812197,0 -115.2625283,33.4808845,0 -115.2623282,33.4808236,0 -115.2622161,33.4806095,0 -115.2622262,33.4804399,0 -115.2624752,33.4799642,0 -115.2625365,33.4796811,0 -115.262537,33.4792572,0 -115.2623891,33.4789919,0 -115.262395,33.4786785,0 -115.2627461,33.4782018,0 -115.2628742,33.4775082,0 -115.2627849,33.4771781,0 -115.2625771,33.4768892,0 -115.2618435,33.4774526,0 -115.2613499,33.4775507,0 -115.2608743,33.4774471,0 -115.2587956,33.4772795,0 -115.2586351,33.4771032,0 -115.2578912,33.4767979,0 -115.2574797,33.4763553,0 -115.2574681,33.4762894,0 -115.2577162,33.4760513,0 -115.2578345,33.4751144,0 -115.258169,33.4748501,0 -115.2574996,33.4747446,0 -115.2567986,33.4747046,0 -115.2564275,33.4746079,0 -115.2559471,33.4743856,0 -115.255618,33.4741247,0 -115.2555023,33.4739049,0 -115.2552716,33.4737359,0 -115.2551068,33.4735196,0 -115.2549062,33.472755,0 -115.2549855,33.4725222,0 -115.2551464,33.4723895,0 -115.2550357,33.4722538,0 -115.2549181,33.472195,0 -115.25488,33.4719352,0 -115.2547998,33.4718014,0 -115.2545364,33.4716561,0 -115.2541804,33.4711705,0 -115.2539828,33.4709777,0 -115.2537079,33.4709604,0 -115.2525143,33.4703592,0 -115.2521959,33.4703507,0 -115.2519447,33.470412,0 -115.2513453,33.4702454,0 -115.2509689,33.4699902,0 -115.2508009,33.4696977,0 -115.2531271,33.4680355,0 -115.2534731,33.4679846,0 -115.2542151,33.467571,0 -115.2542843,33.4674562,0 -115.2543007,33.4671822,0 -115.2543893,33.4670027,0 -115.2547961,33.466719,0 -115.2549516,33.4664639,0 -115.2552301,33.4662401,0 -115.2560427,33.4659472,0 -115.2565217,33.4656028,0 -115.2576023,33.4637479,0 -115.2577887,33.4633387,0 -115.2590672,33.4625552,0 -115.2594803,33.4620561,0 -115.2600185,33.461189,0 -115.260355,33.460515,0 -115.2604215,33.4597727,0 -115.2606742,33.459351,0 -115.2610362,33.4583954,0 -115.261317,33.4580012,0 -115.2613559,33.4575658,0 -115.2612634,33.4572255,0 -115.2617185,33.4569452,0 -115.2618413,33.4562579,0 -115.2618191,33.4558189,0 -115.2616359,33.4558073,0 -115.2614449,33.455538,0 -115.2613708,33.4539631,0 -115.2616464,33.452598,0 -115.2620767,33.4508746,0 -115.2621696,33.4498346,0 -115.2622162,33.447689,0 -115.2620191,33.4473957,0 -115.2623219,33.4464108,0 -115.2622219,33.4458124,0 -115.2620609,33.4452103,0 -115.2617752,33.4446261,0 -115.26164,33.444077,0 -115.2609685,33.4426978,0 -115.2607998,33.4423898,0 -115.2605813,33.4421321,0 -115.2605417,33.4417511,0 -115.2607122,33.4410584,0 -115.2605335,33.439966,0 -115.2595546,33.4382055,0 -115.2584341,33.4368366,0 -115.2578452,33.4362612,0 -115.2558274,33.4347631,0 -115.2542792,33.4336877,0 -115.251749,33.4316429,0 -115.2485759,33.4302156,0 -115.246519,33.4294398,0 -115.2439974,33.4287045,0 -115.2425745,33.4282897,0 -115.2388167,33.427133,0 -115.2366632,33.4266738,0 -115.2351933,33.4261457,0 -115.2304101,33.424887,0 -115.2237361,33.4229525,0 -115.2152011,33.4220141,0 -115.2098179,33.4207602,0 -115.2077295,33.4200875,0 -115.2035099,33.4195634,0 -115.2006333,33.4191239,0 -115.1944877,33.4178341,0 -115.1908728,33.418094,0 -115.1905394,33.4180475,0 -115.1902009,33.4177171,0 -115.1887989,33.4172678,0 -115.1883946,33.4169849,0 -115.1874248,33.4168462,0 -115.1850917,33.4171531,0 -115.1810832,33.4173647,0 -115.1772171,33.4177175,0 -115.1739285,33.4177661,0 -115.1691518,33.4162788,0 -115.165914,33.4157643,0 -115.1649232,33.4155211,0 -115.1617716,33.4143941,0 -115.158989,33.4135995,0 -115.1571049,33.4123728,0 -115.1545488,33.4104341,0 -115.1537268,33.4100215,0 -115.1473145,33.4079657,0 -115.1438541,33.4072048,0 -115.1402063,33.4067084,0 -115.1385276,33.4058914,0 -115.1375175,33.4053339,0 -115.1334983,33.4039706,0 -115.1288474,33.4021294,0 -115.1264666,33.4009737,0 -115.1239435,33.4007096,0 -115.1189815,33.3995946,0 -115.1150737,33.399036,0 -115.1118415,33.3977997,0 -115.1071475,33.3967786,0 -115.1050918,33.3964412,0 -115.0981199,33.3961746,0 -115.0933889,33.3955625,0 -115.0914716,33.3950535,0 -115.0895707,33.3943653,0 -115.0872494,33.3932383,0 -115.0833349,33.3917516,0 -115.08119,33.3910475,0 -115.0790616,33.3901646,0 -115.0768346,33.3893525,0 -115.0751875,33.3892465,0 -115.0745634,33.3896954,0 -115.0739816,33.3896838,0 -115.0728062,33.3897884,0 -115.0721168,33.38995,0 -115.070718,33.389474,0 -115.0690686,33.3890591,0 -115.0687258,33.3887796,0 -115.068333,33.3887495,0 -115.0677357,33.3887853,0 -115.0675775,33.3887094,0 -115.0673048,33.3882483,0 -115.0670018,33.3879664,0 -115.0667671,33.3872418,0 -115.0659967,33.3870396,0 -115.0656328,33.38713,0 -115.0655429,33.3872074,0 -115.0656261,33.3877794,0 -115.0655106,33.3882046,0 -115.0656049,33.38848,0 -115.0657739,33.3886277,0 -115.0657348,33.3887195,0 -115.0655578,33.3888801,0 -115.0647254,33.3888343,0 -115.064162,33.3889406,0 -115.0637377,33.3891372,0 -115.063606,33.3893093,0 -115.0634565,33.3900363,0 -115.0637288,33.3904142,0 -115.0637101,33.3906188,0 -115.0632974,33.3908801,0 -115.0623138,33.3910859,0 -115.0620798,33.391004,0 -115.0617064,33.3903869,0 -115.0616221,33.3899697,0 -115.0612018,33.3891963,0 -115.0600178,33.3880801,0 -115.0593986,33.3867397,0 -115.0590541,33.3863691,0 -115.058677,33.3861655,0 -115.0584011,33.3861254,0 -115.0581619,33.3862251,0 -115.0580219,33.3863145,0 -115.0579916,33.3866219,0 -115.0579175,33.3867402,0 -115.0577544,33.3868547,0 -115.057305,33.3869192,0 -115.0571426,33.387202,0 -115.0569527,33.3872124,0 -115.0566411,33.3871285,0 -115.0561019,33.3865671,0 -115.055954,33.3866168,0 -115.0549806,33.3874066,0 -115.0547393,33.3877047,0 -115.0546336,33.3877328,0 -115.0543561,33.387599,0 -115.0541532,33.387388,0 -115.0537405,33.3867231,0 -115.0538917,33.3865511,0 -115.053912,33.3864258,0 -115.0534518,33.3857115,0 -115.0532759,33.3852884,0 -115.0527549,33.3852806,0 -115.0523374,33.3851508,0 -115.0516168,33.3850338,0 -115.0509208,33.3851876,0 -115.0504474,33.3854259,0 -115.0499496,33.3858093,0 -115.0493307,33.3856067,0 -115.0491488,33.3853898,0 -115.0491187,33.3850762,0 -115.0489941,33.3847525,0 -115.0484568,33.3843087,0 -115.048321,33.3841196,0 -115.0483653,33.383968,0 -115.0481566,33.3835686,0 -115.0473213,33.3829743,0 -115.0470822,33.3829072,0 -115.0466058,33.3824133,0 -115.0462345,33.3823591,0 -115.0458879,33.3822126,0 -115.0442389,33.382132,0 -115.0438048,33.3821998,0 -115.0437672,33.382387,0 -115.043005,33.382876,0 -115.0429179,33.3831535,0 -115.0427163,33.3833463,0 -115.0423387,33.3834507,0 -115.0418482,33.3837793,0 -115.0416348,33.3841002,0 -115.0414306,33.3836494,0 -115.0410648,33.3832912,0 -115.0407996,33.3831711,0 -115.040251,33.3834703,0 -115.0398237,33.3837774,0 -115.0396382,33.3841257,0 -115.039249,33.384358,0 -115.0387307,33.3843243,0 -115.0382895,33.3841157,0 -115.0381252,33.3838992,0 -115.0379141,33.38386,0 -115.0371702,33.3842752,0 -115.0368655,33.3842555,0 -115.0361007,33.3838973,0 -115.035768,33.383854,0 -115.0353912,33.3843055,0 -115.0351645,33.384403,0 -115.034869,33.384281,0 -115.0347024,33.3840901,0 -115.0342593,33.3839522,0 -115.0339576,33.3839758,0 -115.0332112,33.3841581,0 -115.03224,33.38407,0 -115.0316525,33.3841528,0 -115.03157,33.3842261,0 -115.0315213,33.384365,0 -115.0315868,33.3846093,0 -115.0315707,33.385123,0 -115.0312161,33.3859751,0 -115.0311174,33.3870496,0 -115.0308993,33.3874215,0 -115.0308809,33.3875346,0 -115.0296494,33.3882291,0 -115.028816,33.3885572,0 -115.0281118,33.3893775,0 -115.028068,33.3895839,0 -115.0282963,33.3901957,0 -115.0283109,33.3908832,0 -115.0281653,33.3918004,0 -115.028191,33.3921879,0 -115.0281342,33.3923378,0 -115.0280533,33.3932753,0 -115.0278008,33.3935729,0 -115.0274893,33.3937462,0 -115.02636,33.3939663,0 -115.0256911,33.3939637,0 -115.0248262,33.3938089,0 -115.0235106,33.3933393,0 -115.0228711,33.3930308,0 -115.0220934,33.3928731,0 -115.0217739,33.3928835,0 -115.0215762,33.3926948,0 -115.0212898,33.3920789,0 -115.0206211,33.3910205,0 -115.0200811,33.3902994,0 -115.0200811,33.3899646,0 -115.019971,33.3894944,0 -115.0195252,33.389337,0 -115.0186642,33.3893584,0 -115.0176297,33.3892657,0 -115.0171746,33.3892104,0 -115.0168486,33.3890864,0 -115.0158658,33.3880963,0 -115.0154744,33.3873502,0 -115.0151787,33.3872283,0 -115.0148128,33.3872046,0 -115.0143107,33.3873262,0 -115.0139259,33.3875071,0 -115.0138438,33.3877337,0 -115.0132335,33.3886978,0 -115.0123207,33.3889475,0 -115.0112807,33.388902,0 -115.0106967,33.3888197,0 -115.010172,33.3886282,0 -115.0081171,33.388289,0 -115.0064046,33.3882296,0 -115.0059542,33.3881233,0 -115.0057455,33.3877236,0 -115.0054925,33.3874754,0 -115.0050818,33.3872688,0 -115.0047934,33.3867354,0 -115.0043693,33.3863476,0 -115.0038593,33.3861255,0 -115.0033464,33.3859807,0 -115.0028101,33.3859442,0 -115.0021407,33.3858043,0 -115.0017267,33.3856383,0 -115.0015131,33.3854897,0 -115.0012848,33.3851741,0 -115.0008927,33.3850193,0 -115.0007216,33.3850188,0 -115.0006186,33.3852555,0 -115.0005642,33.385689,0 -115.0006506,33.3867498,0 -115.0008381,33.3870451,0 -115.0007862,33.3876079,0 -115.0010182,33.3880862,0 -115.0010978,33.3885545,0 -115.0015123,33.3894883,0 -115.0014657,33.3897708,0 -115.0013652,33.389974,0 -115.000806,33.3907231,0 -115.0005337,33.3910144,0 -114.9999681,33.3911579,0 -114.9997617,33.3914016,0 -114.9994351,33.3919467,0 -114.9983132,33.3928002,0 -114.9984085,33.3930494,0 -114.9984493,33.3934628,0 -114.9975187,33.3941314,0 -114.9965644,33.394673,0 -114.9949205,33.3951784,0 -114.9941712,33.3951309,0 -114.9926248,33.3954465,0 -114.9904086,33.395418,0 -114.9898012,33.3954625,0 -114.9892411,33.3955679,0 -114.9887358,33.3955717,0 -114.9883866,33.3954083,0 -114.9878962,33.3950874,0 -114.9876359,33.394597,0 -114.9873823,33.3942561,0 -114.9871792,33.3937139,0 -114.9868836,33.3934242,0 -114.986614,33.393383,0 -114.9857328,33.3929624,0 -114.9852543,33.3929031,0 -114.9846761,33.3926352,0 -114.9840969,33.392263,0 -114.9834094,33.3923984,0 -114.9822925,33.3925316,0 -114.9816522,33.39249,0 -114.9807888,33.3925368,0 -114.9795056,33.3924791,0 -114.9789497,33.3925201,0 -114.9788771,33.3923093,0 -114.9785676,33.3920063,0 -114.9781155,33.3912563,0 -114.977576,33.3907855,0 -114.9770126,33.3902067,0 -114.9766736,33.389927,0 -114.9762094,33.3896396,0 -114.9752922,33.3896057,0 -114.9746892,33.3898236,0 -114.9739715,33.3896224,0 -114.973652,33.3900906,0 -114.9736812,33.3907266,0 -114.9740382,33.3912224,0 -114.9744016,33.3916064,0 -114.9745629,33.3931108,0 -114.9749748,33.39429,0 -114.9749291,33.3944844,0 -114.9748313,33.3947981,0 -114.9743326,33.3954217,0 -114.9740824,33.3959865,0 -114.9738637,33.3961862,0 -114.9733938,33.3960436,0 -114.9723351,33.3964353,0 -114.9719135,33.3967305,0 -114.9716362,33.3966249,0 -114.9712376,33.3962099,0 -114.9699105,33.3953843,0 -114.969336,33.3949566,0 -114.9687419,33.394416,0 -114.9681404,33.3942742,0 -114.9677359,33.394016,0 -114.9670158,33.3938406,0 -114.9660108,33.3937312,0 -114.9651749,33.3937407,0 -114.9651481,33.3935613,0 -114.9654778,33.3928911,0 -114.9656048,33.3925132,0 -114.9655909,33.3923323,0 -114.9655139,33.3921727,0 -114.9648757,33.3917433,0 -114.9645069,33.3912471,0 -114.9643799,33.3909924,0 -114.9636558,33.390306,0 -114.9633479,33.3897022,0 -114.9630673,33.3894861,0 -114.9626115,33.389292,0 -114.9619567,33.3888076,0 -114.9614303,33.3885034,0 -114.9603826,33.3882962,0 -114.9597722,33.3880702,0 -114.9588219,33.3880127,0 -114.957889,33.388047,0 -114.957279,33.388007,0 -114.9568782,33.3880326,0 -114.956544,33.3886542,0 -114.9562811,33.3888429,0 -114.9559648,33.3886164,0 -114.9557755,33.3880121,0 -114.9557875,33.3875497,0 -114.9555489,33.3871481,0 -114.954878,33.3871043,0 -114.9542209,33.3872414,0 -114.9532661,33.3876167,0 -114.9527004,33.38776,0 -114.9515722,33.3876863,0 -114.9498447,33.3867424,0 -114.9487952,33.3864882,0 -114.9481789,33.3867225,0 -114.9481382,33.3867785,0 -114.9481623,33.3871544,0 -114.9478846,33.387444,0 -114.9474625,33.3876577,0 -114.9471168,33.3881286,0 -114.9464256,33.3878506,0 -114.9462755,33.3878527,0 -114.9456937,33.3878944,0 -114.9454644,33.3880788,0 -114.9449966,33.3882543,0 -114.9448663,33.3882017,0 -114.9446489,33.3878832,0 -114.9445458,33.3878251,0 -114.9441079,33.3877907,0 -114.9433557,33.3873041,0 -114.9431263,33.3868001,0 -114.9426574,33.3864765,0 -114.9421543,33.3865992,0 -114.9419068,33.3867204,0 -114.9410786,33.3867178,0 -114.9401128,33.3862181,0 -114.9386335,33.3856315,0 -114.9378879,33.3854026,0 -114.9372261,33.3849702,0 -114.9366762,33.385434,0 -114.9361686,33.3860833,0 -114.9357128,33.3865762,0 -114.9348687,33.3872011,0 -114.9346019,33.3881665,0 -114.9343774,33.3885816,0 -114.9339481,33.388919,0 -114.9334099,33.3892597,0 -114.9331775,33.3894993,0 -114.9327096,33.3897253,0 -114.9323622,33.3898348,0 -114.9321814,33.3901009,0 -114.9319592,33.3907552,0 -114.9317893,33.3908943,0 -114.9315753,33.3909856,0 -114.9312288,33.3909263,0 -114.9305583,33.3903776,0 -114.9296036,33.3898337,0 -114.9293402,33.3895929,0 -114.9285716,33.3893966,0 -114.9281527,33.3900927,0 -114.9282407,33.39051,0 -114.9282062,33.3912795,0 -114.9279298,33.3915043,0 -114.9275162,33.3920325,0 -114.9274409,33.3926275,0 -114.9270034,33.3934237,0 -114.9269217,33.3938316,0 -114.9268345,33.3939774,0 -114.9263286,33.3943324,0 -114.9259146,33.395067,0 -114.925504,33.3951952,0 -114.9249557,33.3954924,0 -114.9250088,33.3959681,0 -114.9244748,33.3963623,0 -114.9241951,33.3967301,0 -114.9241032,33.3970586,0 -114.9238189,33.3972413,0 -114.9232109,33.3973502,0 -114.9225441,33.3981995,0 -114.9222345,33.398513,0 -114.9221289,33.3987702,0 -114.9221114,33.3988718,0 -114.9223118,33.3991817,0 -114.9223213,33.3999469,0 -114.9225132,33.4006022,0 -114.9224475,33.4011178,0 -114.9224608,33.4021086,0 -114.9222708,33.4034685,0 -114.9221625,33.4037264,0 -114.9219398,33.4038534,0 -114.9216413,33.4041167,0 -114.9214348,33.4044921,0 -114.9216271,33.4049466,0 -114.9221588,33.405123,0 -114.9222392,33.4052341,0 -114.9222116,33.4056828,0 -114.9212204,33.4065998,0 -114.9202899,33.4077587,0 -114.9201282,33.408137,0 -114.9203419,33.4083137,0 -114.9206716,33.4087217,0 -114.9207024,33.4089879,0 -114.9199589,33.4092752,0 -114.9194583,33.4098965,0 -114.9193626,33.4113755,0 -114.9194631,33.4121069,0 -114.9197399,33.4123019,0 -114.9199895,33.4125657,0 -114.9200298,33.4128336,0 -114.9200017,33.4131147,0 -114.9198448,33.4133399,0 -114.9195447,33.4134913,0 -114.9193643,33.4145228,0 -114.9183167,33.4151084,0 -114.9181064,33.4155267,0 -114.9180274,33.4155253,0 -114.918024,33.4156663,0 -114.9178325,33.4158669,0 -114.9175582,33.4160308,0 -114.9172819,33.4162779,0 -114.9172099,33.4168313,0 -114.9163235,33.4168339,0 -114.9160415,33.4169215,0 -114.9154707,33.416937,0 -114.9153354,33.4168043,0 -114.9146741,33.4166346,0 -114.9142111,33.4164299,0 -114.9135452,33.4163333,0 -114.9125874,33.4164295,0 -114.9117144,33.4160717,0 -114.9113677,33.4161727,0 -114.9109849,33.4166603,0 -114.9103632,33.4172206,0 -114.909819,33.4175835,0 -114.9096712,33.4176375,0 -114.908932,33.4176976,0 -114.9086213,33.417852,0 -114.9079643,33.4183007,0 -114.9077221,33.4186385,0 -114.9074509,33.4188328,0 -114.9071327,33.418982,0 -114.9062647,33.418812,0 -114.9060756,33.4189812,0 -114.90494,33.4211078,0 -114.9047655,33.4222985,0 -114.9051323,33.4237901,0 -114.9053411,33.4242635,0 -114.905364,33.4249192,0 -114.9050576,33.4259422,0 -114.9045814,33.4262999,0 -114.9038888,33.4269439,0 -114.9033005,33.4280474,0 -114.9030544,33.4286501,0 -114.9026925,33.429139,0 -114.9016675,33.4299556,0 -114.9015917,33.430052,0 -114.9010452,33.4307456,0 -114.9006569,33.4315157,0 -114.9005286,33.4328863,0 -114.8998365,33.4353285,0 -114.8997209,33.4358868,0 -114.8994454,33.4365758,0 -114.8990968,33.4369241,0 -114.8988256,33.4371183,0 -114.8984685,33.4375019,0 -114.898179,33.4379422,0 -114.8972854,33.4385025,0 -114.8954521,33.4392843,0 -114.8948066,33.4397706,0 -114.8939264,33.4408228,0 -114.8934059,33.441624,0 -114.8929791,33.4421263,0 -114.8928093,33.4424753,0 -114.8924653,33.442658,0 -114.8916642,33.4426605,0 -114.8913552,33.4430272,0 -114.8907909,33.4438741,0 -114.8905304,33.444405,0 -114.8902925,33.4455916,0 -114.8898884,33.4460776,0 -114.8891165,33.4466632,0 -114.8876781,33.4476117,0 -114.8859958,33.4484556,0 -114.8851874,33.448756,0 -114.8845617,33.4489092,0 -114.8829182,33.4488893,0 -114.8820891,33.448988,0 -114.8814934,33.4492948,0 -114.8813786,33.449539,0 -114.8813604,33.4498209,0 -114.8820962,33.4500871,0 -114.8823623,33.4503201,0 -114.8823432,33.4509731,0 -114.8821455,33.451508,0 -114.8820691,33.4518743,0 -114.8813328,33.452303,0 -114.8812467,33.452545,0 -114.8809946,33.4527581,0 -114.8805053,33.4530264,0 -114.8804451,33.4534467,0 -114.8798983,33.4534284,0 -114.8797837,33.4535269,0 -114.8797688,33.4536852,0 -114.8794313,33.4539103,0 -114.8793612,33.4542063,0 -114.8795042,33.4544809,0 -114.8794805,33.4549567,0 -114.8792888,33.4556513,0 -114.879065,33.4555658,0 -114.8787105,33.4552949,0 -114.8784674,33.4551905,0 -114.8781738,33.4551711,0 -114.8770721,33.4545503,0 -114.8763963,33.4545588,0 -114.8759479,33.4546176,0 -114.8756158,33.4545602,0 -114.8754448,33.4545844,0 -114.8751753,33.4547611,0 -114.8749815,33.4548014,0 -114.8747718,33.4547875,0 -114.8743225,33.4546342,0 -114.8740245,33.4547658,0 -114.8739112,33.4549269,0 -114.8738416,33.4552094,0 -114.8736513,33.4554122,0 -114.8733919,33.4558974,0 -114.8733757,33.4560666,0 -114.873173,33.4564031,0 -114.872816,33.4565592,0 -114.872534,33.4568275,0 -114.8723128,33.4573177,0 -114.872371,33.4578396,0 -114.8722518,33.4585996,0 -114.8718326,33.4593877,0 -114.8716004,33.459475,0 -114.8718921,33.4600143,0 -114.8719273,33.4603218,0 -114.8718403,33.4605493,0 -114.8720912,33.4612191,0 -114.8726969,33.461928,0 -114.8728454,33.462171,0 -114.8730861,33.4623662,0 -114.8735255,33.4624491,0 -114.8739176,33.4630459,0 -114.8741071,33.4632042,0 -114.8741699,33.4632459,0 -114.8748525,33.463362,0 -114.8751436,33.4634529,0 -114.8753037,33.4635711,0 -114.8751546,33.4647274,0 -114.8752024,33.4651073,0 -114.8751463,33.4654803,0 -114.8752103,33.4659332,0 -114.8761493,33.4661538,0 -114.8766556,33.4665525,0 -114.8770492,33.4667411,0 -114.8773408,33.4669528,0 -114.8768807,33.467066,0 -114.8765558,33.4673316,0 -114.8759428,33.4681972,0 -114.8757844,33.4691645,0 -114.8753898,33.4699457,0 -114.8752891,33.4705849,0 -114.8750687,33.4708575,0 -114.8750582,33.4709692,0 -114.8747654,33.4712651,0 -114.8746484,33.4714577,0 -114.8746921,33.4716758,0 -114.8746621,33.4719968,0 -114.8745329,33.4726881,0 -114.8744526,33.472862,0 -114.8742101,33.4729358,0 -114.8741225,33.4731812,0 -114.8737391,33.4734249,0 -114.8736125,33.4735958,0 -114.8735287,33.4738072,0 -114.8734984,33.4741266,0 -114.8733329,33.4742951,0 -114.8730289,33.4744975,0 -114.8729147,33.4746443,0 -114.87285,33.4748841,0 -114.8725877,33.4751609,0 -114.8722999,33.4750342,0 -114.8719008,33.4749541,0 -114.8709623,33.4753361,0 -114.870431,33.4757816,0 -114.8701238,33.4759339,0 -114.8695924,33.4760858,0 -114.8694689,33.4762534,0 -114.869533,33.4764891,0 -114.8697457,33.4767884,0 -114.8696381,33.4770094,0 -114.8694835,33.4771514,0 -114.8694884,33.47754,0 -114.8692619,33.4779849,0 -114.869311,33.4788198,0 -114.8689273,33.4790277,0 -114.8686073,33.4797728,0 -114.868565,33.4801201,0 -114.8686072,33.480388,0 -114.8690688,33.4809387,0 -114.8689267,33.4813115,0 -114.8687414,33.4813194,0 -114.8687394,33.4814035,0 -114.8685989,33.4814742,0 -114.8684136,33.4817567,0 -114.8683122,33.4821696,0 -114.8674879,33.4829512,0 -114.8668993,33.4832891,0 -114.8666435,33.4835054,0 -114.866275,33.4835529,0 -114.8658056,33.4840472,0 -114.8653468,33.4843168,0 -114.8649766,33.484382,0 -114.8646602,33.4845583,0 -114.8640283,33.4846064,0 -114.863568,33.4845211,0 -114.8631866,33.4846227,0 -114.8627982,33.4845201,0 -114.8623925,33.4844861,0 -114.8615598,33.484515,0 -114.8611259,33.4845759,0 -114.8604839,33.4848024,0 -114.8600582,33.4847744,0 -114.8597435,33.484933,0 -114.8593926,33.4852507,0 -114.8585274,33.4855703,0 -114.8572292,33.4857176,0 -114.8557708,33.4855134,0 -114.8554513,33.4854989,0 -114.8548883,33.4855627,0 -114.8541294,33.4852075,0 -114.8531163,33.4846022,0 -114.85285,33.4844947,0 -114.8519628,33.4843465,0 -114.8514885,33.4841535,0 -114.8509022,33.4835587,0 -114.8500373,33.4831964,0 -114.849623,33.4825949,0 -114.849329,33.4823063,0 -114.8494389,33.4815959,0 -114.8488907,33.480824,0 -114.8489502,33.4799669,0 -114.8488577,33.4795841,0 -114.8487586,33.4797283,0 -114.8484848,33.4799075,0 -114.8464895,33.4804677,0 -114.8462049,33.4804741,0 -114.8453433,33.4802724,0 -114.8450709,33.4801559,0 -114.8447677,33.4799539,0 -114.8445662,33.4798938,0 -114.8445468,33.4803588,0 -114.8443992,33.4805517,0 -114.8441357,33.4806785,0 -114.8438098,33.4807061,0 -114.8434334,33.4806314,0 -114.8429394,33.480633,0 -114.8431181,33.481651,0 -114.8428476,33.482421,0 -114.8424164,33.4827345,0 -114.8422029,33.4829537,0 -114.8421827,33.4831677,0 -114.8418597,33.4834153,0 -114.8413875,33.4836533,0 -114.8407353,33.4842193,0 -114.8407521,33.4845854,0 -114.840931,33.4848608,0 -114.8413015,33.4852443,0 -114.8419654,33.4854556,0 -114.8421841,33.4856195,0 -114.8422882,33.4858876,0 -114.8422774,33.4860554,0 -114.8425189,33.4861861,0 -114.8432021,33.4862119,0 -114.8438721,33.4862999,0 -114.8458147,33.4868049,0 -114.8458624,33.4868496,0 -114.8457728,33.4869814,0 -114.8456619,33.4873659,0 -114.8457622,33.4878553,0 -114.8452085,33.4884437,0 -114.8445192,33.4887765,0 -114.8445022,33.4889904,0 -114.8439477,33.4887249,0 -114.8438528,33.4890944,0 -114.8436456,33.4892365,0 -114.8432682,33.4892085,0 -114.8419506,33.4885912,0 -114.8417459,33.4886243,0 -114.8414958,33.4887319,0 -114.8414089,33.4888214,0 -114.8413995,33.4889654,0 -114.8414749,33.4895211,0 -114.8416187,33.4896466,0 -114.8424402,33.4901005,0 -114.8425504,33.4902755,0 -114.842602,33.4905764,0 -114.8425757,33.4909972,0 -114.8427257,33.4911958,0 -114.8427237,33.4914157,0 -114.8416784,33.4917553,0 -114.8414565,33.4919898,0 -114.8413403,33.4922169,0 -114.8406471,33.492219,0 -114.8399627,33.4928335,0 -114.8403298,33.4929206,0 -114.8408504,33.4936936,0 -114.8417634,33.4935023,0 -114.842392,33.4934761,0 -114.8431173,33.4936085,0 -114.8438082,33.4938431,0 -114.8440949,33.4939486,0 -114.8444033,33.4941921,0 -114.8446281,33.4944743,0 -114.8447539,33.4949591,0 -114.8450279,33.4954331,0 -114.8455656,33.4960977,0 -114.8456363,33.496517,0 -114.8461496,33.4967869,0 -114.8465934,33.49713,0 -114.8467565,33.4974263,0 -114.8468385,33.4978804,0 -114.8471374,33.4987333,0 -114.8469281,33.4991597,0 -114.8467583,33.4993686,0 -114.8462313,33.4995851,0 -114.8458317,33.4998417,0 -114.8456993,33.500053,0 -114.8457673,33.5003249,0 -114.845669,33.5011671,0 -114.8452649,33.5021746,0 -114.8447206,33.5022679,0 -114.8442896,33.5024595,0 -114.8436553,33.503015,0 -114.8435615,33.5032602,0 -114.843427,33.5033458,0 -114.8433857,33.5034845,0 -114.8431436,33.5035874,0 -114.8428539,33.5035442,0 -114.841848,33.5036488,0 -114.8413046,33.503661,0 -114.8408789,33.5036013,0 -114.8406876,33.5036356,0 -114.8401631,33.5040426,0 -114.8398922,33.5040879,0 -114.8393849,33.5045164,0 -114.8391951,33.5045352,0 -114.8387936,33.5044143,0 -114.8384937,33.5044101,0 -114.8376712,33.5045757,0 -114.8367614,33.5050656,0 -114.8365491,33.5051298,0 -114.8364611,33.5052655,0 -114.8361088,33.5050223,0 -114.8352542,33.5050993,0 -114.8344756,33.5056215,0 -114.8342871,33.5058289,0 -114.8341558,33.5066222,0 -114.8338576,33.5069954,0 -114.8335602,33.5075006,0 -114.8333348,33.5076719,0 -114.833202,33.5078442,0 -114.8331939,33.5081242,0 -114.8328813,33.508786,0 -114.8322658,33.508745,0 -114.8319295,33.5089271,0 -114.8318003,33.5091072,0 -114.8318219,33.5094703,0 -114.8319801,33.5097795,0 -114.8324931,33.5101124,0 -114.8328366,33.5104494,0 -114.8329994,33.5107119,0 -114.8332285,33.5108686,0 -114.8332658,33.5110692,0 -114.8330054,33.5114449,0 -114.8331179,33.5122386,0 -114.8333842,33.5123978,0 -114.8348996,33.5130486,0 -114.8355575,33.5132337,0 -114.8355534,33.5136739,0 -114.8356382,33.5137737,0 -114.8357502,33.5141742,0 -114.8357516,33.5147561,0 -114.8358411,33.5149977,0 -114.8362716,33.5155349,0 -114.8365849,33.5162831,0 -114.8367067,33.5167475,0 -114.8367064,33.5171611,0 -114.8364692,33.5178854,0 -114.8364599,33.5181833,0 -114.8362011,33.5187323,0 -114.8351622,33.5188049,0 -114.8342283,33.5185541,0 -114.8333577,33.5184336,0 -114.8328951,33.5186273,0 -114.8321352,33.5191881,0 -114.8318697,33.5192781,0 -114.8313927,33.5195606,0 -114.8312399,33.5197864,0 -114.8313154,33.5199801,0 -114.8310603,33.5208909,0 -114.8310477,33.5214247,0 -114.8311734,33.5220776,0 -114.8312319,33.523014,0 -114.8314039,33.5234418,0 -114.8314266,33.523915,0 -114.8313612,33.5241414,0 -114.8313359,33.5241699,0 -114.8311467,33.5241212,0 -114.8308544,33.5241437,0 -114.8305137,33.5242386,0 -114.830382,33.524394,0 -114.8302159,33.5247816,0 -114.8294104,33.5251842,0 -114.8292234,33.5252323,0 -114.8291381,33.5251341,0 -114.8285348,33.5247639,0 -114.8279614,33.5244743,0 -114.8276466,33.5242332,0 -114.8274867,33.5240382,0 -114.8265406,33.5250087,0 -114.825844,33.5256228,0 -114.8254272,33.5258623,0 -114.824099,33.52601,0 -114.8238673,33.5262777,0 -114.8239797,33.5266782,0 -114.8239931,33.5269305,0 -114.8241859,33.5272735,0 -114.8241749,33.52753,0 -114.8243112,33.5281264,0 -114.8242912,33.5282784,0 -114.8238193,33.528963,0 -114.8235174,33.5291788,0 -114.8227884,33.5295391,0 -114.8224026,33.5294506,0 -114.8221899,33.5293266,0 -114.8219682,33.5292801,0 -114.8216138,33.5292566,0 -114.8209878,33.5293249,0 -114.8207507,33.5294507,0 -114.8204905,33.5298187,0 -114.8203448,33.5295732,0 -114.8191302,33.5287218,0 -114.8189427,33.5285208,0 -114.818636,33.5283904,0 -114.8181914,33.5283293,0 -114.8178943,33.5282939,0 -114.8177245,33.5283608,0 -114.8176603,33.5287816,0 -114.8177784,33.5291193,0 -114.8177296,33.529635,0 -114.81797,33.5298711,0 -114.8182113,33.5302958,0 -114.8179823,33.5305323,0 -114.8173453,33.5309142,0 -114.8168037,33.5310827,0 -114.8164687,33.5312491,0 -114.8159582,33.5316868,0 -114.8153946,33.5318852,0 -114.8149702,33.5322028,0 -114.8148206,33.5323973,0 -114.8145788,33.5325698,0 -114.8143583,33.5329168,0 -114.8141178,33.5330738,0 -114.8138436,33.53359,0 -114.8126958,33.5344928,0 -114.8125611,33.5345376,0 -114.8118346,33.5344872,0 -114.8116307,33.5345118,0 -114.8104034,33.534362,0 -114.8103294,33.5344096,0 -114.8105194,33.5346382,0 -114.810598,33.5349568,0 -114.8108703,33.5351831,0 -114.8110641,33.5355177,0 -114.8111841,33.535923,0 -114.8111079,33.5364856,0 -114.8111797,33.5366795,0 -114.8114763,33.5364155,0 -114.8119267,33.5364075,0 -114.8121844,33.5363302,0 -114.8128734,33.5364516,0 -114.8131804,33.5365476,0 -114.8137954,33.5364942,0 -114.8141097,33.5365151,0 -114.8145184,33.5367315,0 -114.8155936,33.5370678,0 -114.815849,33.5372362,0 -114.8167596,33.5376373,0 -114.8170991,33.5378681,0 -114.8174476,33.5380049,0 -114.8187754,33.5387739,0 -114.8191985,33.5388402,0 -114.819431,33.539007,0 -114.8200298,33.5398415,0 -114.8202295,33.5405925,0 -114.8203921,33.5417387,0 -114.8203349,33.5423402,0 -114.8205321,33.5427115,0 -114.8204748,33.5432781,0 -114.8205772,33.5433591,0 -114.8207337,33.5436154,0 -114.8210767,33.5438083,0 -114.8214143,33.5443036,0 -114.8215001,33.5446856,0 -114.8214929,33.5451545,0 -114.8211115,33.5456299,0 -114.8199944,33.5467566,0 -114.8194617,33.5474628,0 -114.8192932,33.5482935,0 -114.8193238,33.5491097,0 -114.8192662,33.5497165,0 -114.8190889,33.550224,0 -114.8190351,33.5508928,0 -114.8190956,33.5516835,0 -114.8193495,33.5519905,0 -114.8196366,33.5525102,0 -114.8196792,33.5527506,0 -114.8197407,33.5528198,0 -114.8204383,33.553057,0 -114.8205249,33.5531275,0 -114.8208572,33.5538276,0 -114.8216288,33.5547552,0 -114.821956,33.5552462,0 -114.8221955,33.5554813,0 -114.8222064,33.5565462,0 -114.8220686,33.5568185,0 -114.8219928,33.5572204,0 -114.8216857,33.5577007,0 -114.8219044,33.5581532,0 -114.8224397,33.5588147,0 -114.822435,33.5590081,0 -114.8225001,33.5591655,0 -114.8224905,33.5596238,0 -114.8223925,33.5598827,0 -114.8222725,33.5600128,0 -114.8214454,33.5606262,0 -114.8196286,33.5630954,0 -114.8187979,33.5641138,0 -114.8184092,33.564821,0 -114.8183637,33.5652419,0 -114.8185646,33.567411,0 -114.8186023,33.56958,0 -114.8182108,33.5701801,0 -114.817948,33.5709782,0 -114.8177403,33.5718992,0 -114.8162043,33.5731105,0 -114.8139923,33.5747588,0 -114.812157,33.575938,0 -114.8113135,33.5770863,0 -114.8111903,33.5776722,0 -114.8113969,33.5783174,0 -114.812375,33.5798755,0 -114.8132558,33.5804843,0 -114.8144091,33.5811897,0 -114.8147791,33.5822357,0 -114.8147238,33.5838034,0 -114.8145901,33.5852088,0 -114.8138597,33.5869675,0 -114.8136445,33.5892319,0 -114.8129998,33.5910746,0 -114.8125521,33.5928047,0 -114.8120794,33.5956047,0 -114.8119945,33.5970621,0 -114.8122442,33.5982187,0 -114.8127198,33.5999916,0 -114.8136749,33.6024979,0 -114.8145842,33.6039668,0 -114.8151464,33.6043235,0 -114.815468,33.6048541,0 -114.8148648,33.6069511,0 -114.8146403,33.6091418,0 -114.8144001,33.6105924,0 -114.8141268,33.6134651,0 -114.8148392,33.6155893,0 -114.814978,33.6165338,0 -114.81536,33.6173245,0 -114.8154658,33.6188833,0 -114.8159915,33.6208314,0 -114.8160253,33.62128,0 -114.8158788,33.6214828,0 -114.8156226,33.6220397,0 -114.8156318,33.6227418,0 -114.8157505,33.6238975,0 -114.8155306,33.6246054,0 -114.8158566,33.6259876,0 -114.8166094,33.6274196,0 -114.8167524,33.6288533,0 -114.8169298,33.6299277,0 -114.8171414,33.630639,0 -114.8178674,33.6320905,0 -114.8181894,33.6324452,0 -114.8184797,33.6330651,0 -114.8186551,33.6342305,0 -114.8185625,33.6350624,0 -114.818587,33.636107,0 -114.8183353,33.6367455,0 -114.82082,33.6407961,0 -114.8214497,33.6423628,0 -114.8221808,33.6437911,0 -114.8227801,33.6446736,0 -114.8238283,33.6454703,0 -114.8245513,33.6462227,0 -114.8251075,33.6466201,0 -114.8259732,33.6476178,0 -114.8265239,33.6485564,0 -114.8272198,33.6492434,0 -114.8278413,33.6495809,0 -114.8282513,33.6507865,0 -114.8281754,33.6514014,0 -114.8279386,33.6515601,0 -114.8267085,33.6517832,0 -114.8263766,33.6519375,0 -114.8261069,33.65223,0 -114.826036,33.6523849,0 -114.8260395,33.6527047,0 -114.8259569,33.653214,0 -114.8257407,33.6537163,0 -114.8256702,33.6541061,0 -114.8256333,33.6550807,0 -114.8251996,33.6556248,0 -114.824779,33.6557941,0 -114.8244908,33.655991,0 -114.8240932,33.6565096,0 -114.8241522,33.6568328,0 -114.8243204,33.6571917,0 -114.8243884,33.6576565,0 -114.8245462,33.6579721,0 -114.8246993,33.6585548,0 -114.8248379,33.6586819,0 -114.8251649,33.6591737,0 -114.8252732,33.6594534,0 -114.8253052,33.6597063,0 -114.8260035,33.6613405,0 -114.8266427,33.6618247,0 -114.8267926,33.6620225,0 -114.8272491,33.6621845,0 -114.8277553,33.6622932,0 -114.8279387,33.6623712,0 -114.8281642,33.6626022,0 -114.8287575,33.662623,0 -114.8293857,33.662866,0 -114.8296692,33.6633131,0 -114.829917,33.6640154,0 -114.829922,33.6643164,0 -114.8305623,33.6647911,0 -114.8310753,33.6649474,0 -114.8314403,33.6653663,0 -114.8316357,33.6656703,0 -114.8318216,33.6658426,0 -114.8325452,33.6662665,0 -114.832912,33.6663096,0 -114.8332175,33.6664052,0 -114.8333251,33.6665721,0 -114.833508,33.6666591,0 -114.8336239,33.6668549,0 -114.8343061,33.6668909,0 -114.8345463,33.6669633,0 -114.8349796,33.6671329,0 -114.8352623,33.6673491,0 -114.8354001,33.6675556,0 -114.8356107,33.667701,0 -114.8363459,33.6677688,0 -114.8365589,33.6678957,0 -114.8369842,33.6680274,0 -114.8372139,33.6682117,0 -114.8381096,33.6686002,0 -114.8377043,33.6694373,0 -114.83776,33.6697952,0 -114.837733,33.6710243,0 -114.8372597,33.6712745,0 -114.8371365,33.6713885,0 -114.837308,33.6717099,0 -114.8376089,33.6719742,0 -114.8377859,33.6722395,0 -114.8379007,33.6726888,0 -114.8380484,33.6729053,0 -114.8384902,33.6739306,0 -114.8384786,33.674409,0 -114.8380618,33.6752454,0 -114.838288,33.676294,0 -114.8381855,33.6768978,0 -114.8382115,33.6770966,0 -114.838322,33.6772355,0 -114.8383122,33.6773384,0 -114.8381966,33.6774904,0 -114.8378445,33.6777676,0 -114.8374194,33.6782031,0 -114.8380185,33.6785346,0 -114.8384193,33.6786928,0 -114.8391489,33.6791734,0 -114.8397346,33.6792779,0 -114.8403098,33.6792499,0 -114.8413963,33.6795036,0 -114.8417001,33.6796245,0 -114.8419546,33.6795666,0 -114.8421984,33.6796016,0 -114.8423498,33.6796569,0 -114.8426865,33.6799064,0 -114.8431602,33.6800037,0 -114.8434373,33.680163,0 -114.8436523,33.680384,0 -114.8440272,33.6805779,0 -114.844764,33.6812186,0 -114.8450187,33.6813767,0 -114.8453607,33.6814465,0 -114.8454771,33.6815199,0 -114.8456748,33.6818055,0 -114.8463018,33.6824202,0 -114.8464174,33.6826252,0 -114.8466651,33.6827354,0 -114.8463829,33.6828671,0 -114.8461271,33.6830754,0 -114.8456869,33.6832155,0 -114.845373,33.6837958,0 -114.8453218,33.6839804,0 -114.845208,33.6841137,0 -114.8450833,33.6848345,0 -114.8450936,33.6854365,0 -114.8451939,33.6858,0 -114.8450969,33.6865828,0 -114.8452498,33.6868654,0 -114.8452845,33.6870931,0 -114.8450282,33.6877808,0 -114.8449429,33.6886769,0 -114.844854,33.6889796,0 -114.84466,33.6891294,0 -114.8445211,33.6891703,0 -114.8448847,33.6894451,0 -114.8451267,33.6897367,0 -114.8452747,33.6901723,0 -114.845634,33.6905471,0 -114.8456747,33.69075,0 -114.8459531,33.6911319,0 -114.8461509,33.6912578,0 -114.8465048,33.6913189,0 -114.846938,33.6916484,0 -114.8478446,33.6918839,0 -114.8484828,33.6924223,0 -114.8489103,33.6931271,0 -114.8490786,33.6935643,0 -114.8492659,33.6938021,0 -114.8495719,33.6940479,0 -114.8500975,33.6941955,0 -114.8501691,33.6943882,0 -114.8501295,33.6949617,0 -114.8504565,33.6959356,0 -114.8507414,33.6965682,0 -114.850804,33.6970108,0 -114.8510623,33.6976042,0 -114.8511469,33.6984491,0 -114.8514874,33.699123,0 -114.8524293,33.7002503,0 -114.853037,33.7012677,0 -114.8538052,33.7018574,0 -114.8546405,33.7022134,0 -114.8548224,33.7023509,0 -114.8550399,33.7024279,0 -114.8553027,33.7026583,0 -114.8553607,33.7028374,0 -114.8552756,33.7029446,0 -114.855239,33.7036437,0 -114.8554337,33.7041201,0 -114.8557384,33.7045411,0 -114.855757,33.704818,0 -114.8560713,33.7051394,0 -114.8562828,33.7052787,0 -114.856502,33.7055889,0 -114.8568506,33.7059138,0 -114.8568467,33.7059735,0 -114.8567332,33.7060681,0 -114.856369,33.7062425,0 -114.8559936,33.7069005,0 -114.8554406,33.7075151,0 -114.8559201,33.7081482,0 -114.8562291,33.7086824,0 -114.8562359,33.7090833,0 -114.856322,33.7094401,0 -114.8564519,33.7096493,0 -114.8564767,33.7101769,0 -114.8565441,33.7104157,0 -114.8567634,33.7106305,0 -114.8572848,33.7109785,0 -114.8576287,33.7114647,0 -114.858001,33.7118025,0 -114.8580792,33.7122462,0 -114.85843,33.712495,0 -114.8585659,33.7126416,0 -114.8586591,33.7129235,0 -114.8590315,33.7132614,0 -114.8589998,33.7139105,0 -114.8588803,33.7140656,0 -114.8586876,33.7142032,0 -114.8585284,33.7144556,0 -114.8575525,33.7151048,0 -114.8573181,33.7152019,0 -114.8571688,33.7153549,0 -114.8569238,33.7160401,0 -114.857192,33.7160581,0 -114.8573314,33.7161676,0 -114.857994,33.7164497,0 -114.8585665,33.7170511,0 -114.8587433,33.7177143,0 -114.8587233,33.7179259,0 -114.8587914,33.7181559,0 -114.8595485,33.7191795,0 -114.8596255,33.7199486,0 -114.8598655,33.7201023,0 -114.8600866,33.7201419,0 -114.8610106,33.7208298,0 -114.8611593,33.7210026,0 -114.861776,33.7212938,0 -114.8619717,33.7214448,0 -114.8621578,33.7216951,0 -114.8626178,33.721901,0 -114.862843,33.7220537,0 -114.8629583,33.7222618,0 -114.8630115,33.7224906,0 -114.8631964,33.7227536,0 -114.8633357,33.7233389,0 -114.8634966,33.7235376,0 -114.8638777,33.7237045,0 -114.8639632,33.723858,0 -114.8640242,33.7240203,0 -114.8639129,33.7242039,0 -114.8639353,33.7244437,0 -114.8644346,33.725028,0 -114.8644787,33.7251938,0 -114.8643271,33.7256847,0 -114.8645998,33.7261287,0 -114.8649306,33.726276,0 -114.8650775,33.7266236,0 -114.8652495,33.7273367,0 -114.8654981,33.7274033,0 -114.8659501,33.7276964,0 -114.8661475,33.727985,0 -114.866383,33.7281886,0 -114.8674989,33.728751,0 -114.867915,33.7291043,0 -114.8680739,33.7293278,0 -114.868433,33.7296523,0 -114.8687719,33.7298608,0 -114.8690986,33.7299452,0 -114.8693102,33.729934,0 -114.8694838,33.7298036,0 -114.8699856,33.7296401,0 -114.8704575,33.7292424,0 -114.8707374,33.7291412,0 -114.870911,33.7291358,0 -114.8712384,33.7293896,0 -114.8719645,33.7297232,0 -114.8725333,33.730075,0 -114.8730817,33.7303219,0 -114.8738843,33.7305021,0 -114.8743673,33.7307846,0 -114.8747899,33.7309129,0 -114.8756165,33.7308924,0 -114.8770725,33.7304002,0 -114.8774199,33.730373,0 -114.8780553,33.7306281,0 -114.878641,33.7310927,0 -114.87878,33.731365,0 -114.8804645,33.7321029,0 -114.8809048,33.7323575,0 -114.8815165,33.7325483,0 -114.8820316,33.7328078,0 -114.8822378,33.7329982,0 -114.8823458,33.733216,0 -114.882692,33.7335908,0 -114.883934,33.734249,0 -114.8851144,33.7350153,0 -114.8856833,33.7350495,0 -114.8860418,33.7349387,0 -114.8863948,33.7350145,0 -114.8868022,33.7352037,0 -114.8873999,33.7353303,0 -114.8881983,33.7356085,0 -114.8884251,33.7357488,0 -114.8888639,33.7361787,0 -114.8897876,33.7367158,0 -114.8904057,33.7366815,0 -114.8905254,33.7366368,0 -114.8907858,33.7366835,0 -114.8909993,33.7367506,0 -114.891906,33.7372127,0 -114.8927684,33.7375392,0 -114.8930044,33.7375798,0 -114.8932661,33.7375094,0 -114.8937599,33.7372039,0 -114.894897,33.7367529,0 -114.8954304,33.7366629,0 -114.8964608,33.7362299,0 -114.897429,33.7361435,0 -114.8983385,33.7358238,0 -114.8987203,33.7361988,0 -114.8989608,33.7365368,0 -114.8992942,33.7367295,0 -114.8996899,33.7373431,0 -114.8997465,33.737584,0 -114.9002324,33.7382037,0 -114.9004349,33.7387004,0 -114.9010572,33.7389594,0 -114.9011259,33.7391916,0 -114.9012591,33.7393426,0 -114.9022609,33.740145,0 -114.9025559,33.7405058,0 -114.9027659,33.7404439,0 -114.9033173,33.7404803,0 -114.9040615,33.7406619,0 -114.9044164,33.7408656,0 -114.9050064,33.7415869,0 -114.905452,33.7416733,0 -114.9057641,33.7421591,0 -114.9058569,33.7427898,0 -114.9057974,33.7432978,0 -114.9057015,33.7434715,0 -114.9054494,33.7437393,0 -114.905932,33.7443965,0 -114.9059044,33.7446887,0 -114.9059785,33.7448642,0 -114.9061418,33.7450551,0 -114.90615,33.7453304,0 -114.9063996,33.745688,0 -114.9064367,33.7461358,0 -114.9065483,33.746276,0 -114.9068723,33.746449,0 -114.907091,33.7467763,0 -114.907388,33.7469949,0 -114.9079146,33.7473045,0 -114.9089804,33.7477918,0 -114.9090407,33.747995,0 -114.9096456,33.7489162,0 -114.9099121,33.7492183,0 -114.9106668,33.7496376,0 -114.9108682,33.7499069,0 -114.9106293,33.7500332,0 -114.9103779,33.7504148,0 -114.9103086,33.7513865,0 -114.910331,33.7517482,0 -114.9101838,33.7524682,0 -114.9101548,33.7528928,0 -114.9102741,33.7530712,0 -114.910519,33.7538428,0 -114.910514,33.754013,0 -114.9107676,33.7550534,0 -114.9111659,33.7552788,0 -114.9117786,33.7558784,0 -114.9121731,33.7563878,0 -114.9125212,33.7570269,0 -114.9134139,33.7574269,0 -114.9134305,33.7574944,0 -114.9142003,33.7579906,0 -114.9140708,33.7584792,0 -114.9140833,33.7586678,0 -114.9141884,33.7589566,0 -114.9139874,33.7592845,0 -114.9139415,33.7595281,0 -114.913678,33.7599153,0 -114.9142448,33.7605213,0 -114.9148822,33.7613406,0 -114.915987,33.7620793,0 -114.9161615,33.7623349,0 -114.9167924,33.7626229,0 -114.9167425,33.7634988,0 -114.9163379,33.7637449,0 -114.9161917,33.7639475,0 -114.9158774,33.7641996,0 -114.9156251,33.7645003,0 -114.9151625,33.7648285,0 -114.9151329,33.7649169,0 -114.9150201,33.7650016,0 -114.9146091,33.7650829,0 -114.9138285,33.7655562,0 -114.9135029,33.7658461,0 -114.9133204,33.766357,0 -114.9131198,33.7672156,0 -114.9128352,33.7680188,0 -114.9129023,33.768571,0 -114.9130079,33.7687151,0 -114.9129774,33.7690369,0 -114.9128609,33.7691661,0 -114.9125777,33.7693218,0 -114.9123359,33.7693556,0 -114.9120691,33.7695,0 -114.9119682,33.7696178,0 -114.9120938,33.7700246,0 -114.9120963,33.7702285,0 -114.9122246,33.7705313,0 -114.9125059,33.7707118,0 -114.9127299,33.7710255,0 -114.9127508,33.7712759,0 -114.9128293,33.7713933,0 -114.9128141,33.771554,0 -114.9127726,33.7716759,0 -114.9124825,33.7719055,0 -114.9124108,33.7723494,0 -114.9123269,33.7724496,0 -114.9120619,33.7725692,0 -114.9118195,33.772765,0 -114.9117883,33.7729373,0 -114.9118652,33.7734639,0 -114.9120375,33.7736472,0 -114.9123302,33.7738321,0 -114.9127223,33.7739454,0 -114.9128946,33.7741684,0 -114.9132511,33.7752878,0 -114.9135825,33.7758826,0 -114.9145089,33.7761802,0 -114.9148567,33.7763608,0 -114.9159582,33.7766247,0 -114.9166259,33.7770758,0 -114.9171508,33.7775094,0 -114.9173912,33.7777764,0 -114.9175347,33.7780817,0 -114.917808,33.7784745,0 -114.9181331,33.7787823,0 -114.9183754,33.7795253,0 -114.9186042,33.7798106,0 -114.9186024,33.7802093,0 -114.9187293,33.7804643,0 -114.9188274,33.7805449,0 -114.9190017,33.7805711,0 -114.9192223,33.7806743,0 -114.9194709,33.7808532,0 -114.9198722,33.7812534,0 -114.9197476,33.7820605,0 -114.9198582,33.7821787,0 -114.9200169,33.7831198,0 -114.9201044,33.7833176,0 -114.9196852,33.7838218,0 -114.9194432,33.784323,0 -114.919447,33.7844709,0 -114.9195931,33.7849829,0 -114.9195894,33.7853962,0 -114.9196861,33.7856832,0 -114.9198037,33.7857501,0 -114.9201512,33.7858174,0 -114.9198176,33.7861646,0 -114.919706,33.7864084,0 -114.9196685,33.7868048,0 -114.9197399,33.7869868,0 -114.9197205,33.7871923,0 -114.919534,33.7876674,0 -114.9193808,33.7877905,0 -114.9192706,33.7880194,0 -114.919191,33.7884869,0 -114.9192649,33.7886395,0 -114.9192532,33.789141,0 -114.919555,33.7900621,0 -114.9207689,33.7910729,0 -114.9208058,33.7914297,0 -114.9201696,33.7916094,0 -114.9199797,33.7917446,0 -114.9197618,33.7918042,0 -114.9195926,33.7919111,0 -114.9194154,33.7919143,0 -114.9192608,33.7920516,0 -114.9188684,33.792085,0 -114.9182023,33.7927649,0 -114.9181312,33.7931443,0 -114.9179873,33.7933564,0 -114.9178347,33.7938485,0 -114.917344,33.7941708,0 -114.9172733,33.7943582,0 -114.9172287,33.794828,0 -114.9172601,33.7952437,0 -114.9173972,33.7956663,0 -114.9173875,33.7957691,0 -114.9178296,33.7963301,0 -114.9179038,33.7964828,0 -114.9179705,33.7969005,0 -114.9182888,33.7972764,0 -114.9182231,33.797597,0 -114.9182549,33.7978206,0 -114.9185882,33.7984612,0 -114.9185205,33.798754,0 -114.9181151,33.7991114,0 -114.9176051,33.7990776,0 -114.9169747,33.7995679,0 -114.9168819,33.7997522,0 -114.916387,33.7999639,0 -114.9160973,33.800143,0 -114.9156249,33.8002766,0 -114.9150624,33.8001928,0 -114.9145521,33.8003295,0 -114.9139301,33.800162,0 -114.912813,33.8000819,0 -114.9119013,33.8000753,0 -114.9113743,33.7998484,0 -114.9109698,33.7998217,0 -114.9105415,33.7996752,0 -114.9102858,33.7997617,0 -114.9100224,33.7997444,0 -114.9098602,33.7998504,0 -114.90957,33.7998474,0 -114.9092396,33.7997815,0 -114.9089169,33.7996419,0 -114.9087923,33.7995792,0 -114.9086648,33.7993986,0 -114.9087184,33.7989345,0 -114.908269,33.798447,0 -114.9082985,33.7975772,0 -114.9078893,33.7972252,0 -114.907588,33.7970429,0 -114.9070866,33.7963598,0 -114.9067748,33.7961027,0 -114.9064761,33.795769,0 -114.9063236,33.794805,0 -114.9065394,33.7946053,0 -114.9066461,33.7944306,0 -114.9066692,33.7940726,0 -114.9064903,33.7931295,0 -114.9062769,33.7929528,0 -114.9061886,33.7927698,0 -114.906025,33.7926261,0 -114.9057231,33.7926357,0 -114.905427,33.7925865,0 -114.9049648,33.7929844,0 -114.9047214,33.7929389,0 -114.9043089,33.79264,0 -114.9039615,33.792555,0 -114.9022274,33.7927445,0 -114.9015227,33.7927128,0 -114.9013187,33.7926254,0 -114.9010827,33.7923143,0 -114.9009165,33.7922,0 -114.900228,33.7921839,0 -114.9000734,33.7923215,0 -114.8998018,33.7923921,0 -114.8991426,33.792431,0 -114.8988383,33.7923145,0 -114.8985776,33.7920723,0 -114.8979497,33.7918644,0 -114.8978587,33.7917753,0 -114.8975201,33.7916699,0 -114.8973162,33.7917187,0 -114.8970108,33.7920519,0 -114.8965456,33.792229,0 -114.8959535,33.7921339,0 -114.8954177,33.7919441,0 -114.8951192,33.7920326,0 -114.8940045,33.7928105,0 -114.8936066,33.7934026,0 -114.893496,33.7940677,0 -114.8931911,33.7942849,0 -114.892502,33.7945556,0 -114.8910896,33.7944622,0 -114.8899344,33.7956517,0 -114.8893157,33.7966787,0 -114.8889549,33.7974854,0 -114.8879319,33.7992768,0 -114.8876878,33.799854,0 -114.8878507,33.8011304,0 -114.8876267,33.8035463,0 -114.887664,33.8044635,0 -114.8871997,33.8056803,0 -114.8863982,33.8083509,0 -114.8860636,33.8087237,0 -114.8856555,33.8096116,0 -114.8855126,33.8102929,0 -114.8853427,33.8120268,0 -114.8849237,33.8148131,0 -114.8844766,33.8158167,0 -114.8830585,33.8172778,0 -114.8819391,33.818576,0 -114.8814792,33.8188253,0 -114.8804901,33.8200906,0 -114.87987,33.8215517,0 -114.878717,33.8238661,0 -114.878426,33.8246542,0 -114.8775047,33.8264321,0 -114.8771215,33.8269732,0 -114.8749258,33.8283083,0 -114.873025,33.8305216,0 -114.8728979,33.8305925,0 -114.8724298,33.8310604,0 -114.8719854,33.8312803,0 -114.8713477,33.8316954,0 -114.8707748,33.8322189,0 -114.870256,33.8324338,0 -114.8679745,33.832324,0 -114.8677696,33.8321233,0 -114.8673949,33.8318697,0 -114.8671237,33.8315814,0 -114.8667099,33.8317411,0 -114.8657633,33.8322605,0 -114.8649612,33.832311,0 -114.8638819,33.8326552,0 -114.8634048,33.8329559,0 -114.8630612,33.833426,0 -114.8628239,33.8343458,0 -114.8624735,33.8348839,0 -114.8621732,33.8364648,0 -114.8620367,33.8368508,0 -114.8617427,33.8370599,0 -114.8609437,33.8378593,0 -114.860446,33.838637,0 -114.8599512,33.8396439,0 -114.8597661,33.8405264,0 -114.8593361,33.841391,0 -114.8586292,33.8420092,0 -114.8586097,33.8427356,0 -114.8584538,33.8431359,0 -114.8578642,33.844075,0 -114.8573662,33.8456079,0 -114.8571733,33.8463703,0 -114.8571809,33.8467429,0 -114.8574349,33.8472463,0 -114.8573622,33.8476286,0 -114.8573859,33.8478061,0 -114.8577423,33.8480826,0 -114.8581111,33.8482269,0 -114.8579365,33.8483018,0 -114.8578598,33.8490291,0 -114.8582268,33.8496785,0 -114.8583419,33.8499854,0 -114.8583678,33.8502134,0 -114.8589787,33.8506665,0 -114.8591422,33.8509568,0 -114.8590069,33.8517062,0 -114.8590856,33.8518845,0 -114.8594317,33.8519339,0 -114.8595326,33.8520473,0 -114.8599932,33.8520645,0 -114.8602868,33.8521638,0 -114.8604454,33.8521744,0 -114.8607673,33.8520778,0 -114.8610138,33.8520658,0 -114.8613587,33.8521286,0 -114.8618913,33.8521213,0 -114.8624206,33.8518666,0 -114.8631104,33.8516595,0 -114.863278,33.8517371,0 -114.8635869,33.8523433,0 -114.8641557,33.8525673,0 -114.8640969,33.8531822,0 -114.8641316,33.8538232,0 -114.8640912,33.8542462,0 -114.8641412,33.8545556,0 -114.8641109,33.854873,0 -114.8640193,33.8550001,0 -114.8639559,33.8553284,0 -114.8641711,33.8555822,0 -114.8644132,33.8560508,0 -114.8644489,33.8561783,0 -114.8643882,33.8565181,0 -114.8640366,33.8572556,0 -114.8638055,33.8574073,0 -114.8637425,33.857563,0 -114.8636676,33.8582444,0 -114.8634744,33.8585774,0 -114.8631985,33.858751,0 -114.8631667,33.8588246,0 -114.8629034,33.8590323,0 -114.8617713,33.8595074,0 -114.8615021,33.8597467,0 -114.8614863,33.8598871,0 -114.8616858,33.8605614,0 -114.861568,33.860793,0 -114.861532,33.8610035,0 -114.8608567,33.862063,0 -114.860695,33.8622519,0 -114.8605434,33.8623349,0 -114.8603567,33.8629137,0 -114.8595592,33.8627233,0 -114.8590766,33.8626912,0 -114.8586865,33.862428,0 -114.8578815,33.8621665,0 -114.8570449,33.8622396,0 -114.8561134,33.8620588,0 -114.8556902,33.8620209,0 -114.85496,33.8615965,0 -114.8541297,33.8613532,0 -114.8537666,33.8613093,0 -114.8529966,33.8608031,0 -114.8525692,33.8604384,0 -114.8523175,33.8603425,0 -114.85185,33.8600244,0 -114.851399,33.8599055,0 -114.8509712,33.8596693,0 -114.8505722,33.8593757,0 -114.8505131,33.8592461,0 -114.8501075,33.8592237,0 -114.8497937,33.8590863,0 -114.849616,33.8590845,0 -114.8494555,33.8591529,0 -114.8481467,33.8590401,0 -114.8476438,33.8590758,0 -114.8473487,33.8589955,0 -114.8472072,33.8590202,0 -114.8468617,33.8593443,0 -114.8467744,33.8596359,0 -114.8466557,33.8597892,0 -114.8463653,33.8600302,0 -114.8462153,33.860045,0 -114.8456137,33.8605874,0 -114.8452628,33.8613078,0 -114.8453384,33.8623787,0 -114.8453093,33.8625256,0 -114.845051,33.8627439,0 -114.8448244,33.8630883,0 -114.8445298,33.8632173,0 -114.8441538,33.8635764,0 -114.8439229,33.8636603,0 -114.8435934,33.8639976,0 -114.8435716,33.8643807,0 -114.8437884,33.8647546,0 -114.8437578,33.8650746,0 -114.843632,33.8653017,0 -114.8434521,33.8654601,0 -114.8433427,33.8657726,0 -114.8433029,33.8661131,0 -114.8428221,33.8666237,0 -114.8422751,33.8670583,0 -114.8421191,33.8671347,0 -114.8418964,33.8671322,0 -114.8415872,33.8672601,0 -114.8410202,33.8672845,0 -114.8402939,33.867422,0 -114.8400535,33.8676044,0 -114.8398065,33.8676993,0 -114.839418,33.8683429,0 -114.8391128,33.8685824,0 -114.8382871,33.869135,0 -114.8379453,33.8691369,0 -114.8375587,33.8692972,0 -114.8360601,33.8705112,0 -114.8354142,33.8707405,0 -114.8345359,33.8713761,0 -114.834256,33.8715063,0 -114.8330683,33.8725798,0 -114.832691,33.8726482,0 -114.8321593,33.8732756,0 -114.8317573,33.8735457,0 -114.8310546,33.8743666,0 -114.8307968,33.8745726,0 -114.8305233,33.8750996,0 -114.8303555,33.8752992,0 -114.8301079,33.8754064,0 -114.8290934,33.8755991,0 -114.8279017,33.8759409,0 -114.8276144,33.8756863,0 -114.8274411,33.8751664,0 -114.8270158,33.8746424,0 -114.826878,33.8743729,0 -114.8266736,33.8741724,0 -114.8265781,33.8739487,0 -114.8264977,33.8738796,0 -114.8258035,33.8744251,0 -114.8252985,33.8751969,0 -114.8251914,33.8755369,0 -114.8250075,33.8757477,0 -114.824535,33.8757161,0 -114.8241199,33.875552,0 -114.8231194,33.8754478,0 -114.8227264,33.875521,0 -114.8225638,33.8755099,0 -114.8221499,33.8753337,0 -114.8213805,33.8745259,0 -114.8206455,33.8744399,0 -114.8201713,33.8742718,0 -114.8198157,33.8742604,0 -114.8195263,33.8741792,0 -114.819116,33.8739658,0 -114.818726,33.873853,0 -114.8184473,33.8738094,0 -114.8179271,33.8738118,0 -114.8177258,33.8738977,0 -114.817483,33.8741046,0 -114.8173595,33.8743069,0 -114.8169078,33.8745246,0 -114.816742,33.8746816,0 -114.8166887,33.8749258,0 -114.8167582,33.8751284,0 -114.8167205,33.8755223,0 -114.8160078,33.8761564,0 -114.815583,33.8764007,0 -114.8147654,33.8764077,0 -114.8142357,33.8765089,0 -114.8135744,33.8767373,0 -114.8133386,33.8768703,0 -114.8129273,33.8769792,0 -114.8125796,33.8775013,0 -114.8127737,33.8781092,0 -114.8127666,33.8784926,0 -114.8126431,33.8786952,0 -114.8113119,33.8789409,0 -114.8108966,33.8790868,0 -114.8102561,33.8795644,0 -114.8097691,33.8798413,0 -114.8090192,33.8804394,0 -114.8086019,33.8805441,0 -114.8079144,33.8805852,0 -114.8073981,33.8806993,0 -114.8070597,33.8806644,0 -114.8065715,33.8807925,0 -114.806262,33.8806109,0 -114.8060405,33.8805961,0 -114.8058141,33.8804816,0 -114.8053092,33.8803238,0 -114.8052286,33.8802318,0 -114.8052269,33.8800953,0 -114.8042841,33.8795052,0 -114.8040162,33.8791792,0 -114.8032357,33.8788587,0 -114.8025077,33.87824,0 -114.8022401,33.8781252,0 -114.8018804,33.878142,0 -114.8010664,33.878489,0 -114.8008464,33.8786377,0 -114.8005788,33.8790515,0 -114.8005746,33.8792685,0 -114.8006536,33.8795896,0 -114.800894,33.879893,0 -114.8009218,33.8800781,0 -114.8004726,33.8803964,0 -114.7999466,33.8806099,0 -114.7997549,33.8807681,0 -114.7996475,33.8807885,0 -114.7992488,33.8805995,0 -114.7990802,33.8805884,0 -114.7985097,33.8802526,0 -114.7980619,33.8802723,0 -114.7977948,33.880118,0 -114.7972057,33.8796069,0 -114.7965515,33.8792908,0 -114.7963697,33.8793284,0 -114.7960866,33.879644,0 -114.7959349,33.8805346,0 -114.795813,33.8807128,0 -114.7954247,33.8807605,0 -114.7946925,33.8805293,0 -114.7942346,33.8804988,0 -114.7938411,33.8805472,0 -114.7934818,33.8806811,0 -114.7929976,33.8807258,0 -114.7927231,33.8807967,0 -114.7925323,33.8812152,0 -114.7924332,33.8817788,0 -114.7923327,33.881896,0 -114.7919671,33.8821443,0 -114.7915949,33.8823051,0 -114.7913853,33.8824769,0 -114.7913772,33.8825631,0 -114.7912137,33.8827134,0 -114.7908686,33.8829012,0 -114.790059,33.8828218,0 -114.7881371,33.8819491,0 -114.7877466,33.8818363,0 -114.7875052,33.8817209,0 -114.7871191,33.8814097,0 -114.7867657,33.881225,0 -114.7864554,33.8812042,0 -114.786221,33.8810149,0 -114.7859937,33.8807519,0 -114.7863219,33.879968,0 -114.7870166,33.8793951,0 -114.7869973,33.8792822,0 -114.7868002,33.87917,0 -114.7863531,33.8790283,0 -114.7858726,33.878773,0 -114.7856714,33.8785489,0 -114.7854944,33.8782271,0 -114.7855183,33.877671,0 -114.7854451,33.8775048,0 -114.7847147,33.8772205,0 -114.7843693,33.8772592,0 -114.7841657,33.8773694,0 -114.7840558,33.8775852,0 -114.7830983,33.8782645,0 -114.7825589,33.8784638,0 -114.7821046,33.8787061,0 -114.7816315,33.8788354,0 -114.7814817,33.8788501,0 -114.781153,33.8787163,0 -114.7804621,33.8786329,0 -114.7797331,33.8783359,0 -114.7796073,33.8782532,0 -114.7795795,33.8780778,0 -114.7791809,33.8783606,0 -114.7790781,33.8785028,0 -114.7788017,33.8785955,0 -114.778152,33.8785519,0 -114.7775519,33.878611,0 -114.7768333,33.8788227,0 -114.7766632,33.8787368,0 -114.7764609,33.878707,0 -114.7762546,33.8790769,0 -114.7762254,33.8792652,0 -114.7758237,33.8797342,0 -114.7749056,33.8800071,0 -114.7746583,33.880263,0 -114.7738274,33.8805543,0 -114.7734362,33.8809122,0 -114.7732338,33.8810102,0 -114.7731491,33.8811161,0 -114.77293,33.881845,0 -114.7728419,33.8819879,0 -114.7723143,33.8822569,0 -114.7717724,33.8823859,0 -114.7713284,33.8825799,0 -114.7701598,33.8828361,0 -114.7695774,33.8831686,0 -114.7691245,33.8835472,0 -114.7683253,33.8836806,0 -114.7676775,33.8840697,0 -114.7669794,33.884221,0 -114.766866,33.8843124,0 -114.7666302,33.8842966,0 -114.7665058,33.8843501,0 -114.7661473,33.884834,0 -114.766057,33.8851505,0 -114.7653121,33.8856332,0 -114.7650364,33.8857139,0 -114.764732,33.8859414,0 -114.7643108,33.8864583,0 -114.7632555,33.8866101,0 -114.7624717,33.8865701,0 -114.7621652,33.886512,0 -114.7620251,33.8864282,0 -114.7618648,33.8862441,0 -114.7616525,33.8861306,0 -114.7615261,33.8858989,0 -114.7612763,33.8858696,0 -114.7610685,33.8857195,0 -114.7606859,33.8853715,0 -114.760446,33.8850825,0 -114.7601148,33.8849735,0 -114.7596335,33.8847303,0 -114.7592335,33.8843016,0 -114.7590987,33.8842202,0 -114.758594,33.8841301,0 -114.7581591,33.8841601,0 -114.757673,33.8841026,0 -114.7573113,33.8841527,0 -114.7569444,33.884413,0 -114.7566799,33.8846922,0 -114.7559712,33.8851035,0 -114.7557304,33.8851737,0 -114.7550916,33.885131,0 -114.7545359,33.8851927,0 -114.7541233,33.8854623,0 -114.7535691,33.8856573,0 -114.7529357,33.8856922,0 -114.7513632,33.8855735,0 -114.7507388,33.8848128,0 -114.7505846,33.8847156,0 -114.7504585,33.8844838,0 -114.7501905,33.8841808,0 -114.7498986,33.8839754,0 -114.7497234,33.88348,0 -114.7495555,33.8832206,0 -114.7491586,33.882872,0 -114.7489048,33.8825461,0 -114.7483078,33.882294,0 -114.7475412,33.8817714,0 -114.7472917,33.881432,0 -114.7470171,33.881203,0 -114.7467435,33.8806517,0 -114.7466201,33.8800857,0 -114.7462811,33.8799017,0 -114.7452343,33.8798185,0 -114.7449201,33.8798394,0 -114.7446387,33.8797082,0 -114.7444227,33.8795174,0 -114.74419,33.8792034,0 -114.7440264,33.8791039,0 -114.7431295,33.8788869,0 -114.7428693,33.8787756,0 -114.7427783,33.8786367,0 -114.7424122,33.8784259,0 -114.7415092,33.8783899,0 -114.7406316,33.8780951,0 -114.7404452,33.8781817,0 -114.7396876,33.8783287,0 -114.7393572,33.8785174,0 -114.7393796,33.8786431,0 -114.7388416,33.879365,0 -114.7386234,33.8795328,0 -114.738326,33.8796499,0 -114.7382138,33.8798239,0 -114.7381073,33.8801664,0 -114.7380053,33.8801951,0 -114.7376708,33.8801044,0 -114.7372609,33.8801874,0 -114.7362674,33.8806511,0 -114.7360906,33.8807879,0 -114.7357854,33.8811764,0 -114.7346498,33.8810872,0 -114.7345592,33.8807958,0 -114.7343593,33.8805594,0 -114.7341839,33.8802254,0 -114.733695,33.8800559,0 -114.7334089,33.8797887,0 -114.7330166,33.8797001,0 -114.7329669,33.8795977,0 -114.7329861,33.8794007,0 -114.7327274,33.8791601,0 -114.7320068,33.8790663,0 -114.7315074,33.8792667,0 -114.7311761,33.8792164,0 -114.7309828,33.879067,0 -114.7306786,33.8789846,0 -114.7304791,33.878748,0 -114.7305055,33.8784772,0 -114.7304443,33.8781881,0 -114.7301183,33.8781782,0 -114.7297896,33.8780444,0 -114.7293675,33.8779541,0 -114.7292291,33.8778456,0 -114.7292149,33.8776836,0 -114.7288166,33.877198,0 -114.7283325,33.8768001,0 -114.7264975,33.8766116,0 -114.7255331,33.8766587,0 -114.7252641,33.8764875,0 -114.7250272,33.8761996,0 -114.724927,33.8759134,0 -114.7245305,33.875727,0 -114.7238894,33.8752714,0 -114.723055,33.8741792,0 -114.7225071,33.8739866,0 -114.7223241,33.8738779,0 -114.7218655,33.873397,0 -114.7213713,33.8730196,0 -114.7210948,33.8726798,0 -114.7207139,33.8718425,0 -114.720497,33.8717746,0 -114.7202906,33.8716008,0 -114.7198902,33.8714542,0 -114.7192488,33.8714905,0 -114.7188208,33.8714616,0 -114.7183836,33.8713655,0 -114.7177833,33.8714712,0 -114.7174598,33.8713561,0 -114.7169722,33.8712833,0 -114.7166232,33.8711,0 -114.7162788,33.8710366,0 -114.7158504,33.8708482,0 -114.7152008,33.870312,0 -114.7149892,33.870191,0 -114.7142126,33.869979,0 -114.7138971,33.8699441,0 -114.7131634,33.8696151,0 -114.7129224,33.8693063,0 -114.7123887,33.8680685,0 -114.7119147,33.86752,0 -114.7114313,33.8672636,0 -114.7112033,33.8672279,0 -114.7104595,33.8672505,0 -114.7101488,33.8671629,0 -114.7099948,33.8672722,0 -114.7089532,33.8673213,0 -114.7085405,33.8674664,0 -114.7079184,33.8677964,0 -114.7066297,33.8677624,0 -114.7063307,33.8680481,0 -114.7061607,33.8681565,0 -114.7059815,33.8681975,0 -114.7055518,33.8685142,0 -114.7049211,33.8690968,0 -114.704357,33.8694842,0 -114.7041476,33.8696696,0 -114.7038661,33.8701026,0 -114.7037231,33.8704254,0 -114.703287,33.870686,0 -114.7028997,33.8710218,0 -114.7023207,33.8705212,0 -114.7018209,33.8704696,0 -114.7015922,33.870361,0 -114.701325,33.8700004,0 -114.7008754,33.8700423,0 -114.70048,33.869993,0 -114.6996303,33.869696,0 -114.6990784,33.8700543,0 -114.6988771,33.8700699,0 -114.6986491,33.8701846,0 -114.6982752,33.8704864,0 -114.6978809,33.8705596,0 -114.6978193,33.870624,0 -114.6975759,33.8709932,0 -114.6974762,33.872503,0 -114.6969671,33.8726546,0 -114.696554,33.8731322,0 -114.6959232,33.8732225,0 -114.6947413,33.8737277,0 -114.6928776,33.8738671,0 -114.6917409,33.87375,0 -114.6913368,33.8736428,0 -114.6909876,33.8732996,0 -114.6907468,33.8731503,0 -114.6901206,33.8730281,0 -114.689707,33.8728536,0 -114.6894066,33.8728332,0 -114.6890189,33.8727137,0 -114.6887615,33.8725766,0 -114.6883778,33.8722579,0 -114.6880215,33.8721538,0 -114.6876575,33.8719562,0 -114.6875357,33.871735,0 -114.6876031,33.8710968,0 -114.6875446,33.8709837,0 -114.6861716,33.870352,0 -114.6861553,33.8700317,0 -114.6859523,33.8696586,0 -114.6858045,33.8695418,0 -114.6855538,33.8691658,0 -114.6852512,33.8689989,0 -114.6846724,33.8685607,0 -114.6844273,33.8682912,0 -114.6838374,33.8677988,0 -114.6836538,33.8677199,0 -114.6834658,33.8675207,0 -114.6834193,33.8673447,0 -114.6833529,33.8670475,0 -114.6833655,33.8666119,0 -114.6828023,33.8662752,0 -114.6826559,33.8658279,0 -114.682476,33.8659549,0 -114.6820088,33.8661022,0 -114.6816817,33.8660398,0 -114.6811937,33.8660944,0 -114.6808243,33.8660337,0 -114.6806793,33.8660705,0 -114.6804241,33.8661956,0 -114.6798716,33.8666929,0 -114.6795418,33.8667099,0 -114.679238,33.8666494,0 -114.6770478,33.8657685,0 -114.6766392,33.8656774,0 -114.675218,33.8651034,0 -114.6749491,33.864926,0 -114.6745226,33.8648969,0 -114.674043,33.8649239,0 -114.6737743,33.8647468,0 -114.6734264,33.8644047,0 -114.6727754,33.8639572,0 -114.672867,33.8642908,0 -114.6727748,33.8650098,0 -114.6726877,33.8652242,0 -114.6724368,33.8653174,0 -114.6727136,33.8658596,0 -114.6724982,33.8668274,0 -114.6725104,33.8669475,0 -114.6724024,33.8670793,0 -114.6716396,33.8675642,0 -114.6712712,33.8679172,0 -114.6708595,33.8682272,0 -114.6703603,33.8682131,0 -114.6700443,33.8680325,0 -114.6695983,33.8679623,0 -114.669413,33.867987,0 -114.6697957,33.8686241,0 -114.6698171,33.8691437,0 -114.6699839,33.8695775,0 -114.6699371,33.8701052,0 -114.6704326,33.870504,0 -114.670753,33.8712786,0 -114.6707032,33.8715598,0 -114.6704223,33.8717334,0 -114.6702714,33.8727148,0 -114.6701466,33.8728623,0 -114.669707,33.8729701,0 -114.6691188,33.8733503,0 -114.6690276,33.8736124,0 -114.6687842,33.8739631,0 -114.6686332,33.8743842,0 -114.6680009,33.874883,0 -114.6675867,33.8750658,0 -114.667465,33.8756359,0 -114.6672365,33.8757214,0 -114.6669982,33.8760174,0 -114.6670103,33.8764561,0 -114.6671319,33.8765654,0 -114.6671354,33.8769787,0 -114.6669978,33.8770207,0 -114.6667306,33.8772908,0 -114.6664873,33.8778617,0 -114.6667037,33.8784642,0 -114.6667243,33.878704,0 -114.6669407,33.8789667,0 -114.6667249,33.8790348,0 -114.6660697,33.8789768,0 -114.6657253,33.8790253,0 -114.6647783,33.8787922,0 -114.6641517,33.8784464,0 -114.6639669,33.8784245,0 -114.6638736,33.8784678,0 -114.6637101,33.8784621,0 -114.6636194,33.8783846,0 -114.6633884,33.8783092,0 -114.6632481,33.8784583,0 -114.6632208,33.8789613,0 -114.6630637,33.8792168,0 -114.6625924,33.8796486,0 -114.662445,33.880051,0 -114.6618817,33.880977,0 -114.660389,33.8811324,0 -114.6601594,33.8811216,0 -114.6597386,33.8809764,0 -114.6594256,33.8811622,0 -114.6591785,33.8814096,0 -114.6580789,33.8816459,0 -114.6577495,33.8818422,0 -114.6568798,33.8822005,0 -114.6560456,33.8814675,0 -114.6556489,33.8813808,0 -114.6549154,33.8808754,0 -114.6546517,33.8808555,0 -114.6540536,33.8808743,0 -114.653659,33.8810065,0 -114.6530138,33.881022,0 -114.6525929,33.8809611,0 -114.6512583,33.8810223,0 -114.6510051,33.880983,0 -114.6505962,33.8811057,0 -114.6501841,33.8811281,0 -114.6497968,33.8812268,0 -114.6495049,33.8813969,0 -114.6492832,33.881682,0 -114.6489966,33.8818716,0 -114.6485211,33.882,0 -114.6482092,33.8818774,0 -114.6479725,33.8818612,0 -114.6476725,33.8817611,0 -114.6475023,33.8815508,0 -114.6472103,33.8816102,0 -114.6468458,33.8819235,0 -114.6462954,33.8820996,0 -114.6458928,33.8825299,0 -114.6455914,33.8826912,0 -114.645083,33.8828316,0 -114.6446677,33.8828853,0 -114.6444486,33.8828545,0 -114.6443708,33.8829678,0 -114.6443287,33.8832265,0 -114.6441388,33.8835835,0 -114.6438743,33.8838662,0 -114.6433633,33.8840899,0 -114.6429207,33.884134,0 -114.642534,33.8840748,0 -114.6423365,33.8841409,0 -114.6422481,33.8843139,0 -114.6421761,33.884806,0 -114.6418397,33.8854384,0 -114.6415657,33.885679,0 -114.6410627,33.8857044,0 -114.6408178,33.8857672,0 -114.6407787,33.8859236,0 -114.6405194,33.8861237,0 -114.6408546,33.8864906,0 -114.6411814,33.8871702,0 -114.6411569,33.8876787,0 -114.641045,33.8879089,0 -114.6409356,33.8885789,0 -114.6404786,33.8898524,0 -114.640002,33.8908241,0 -114.6397348,33.8915455,0 -114.6395017,33.8918656,0 -114.6391399,33.892611,0 -114.6389708,33.893474,0 -114.6387215,33.8939299,0 -114.6386865,33.8942858,0 -114.6383628,33.8946419,0 -114.6380419,33.8949016,0 -114.6377697,33.8952303,0 -114.6375642,33.8960559,0 -114.636259,33.8966872,0 -114.6357068,33.8968456,0 -114.6349993,33.8973803,0 -114.6345706,33.8975991,0 -114.6341956,33.89771,0 -114.6339996,33.8986782,0 -114.6338618,33.8987887,0 -114.6334835,33.8987541,0 -114.6332576,33.8988353,0 -114.6331293,33.8989546,0 -114.6329521,33.8993759,0 -114.6327506,33.8996635,0 -114.6323406,33.9000953,0 -114.6321388,33.9004116,0 -114.6323362,33.9008972,0 -114.6327212,33.9012746,0 -114.632924,33.9015736,0 -114.6329695,33.9023391,0 -114.6328606,33.9024676,0 -114.6322804,33.9027493,0 -114.6319511,33.9030261,0 -114.6317092,33.9034298,0 -114.6314972,33.903653,0 -114.6314281,33.9045304,0 -114.6315744,33.904965,0 -114.6316734,33.9060792,0 -114.6316448,33.9063536,0 -114.6318472,33.907207,0 -114.6324963,33.907847,0 -114.6326089,33.9080868,0 -114.632821,33.9098615,0 -114.6326254,33.9111208,0 -114.6322709,33.9115738,0 -114.6322183,33.9118684,0 -114.6320373,33.9122538,0 -114.6313369,33.9128236,0 -114.6301293,33.914615,0 -114.6300483,33.9150222,0 -114.6302293,33.9152753,0 -114.6302512,33.9163083,0 -114.6302125,33.9167007,0 -114.6300187,33.9171546,0 -114.6294938,33.9179485,0 -114.6293361,33.918058,0 -114.6290918,33.9181133,0 -114.6286204,33.9183629,0 -114.6277602,33.9183929,0 -114.6269016,33.9184943,0 -114.6266319,33.9189243,0 -114.6261311,33.9195105,0 -114.6256466,33.9195628,0 -114.6251874,33.9201259,0 -114.6244552,33.9202834,0 -114.6241134,33.9203006,0 -114.6230964,33.9201252,0 -114.6227613,33.9201447,0 -114.6225325,33.9202676,0 -114.6221085,33.9206067,0 -114.6210776,33.9206662,0 -114.6203508,33.920926,0 -114.6197574,33.9212624,0 -114.6199877,33.9216781,0 -114.6201962,33.922228,0 -114.6208056,33.9228175,0 -114.6212275,33.9234362,0 -114.6216896,33.9239622,0 -114.6218076,33.9241432,0 -114.6218639,33.9243464,0 -114.6221003,33.9247001,0 -114.6229586,33.9250049,0 -114.6233479,33.9253055,0 -114.6235575,33.9256273,0 -114.6237588,33.9263349,0 -114.6244173,33.9273909,0 -114.6244001,33.9276426,0 -114.624523,33.9279306,0 -114.6248667,33.9283776,0 -114.6254155,33.9289531,0 -114.6260534,33.9292655,0 -114.6271028,33.9295528,0 -114.6277296,33.930028,0 -114.6293451,33.9319461,0 -114.6310042,33.9331472,0 -114.6325519,33.9331878,0 -114.633218,33.9330965,0 -114.6344023,33.9327993,0 -114.6351471,33.9327815,0 -114.6359561,33.93294,0 -114.6374844,33.9341794,0 -114.6378726,33.9356846,0 -114.6379467,33.9374434,0 -114.6381357,33.9383533,0 -114.638827,33.940548,0 -114.6390736,33.9417167,0 -114.6392802,33.9419672,0 -114.6401377,33.942385,0 -114.6409201,33.9429304,0 -114.6418095,33.943114,0 -114.6419832,33.9432488,0 -114.6423612,33.943745,0 -114.6431314,33.9450693,0 -114.6437157,33.9474487,0 -114.6439388,33.947757,0 -114.6442457,33.9480628,0 -114.6453153,33.9504978,0 -114.6457907,33.951306,0 -114.6460542,33.9515781,0 -114.6464938,33.9515475,0 -114.6466465,33.951683,0 -114.6465499,33.9518783,0 -114.6463477,33.9520592,0 -114.6463117,33.9522002,0 -114.6464269,33.9529316,0 -114.6466597,33.953467,0 -114.6471538,33.9542221,0 -114.6477655,33.9547813,0 -114.6509897,33.9580096,0 -114.651868,33.9591021,0 -114.6526268,33.9602615,0 -114.6529649,33.9611844,0 -114.6531952,33.9622039,0 -114.6532218,33.9628252,0 -114.6531387,33.9633685,0 -114.6535574,33.9645662,0 -114.6533507,33.965412,0 -114.6534749,33.973968,0 -114.6536003,33.974809,0 -114.6533289,33.9761339,0 -114.6528588,33.9769926,0 -114.6519831,33.9795279,0 -114.6513916,33.981732,0 -114.6511085,33.9834796,0 -114.6515181,33.9839892,0 -114.6518382,33.9851971,0 -114.6517285,33.9882066,0 -114.6514688,33.9905001,0 -114.6508505,33.9934751,0 -114.6503419,33.9955275,0 -114.649782,33.9984759,0 -114.6494213,33.9998036,0 -114.6495712,34.0005196,0 -114.6498286,34.0023504,0 -114.6497083,34.0037206,0 -114.6489771,34.006848,0 -114.6482833,34.0094524,0 -114.6480149,34.0108518,0 -114.6454179,34.0149187,0 -114.6418058,34.0201393,0 -114.6397985,34.022478,0 -114.6396591,34.022731,0 -114.639713,34.0230014,0 -114.6396414,34.0231515,0 -114.6392594,34.0234959,0 -114.6386091,34.0236961,0 -114.6382029,34.0237077,0 -114.6376118,34.024089,0 -114.6372952,34.0242275,0 -114.6372515,34.0243278,0 -114.6375339,34.024467,0 -114.6376892,34.0246784,0 -114.6377869,34.0249463,0 -114.6380897,34.0251815,0 -114.6381668,34.0253223,0 -114.6381904,34.0255178,0 -114.6381391,34.0257302,0 -114.6380339,34.0260117,0 -114.6378923,34.0261073,0 -114.6378724,34.0262189,0 -114.6382005,34.0271755,0 -114.6386438,34.0275237,0 -114.6391545,34.0277831,0 -114.640493,34.0280414,0 -114.6410226,34.0282649,0 -114.6422624,34.0283327,0 -114.6425232,34.0283846,0 -114.6426299,34.0287493,0 -114.643059,34.0293742,0 -114.6431458,34.0297374,0 -114.642479,34.0308999,0 -114.6420749,34.0310595,0 -114.6417099,34.0314429,0 -114.6416413,34.0319317,0 -114.642077,34.0324891,0 -114.642424,34.0326999,0 -114.6427747,34.0330814,0 -114.6433373,34.0338007,0 -114.6434495,34.0341145,0 -114.6437322,34.0345594,0 -114.6438982,34.0347409,0 -114.644513,34.0351403,0 -114.6448132,34.0354161,0 -114.645162,34.0360186,0 -114.645471,34.0368225,0 -114.6456632,34.0382863,0 -114.6454602,34.0384224,0 -114.6450592,34.0385365,0 -114.6450979,34.0387393,0 -114.6450698,34.0390243,0 -114.6447336,34.0395287,0 -114.6445594,34.0396359,0 -114.6437899,34.0397705,0 -114.6435871,34.0401717,0 -114.6434197,34.040373,0 -114.644038,34.0408298,0 -114.6441693,34.0410761,0 -114.6447319,34.0416755,0 -114.6451351,34.0417894,0 -114.6455688,34.0421209,0 -114.6459684,34.0425367,0 -114.6459154,34.0430722,0 -114.6456781,34.0436384,0 -114.6456421,34.0440026,0 -114.6454905,34.0442294,0 -114.6449139,34.0448157,0 -114.6447473,34.0451923,0 -114.6447416,34.0457746,0 -114.6445464,34.0459122,0 -114.6444224,34.0461192,0 -114.6443123,34.0469747,0 -114.643884,34.0474003,0 -114.6438802,34.0477052,0 -114.6441217,34.0482656,0 -114.6442083,34.0487417,0 -114.6444094,34.0493062,0 -114.6445569,34.0496515,0 -114.6448156,34.0500119,0 -114.6448534,34.0503789,0 -114.6453183,34.0504163,0 -114.6456273,34.0504899,0 -114.6458382,34.0506971,0 -114.6460841,34.0507666,0 -114.6465163,34.0510161,0 -114.6468534,34.0512926,0 -114.6474395,34.0523826,0 -114.6474751,34.0526684,0 -114.6473987,34.0534422,0 -114.6474556,34.0537297,0 -114.6477485,34.0542101,0 -114.6479899,34.0543508,0 -114.6482459,34.0547754,0 -114.6485089,34.0553425,0 -114.6485588,34.0557002,0 -114.6482724,34.0562296,0 -114.6477268,34.0565818,0 -114.6476673,34.0567548,0 -114.6476625,34.0570066,0 -114.6477967,34.0573836,0 -114.6484822,34.0577669,0 -114.6487395,34.0579617,0 -114.6489107,34.0581683,0 -114.649001,34.0585463,0 -114.649575,34.0596304,0 -114.6498396,34.0599673,0 -114.6499827,34.0604553,0 -114.6502192,34.0606484,0 -114.6501164,34.0612615,0 -114.6499772,34.0615883,0 -114.6499968,34.0629003,0 -114.6501907,34.0630906,0 -114.6504041,34.0635126,0 -114.6508224,34.0640193,0 -114.6510655,34.0645744,0 -114.6512542,34.0648174,0 -114.6512599,34.0652042,0 -114.6514522,34.0656028,0 -114.6520757,34.0663199,0 -114.6528179,34.067013,0 -114.6534474,34.067281,0 -114.6538689,34.0673097,0 -114.654569,34.0676466,0 -114.6548537,34.0678909,0 -114.6550396,34.0683533,0 -114.6549024,34.0685688,0 -114.6546277,34.0705731,0 -114.6544331,34.0709774,0 -114.6544945,34.0715276,0 -114.6547286,34.0722823,0 -114.6546022,34.0731729,0 -114.6547279,34.073856,0 -114.654605,34.0750999,0 -114.6548633,34.0758513,0 -114.6547357,34.0763391,0 -114.6555028,34.0766309,0 -114.6562451,34.0771056,0 -114.6563192,34.0772829,0 -114.6561262,34.0780625,0 -114.6560882,34.0784453,0 -114.6565169,34.0787957,0 -114.6570633,34.0787367,0 -114.6574369,34.0788587,0 -114.6579712,34.0793126,0 -114.65823,34.0794267,0 -114.6586556,34.0794694,0 -114.6589347,34.0794974,0 -114.6594196,34.0797914,0 -114.6596584,34.0795559,0 -114.6599582,34.0794622,0 -114.6601627,34.0793982,0 -114.6610124,34.0794563,0 -114.6613512,34.0794795,0 -114.6619702,34.0796806,0 -114.6631061,34.0796086,0 -114.6633966,34.0794431,0 -114.663773,34.0792286,0 -114.6640249,34.079259,0 -114.6643668,34.0793795,0 -114.664692,34.0794097,0 -114.6650324,34.0793806,0 -114.6656311,34.0790026,0 -114.6661032,34.0788558,0 -114.6671781,34.0789563,0 -114.6675193,34.0789461,0 -114.6683471,34.0794348,0 -114.6687113,34.0796497,0 -114.6688996,34.0794349,0 -114.669189,34.0791047,0 -114.6695464,34.0789425,0 -114.6697748,34.0789546,0 -114.670359,34.0792972,0 -114.6708953,34.0794353,0 -114.6722709,34.0797896,0 -114.6733193,34.0803269,0 -114.6739448,34.0805734,0 -114.6747013,34.0806836,0 -114.676091,34.0806801,0 -114.6774293,34.0816064,0 -114.6805273,34.0854179,0 -114.6826818,34.0886542,0 -114.6848799,34.091483,0 -114.6897894,34.0989293,0 -114.6955602,34.1066298,0 -114.6972379,34.1085672,0 -114.7043938,34.1157577,0 -114.708499,34.1185377,0 -114.7118896,34.1210468,0 -114.7180539,34.1258917,0 -114.7208757,34.1286206,0 -114.7238597,34.1308788,0 -114.7274996,34.132751,0 -114.7287144,34.1341501,0 -114.7293909,34.1351275,0 -114.7314766,34.1370997,0 -114.733753,34.1386994,0 -114.7349984,34.139394,0 -114.7364784,34.1408434,0 -114.7372625,34.1411213,0 -114.7376564,34.1414371,0 -114.7378979,34.142128,0 -114.7385144,34.1433262,0 -114.7396516,34.1443346,0 -114.7424609,34.1452315,0 -114.7437533,34.1454476,0 -114.7452015,34.1452565,0 -114.7464021,34.1460123,0 -114.7483472,34.1478463,0 -114.7492491,34.1485671,0 -114.7511132,34.1491898,0 -114.7524024,34.1494375,0 -114.754881,34.1509543,0 -114.756049,34.1512581,0 -114.7573557,34.1521173,0 -114.7579583,34.1526721,0 -114.7595211,34.1548655,0 -114.7604793,34.1557332,0 -114.7619862,34.1573126,0 -114.7620965,34.1577697,0 -114.7626727,34.1581942,0 -114.7633396,34.1588814,0 -114.7639795,34.1602416,0 -114.7643308,34.1613896,0 -114.7647412,34.1631196,0 -114.7645335,34.1644548,0 -114.7645957,34.165005,0 -114.7648311,34.1657596,0 -114.7645313,34.1660604,0 -114.7640039,34.1663139,0 -114.7639228,34.1669633,0 -114.7634728,34.1674517,0 -114.76346,34.1679359,0 -114.7631972,34.1686363,0 -114.763169,34.1689234,0 -114.7632155,34.1696331,0 -114.7634218,34.1702896,0 -114.7633709,34.1705636,0 -114.7634176,34.1711835,0 -114.7634849,34.1714045,0 -114.7640435,34.1718972,0 -114.76441,34.1723798,0 -114.7640302,34.1727622,0 -114.7639958,34.1731132,0 -114.763827,34.1732623,0 -114.7631849,34.1733639,0 -114.7625031,34.1732508,0 -114.7623141,34.1733785,0 -114.7622905,34.1734865,0 -114.7624188,34.1737787,0 -114.7624543,34.1740144,0 -114.7620063,34.1744883,0 -114.7620683,34.1750386,0 -114.7629336,34.1756753,0 -114.7633351,34.1763127,0 -114.7632402,34.1764711,0 -114.7628459,34.1767778,0 -114.762377,34.1770187,0 -114.7621579,34.1776784,0 -114.7623226,34.1783641,0 -114.7630177,34.1787644,0 -114.7636703,34.1788085,0 -114.7645606,34.1791898,0 -114.7649539,34.1791201,0 -114.7652015,34.1791261,0 -114.7653176,34.1789954,0 -114.7654743,34.1786401,0 -114.7657473,34.1783131,0 -114.765809,34.1779766,0 -114.7659643,34.1780196,0 -114.7662649,34.1783131,0 -114.7664089,34.1788651,0 -114.7665727,34.1791651,0 -114.7670688,34.1792309,0 -114.7677195,34.1796924,0 -114.7686457,34.1804938,0 -114.7691915,34.1812372,0 -114.7696594,34.18159,0 -114.770229,34.1816927,0 -114.7717348,34.1825011,0 -114.7723044,34.1826039,0 -114.7733659,34.1824185,0 -114.773635,34.1824366,0 -114.7741681,34.1821194,0 -114.7745033,34.1818528,0 -114.7749318,34.1818175,0 -114.7753553,34.1822315,0 -114.7755608,34.1825024,0 -114.7764441,34.182562,0 -114.776915,34.1824302,0 -114.7775453,34.1823789,0 -114.7780218,34.1831768,0 -114.7781844,34.1833182,0 -114.7783204,34.1833634,0 -114.7786472,34.1830141,0 -114.7790421,34.1828426,0 -114.7792945,34.1829145,0 -114.7799108,34.1834705,0 -114.7802056,34.1836187,0 -114.7809319,34.1836999,0 -114.7811665,34.184069,0 -114.7813377,34.1846907,0 -114.7815707,34.1849472,0 -114.7819054,34.185144,0 -114.7821763,34.1851994,0 -114.7822351,34.1852787,0 -114.7816821,34.1857244,0 -114.7812174,34.1863209,0 -114.7809193,34.1873929,0 -114.7806535,34.1875883,0 -114.7810443,34.1881816,0 -114.7812244,34.1883513,0 -114.7811436,34.1886884,0 -114.7811951,34.1889211,0 -114.7815514,34.1892342,0 -114.7817504,34.1895688,0 -114.7823046,34.1898311,0 -114.7830898,34.1906313,0 -114.7834057,34.1910618,0 -114.7838258,34.1914538,0 -114.7839685,34.1918015,0 -114.784239,34.1921629,0 -114.784413,34.1927385,0 -114.784515,34.1935982,0 -114.7850355,34.1943392,0 -114.7860049,34.1942213,0 -114.7865492,34.1942408,0 -114.786795,34.1943553,0 -114.7869443,34.1944995,0 -114.7875286,34.1947045,0 -114.7877797,34.1947445,0 -114.7886031,34.1951492,0 -114.7890228,34.1951043,0 -114.7892597,34.1952563,0 -114.7894803,34.1954725,0 -114.7896513,34.1959112,0 -114.7897551,34.1964214,0 -114.7898749,34.1964863,0 -114.7906398,34.1966324,0 -114.7920066,34.1967674,0 -114.7923704,34.1968417,0 -114.7929162,34.1970387,0 -114.7936569,34.1978103,0 -114.7938155,34.1979031,0 -114.7939848,34.197904,0 -114.7944693,34.1980479,0 -114.7947386,34.1982817,0 -114.7951557,34.1987594,0 -114.7955241,34.1990493,0 -114.7959587,34.1996117,0 -114.7961221,34.1999488,0 -114.7967189,34.2003447,0 -114.7970582,34.2004858,0 -114.7972452,34.2006469,0 -114.7974529,34.2009699,0 -114.7982045,34.2016153,0 -114.7984288,34.2020453,0 -114.7984509,34.2024554,0 -114.7986297,34.2032272,0 -114.7984725,34.2036772,0 -114.7987184,34.2038497,0 -114.7998904,34.2041212,0 -114.8007442,34.204143,0 -114.8009848,34.2040022,0 -114.801513,34.2041342,0 -114.8021378,34.2044652,0 -114.803672,34.2049062,0 -114.8040572,34.2050528,0 -114.8046425,34.2053786,0 -114.8056941,34.2057662,0 -114.8066607,34.2058465,0 -114.8068988,34.2058284,0 -114.8072338,34.2056852,0 -114.8075687,34.205379,0 -114.8082028,34.2052628,0 -114.8083651,34.2053181,0 -114.808522,34.2052528,0 -114.8087538,34.2052396,0 -114.8091526,34.2053841,0 -114.8101932,34.205907,0 -114.8104211,34.2059663,0 -114.8107105,34.2059392,0 -114.8108975,34.2060601,0 -114.8106322,34.2069436,0 -114.810623,34.2073845,0 -114.8105222,34.2080388,0 -114.8106455,34.2083676,0 -114.8108348,34.2085367,0 -114.8108572,34.2087111,0 -114.810583,34.2094692,0 -114.8103808,34.2097724,0 -114.810043,34.210057,0 -114.8098052,34.2102304,0 -114.8095131,34.210343,0 -114.8093691,34.211536,0 -114.8084395,34.2121144,0 -114.8081671,34.2126129,0 -114.8077456,34.2130751,0 -114.8076403,34.2134662,0 -114.8073014,34.2139897,0 -114.80693,34.2142871,0 -114.8067152,34.2145452,0 -114.8060523,34.2146378,0 -114.8056379,34.2149461,0 -114.8053898,34.2152212,0 -114.8053377,34.2155228,0 -114.8053833,34.2160663,0 -114.8053518,34.2162233,0 -114.8051499,34.2165443,0 -114.8043941,34.2170855,0 -114.8043186,34.2174954,0 -114.8041778,34.2178418,0 -114.8038757,34.2182561,0 -114.8038672,34.2183849,0 -114.8046842,34.2187918,0 -114.8047654,34.2189562,0 -114.8049372,34.2198367,0 -114.8050829,34.220116,0 -114.8054189,34.2204995,0 -114.8054408,34.2206641,0 -114.8053359,34.2210133,0 -114.8050764,34.2213756,0 -114.8048704,34.2215926,0 -114.8043359,34.2219774,0 -114.8041789,34.2223656,0 -114.8041237,34.222704,0 -114.8041982,34.2230254,0 -114.8044107,34.2233307,0 -114.8044637,34.223524,0 -114.8044382,34.2236332,0 -114.8041665,34.2237968,0 -114.8038,34.2238756,0 -114.8042035,34.2245305,0 -114.8041821,34.2247508,0 -114.8043337,34.2250279,0 -114.8047543,34.2254713,0 -114.8050863,34.2264601,0 -114.8058072,34.2274873,0 -114.8057813,34.2277523,0 -114.8053952,34.2280526,0 -114.8052631,34.2283105,0 -114.8052932,34.2284921,0 -114.8056973,34.229167,0 -114.8061941,34.2295977,0 -114.80621,34.2303904,0 -114.8063632,34.2306996,0 -114.8065487,34.2308426,0 -114.8068675,34.2312953,0 -114.8073438,34.2317102,0 -114.8079723,34.2319716,0 -114.8083192,34.2326052,0 -114.8086583,34.2329448,0 -114.8093446,34.2332839,0 -114.8099391,34.2337284,0 -114.8103969,34.2336525,0 -114.8106654,34.2338147,0 -114.8118511,34.2342641,0 -114.8124724,34.234306,0 -114.8127412,34.2342766,0 -114.8131417,34.2346892,0 -114.8139352,34.2351857,0 -114.8141853,34.2354193,0 -114.8143658,34.2355103,0 -114.8141691,34.2359501,0 -114.8141402,34.2362436,0 -114.8139703,34.2365277,0 -114.813801,34.2366838,0 -114.813376,34.2373938,0 -114.8128162,34.2376616,0 -114.8125829,34.2381089,0 -114.8125937,34.2384837,0 -114.8130047,34.2387676,0 -114.8132437,34.2388723,0 -114.8131422,34.2390626,0 -114.8129972,34.2401836,0 -114.8130395,34.2412108,0 -114.8131443,34.2414738,0 -114.8137522,34.2422929,0 -114.8138517,34.2423684,0 -114.8135584,34.2424571,0 -114.8129589,34.2428896,0 -114.81173,34.2444225,0 -114.8114237,34.2450086,0 -114.8112509,34.2451363,0 -114.810617,34.2450133,0 -114.8103079,34.2451402,0 -114.8104297,34.2462023,0 -114.8103096,34.2467064,0 -114.8101921,34.2469348,0 -114.8102425,34.2476377,0 -114.8104197,34.247886,0 -114.8106481,34.2484627,0 -114.8105613,34.2487427,0 -114.8106487,34.2489453,0 -114.8111567,34.249206,0 -114.8121407,34.2495775,0 -114.8125556,34.2498222,0 -114.813468,34.2501989,0 -114.8141207,34.2501934,0 -114.814399,34.2502614,0 -114.8144142,34.2511982,0 -114.8146401,34.2515581,0 -114.8148409,34.2516897,0 -114.8151606,34.2523023,0 -114.8156868,34.2522587,0 -114.8162108,34.2521168,0 -114.8165956,34.252128,0 -114.8168486,34.2520215,0 -114.8175101,34.2519285,0 -114.8179571,34.2519682,0 -114.8184636,34.2523667,0 -114.8187628,34.2524655,0 -114.8191623,34.2528668,0 -114.8196235,34.2530061,0 -114.8197923,34.2533425,0 -114.8198505,34.2538389,0 -114.8201523,34.2542729,0 -114.820207,34.2545621,0 -114.8202908,34.254676,0 -114.8204767,34.254718,0 -114.8209232,34.2550042,0 -114.8212978,34.2551771,0 -114.8216043,34.2551976,0 -114.8229531,34.25584,0 -114.8239865,34.2559489,0 -114.8245757,34.2562345,0 -114.8246832,34.2564683,0 -114.8248588,34.256618,0 -114.8250401,34.2569454,0 -114.82524,34.2574514,0 -114.8256756,34.2582193,0 -114.8257565,34.2584808,0 -114.8258931,34.2586567,0 -114.8258837,34.2592477,0 -114.8261458,34.2596003,0 -114.8265269,34.259951,0 -114.8272593,34.2602267,0 -114.8273956,34.2608957,0 -114.8276459,34.2611289,0 -114.8276904,34.2612801,0 -114.8277326,34.2627837,0 -114.8283738,34.2635222,0 -114.8283254,34.2644061,0 -114.8285729,34.264683,0 -114.8288895,34.2649262,0 -114.8290457,34.2652716,0 -114.8293755,34.2657859,0 -114.8298798,34.2663322,0 -114.8309155,34.2671504,0 -114.8311088,34.2672323,0 -114.8315127,34.2675942,0 -114.8317819,34.2676319,0 -114.8322132,34.2679562,0 -114.8322624,34.2683014,0 -114.8322311,34.268989,0 -114.8320105,34.2697917,0 -114.8320926,34.2699252,0 -114.8323122,34.2701072,0 -114.8324661,34.270354,0 -114.8327924,34.2706617,0 -114.8329894,34.2709507,0 -114.8333367,34.2717718,0 -114.8333073,34.2721933,0 -114.8331977,34.2725896,0 -114.8332618,34.2730274,0 -114.8333064,34.2731784,0 -114.8334463,34.2733257,0 -114.8336666,34.2737442,0 -114.8337284,34.2749373,0 -114.8339017,34.2753527,0 -114.834081,34.2755814,0 -114.8339529,34.2764102,0 -114.8339413,34.2771382,0 -114.8336727,34.2779476,0 -114.833714,34.2782557,0 -114.8339054,34.2786035,0 -114.8342881,34.2788162,0 -114.8344797,34.279164,0 -114.8346814,34.2792859,0 -114.83481,34.2795504,0 -114.8356799,34.2801212,0 -114.8360918,34.2805229,0 -114.8362693,34.2807715,0 -114.8367506,34.2810697,0 -114.8368995,34.2810893,0 -114.8372762,34.2814004,0 -114.8373334,34.281542,0 -114.8373164,34.2817183,0 -114.8373951,34.2821274,0 -114.8377528,34.2824763,0 -114.8381901,34.2826141,0 -114.8387632,34.2833126,0 -114.8390211,34.2834677,0 -114.8391382,34.2836034,0 -114.839614,34.2837142,0 -114.8397972,34.283904,0 -114.8402585,34.2841614,0 -114.8409124,34.2842739,0 -114.8415612,34.284327,0 -114.8415655,34.284515,0 -114.8416815,34.2849069,0 -114.8419202,34.2852579,0 -114.8422325,34.285584,0 -114.8426539,34.2858881,0 -114.8430692,34.2860145,0 -114.8431321,34.2860975,0 -114.8433015,34.2869167,0 -114.8438069,34.287699,0 -114.8447882,34.2882278,0 -114.8451134,34.2886632,0 -114.8454623,34.2887359,0 -114.8456181,34.2888346,0 -114.8460241,34.2893053,0 -114.8462592,34.2894492,0 -114.846207,34.2897412,0 -114.846589,34.29021,0 -114.8466573,34.2903623,0 -114.8466591,34.2907073,0 -114.8467356,34.2908996,0 -114.8476307,34.2913338,0 -114.8479452,34.2916406,0 -114.8485208,34.291945,0 -114.8495779,34.292666,0 -114.8500901,34.2933799,0 -114.8507724,34.2939723,0 -114.8514866,34.2944404,0 -114.8514259,34.2947386,0 -114.8519381,34.2951666,0 -114.8519782,34.2954056,0 -114.8522429,34.295778,0 -114.8530053,34.2961862,0 -114.8535962,34.2964252,0 -114.8538707,34.2966211,0 -114.8542169,34.2969989,0 -114.8543436,34.2970663,0 -114.8544707,34.2972437,0 -114.8553262,34.2974889,0 -114.8555992,34.2975868,0 -114.8557405,34.2976887,0 -114.856,34.2983444,0 -114.8564637,34.2989738,0 -114.8566089,34.2993159,0 -114.8566125,34.2998261,0 -114.8570012,34.3001327,0 -114.8571129,34.3004491,0 -114.8577571,34.3011495,0 -114.857823,34.301479,0 -114.8580277,34.3017514,0 -114.8581334,34.3020392,0 -114.8582468,34.3025195,0 -114.8582283,34.3027104,0 -114.8583897,34.3028838,0 -114.8585743,34.3029995,0 -114.8591628,34.3031716,0 -114.8598838,34.3032644,0 -114.8607207,34.3047313,0 -114.8610426,34.3049894,0 -114.8619739,34.3055762,0 -114.8622318,34.3059481,0 -114.8626834,34.3062443,0 -114.8633235,34.3063462,0 -114.8641419,34.3066298,0 -114.8644895,34.3068082,0 -114.8650282,34.3068516,0 -114.8655543,34.306831,0 -114.8655963,34.3067543,0 -114.8657662,34.3070077,0 -114.8662129,34.3073964,0 -114.8663204,34.3075733,0 -114.8667046,34.3079241,0 -114.8667675,34.3081944,0 -114.8687664,34.3082176,0 -114.8693167,34.3084385,0 -114.8700544,34.3083623,0 -114.8703976,34.3083874,0 -114.8704958,34.3085304,0 -114.8705407,34.3088572,0 -114.8707185,34.3093124,0 -114.8709058,34.3096796,0 -114.8708035,34.3101824,0 -114.870942,34.3105908,0 -114.871248,34.3109214,0 -114.8714698,34.3112981,0 -114.8712234,34.3118174,0 -114.8708017,34.3124021,0 -114.8706223,34.3125745,0 -114.8697644,34.3125399,0 -114.8695565,34.3125705,0 -114.8692599,34.3128757,0 -114.868849,34.3134389,0 -114.8682644,34.3137768,0 -114.8674396,34.3146599,0 -114.8672001,34.3148362,0 -114.8669917,34.315147,0 -114.8665975,34.3153572,0 -114.8656689,34.3153837,0 -114.8653408,34.3154959,0 -114.8645939,34.3155408,0 -114.8643021,34.3155213,0 -114.8637983,34.3153693,0 -114.8632025,34.3152926,0 -114.8626656,34.3154118,0 -114.8624661,34.3155389,0 -114.8623298,34.3157514,0 -114.8622217,34.3161321,0 -114.861833,34.3164679,0 -114.8614333,34.316914,0 -114.8612777,34.3173249,0 -114.8612585,34.3175231,0 -114.8613152,34.3180366,0 -114.8614228,34.3182138,0 -114.8614417,34.3183849,0 -114.8611728,34.3188617,0 -114.8599827,34.3189224,0 -114.8592743,34.3188824,0 -114.8583213,34.318974,0 -114.8577841,34.3189159,0 -114.8576102,34.3189633,0 -114.8574887,34.3191176,0 -114.8568689,34.3195341,0 -114.8566183,34.3199163,0 -114.8565078,34.3204112,0 -114.8562394,34.3203343,0 -114.8558054,34.3204012,0 -114.8556368,34.3204859,0 -114.8547518,34.3205925,0 -114.8551222,34.3209817,0 -114.85595,34.3215789,0 -114.8564373,34.3222685,0 -114.8567134,34.3223824,0 -114.8568712,34.3226023,0 -114.8572556,34.3229273,0 -114.8575944,34.3233355,0 -114.8580627,34.3241484,0 -114.8578743,34.3248696,0 -114.857962,34.3251734,0 -114.8585859,34.326155,0 -114.8586728,34.3264384,0 -114.8585313,34.3273828,0 -114.8585609,34.3277599,0 -114.8583597,34.3282057,0 -114.8583353,34.3287479,0 -114.8580616,34.3292267,0 -114.8579433,34.3293326,0 -114.8579498,34.3294754,0 -114.8579976,34.3297088,0 -114.8584366,34.3304206,0 -114.8586097,34.3312427,0 -114.8585709,34.3314687,0 -114.8586015,34.3316006,0 -114.8589547,34.3317834,0 -114.8596322,34.3317826,0 -114.8608976,34.3321477,0 -114.8611969,34.3322998,0 -114.8615013,34.3325631,0 -114.8617968,34.3328972,0 -114.8619427,34.3331552,0 -114.8624336,34.3332408,0 -114.8626897,34.3332428,0 -114.8634467,34.3335523,0 -114.8643834,34.3337954,0 -114.8652755,34.3343937,0 -114.8657746,34.3346507,0 -114.8660177,34.3349057,0 -114.8663449,34.3354005,0 -114.8665474,34.3355659,0 -114.8669056,34.3356758,0 -114.8674197,34.3357302,0 -114.8675829,34.3358361,0 -114.8676188,34.3360877,0 -114.8680139,34.3367319,0 -114.8681366,34.337021,0 -114.8680735,34.3372351,0 -114.8680832,34.3374469,0 -114.8683814,34.3381043,0 -114.8684116,34.3384974,0 -114.868166,34.3387174,0 -114.8673548,34.3390865,0 -114.8671689,34.3392843,0 -114.8669555,34.3396751,0 -114.8669161,34.3398783,0 -114.8667883,34.3400137,0 -114.8656757,34.3407157,0 -114.865396,34.3407245,0 -114.8651008,34.3406632,0 -114.8644063,34.3403921,0 -114.8641729,34.3403491,0 -114.8639202,34.3404176,0 -114.8632521,34.3407217,0 -114.8628294,34.3407955,0 -114.8619012,34.341805,0 -114.861408,34.3422044,0 -114.8610392,34.3423979,0 -114.8605924,34.3424828,0 -114.8598168,34.3428305,0 -114.8597353,34.3429138,0 -114.8596958,34.34338,0 -114.8597407,34.3443586,0 -114.859472,34.3446094,0 -114.8591894,34.3450831,0 -114.8592162,34.3454056,0 -114.8591262,34.345754,0 -114.8591136,34.3461188,0 -114.8589572,34.3462209,0 -114.8583784,34.3463727,0 -114.8578627,34.3466197,0 -114.8572991,34.3467833,0 -114.8564919,34.3473796,0 -114.8558665,34.3474722,0 -114.8555779,34.3475663,0 -114.8555035,34.3478601,0 -114.8556635,34.3484744,0 -114.8556151,34.3486945,0 -114.855184,34.349194,0 -114.8546309,34.3495879,0 -114.8542563,34.3497211,0 -114.8541174,34.3498833,0 -114.8540143,34.3501904,0 -114.8540323,34.3502627,0 -114.8541991,34.3503909,0 -114.8542554,34.3506564,0 -114.8538422,34.3512281,0 -114.8534798,34.351628,0 -114.8533234,34.3517301,0 -114.8531631,34.3517474,0 -114.8529579,34.3517416,0 -114.852661,34.3516538,0 -114.852589,34.3516804,0 -114.8523649,34.3519062,0 -114.8518114,34.3522879,0 -114.8515298,34.3522118,0 -114.8511039,34.3521888,0 -114.8502031,34.3520228,0 -114.8499253,34.3520316,0 -114.8496963,34.3521482,0 -114.8495445,34.3523472,0 -114.8493001,34.3527678,0 -114.849277,34.3529022,0 -114.849228,34.3537538,0 -114.8493751,34.3540892,0 -114.8490744,34.3548761,0 -114.8488707,34.3552226,0 -114.8488316,34.3556489,0 -114.8486772,34.3561152,0 -114.8481851,34.3568836,0 -114.8480363,34.3574713,0 -114.8479904,34.3580679,0 -114.8481712,34.3584994,0 -114.8480138,34.3592209,0 -114.8483393,34.3596114,0 -114.8483426,34.3596842,0 -114.847893,34.3600991,0 -114.8475635,34.3599394,0 -114.8467496,34.3600744,0 -114.8466084,34.360188,0 -114.8464596,34.36046,0 -114.8461962,34.360784,0 -114.8459655,34.3608642,0 -114.8457546,34.3610529,0 -114.8456233,34.361385,0 -114.8453333,34.3617707,0 -114.8452578,34.3620403,0 -114.8453295,34.3626451,0 -114.8455146,34.3634896,0 -114.8451383,34.36423,0 -114.8450503,34.3645485,0 -114.8446827,34.3651552,0 -114.844606,34.3654005,0 -114.8448612,34.3658541,0 -114.8448825,34.3659992,0 -114.8447608,34.3662216,0 -114.8446205,34.3663596,0 -114.8446477,34.3669537,0 -114.8447978,34.36735,0 -114.8447477,34.3675336,0 -114.8444797,34.3677607,0 -114.8444947,34.3680881,0 -114.8447243,34.3686275,0 -114.8446365,34.3689459,0 -114.8443046,34.3696972,0 -114.8451086,34.3712629,0 -114.8451782,34.3721413,0 -114.8451194,34.372459,0 -114.8447688,34.3734415,0 -114.8447169,34.3739047,0 -114.8445929,34.3740786,0 -114.8445293,34.3742871,0 -114.8441837,34.3747351,0 -114.8434712,34.3751705,0 -114.8424408,34.3757008,0 -114.8420347,34.3757864,0 -114.840923,34.3764651,0 -114.8402732,34.3766676,0 -114.8393589,34.3768544,0 -114.8389718,34.3770364,0 -114.8379677,34.377821,0 -114.8368466,34.3782934,0 -114.8364182,34.3785376,0 -114.8359571,34.3786488,0 -114.8353544,34.3786561,0 -114.834991,34.3787161,0 -114.8346888,34.3788348,0 -114.8344286,34.3792317,0 -114.8342834,34.3799042,0 -114.8344463,34.3802634,0 -114.8351115,34.3807161,0 -114.8351452,34.3808123,0 -114.8350495,34.380961,0 -114.8338076,34.3819958,0 -114.8334862,34.3823339,0 -114.8329336,34.3833836,0 -114.8329142,34.3836028,0 -114.8327158,34.3840705,0 -114.8325649,34.3842938,0 -114.832312,34.3845326,0 -114.8315751,34.3850779,0 -114.8314035,34.3851683,0 -114.8308954,34.3852693,0 -114.8303188,34.3851535,0 -114.8291267,34.3850332,0 -114.828764,34.3847894,0 -114.8287383,34.3845474,0 -114.8286224,34.3845754,0 -114.8280673,34.3849328,0 -114.8276059,34.3850929,0 -114.826809,34.3852879,0 -114.826585,34.3855136,0 -114.8264157,34.3859804,0 -114.8262518,34.3862406,0 -114.8259404,34.3864811,0 -114.8255936,34.3869048,0 -114.8255163,34.3871381,0 -114.8254843,34.3883656,0 -114.82491,34.389586,0 -114.8248895,34.389781,0 -114.8247143,34.3901144,0 -114.8245541,34.3906584,0 -114.8243479,34.3909564,0 -114.8242355,34.3916245,0 -114.8241443,34.3917912,0 -114.8240945,34.3921484,0 -114.8242311,34.3927362,0 -114.824495,34.3932198,0 -114.8244708,34.3934119,0 -114.8243587,34.3936064,0 -114.8241024,34.3937696,0 -114.8237548,34.3940992,0 -114.8240116,34.3944282,0 -114.82467,34.3944076,0 -114.8254721,34.3948923,0 -114.8257277,34.3951943,0 -114.8260997,34.3954012,0 -114.8264992,34.3957257,0 -114.8264491,34.3958366,0 -114.8260289,34.3960137,0 -114.8259342,34.3961078,0 -114.8257791,34.3963221,0 -114.8257045,34.3966155,0 -114.8256943,34.3971169,0 -114.8261016,34.3978512,0 -114.8261176,34.3979602,0 -114.8258872,34.3982134,0 -114.8256935,34.3983013,0 -114.8256868,34.3986387,0 -114.8257792,34.3987359,0 -114.8259696,34.398812,0 -114.8256533,34.3988673,0 -114.8255478,34.3989618,0 -114.8253873,34.3995407,0 -114.8249128,34.4002204,0 -114.824678,34.4003733,0 -114.8239263,34.4005156,0 -114.823521,34.400803,0 -114.8239918,34.4014696,0 -114.82401,34.401633,0 -114.8241827,34.4018008,0 -114.8243269,34.4020742,0 -114.8245324,34.4022409,0 -114.8245502,34.4023951,0 -114.8244299,34.4026449,0 -114.8245016,34.4030162,0 -114.8248645,34.4032595,0 -114.8254966,34.4033858,0 -114.8261083,34.4037856,0 -114.8265932,34.4038503,0 -114.8267894,34.4040015,0 -114.8278712,34.404368,0 -114.8282251,34.4046574,0 -114.8285307,34.4046115,0 -114.8288023,34.4047848,0 -114.8290354,34.4048325,0 -114.8294737,34.4050464,0 -114.8299108,34.4057159,0 -114.8299164,34.4060799,0 -114.82998,34.4062694,0 -114.8303515,34.406704,0 -114.830359,34.4068678,0 -114.8306475,34.4071683,0 -114.830664,34.4077691,0 -114.830714,34.4079041,0 -114.830774,34.4080115,0 -114.8310971,34.4081106,0 -114.831081,34.4082388,0 -114.8312293,34.4085982,0 -114.8312867,34.4086513,0 -114.8315602,34.4086245,0 -114.8317847,34.4087268,0 -114.8318213,34.4088077,0 -114.8325755,34.4094398,0 -114.8327309,34.4094713,0 -114.8330369,34.4094344,0 -114.8333858,34.4095074,0 -114.83369,34.4094978,0 -114.8337803,34.4096342,0 -114.8337851,34.4101759,0 -114.8339453,34.4108368,0 -114.8336167,34.4111487,0 -114.833609,34.4113535,0 -114.8335306,34.4115042,0 -114.8327208,34.4116706,0 -114.8324693,34.4121303,0 -114.8323709,34.4133331,0 -114.8325966,34.4136119,0 -114.8327365,34.4138756,0 -114.832799,34.4141273,0 -114.8331698,34.4146029,0 -114.8332028,34.4147642,0 -114.8331358,34.4151616,0 -114.8333426,34.4154021,0 -114.8333737,34.4155211,0 -114.8332554,34.4157291,0 -114.8332367,34.4158782,0 -114.8327311,34.4161833,0 -114.8324878,34.4164452,0 -114.8324248,34.4165601,0 -114.8324313,34.4170751,0 -114.8325069,34.4174256,0 -114.8327724,34.4176431,0 -114.8329818,34.4179399,0 -114.8332463,34.4179528,0 -114.8333704,34.4186191,0 -114.8336665,34.4189485,0 -114.8338773,34.4190904,0 -114.834259,34.4196147,0 -114.8346578,34.4199551,0 -114.8347764,34.4206854,0 -114.8346331,34.4210921,0 -114.8343357,34.4216661,0 -114.8343105,34.4218573,0 -114.8343499,34.4219761,0 -114.8344729,34.422057,0 -114.8347911,34.422682,0 -114.8348314,34.4230054,0 -114.8347295,34.4231991,0 -114.8348616,34.4232938,0 -114.8350488,34.423662,0 -114.835438,34.4239815,0 -114.8355516,34.4244151,0 -114.8358995,34.4245739,0 -114.8362587,34.424979,0 -114.8363611,34.4253569,0 -114.8363536,34.4255617,0 -114.8362835,34.4257051,0 -114.8361414,34.4257661,0 -114.8360543,34.4259099,0 -114.8360866,34.4260571,0 -114.8363286,34.4263176,0 -114.8367832,34.4265786,0 -114.837311,34.4267596,0 -114.8382735,34.4269479,0 -114.8393661,34.4269984,0 -114.8394622,34.4270519,0 -114.8396417,34.4274415,0 -114.8398441,34.4275833,0 -114.8407665,34.4278221,0 -114.8409628,34.4278305,0 -114.8410589,34.4278839,0 -114.8413761,34.4283588,0 -114.8416708,34.4285469,0 -114.8421388,34.4293904,0 -114.8422512,34.4297596,0 -114.8419741,34.4304063,0 -114.8420538,34.430511,0 -114.8421508,34.4305418,0 -114.8422795,34.4305265,0 -114.8429678,34.4300186,0 -114.8432135,34.4299439,0 -114.8435443,34.4297303,0 -114.8438,34.4296599,0 -114.8440112,34.4296591,0 -114.8446458,34.4297996,0 -114.8461499,34.4297149,0 -114.8464196,34.4296308,0 -114.8471645,34.4290784,0 -114.8474643,34.4289846,0 -114.8482306,34.4289018,0 -114.8488466,34.4290756,0 -114.8505206,34.4293337,0 -114.8507099,34.429487,0 -114.8508647,34.4297678,0 -114.850938,34.4302609,0 -114.8514616,34.4316478,0 -114.8516103,34.4324042,0 -114.8516821,34.4331367,0 -114.851943,34.4335797,0 -114.8520881,34.4337011,0 -114.8523185,34.4337568,0 -114.853641,34.4338621,0 -114.8539225,34.4339263,0 -114.8550778,34.4345302,0 -114.8557355,34.4347826,0 -114.8562351,34.4349033,0 -114.8582748,34.4362768,0 -114.8593717,34.4367142,0 -114.8602556,34.4372009,0 -114.861082,34.437815,0 -114.8619424,34.438617,0 -114.8622166,34.4387718,0 -114.8625884,34.4386889,0 -114.8635656,34.4386337,0 -114.8640519,34.4387137,0 -114.8644877,34.4386999,0 -114.8651803,34.4387729,0 -114.865804,34.4388486,0 -114.8664903,34.4392836,0 -114.867114,34.4398539,0 -114.8677498,34.4406903,0 -114.8681052,34.4414213,0 -114.8682339,34.4422167,0 -114.868508,34.4431787,0 -114.8685977,34.4441276,0 -114.8693315,34.4455889,0 -114.8699164,34.4463127,0 -114.8709016,34.4482418,0 -114.8710619,34.4487316,0 -114.8712648,34.4491439,0 -114.8715877,34.4496667,0 -114.8719458,34.4504543,0 -114.8721681,34.4507902,0 -114.8718495,34.4508574,0 -114.8716183,34.4508266,0 -114.8708303,34.4511753,0 -114.8705108,34.4512234,0 -114.8700122,34.4513724,0 -114.8693944,34.4514301,0 -114.8691924,34.4515315,0 -114.8689082,34.451845,0 -114.8687943,34.4523628,0 -114.8687231,34.4532165,0 -114.8689268,34.4539893,0 -114.8691163,34.4544562,0 -114.8690982,34.4547906,0 -114.8692231,34.4553153,0 -114.8711136,34.4569801,0 -114.8711871,34.4571169,0 -114.8710271,34.4572889,0 -114.8705614,34.4573872,0 -114.8702673,34.4575634,0 -114.8700182,34.4579882,0 -114.8699086,34.4585205,0 -114.8684129,34.4610439,0 -114.8677589,34.4614263,0 -114.8672648,34.4616367,0 -114.8667503,34.4617043,0 -114.866339,34.4619147,0 -114.8663789,34.4627777,0 -114.8665025,34.463077,0 -114.8668082,34.4633554,0 -114.8667554,34.4661767,0 -114.8669257,34.467089,0 -114.8666809,34.4677332,0 -114.8659558,34.4686811,0 -114.8658194,34.4688979,0 -114.8657764,34.469157,0 -114.8658945,34.4693353,0 -114.8661391,34.4694791,0 -114.8665888,34.4696524,0 -114.8671309,34.4697944,0 -114.8675973,34.4700868,0 -114.8676843,34.4701863,0 -114.8678681,34.4711924,0 -114.8686644,34.472378,0 -114.8686348,34.4729249,0 -114.8689458,34.4734156,0 -114.869055,34.4736965,0 -114.8688185,34.4745226,0 -114.8687018,34.4746742,0 -114.8686903,34.4750156,0 -114.8686377,34.4750682,0 -114.8678658,34.4751433,0 -114.8677532,34.4757197,0 -114.8677268,34.4763152,0 -114.8676482,34.4765555,0 -114.867649,34.4771467,0 -114.8677555,34.4773707,0 -114.8679805,34.4777843,0 -114.8683302,34.4782167,0 -114.8688858,34.478654,0 -114.8696715,34.4790157,0 -114.8701872,34.4791813,0 -114.870541,34.4797045,0 -114.8702857,34.4801219,0 -114.8701269,34.4805477,0 -114.8701068,34.4810032,0 -114.8702753,34.4816802,0 -114.8706354,34.4823396,0 -114.8709956,34.4827035,0 -114.8716563,34.483035,0 -114.8718941,34.4831298,0 -114.8725549,34.4831654,0 -114.87275,34.4832277,0 -114.8728128,34.4833963,0 -114.8726993,34.4842072,0 -114.8727752,34.484364,0 -114.8734997,34.4848868,0 -114.8736042,34.4850652,0 -114.8735825,34.4854869,0 -114.8734289,34.4860261,0 -114.8734509,34.4861666,0 -114.8736308,34.4863725,0 -114.8737688,34.4867772,0 -114.8739356,34.4870681,0 -114.8742934,34.4874377,0 -114.8748226,34.48783,0 -114.8755848,34.488102,0 -114.8756908,34.4881831,0 -114.8758589,34.4885023,0 -114.8753379,34.4893935,0 -114.8751488,34.4904574,0 -114.8747541,34.4911328,0 -114.8738969,34.4921193,0 -114.8737706,34.4923347,0 -114.8738026,34.4926582,0 -114.8739661,34.4928787,0 -114.8746172,34.4933236,0 -114.8745438,34.4935798,0 -114.8741276,34.4941573,0 -114.8734977,34.4949037,0 -114.8735087,34.4951432,0 -114.8735865,34.4953523,0 -114.8737521,34.495615,0 -114.8740734,34.4959293,0 -114.8741681,34.4961379,0 -114.8741145,34.4964498,0 -114.8735574,34.4984001,0 -114.8733309,34.499028,0 -114.8725822,34.500152,0 -114.8723871,34.5003555,0 -114.87236,34.5005046,0 -114.8736462,34.5025232,0 -114.873745,34.5028162,0 -114.8737332,34.5029294,0 -114.8740616,34.5030318,0 -114.8742489,34.503026,0 -114.8744405,34.5031187,0 -114.8765339,34.5030662,0 -114.876723,34.5031026,0 -114.8769521,34.5032646,0 -114.8771745,34.5032855,0 -114.8773,34.5034228,0 -114.8773773,34.5036178,0 -114.877444,34.5039542,0 -114.8767869,34.5052164,0 -114.8766179,34.5063503,0 -114.8766525,34.5070968,0 -114.8765911,34.5076065,0 -114.8765014,34.5078774,0 -114.8767635,34.5105915,0 -114.8778536,34.5138858,0 -114.8789294,34.5176037,0 -114.8802444,34.5217019,0 -114.881143,34.5249036,0 -114.8819418,34.5270574,0 -114.8824838,34.529551,0 -114.8825709,34.5314242,0 -114.8825042,34.5321881,0 -114.8822953,34.5324627,0 -114.8818824,34.5338442,0 -114.8813154,34.5352165,0 -114.8810967,34.5367468,0 -114.8811459,34.5370697,0 -114.8816178,34.5380561,0 -114.8820814,34.5395931,0 -114.88223,34.5405898,0 -114.8824669,34.5412875,0 -114.8824919,34.5421896,0 -114.8823047,34.5425622,0 -114.8810504,34.543815,0 -114.8805482,34.544748,0 -114.8801279,34.5452409,0 -114.8800343,34.5457942,0 -114.8800952,34.5467373,0 -114.8804945,34.5479941,0 -114.8812953,34.5501833,0 -114.881622,34.5509769,0 -114.8817667,34.5511557,0 -114.8818545,34.551576,0 -114.8817871,34.551959,0 -114.881649,34.5522878,0 -114.8809051,34.5527912,0 -114.8799347,34.5535555,0 -114.879536,34.5541466,0 -114.879259,34.5544234,0 -114.8789441,34.5546168,0 -114.8782036,34.5548237,0 -114.878055,34.5549272,0 -114.8778735,34.5554266,0 -114.8766314,34.555847,0 -114.8761305,34.5560744,0 -114.8753343,34.5561844,0 -114.8746153,34.5564895,0 -114.8735938,34.556522,0 -114.8733614,34.5566563,0 -114.8729371,34.5570646,0 -114.8725559,34.5573024,0 -114.8721715,34.5574698,0 -114.8718848,34.5575354,0 -114.8717308,34.5575262,0 -114.8712823,34.5574135,0 -114.8711015,34.5571936,0 -114.8710244,34.5566317,0 -114.8708561,34.5563126,0 -114.8699226,34.5556651,0 -114.8688592,34.5555297,0 -114.8686719,34.5555357,0 -114.8684538,34.555613,0 -114.8682476,34.5555773,0 -114.867951,34.5554316,0 -114.8674029,34.5553784,0 -114.8667664,34.5556243,0 -114.866462,34.5556762,0 -114.8661339,34.5559547,0 -114.865699,34.5561377,0 -114.8645224,34.5561328,0 -114.8644201,34.5565028,0 -114.8637835,34.5571154,0 -114.8633475,34.5572701,0 -114.8631861,34.5574217,0 -114.8626242,34.5577146,0 -114.8623963,34.5580392,0 -114.8619695,34.5582114,0 -114.8619125,34.5583612,0 -114.861962,34.5586031,0 -114.8627093,34.5595526,0 -114.8629101,34.5600224,0 -114.8626884,34.5607594,0 -114.8627455,34.5608845,0 -114.8628417,34.5610296,0 -114.8631466,34.5612632,0 -114.8633376,34.5615762,0 -114.8636435,34.5617765,0 -114.8636243,34.5621897,0 -114.8633344,34.5625583,0 -114.8631243,34.5627132,0 -114.8631399,34.5630513,0 -114.863214,34.5632712,0 -114.8629654,34.5637021,0 -114.8629329,34.5638303,0 -114.8629703,34.5640829,0 -114.8636199,34.5645807,0 -114.8639348,34.5647506,0 -114.8641762,34.5649968,0 -114.8647128,34.5649797,0 -114.8652397,34.564762,0 -114.8656881,34.5647796,0 -114.8661571,34.5649658,0 -114.8665171,34.5650073,0 -114.8666356,34.5650775,0 -114.8666737,34.5653514,0 -114.8664743,34.5654635,0 -114.8663948,34.5656776,0 -114.8666081,34.5661058,0 -114.8667001,34.5662298,0 -114.8669355,34.5663414,0 -114.8671462,34.5665412,0 -114.8673848,34.5669302,0 -114.8675546,34.5670757,0 -114.8678453,34.5671379,0 -114.8684604,34.5675785,0 -114.8685955,34.5678042,0 -114.8686353,34.5680411,0 -114.8687687,34.5682272,0 -114.8691584,34.568564,0 -114.869513,34.5689733,0 -114.8696588,34.5692225,0 -114.8697031,34.5695544,0 -114.8695601,34.5697809,0 -114.8685647,34.5706538,0 -114.8685873,34.5715576,0 -114.8686515,34.5716984,0 -114.8688308,34.5718434,0 -114.868613,34.5721121,0 -114.868549,34.572384,0 -114.8681964,34.5730538,0 -114.8681385,34.573254,0 -114.8682962,34.573344,0 -114.8686998,34.573982,0 -114.8690874,34.5742712,0 -114.8692056,34.5745452,0 -114.8696196,34.574786,0 -114.8698411,34.575009,0 -114.8700383,34.5751218,0 -114.8701803,34.5752919,0 -114.8708946,34.5753879,0 -114.871123,34.5755554,0 -114.8712553,34.5757178,0 -114.8714226,34.5758078,0 -114.8714646,34.5758858,0 -114.8717504,34.5760512,0 -114.8720749,34.5764297,0 -114.8721133,34.5770472,0 -114.8722278,34.5772422,0 -114.8725384,34.5775259,0 -114.8726835,34.5779655,0 -114.8726761,34.5782197,0 -114.872607,34.5783806,0 -114.8719702,34.5785117,0 -114.871856,34.5786458,0 -114.8717116,34.5787264,0 -114.8717319,34.5789559,0 -114.8716695,34.5792674,0 -114.8717985,34.5795647,0 -114.8717462,34.5798837,0 -114.8719016,34.5801327,0 -114.8718208,34.5812857,0 -114.8718924,34.581585,0 -114.8720233,34.5817236,0 -114.87227,34.5818665,0 -114.8719969,34.5821847,0 -114.8719626,34.5826856,0 -114.8718457,34.582856,0 -114.8714788,34.5830105,0 -114.8712246,34.58332,0 -114.871549,34.5836946,0 -114.8717767,34.5840523,0 -114.8720172,34.5840683,0 -114.8720777,34.5841301,0 -114.8721068,34.5847559,0 -114.8723503,34.5850418,0 -114.8724913,34.5853944,0 -114.8724084,34.5856747,0 -114.8727069,34.5859033,0 -114.8725691,34.5864472,0 -114.8727393,34.5866006,0 -114.8727662,34.5867662,0 -114.8730642,34.5869868,0 -114.8731073,34.5870887,0 -114.8730919,34.5871685,0 -114.8729246,34.5872849,0 -114.8729312,34.5876338,0 -114.8730395,34.5879,0 -114.8729938,34.5881515,0 -114.873222,34.5885251,0 -114.8727299,34.5884614,0 -114.8725216,34.5885236,0 -114.8718421,34.5889736,0 -114.8715814,34.5893469,0 -114.8714423,34.5900734,0 -114.8709422,34.591081,0 -114.8707172,34.5913976,0 -114.8702885,34.591673,0 -114.8700637,34.5919974,0 -114.8697766,34.5922209,0 -114.8694746,34.5923258,0 -114.868988,34.5923887,0 -114.8687065,34.5925245,0 -114.8686716,34.5925973,0 -114.868708,34.5931753,0 -114.868935,34.5935172,0 -114.8690433,34.5937834,0 -114.8690414,34.5939502,0 -114.8691438,34.5940896,0 -114.869223,34.5943491,0 -114.8693206,34.5950046,0 -114.8693845,34.5951375,0 -114.8693199,34.5954013,0 -114.86914,34.5956609,0 -114.8689897,34.5961418,0 -114.8687598,34.5963553,0 -114.8687925,34.5970605,0 -114.8689672,34.5979278,0 -114.8685853,34.5979715,0 -114.8680808,34.5982653,0 -114.8678177,34.5985911,0 -114.8675958,34.5989789,0 -114.8674237,34.599405,0 -114.8674325,34.599595,0 -114.8673315,34.5996935,0 -114.8670341,34.5996951,0 -114.866712,34.5997846,0 -114.866318,34.5999796,0 -114.8658626,34.6002956,0 -114.8655924,34.600677,0 -114.8654033,34.6007386,0 -114.8650551,34.6006783,0 -114.8646541,34.6007226,0 -114.8646405,34.6010484,0 -114.8652691,34.6019805,0 -114.8658578,34.602676,0 -114.8659068,34.6029046,0 -114.8654815,34.6034576,0 -114.8652998,34.603884,0 -114.865096,34.6040411,0 -114.8648704,34.6043497,0 -114.8648042,34.6049946,0 -114.8647176,34.6051916,0 -114.8647373,34.6054133,0 -114.8648983,34.6055748,0 -114.8656315,34.6058609,0 -114.8662882,34.6063638,0 -114.8668889,34.6066939,0 -114.8674704,34.6068183,0 -114.8675592,34.606871,0 -114.8674972,34.6069838,0 -114.867728,34.6071988,0 -114.8679749,34.6073498,0 -114.8681893,34.6076284,0 -114.8684562,34.6077946,0 -114.8688266,34.6079176,0 -114.8688818,34.6080746,0 -114.8690963,34.6083535,0 -114.869121,34.6084718,0 -114.8696034,34.6087341,0 -114.8698324,34.608703,0 -114.8702281,34.6085477,0 -114.8703276,34.6086239,0 -114.8712968,34.6088311,0 -114.8713791,34.6089475,0 -114.871452,34.6092784,0 -114.8716159,34.6095032,0 -114.8718431,34.6096389,0 -114.8722242,34.6099917,0 -114.8724684,34.6102932,0 -114.8725079,34.6107286,0 -114.8724715,34.6115946,0 -114.8727983,34.6120206,0 -114.8728367,34.612128,0 -114.8727869,34.6121876,0 -114.8726528,34.6121919,0 -114.8724375,34.6121035,0 -114.8721688,34.612104,0 -114.8717786,34.612172,0 -114.871051,34.612211,0 -114.8708261,34.6123293,0 -114.8703152,34.6131072,0 -114.8699998,34.6133393,0 -114.8696477,34.6134061,0 -114.8691762,34.6137265,0 -114.8692481,34.6138745,0 -114.8693353,34.6143548,0 -114.8695538,34.6145841,0 -114.8701397,34.6148983,0 -114.8701452,34.6152954,0 -114.8702226,34.6155615,0 -114.8705422,34.6157338,0 -114.871067,34.6158459,0 -114.8715731,34.6158406,0 -114.871824,34.615929,0 -114.8721049,34.6166612,0 -114.872406,34.6169951,0 -114.8730591,34.6173503,0 -114.8732356,34.6175164,0 -114.8731573,34.6177873,0 -114.8730091,34.6179531,0 -114.8726943,34.618167,0 -114.872676,34.6183287,0 -114.8727906,34.6185612,0 -114.872646,34.6190813,0 -114.872676,34.6200036,0 -114.8729388,34.621187,0 -114.8732141,34.6215219,0 -114.8736871,34.6216358,0 -114.8739015,34.6217792,0 -114.874282,34.6218637,0 -114.8744203,34.6217627,0 -114.8744985,34.621771,0 -114.8746741,34.6219157,0 -114.8747739,34.6221058,0 -114.8752203,34.6224888,0 -114.8750372,34.6227416,0 -114.8750225,34.6230138,0 -114.8748936,34.6231807,0 -114.8747082,34.623203,0 -114.87457,34.6234996,0 -114.8741444,34.6239294,0 -114.8738703,34.6240402,0 -114.8734759,34.6241245,0 -114.8726147,34.6245956,0 -114.8721796,34.6249243,0 -114.8711308,34.6254587,0 -114.8706447,34.6258035,0 -114.8707831,34.6261713,0 -114.8710591,34.6265204,0 -114.8711841,34.6269746,0 -114.8712066,34.6278328,0 -114.8714507,34.6282401,0 -114.8714222,34.6283699,0 -114.8709252,34.6292303,0 -114.8705609,34.6303299,0 -114.870395,34.6312371,0 -114.8703,34.6314262,0 -114.8698703,34.6314971,0 -114.8697233,34.6316878,0 -114.8695533,34.63213,0 -114.8693298,34.6321656,0 -114.8684947,34.6319647,0 -114.8678307,34.6319557,0 -114.8674163,34.6319831,0 -114.8667718,34.6322755,0 -114.8659828,34.6331882,0 -114.86509,34.6344763,0 -114.8648205,34.6346423,0 -114.8643769,34.6347852,0 -114.8639819,34.6352273,0 -114.863401,34.6354031,0 -114.8632607,34.6357369,0 -114.8631442,34.6365852,0 -114.863085,34.6375462,0 -114.863556,34.6387409,0 -114.8635281,34.6392572,0 -114.8631854,34.6400841,0 -114.8630057,34.6403188,0 -114.8621615,34.6411617,0 -114.8618901,34.6412848,0 -114.861793,34.641431,0 -114.8617722,34.6417322,0 -114.8613411,34.642519,0 -114.8607742,34.6433673,0 -114.8598115,34.6446433,0 -114.8587442,34.6459083,0 -114.8585879,34.6462711,0 -114.8573936,34.6470391,0 -114.856679,34.6476916,0 -114.8563094,34.6482746,0 -114.8562763,34.6484588,0 -114.855786,34.648944,0 -114.8554192,34.6497,0 -114.855261,34.6501746,0 -114.8553243,34.650642,0 -114.8553082,34.6511923,0 -114.8554412,34.6516692,0 -114.8553395,34.6518671,0 -114.8552521,34.6523736,0 -114.8550987,34.6526534,0 -114.8546447,34.6530228,0 -114.8527722,34.6529906,0 -114.8525891,34.6529275,0 -114.8525487,34.6529517,0 -114.8523559,34.6532785,0 -114.8522841,34.6535213,0 -114.8523219,34.6537377,0 -114.8522951,34.654357,0 -114.8521642,34.6545215,0 -114.8520458,34.6549604,0 -114.8519307,34.6551703,0 -114.8518105,34.6552656,0 -114.8508671,34.6555475,0 -114.8508719,34.6556504,0 -114.8509897,34.6557955,0 -114.8511162,34.6561351,0 -114.8510508,34.6565151,0 -114.8510793,34.6568349,0 -114.8508621,34.6572312,0 -114.8500486,34.6579211,0 -114.8498586,34.6580073,0 -114.849904,34.6595864,0 -114.8498133,34.6600244,0 -114.8493915,34.6607936,0 -114.849259,34.6609239,0 -114.8493068,34.6613575,0 -114.8492015,34.6614753,0 -114.8484647,34.6617276,0 -114.8477607,34.6621419,0 -114.8478029,34.6624071,0 -114.8482238,34.6634131,0 -114.8482089,34.6636885,0 -114.8475955,34.663914,0 -114.8474082,34.6640574,0 -114.8472648,34.6642566,0 -114.8471737,34.6649809,0 -114.8470597,34.6652135,0 -114.8466374,34.6656736,0 -114.8461839,34.6657567,0 -114.8458979,34.6658687,0 -114.8454392,34.666141,0 -114.8450021,34.6662808,0 -114.8449563,34.6664883,0 -114.8452494,34.6671319,0 -114.8453852,34.6676659,0 -114.8452983,34.6678863,0 -114.8451284,34.6681092,0 -114.8448968,34.6681967,0 -114.8448184,34.6683023,0 -114.8452363,34.668644,0 -114.8452699,34.668769,0 -114.8450754,34.6690614,0 -114.8449013,34.669193,0 -114.8446265,34.6692474,0 -114.8442543,34.669889,0 -114.8439259,34.6701342,0 -114.8436703,34.6706003,0 -114.8435764,34.6709698,0 -114.84357,34.6712296,0 -114.8436963,34.6715616,0 -114.8439644,34.6717669,0 -114.8440688,34.6720232,0 -114.8439517,34.6722866,0 -114.8436634,34.6724483,0 -114.8432933,34.6728417,0 -114.843108,34.6736264,0 -114.8429481,34.6737689,0 -114.8423731,34.674123,0 -114.8420102,34.6742719,0 -114.8415524,34.6743627,0 -114.8411263,34.6743455,0 -114.8407402,34.6743883,0 -114.8406338,34.6744832,0 -114.8406394,34.6746052,0 -114.841386,34.675162,0 -114.8414698,34.6753731,0 -114.8414174,34.6758416,0 -114.8413489,34.6759572,0 -114.841341,34.6761865,0 -114.8412411,34.6764263,0 -114.8412,34.676733,0 -114.8412749,34.6771583,0 -114.8416559,34.6778028,0 -114.8415793,34.6781412,0 -114.8412839,34.6785476,0 -114.8412624,34.6788842,0 -114.8410991,34.6789504,0 -114.8406021,34.6789966,0 -114.8404395,34.679078,0 -114.8402946,34.6795408,0 -114.8399026,34.6798585,0 -114.8397356,34.6802456,0 -114.8396176,34.6808907,0 -114.8392834,34.6820617,0 -114.8388382,34.682824,0 -114.838571,34.6834432,0 -114.8384137,34.6844408,0 -114.8383435,34.6845194,0 -114.8377931,34.684613,0 -114.8376342,34.6847708,0 -114.8376078,34.6850007,0 -114.8374351,34.6852657,0 -114.83685,34.6852881,0 -114.8347936,34.6863016,0 -114.8344062,34.6863429,0 -114.8335024,34.6866549,0 -114.8333239,34.6868491,0 -114.8333615,34.6875243,0 -114.8333278,34.6883957,0 -114.8332646,34.6886269,0 -114.8327473,34.6894372,0 -114.8326172,34.689823,0 -114.8322001,34.6904012,0 -114.8317726,34.6907505,0 -114.831046,34.691033,0 -114.8306326,34.6916875,0 -114.8311622,34.6919456,0 -114.8316615,34.6923498,0 -114.8319455,34.6924936,0 -114.8321017,34.692672,0 -114.8327285,34.6930338,0 -114.8329023,34.6931964,0 -114.8330994,34.6938621,0 -114.8333728,34.6941742,0 -114.8335332,34.694444,0 -114.8341088,34.6948993,0 -114.8343664,34.695273,0 -114.8330327,34.6956203,0 -114.832709,34.6958136,0 -114.8326605,34.6959679,0 -114.8318819,34.6967255,0 -114.8317136,34.6970819,0 -114.831364,34.6975206,0 -114.8312732,34.6975539,0 -114.8311539,34.6973745,0 -114.8306086,34.6971779,0 -114.8298474,34.6971103,0 -114.8293242,34.6969893,0 -114.8285002,34.6971602,0 -114.8283587,34.6973021,0 -114.8281541,34.697675,0 -114.82785,34.6978984,0 -114.8275699,34.69864,0 -114.8275535,34.6990835,0 -114.8262768,34.6995627,0 -114.8259028,34.6997768,0 -114.8253601,34.6999803,0 -114.8239967,34.7001421,0 -114.8236019,34.7003989,0 -114.8233909,34.7006345,0 -114.8233174,34.7010491,0 -114.8231036,34.7012238,0 -114.8228493,34.7013235,0 -114.8229011,34.7016425,0 -114.8230918,34.702171,0 -114.8227085,34.7028803,0 -114.8227166,34.7035927,0 -114.8226568,34.7039001,0 -114.821749,34.7055981,0 -114.8211787,34.7062377,0 -114.8201337,34.7069315,0 -114.8195549,34.7072144,0 -114.8187746,34.7074017,0 -114.8181325,34.7079105,0 -114.8181948,34.7081936,0 -114.8181823,34.7084588,0 -114.8176839,34.7088815,0 -114.8169149,34.7093129,0 -114.8163003,34.7093525,0 -114.8156801,34.7092702,0 -114.8146065,34.7089781,0 -114.8138434,34.709002,0 -114.8137141,34.7094132,0 -114.8135284,34.7096635,0 -114.8131646,34.7099876,0 -114.8130477,34.7100156,0 -114.8126203,34.7104429,0 -114.8126853,34.7107514,0 -114.8128373,34.7110647,0 -114.8131968,34.7115674,0 -114.8134418,34.7120688,0 -114.813501,34.7129971,0 -114.8134723,34.713269,0 -114.813279,34.7133565,0 -114.8127157,34.7134353,0 -114.8118875,34.7141942,0 -114.8101359,34.7152467,0 -114.809015,34.7160758,0 -114.8084275,34.716705,0 -114.808153,34.7171717,0 -114.8080988,34.7176005,0 -114.8081723,34.7181281,0 -114.8081018,34.7187411,0 -114.8081441,34.7191267,0 -114.8080964,34.7196983,0 -114.8075876,34.7198974,0 -114.8066803,34.7200073,0 -114.8061926,34.7201243,0 -114.8058688,34.720053,0 -114.8050664,34.7203021,0 -114.8050177,34.7213929,0 -114.8048204,34.7219284,0 -114.8044944,34.7223458,0 -114.8035837,34.7229242,0 -114.8024484,34.7239776,0 -114.802074,34.7244169,0 -114.8019969,34.7248876,0 -114.801846,34.7253606,0 -114.8012889,34.7260307,0 -114.8010618,34.7265457,0 -114.8008502,34.7273055,0 -114.8007948,34.7277146,0 -114.8007852,34.7280406,0 -114.8009306,34.7285246,0 -114.8007969,34.7288343,0 -114.8003133,34.7295825,0 -114.7996899,34.730179,0 -114.7998801,34.7303767,0 -114.8003805,34.7311081,0 -114.800655,34.7313048,0 -114.8008487,34.7319151,0 -114.8012489,34.7326833,0 -114.8017304,34.7330518,0 -114.8022368,34.7332412,0 -114.80267,34.7332826,0 -114.8039759,34.7335431,0 -114.8043238,34.7335322,0 -114.8054268,34.733347,0 -114.8056261,34.7333545,0 -114.8056117,34.7334996,0 -114.8054028,34.7339092,0 -114.8053993,34.7341969,0 -114.8064752,34.7357119,0 -114.806073,34.7363032,0 -114.8057563,34.7364807,0 -114.8056813,34.7366172,0 -114.8059747,34.737698,0 -114.8059514,34.7380759,0 -114.8060366,34.7390457,0 -114.8062367,34.7394251,0 -114.8064954,34.7397523,0 -114.8065935,34.740118,0 -114.8066032,34.7407717,0 -114.8069319,34.7417339,0 -114.8072013,34.7436201,0 -114.807123,34.7441256,0 -114.807164,34.7445769,0 -114.8075006,34.7452706,0 -114.8076856,34.7462037,0 -114.8076622,34.7474621,0 -114.80757,34.7476661,0 -114.8075376,34.7482875,0 -114.807637,34.7491227,0 -114.8079448,34.7496328,0 -114.8080194,34.7499323,0 -114.8083148,34.7506105,0 -114.8082585,34.7507129,0 -114.8078855,34.7509927,0 -114.8066207,34.7513175,0 -114.806317,34.7513437,0 -114.805476,34.7516047,0 -114.8050293,34.7520547,0 -114.8046625,34.7529984,0 -114.8047927,34.7536799,0 -114.8046656,34.7539289,0 -114.804731,34.7540574,0 -114.8051167,34.7542739,0 -114.8055275,34.7546038,0 -114.8059812,34.7554386,0 -114.8059939,34.7557157,0 -114.80662,34.7568552,0 -114.8073444,34.7575509,0 -114.8076694,34.7577367,0 -114.8077149,34.7578659,0 -114.8068963,34.7585609,0 -114.806978,34.7590482,0 -114.8065366,34.7602048,0 -114.8042512,34.7638516,0 -114.8036828,34.7644001,0 -114.803662,34.7648088,0 -114.8038059,34.7653594,0 -114.8040976,34.7656767,0 -114.8055392,34.7664807,0 -114.8058467,34.766716,0 -114.8072097,34.7668827,0 -114.8079114,34.7672309,0 -114.8083348,34.7672612,0 -114.8093814,34.767076,0 -114.8099144,34.7671899,0 -114.8106496,34.7676892,0 -114.8127005,34.7686916,0 -114.8130376,34.7691381,0 -114.8131407,34.7696574,0 -114.81407,34.7709343,0 -114.8143878,34.7715338,0 -114.8144673,34.772685,0 -114.8147848,34.7738504,0 -114.8156078,34.775109,0 -114.8163042,34.7764803,0 -114.8170436,34.7770666,0 -114.8171174,34.7775213,0 -114.8166564,34.7783957,0 -114.8163107,34.7789072,0 -114.816127,34.7795007,0 -114.8161124,34.7803284,0 -114.8165016,34.7819051,0 -114.8165107,34.7821008,0 -114.8150172,34.7817559,0 -114.8147842,34.7818503,0 -114.8138895,34.7819001,0 -114.8129802,34.7820649,0 -114.8127396,34.782006,0 -114.8115579,34.7824185,0 -114.8113212,34.7826092,0 -114.8109394,34.7831457,0 -114.810811,34.7832403,0 -114.8107806,34.7833902,0 -114.8109778,34.7834489,0 -114.8114065,34.7834378,0 -114.8120307,34.7837585,0 -114.812641,34.7839351,0 -114.8128294,34.784071,0 -114.8135451,34.7848914,0 -114.8140037,34.7856202,0 -114.8144538,34.7859482,0 -114.8155658,34.786147,0 -114.8160317,34.7861575,0 -114.8166956,34.7862953,0 -114.8175548,34.7872266,0 -114.8177967,34.7881864,0 -114.8184028,34.7886916,0 -114.8184113,34.7891718,0 -114.8185529,34.7894443,0 -114.8192541,34.7901261,0 -114.8197109,34.7904355,0 -114.8200638,34.7908461,0 -114.8199936,34.791553,0 -114.8201688,34.7918648,0 -114.8198357,34.7921982,0 -114.820284,34.7925843,0 -114.8203348,34.7928353,0 -114.8202831,34.7935435,0 -114.8198711,34.7941034,0 -114.8197233,34.7952923,0 -114.8193585,34.7958801,0 -114.8193419,34.7961309,0 -114.8190985,34.796422,0 -114.8190208,34.7966701,0 -114.8190268,34.7968885,0 -114.8193217,34.7973549,0 -114.8195564,34.7974996,0 -114.8206399,34.7980517,0 -114.8216317,34.7984486,0 -114.8218644,34.7986269,0 -114.821781,34.7998816,0 -114.821606,34.8007972,0 -114.8214072,34.8009996,0 -114.8209071,34.8011133,0 -114.8205883,34.8012953,0 -114.8209936,34.8016993,0 -114.8211636,34.8021599,0 -114.8214797,34.8025669,0 -114.8219682,34.8028457,0 -114.8230447,34.8036213,0 -114.8234224,34.8040754,0 -114.8235606,34.8044877,0 -114.8236861,34.8046311,0 -114.8239247,34.8046479,0 -114.8241964,34.8047376,0 -114.8246291,34.8050919,0 -114.8248287,34.8055515,0 -114.8251415,34.805885,0 -114.8254988,34.8058983,0 -114.8262776,34.8060209,0 -114.8266771,34.8063026,0 -114.8269715,34.8068819,0 -114.8269577,34.8072257,0 -114.8268285,34.8076465,0 -114.8268739,34.8086262,0 -114.826296,34.8089878,0 -114.8260972,34.8091902,0 -114.8263413,34.8099672,0 -114.8269784,34.8102413,0 -114.8278188,34.8104111,0 -114.8285761,34.8100685,0 -114.829428,34.8098454,0 -114.8300846,34.8098983,0 -114.8305961,34.8100294,0 -114.8318464,34.8100636,0 -114.8330637,34.8100252,0 -114.8339158,34.8098021,0 -114.8350181,34.8096867,0 -114.83656,34.8098237,0 -114.837542,34.8100689,0 -114.8382502,34.8103529,0 -114.8389151,34.8102886,0 -114.839115,34.8103394,0 -114.8394201,34.8101438,0 -114.8397026,34.8097568,0 -114.8408488,34.8096354,0 -114.8412447,34.8096397,0 -114.841419,34.8094485,0 -114.8415966,34.8093402,0 -114.8421499,34.8092515,0 -114.8425903,34.8092979,0 -114.8436557,34.80957,0 -114.8438966,34.8095862,0 -114.8443953,34.8094531,0 -114.8448669,34.8093848,0 -114.8452913,34.8095967,0 -114.8464671,34.8109941,0 -114.8484259,34.8123597,0 -114.8487009,34.8131601,0 -114.8489203,34.8140362,0 -114.8492753,34.8146381,0 -114.8497676,34.8149904,0 -114.8505989,34.814964,0 -114.8515448,34.8154736,0 -114.8540457,34.8171768,0 -114.8551581,34.8178241,0 -114.8554428,34.8181389,0 -114.855608,34.8184146,0 -114.8568406,34.819493,0 -114.8571429,34.8200146,0 -114.8574045,34.8210499,0 -114.8577369,34.8215724,0 -114.8586719,34.822136,0 -114.8588853,34.8224341,0 -114.8591136,34.8225827,0 -114.8598852,34.8225514,0 -114.8603486,34.8231833,0 -114.8602052,34.8236073,0 -114.8602695,34.8237785,0 -114.860357,34.8249353,0 -114.8602071,34.8254258,0 -114.8603135,34.8257832,0 -114.8605471,34.8262826,0 -114.8607141,34.8272531,0 -114.8611777,34.828085,0 -114.8613044,34.828444,0 -114.861336,34.8293466,0 -114.8610351,34.8295268,0 -114.8606576,34.8300686,0 -114.8606534,34.8305187,0 -114.8605143,34.8313736,0 -114.8601086,34.8320293,0 -114.8596411,34.832569,0 -114.8590375,34.8329454,0 -114.8586774,34.8329043,0 -114.8586681,34.8334042,0 -114.8584776,34.8342166,0 -114.8580732,34.8347155,0 -114.8578747,34.8348802,0 -114.857797,34.835129,0 -114.8579455,34.835591,0 -114.8579226,34.835823,0 -114.8581546,34.8361388,0 -114.8583782,34.8367378,0 -114.8587833,34.8367316,0 -114.8594688,34.8369615,0 -114.8613582,34.8370888,0 -114.8636997,34.8373465,0 -114.8646734,34.8377289,0 -114.8655945,34.8378243,0 -114.8658608,34.8377923,0 -114.866038,34.8376374,0 -114.8668908,34.8378115,0 -114.8675544,34.8378562,0 -114.8682043,34.8380335,0 -114.8684428,34.838283,0 -114.8687091,34.8384509,0 -114.8692724,34.8386893,0 -114.8712691,34.8388874,0 -114.8721318,34.8391677,0 -114.8724869,34.8391251,0 -114.8729714,34.8391355,0 -114.873498,34.8389928,0 -114.8743506,34.8385321,0 -114.8755551,34.8391978,0 -114.8759287,34.8393392,0 -114.8764268,34.8396569,0 -114.8768518,34.839997,0 -114.8772117,34.8401769,0 -114.8776878,34.8402755,0 -114.8782287,34.8405343,0 -114.8787885,34.8408682,0 -114.8791621,34.8412646,0 -114.8795307,34.8414777,0 -114.8796299,34.8416022,0 -114.8796245,34.8416859,0 -114.8794193,34.84186,0 -114.8792451,34.8423222,0 -114.8790732,34.8425427,0 -114.8782456,34.8433226,0 -114.8781109,34.8435455,0 -114.8780881,34.843776,0 -114.8781995,34.8443558,0 -114.8782777,34.844516,0 -114.878241,34.8448848,0 -114.8778287,34.8452593,0 -114.8776971,34.8454517,0 -114.8779186,34.8462478,0 -114.8781341,34.8467264,0 -114.8781158,34.8469108,0 -114.8778716,34.8474822,0 -114.8779763,34.8475041,0 -114.878206,34.8477059,0 -114.8783087,34.8479338,0 -114.8783191,34.8482705,0 -114.878582,34.8492164,0 -114.8787629,34.8494761,0 -114.8784729,34.8497504,0 -114.8776177,34.8503064,0 -114.8776547,34.8506237,0 -114.877591,34.8509024,0 -114.877429,34.8511965,0 -114.8772169,34.8514451,0 -114.8765251,34.8519867,0 -114.8761698,34.8521637,0 -114.8769004,34.8523677,0 -114.8776485,34.8526731,0 -114.8782118,34.852978,0 -114.8786825,34.8533229,0 -114.8791563,34.8532774,0 -114.8797905,34.8528394,0 -114.8803891,34.8527908,0 -114.8813783,34.8528794,0 -114.8815294,34.8535347,0 -114.8822392,34.8538147,0 -114.8823535,34.8540002,0 -114.8823686,34.8541578,0 -114.8828526,34.8547235,0 -114.8831544,34.8549671,0 -114.8833811,34.8549981,0 -114.8836364,34.8551151,0 -114.8839547,34.8554771,0 -114.8852482,34.8565871,0 -114.8857795,34.8574903,0 -114.8860275,34.8585302,0 -114.8856902,34.8594862,0 -114.8849955,34.8605072,0 -114.8845343,34.8610767,0 -114.8837986,34.8616946,0 -114.8835513,34.8620116,0 -114.8834824,34.8621627,0 -114.8834343,34.8626488,0 -114.8834866,34.8629414,0 -114.8832478,34.8637533,0 -114.8835037,34.8638381,0 -114.8838473,34.8638012,0 -114.8843219,34.8636731,0 -114.8847781,34.8637237,0 -114.8861725,34.8634091,0 -114.8864496,34.863254,0 -114.8873513,34.8634615,0 -114.887873,34.8634532,0 -114.8882602,34.8633658,0 -114.8900037,34.8634565,0 -114.8908381,34.8633697,0 -114.8912034,34.8631139,0 -114.8916204,34.8632148,0 -114.891934,34.8633433,0 -114.8925243,34.8637632,0 -114.8930192,34.8639166,0 -114.8932671,34.8641135,0 -114.8936916,34.8642421,0 -114.8941263,34.8642712,0 -114.8946251,34.8643849,0 -114.8950301,34.8647124,0 -114.8954271,34.8651196,0 -114.8963368,34.8654574,0 -114.8972422,34.8653654,0 -114.8980897,34.8651919,0 -114.8994824,34.8652536,0 -114.8996388,34.8651902,0 -114.9000701,34.8651309,0 -114.9005055,34.8651581,0 -114.900954,34.8654204,0 -114.9020714,34.8654777,0 -114.9027952,34.8654551,0 -114.9034243,34.8652796,0 -114.9039818,34.8650383,0 -114.9041357,34.8649174,0 -114.9043943,34.864848,0 -114.9046408,34.8648407,0 -114.9054065,34.8650468,0 -114.9057949,34.8650639,0 -114.9067442,34.8649339,0 -114.9073365,34.8650303,0 -114.9075934,34.8653154,0 -114.9085476,34.8652561,0 -114.9089315,34.8653435,0 -114.9092063,34.8653557,0 -114.9109575,34.8647292,0 -114.9115319,34.8640817,0 -114.9120219,34.8638533,0 -114.9126398,34.8638493,0 -114.9135014,34.864044,0 -114.9142822,34.8644538,0 -114.9149367,34.8646157,0 -114.9158279,34.8650852,0 -114.9161342,34.8654898,0 -114.9164669,34.8657781,0 -114.9168093,34.8659184,0 -114.9171443,34.8660271,0 -114.9176052,34.8661022,0 -114.9180505,34.8661219,0 -114.9184161,34.8660237,0 -114.9186933,34.8660251,0 -114.9191255,34.8662475,0 -114.9203549,34.8670683,0 -114.9209838,34.8673306,0 -114.9216268,34.8676717,0 -114.922634,34.8679665,0 -114.9237308,34.8685262,0 -114.925702,34.8700221,0 -114.9263672,34.8708364,0 -114.9292291,34.8737479,0 -114.9322734,34.8769641,0 -114.9333702,34.8779989,0 -114.9346565,34.8786132,0 -114.9377342,34.8796587,0 -114.9383611,34.8798115,0 -114.9399806,34.8804848,0 -114.9407803,34.8809032,0 -114.9415229,34.8814677,0 -114.9420259,34.8819198,0 -114.9438736,34.8830333,0 -114.9445674,34.8833978,0 -114.9449409,34.8837391,0 -114.9452964,34.8839365,0 -114.9459322,34.8841244,0 -114.9464137,34.8843687,0 -114.9470123,34.8848972,0 -114.9488403,34.8866887,0 -114.9497841,34.8874741,0 -114.9506564,34.8879423,0 -114.9519955,34.8883792,0 -114.9566727,34.8904221,0 -114.9587304,34.8921944,0 -114.9627721,34.8960678,0 -114.965613,34.8984955,0 -114.9680059,34.8994531,0 -114.9695808,34.8999541,0 -114.9717129,34.900713,0 -114.9739918,34.9013145,0 -114.9759432,34.9021583,0 -114.9767574,34.902358,0 -114.9775854,34.902785,0 -114.9791096,34.90318,0 -114.9802467,34.9032373,0 -114.9820401,34.9038787,0 -114.9823953,34.9041209,0 -114.9835064,34.905319,0 -114.9844223,34.9060079,0 -114.9852979,34.9064371,0 -114.9861834,34.9067101,0 -114.9874378,34.907015,0 -114.9880321,34.9072363,0 -114.9887745,34.9073703,0 -114.9917437,34.9082111,0 -114.9955425,34.9094553,0 -114.9959034,34.9096118,0 -114.9967884,34.91019,0 -114.9980603,34.9111132,0 -114.9994581,34.9119695,0 -115.0012104,34.9127425,0 -115.0033378,34.9137689,0 -115.00468,34.9148213,0 -115.0062017,34.915288,0 -115.0068863,34.9156445,0 -115.0087197,34.9173844,0 -115.0092408,34.9176894,0 -115.0107322,34.918076,0 -115.0120206,34.9185451,0 -115.0142885,34.9188112,0 -115.0146873,34.9189686,0 -115.0151615,34.9192562,0 -115.0156634,34.9196375,0 -115.0163664,34.9198986,0 -115.0181779,34.9211842,0 -115.018506,34.921306,0 -115.0205836,34.9209718,0 -115.0218625,34.920304,0 -115.0226216,34.9202978,0 -115.0247471,34.9204737,0 -115.0266125,34.9205065,0 -115.034089,34.9209404,0 -115.034961,34.9208925,0 -115.0362741,34.9209246,0 -115.0371011,34.9208971,0 -115.0375926,34.9205965,0 -115.037768,34.9204201,0 -115.0379342,34.9200544,0 -115.0379212,34.9197895,0 -115.0375761,34.9188534,0 -115.0377871,34.9179935,0 -115.0379188,34.9169278,0 -115.0379165,34.9159424,0 -115.0378174,34.9143916,0 -115.03783,34.9137089,0 -115.038039,34.9128112,0 -115.0381205,34.9121262,0 -115.0380082,34.9117129,0 -115.0377984,34.9111893,0 -115.0372395,34.9105824,0 -115.0366428,34.9096736,0 -115.0362319,34.9092703,0 -115.035595,34.9089504,0 -115.0349976,34.9084964,0 -115.0333717,34.9075342,0 -115.0332365,34.9072402,0 -115.0331295,34.9068173,0 -115.0331732,34.9059488,0 -115.0331254,34.9053249,0 -115.0335364,34.9047765,0 -115.0335642,34.9045517,0 -115.0344289,34.9037127,0 -115.034621,34.9034078,0 -115.034759,34.9033179,0 -115.0348823,34.9029301,0 -115.0353929,34.9029246,0 -115.0358395,34.9027694,0 -115.0362734,34.9027435,0 -115.0369728,34.9028031,0 -115.0374777,34.9029869,0 -115.0377491,34.9030116,0 -115.038181,34.9031767,0 -115.0390682,34.9030984,0 -115.0394091,34.9030048,0 -115.0395547,34.9030418,0 -115.0397692,34.9032267,0 -115.040089,34.9033503,0 -115.04035,34.9035657,0 -115.0406314,34.9036596,0 -115.0409969,34.9035945,0 -115.0416403,34.903634,0 -115.0421223,34.9039424,0 -115.0431664,34.9042983,0 -115.0436335,34.9045273,0 -115.0440493,34.9049443,0 -115.0454433,34.9054507,0 -115.0455613,34.9055874,0 -115.04571,34.9059443,0 -115.0458264,34.9064233,0 -115.0460537,34.9066893,0 -115.0463308,34.9069127,0 -115.0465244,34.9072261,0 -115.046853,34.9072615,0 -115.0472858,34.907502,0 -115.0475201,34.907654,0 -115.0476161,34.9077766,0 -115.047892,34.9079246,0 -115.0482014,34.907986,0 -115.0483681,34.9080653,0 -115.0485547,34.9081937,0 -115.0487016,34.9083881,0 -115.0488511,34.9084731,0 -115.0493164,34.9085515,0 -115.0494506,34.9086219,0 -115.04983,34.908647,0 -115.0503177,34.9083265,0 -115.050749,34.9082768,0 -115.0516881,34.9083581,0 -115.0519075,34.9082945,0 -115.0521917,34.9082937,0 -115.052604,34.9084379,0 -115.053087,34.9088286,0 -115.0533816,34.9094527,0 -115.0539879,34.9100389,0 -115.0542987,34.9102544,0 -115.0550411,34.9106544,0 -115.0554959,34.9110938,0 -115.0558104,34.9127337,0 -115.0559504,34.9144979,0 -115.0568443,34.9162483,0 -115.0582868,34.917979,0 -115.059724,34.9200232,0 -115.0616768,34.9234374,0 -115.0628138,34.9247314,0 -115.0635057,34.9259563,0 -115.0643688,34.927091,0 -115.0647481,34.9274496,0 -115.0661036,34.9283738,0 -115.0677345,34.9303903,0 -115.0681685,34.9311635,0 -115.0684465,34.9322388,0 -115.068849,34.9343563,0 -115.0693073,34.9377021,0 -115.0699902,34.9403991,0 -115.0709308,34.942906,0 -115.0713185,34.9436361,0 -115.0720173,34.9455609,0 -115.0720396,34.9459587,0 -115.0723037,34.9471197,0 -115.0731921,34.9487038,0 -115.0733769,34.9492133,0 -115.0734827,34.950209,0 -115.0735024,34.9528372,0 -115.0738142,34.9567848,0 -115.0737171,34.9571769,0 -115.0736494,34.9601468,0 -115.0734615,34.9607561,0 -115.0734337,34.9613955,0 -115.0737178,34.9640026,0 -115.0736264,34.965471,0 -115.0740477,34.9668172,0 -115.0744917,34.9688595,0 -115.0746662,34.9692802,0 -115.0763762,34.9719979,0 -115.0773091,34.9731476,0 -115.0794246,34.9762721,0 -115.0800119,34.9772622,0 -115.0802237,34.9779358,0 -115.0805444,34.9797336,0 -115.0816742,34.9817046,0 -115.0822024,34.9832734,0 -115.082558,34.984135,0 -115.0833577,34.9850709,0 -115.0845821,34.987047,0 -115.0849744,34.9875088,0 -115.0856601,34.9881127,0 -115.086195,34.9888096,0 -115.0863489,34.9894307,0 -115.0866647,34.9901577,0 -115.0872985,34.990819,0 -115.0877233,34.9913524,0 -115.0877227,34.9921256,0 -115.0877879,34.9926239,0 -115.0880035,34.9930295,0 -115.088123,34.993431,0 -115.0888468,34.9941953,0 -115.0898171,34.9963345,0 -115.0908559,34.9975317,0 -115.0918408,34.9983665,0 -115.0929991,34.9991295,0 -115.0962978,35.0011529,0 -115.0972239,35.0013905,0 -115.0981155,35.0014086,0 -115.098881,35.0015125,0 -115.1014311,35.0031668,0 -115.1037606,35.0044947,0 -115.1043995,35.0050769,0 -115.1053369,35.0062862,0 -115.106715,35.0073953,0 -115.1074097,35.0078608,0 -115.1080172,35.0085606,0 -115.1086788,35.0099364,0 -115.1089893,35.011139,0 -115.1094191,35.0115933,0 -115.1097757,35.0120643,0 -115.1105016,35.0131852,0 -115.111337,35.0137162,0 -115.1122347,35.0144084,0 -115.1133113,35.0153261,0 -115.1147108,35.016099,0 -115.1164477,35.0172628,0 -115.1170911,35.0181622,0 -115.1179462,35.0191498,0 -115.118515,35.0200857,0 -115.1190915,35.0216681,0 -115.1198467,35.0227109,0 -115.1217335,35.0249513,0 -115.1221894,35.0257634,0 -115.1228898,35.0265264,0 -115.1235453,35.0268514,0 -115.1242588,35.0270203,0 -115.1249532,35.0271092,0 -115.125555,35.0271345,0 -115.1267179,35.0270649,0 -115.1277772,35.0271095,0 -115.1287518,35.0273489,0 -115.1298349,35.0281677,0 -115.1301768,35.0288758,0 -115.1321381,35.0307028,0 -115.133396,35.0322029,0 -115.1341292,35.0328285,0 -115.1345504,35.0330445,0 -115.1351473,35.033149,0 -115.1354972,35.033342,0 -115.1361811,35.0339853,0 -115.1365645,35.0344177,0 -115.1376897,35.0353374,0 -115.1382571,35.0359163,0 -115.138867,35.0361997,0 -115.1417437,35.037292,0 -115.1435075,35.0380402,0 -115.1440692,35.0383215,0 -115.1443168,35.0386094,0 -115.1444292,35.0395008,0 -115.1445534,35.0413943,0 -115.14447,35.0423422,0 -115.1445924,35.0427041,0 -115.1450343,35.043357,0 -115.1452466,35.0438218,0 -115.1462983,35.0451543,0 -115.1470605,35.0467409,0 -115.1474153,35.0477583,0 -115.1480884,35.0485794,0 -115.1498862,35.0492277,0 -115.1507953,35.0493077,0 -115.1529167,35.0493572,0 -115.1540787,35.0493068,0 -115.1543487,35.0491812,0 -115.1551393,35.0490381,0 -115.1560003,35.0490035,0 -115.1578921,35.0493282,0 -115.1585882,35.0496387,0 -115.1598595,35.0503025,0 -115.1605098,35.0511029,0 -115.1608562,35.0520268,0 -115.1607144,35.0542893,0 -115.160548,35.0548386,0 -115.1600852,35.0552078,0 -115.1595769,35.0554912,0 -115.1588924,35.0557525,0 -115.157148,35.0562341,0 -115.1569113,35.0561848,0 -115.1556475,35.0554223,0 -115.1548409,35.0552851,0 -115.1545494,35.0553125,0 -115.1542241,35.0554971,0 -115.1539501,35.05576,0 -115.1536958,35.056228,0 -115.1531042,35.0570743,0 -115.1511449,35.0580986,0 -115.1507361,35.058237,0 -115.1498718,35.0582525,0 -115.1497209,35.05841,0 -115.149954,35.058619,0 -115.1504518,35.0587437,0 -115.1508334,35.0590426,0 -115.1513511,35.059179,0 -115.1516309,35.0594356,0 -115.1517639,35.0599916,0 -115.1517564,35.0607865,0 -115.1523853,35.0617887,0 -115.1525488,35.0629409,0 -115.1525133,35.064184,0 -115.1507982,35.0664779,0 -115.15076,35.0666343,0 -115.1504918,35.0668824,0 -115.1495308,35.0674297,0 -115.1489243,35.0676981,0 -115.1484844,35.068101,0 -115.1483562,35.0683657,0 -115.1483802,35.0691835,0 -115.1483137,35.0693839,0 -115.1481371,35.0695148,0 -115.1476819,35.0697203,0 -115.1473235,35.0697226,0 -115.1462361,35.0699361,0 -115.1452844,35.0699998,0 -115.1431626,35.0699106,0 -115.1421634,35.0700587,0 -115.1417525,35.0702316,0 -115.1374127,35.07361,0 -115.1367787,35.0739809,0 -115.1364221,35.0742943,0 -115.135588,35.0761781,0 -115.1352562,35.0774433,0 -115.1351449,35.0776751,0 -115.1329745,35.0792314,0 -115.1311263,35.0811588,0 -115.1304573,35.0817529,0 -115.1286769,35.0831033,0 -115.1278449,35.0834846,0 -115.1239102,35.0838499,0 -115.1216353,35.0838879,0 -115.1197094,35.0842288,0 -115.1178522,35.0838583,0 -115.1166462,35.082628,0 -115.1158637,35.08211,0 -115.1154029,35.0813951,0 -115.1149012,35.0807604,0 -115.1132494,35.0802125,0 -115.1111456,35.0799024,0 -115.1103222,35.0796761,0 -115.1093621,35.0790411,0 -115.107786,35.0784588,0 -115.1067696,35.078239,0 -115.1059926,35.07817,0 -115.1055183,35.0779635,0 -115.1049908,35.0774727,0 -115.103849,35.0770664,0 -115.1032643,35.076454,0 -115.1027557,35.0770959,0 -115.101986,35.0778463,0 -115.1025485,35.0780336,0 -115.102904,35.0782061,0 -115.1035663,35.078385,0 -115.1045687,35.0788375,0 -115.1049717,35.0791428,0 -115.1055149,35.0793927,0 -115.1059709,35.0795283,0 -115.1062642,35.0800889,0 -115.1063396,35.0803714,0 -115.1071976,35.0811982,0 -115.1073551,35.0818974,0 -115.1075104,35.0821438,0 -115.1078593,35.0821823,0 -115.1083075,35.0821671,0 -115.1089647,35.0822455,0 -115.1098999,35.0829855,0 -115.110209,35.083301,0 -115.110647,35.0838891,0 -115.1110531,35.084131,0 -115.1112912,35.0843658,0 -115.1120842,35.0846728,0 -115.1134492,35.0848894,0 -115.1142944,35.0851844,0 -115.1153346,35.0857297,0 -115.116362,35.0858078,0 -115.1167645,35.0857728,0 -115.1176856,35.0858636,0 -115.1182611,35.0860955,0 -115.1196486,35.086811,0 -115.1205591,35.0870744,0 -115.1220455,35.0872235,0 -115.1240126,35.0870992,0 -115.1251533,35.0873894,0 -115.1257365,35.0878289,0 -115.126243,35.0884898,0 -115.1290489,35.0911149,0 -115.1324792,35.0931956,0 -115.1335663,35.0940021,0 -115.1352545,35.0949721,0 -115.1368504,35.0957307,0 -115.1388694,35.096127,0 -115.1408029,35.0962084,0 -115.1431833,35.0958764,0 -115.1449706,35.0959343,0 -115.1462158,35.0959002,0 -115.1477714,35.0956197,0 -115.148867,35.0952855,0 -115.149526,35.0951922,0 -115.1507883,35.0948821,0 -115.1523277,35.0948603,0 -115.1543149,35.0947536,0 -115.1550234,35.0945414,0 -115.1570105,35.0937604,0 -115.1583816,35.0930572,0 -115.1591552,35.0928131,0 -115.159332,35.0926823,0 -115.1603378,35.0924305,0 -115.1607624,35.0923792,0 -115.1610415,35.0922706,0 -115.1616847,35.0927802,0 -115.161716,35.0927537,0 -115.1622239,35.093081,0 -115.1626113,35.0935179,0 -115.1631313,35.0945077,0 -115.163357,35.0948429,0 -115.1651465,35.0961749,0 -115.1657053,35.0963915,0 -115.1662739,35.0968007,0 -115.1661557,35.0970406,0 -115.165059,35.0980431,0 -115.1650016,35.0984524,0 -115.1650429,35.0987511,0 -115.1651646,35.09909,0 -115.166031,35.1012469,0 -115.1666479,35.1036269,0 -115.1674722,35.1059782,0 -115.1682104,35.1071533,0 -115.1704087,35.1098432,0 -115.1733421,35.1131294,0 -115.175864,35.1155079,0 -115.1783433,35.1170517,0 -115.1811115,35.1186283,0 -115.1832774,35.1201613,0 -115.1856811,35.1217504,0 -115.1885093,35.1234748,0 -115.1944779,35.1274057,0 -115.1972239,35.129047,0 -115.1993673,35.1301303,0 -115.2010741,35.1308428,0 -115.2021652,35.1312551,0 -115.2033778,35.1314917,0 -115.2050076,35.1322283,0 -115.2085969,35.134526,0 -115.2092342,35.1347397,0 -115.211638,35.1352992,0 -115.2140234,35.1360093,0 -115.2149484,35.1362344,0 -115.2165823,35.1365419,0 -115.2172718,35.1367537,0 -115.2181492,35.1370661,0 -115.2199261,35.1381189,0 -115.2205917,35.1383744,0 -115.2219724,35.1383262,0 -115.2231996,35.1388408,0 -115.2255636,35.1396372,0 -115.2282773,35.1406357,0 -115.2293976,35.1405965,0 -115.2305006,35.1407295,0 -115.2314346,35.1411256,0 -115.2327782,35.1418718,0 -115.2337633,35.1422446,0 -115.2368165,35.1437456,0 -115.2386786,35.1449238,0 -115.2396126,35.1454238,0 -115.2419568,35.146986,0 -115.2439926,35.1480141,0 -115.2443894,35.1480304,0 -115.2447728,35.148183,0 -115.2467099,35.1492941,0 -115.249039,35.1504129,0 -115.2507317,35.1513395,0 -115.2522737,35.1523787,0 -115.2532086,35.1532891,0 -115.2546438,35.1549514,0 -115.2551327,35.1556752,0 -115.2558408,35.1565642,0 -115.2576194,35.1572178,0 -115.2589608,35.1575659,0 -115.2603152,35.1581603,0 -115.260935,35.1585091,0 -115.2623727,35.1595452,0 -115.2644787,35.160706,0 -115.2657312,35.1610739,0 -115.2670121,35.1611611,0 -115.2687432,35.161474,0 -115.2693163,35.1617567,0 -115.2698623,35.162142,0 -115.2706343,35.1622772,0 -115.271831,35.1623608,0 -115.2726976,35.1623271,0 -115.2734652,35.1625312,0 -115.276402,35.1648638,0 -115.2770163,35.1651655,0 -115.2783396,35.1659454,0 -115.2796552,35.1665004,0 -115.2804832,35.1671047,0 -115.2810177,35.1676796,0 -115.2824411,35.1688958,0 -115.2852707,35.170221,0 -115.2882117,35.1711015,0 -115.2895267,35.1716736,0 -115.2904,35.1722278,0 -115.2914513,35.1725384,0 -115.2925333,35.1727059,0 -115.2951153,35.1723679,0 -115.2974495,35.1724801,0 -115.2983667,35.1726558,0 -115.3003698,35.1733595,0 -115.3019045,35.1734391,0 -115.3033623,35.1737404,0 -115.3038126,35.173966,0 -115.3040727,35.1742011,0 -115.3055783,35.1768551,0 -115.3063503,35.1787358,0 -115.3071463,35.1802199,0 -115.308517,35.1819694,0 -115.3096742,35.1837621,0 -115.3112562,35.1851571,0 -115.3128067,35.1867236,0 -115.3132581,35.186932,0 -115.314555,35.1881599,0 -115.3155057,35.1891836,0 -115.3166755,35.1895964,0 -115.3172989,35.190341,0 -115.3179196,35.1921401,0 -115.3185733,35.1929076,0 -115.3186455,35.1937197,0 -115.3185917,35.1948149,0 -115.3188901,35.1952009,0 -115.3191401,35.1953556,0 -115.319343,35.1956018,0 -115.3194529,35.1958444,0 -115.3195822,35.1964531,0 -115.3200447,35.1973237,0 -115.3203152,35.1977153,0 -115.3204026,35.1979427,0 -115.319984,35.1985671,0 -115.3193283,35.1999856,0 -115.3189229,35.2005993,0 -115.3187253,35.2007261,0 -115.3186847,35.201063,0 -115.3188013,35.2016101,0 -115.3193905,35.2028112,0 -115.3200597,35.2038656,0 -115.3206502,35.2056418,0 -115.3211728,35.2061383,0 -115.3215036,35.2068693,0 -115.3219129,35.207981,0 -115.3217952,35.2085124,0 -115.3218788,35.2089886,0 -115.3222452,35.2092871,0 -115.3226557,35.2098714,0 -115.3227738,35.2115447,0 -115.3233238,35.2125555,0 -115.323372,35.2134644,0 -115.3236243,35.2138148,0 -115.3240539,35.2142069,0 -115.3241732,35.2148016,0 -115.3245825,35.2153621,0 -115.3250374,35.2161659,0 -115.3250688,35.2166331,0 -115.3252361,35.2174729,0 -115.325251,35.2179634,0 -115.3256039,35.2186013,0 -115.3257711,35.2194421,0 -115.3257437,35.2198989,0 -115.3255965,35.2202754,0 -115.3246589,35.2217133,0 -115.3240215,35.2235064,0 -115.3238525,35.2237291,0 -115.3231886,35.2242377,0 -115.3221701,35.2248348,0 -115.3220545,35.2250507,0 -115.3220347,35.2252967,0 -115.3221785,35.2258432,0 -115.3223055,35.225976,0 -115.3224083,35.2263371,0 -115.3225208,35.2265372,0 -115.3227703,35.2268193,0 -115.322866,35.2270101,0 -115.3227321,35.2273362,0 -115.322748,35.2279317,0 -115.3226525,35.2281405,0 -115.3225002,35.2287815,0 -115.322249,35.2293225,0 -115.3219885,35.2294996,0 -115.3217554,35.2295917,0 -115.3211235,35.2300846,0 -115.320677,35.2306072,0 -115.3204443,35.2310227,0 -115.3202838,35.2311012,0 -115.3202906,35.2312008,0 -115.3201093,35.2315873,0 -115.3201511,35.2317211,0 -115.3200852,35.2318157,0 -115.3199525,35.2319177,0 -115.3193812,35.2321272,0 -115.3192986,35.2323278,0 -115.3192152,35.2331576,0 -115.3189427,35.2335483,0 -115.3191086,35.2340669,0 -115.319114,35.2344923,0 -115.3190457,35.2345914,0 -115.3190437,35.2347953,0 -115.3190894,35.2348992,0 -115.3195805,35.235191,0 -115.319667,35.235305,0 -115.3197223,35.2355647,0 -115.3197099,35.2359698,0 -115.3193712,35.2364235,0 -115.319074,35.2370717,0 -115.3189515,35.238047,0 -115.3188946,35.2381297,0 -115.3184667,35.2383385,0 -115.3187418,35.2385962,0 -115.3187864,35.2387169,0 -115.3187611,35.2397357,0 -115.3188954,35.2400049,0 -115.3191666,35.2402048,0 -115.319032,35.2406761,0 -115.318709,35.2410742,0 -115.3185694,35.2419146,0 -115.3183866,35.2422598,0 -115.3179224,35.242711,0 -115.317786,35.2429095,0 -115.3177021,35.2430931,0 -115.317675,35.2434329,0 -115.3174199,35.2437491,0 -115.3164394,35.2444373,0 -115.3156931,35.2448698,0 -115.3154704,35.2451633,0 -115.3151016,35.2454105,0 -115.3148055,35.2455269,0 -115.3148597,35.2460597,0 -115.3147693,35.2464082,0 -115.315106,35.2466611,0 -115.3151414,35.2469251,0 -115.3148814,35.2476184,0 -115.3146935,35.247968,0 -115.3145809,35.2485569,0 -115.3142911,35.2492082,0 -115.3142491,35.2499035,0 -115.3140059,35.2501487,0 -115.3136123,35.2501327,0 -115.3134618,35.2502203,0 -115.3126948,35.2501977,0 -115.3126475,35.2504678,0 -115.3124419,35.2505801,0 -115.3122209,35.2509945,0 -115.3120715,35.2510649,0 -115.3120164,35.2511678,0 -115.3120219,35.2513689,0 -115.3118326,35.2517522,0 -115.3114436,35.2521783,0 -115.3114292,35.2524159,0 -115.3112043,35.2528708,0 -115.3111957,35.253015,0 -115.3108608,35.253231,0 -115.3107386,35.253362,0 -115.3107208,35.2538286,0 -115.3107953,35.2539676,0 -115.3108028,35.254189,0 -115.3107495,35.2543823,0 -115.3104665,35.2546004,0 -115.3101817,35.2546737,0 -115.3100337,35.2548888,0 -115.3101597,35.2550384,0 -115.3102774,35.2553236,0 -115.3105521,35.2555898,0 -115.3108174,35.2560085,0 -115.3111159,35.2562247,0 -115.3112785,35.2562822,0 -115.3111942,35.2566442,0 -115.3112355,35.2571644,0 -115.3111183,35.2578992,0 -115.3112264,35.2581755,0 -115.3111504,35.258402,0 -115.3112007,35.2587835,0 -115.3114588,35.2589759,0 -115.3116818,35.2592643,0 -115.3117916,35.2594938,0 -115.3118558,35.2598648,0 -115.3121565,35.2601191,0 -115.3124546,35.260229,0 -115.3124811,35.2603427,0 -115.3126875,35.2604392,0 -115.312627,35.2605953,0 -115.3121816,35.2610871,0 -115.3118897,35.2616279,0 -115.3117408,35.2620707,0 -115.3113246,35.262217,0 -115.3112046,35.2623011,0 -115.3111662,35.2626039,0 -115.3110721,35.2627847,0 -115.3096355,35.263035,0 -115.3088833,35.2634416,0 -115.3087394,35.2635714,0 -115.3087193,35.2637267,0 -115.3085177,35.2640196,0 -115.3085032,35.2649561,0 -115.3080542,35.2653654,0 -115.3078958,35.2654125,0 -115.3078049,35.2654978,0 -115.3074829,35.2660243,0 -115.3069207,35.2666829,0 -115.3072409,35.2671842,0 -115.3071722,35.2674076,0 -115.3072659,35.267502,0 -115.3072037,35.267617,0 -115.3070012,35.2677249,0 -115.3069885,35.2677883,0 -115.3071011,35.2682191,0 -115.3071224,35.2691428,0 -115.3072103,35.2693396,0 -115.307448,35.2696311,0 -115.3075058,35.2698399,0 -115.3077584,35.2701411,0 -115.3076934,35.2705195,0 -115.3075785,35.2706428,0 -115.3071618,35.2708679,0 -115.3071099,35.2709924,0 -115.3071455,35.2715005,0 -115.3070287,35.2716044,0 -115.3069842,35.2717927,0 -115.3071099,35.27197,0 -115.307088,35.2722673,0 -115.3067872,35.2724904,0 -115.3061604,35.2727996,0 -115.3059869,35.2729283,0 -115.3052906,35.2731081,0 -115.3042707,35.2731595,0 -115.3034547,35.2731242,0 -115.3029755,35.2731861,0 -115.3021707,35.2735127,0 -115.3019661,35.274038,0 -115.3015504,35.2744493,0 -115.301192,35.2745356,0 -115.3007587,35.2745619,0 -115.3000504,35.2747494,0 -115.2997472,35.2750184,0 -115.2992664,35.2750419,0 -115.2986638,35.2752006,0 -115.298128,35.275611,0 -115.2975304,35.2758112,0 -115.2968291,35.2768361,0 -115.2967143,35.2770848,0 -115.2967017,35.2774248,0 -115.2966338,35.2775309,0 -115.2956924,35.2775318,0 -115.2952579,35.2775866,0 -115.2942629,35.2775273,0 -115.2936498,35.2771315,0 -115.2934534,35.2770745,0 -115.2931289,35.2770688,0 -115.2927821,35.2771832,0 -115.2921733,35.2772267,0 -115.2904642,35.2771564,0 -115.2901177,35.2772511,0 -115.2893934,35.2779667,0 -115.2885833,35.2784657,0 -115.2883959,35.2786284,0 -115.288227,35.2786781,0 -115.2876587,35.2787522,0 -115.2873014,35.2786617,0 -115.2870421,35.2785383,0 -115.2863541,35.278592,0 -115.2860733,35.2787038,0 -115.2844649,35.2787308,0 -115.2838869,35.2789308,0 -115.2835762,35.2789313,0 -115.2830103,35.2787421,0 -115.2826991,35.2784877,0 -115.2818557,35.2783842,0 -115.2796517,35.2778182,0 -115.2784618,35.2775958,0 -115.2782225,35.2775813,0 -115.2774415,35.2776664,0 -115.2767793,35.2776094,0 -115.2762193,35.2776293,0 -115.2758309,35.277712,0 -115.2749932,35.2780522,0 -115.2743053,35.2783895,0 -115.272941,35.2789337,0 -115.2725292,35.2790482,0 -115.2713337,35.2795814,0 -115.2698659,35.2803213,0 -115.2693287,35.2804163,0 -115.2687395,35.2806935,0 -115.2680982,35.2808177,0 -115.2679494,35.2809119,0 -115.2679457,35.2809721,0 -115.2682723,35.2810499,0 -115.2691855,35.2814016,0 -115.2694077,35.2815472,0 -115.269562,35.2817531,0 -115.2695901,35.2819223,0 -115.2695024,35.2820973,0 -115.2691036,35.2825327,0 -115.2686377,35.2835378,0 -115.2682359,35.2841455,0 -115.2675687,35.2845955,0 -115.2672475,35.2852562,0 -115.2670018,35.2861401,0 -115.2668548,35.2878296,0 -115.2666608,35.2880633,0 -115.2664109,35.2885091,0 -115.2658652,35.2890174,0 -115.2657158,35.2892704,0 -115.2654777,35.2894973,0 -115.2649494,35.2895804,0 -115.2647062,35.2897604,0 -115.2645191,35.2899864,0 -115.2642462,35.2905833,0 -115.2633578,35.2915869,0 -115.2628972,35.2919447,0 -115.2627689,35.2921015,0 -115.2624879,35.292155,0 -115.2623055,35.2923267,0 -115.2624258,35.2926989,0 -115.2624063,35.2930167,0 -115.2627163,35.2936316,0 -115.2627483,35.294103,0 -115.2632882,35.2943073,0 -115.2635043,35.2944499,0 -115.2638633,35.2945985,0 -115.2639692,35.2948483,0 -115.263953,35.2951374,0 -115.2638255,35.2955505,0 -115.263434,35.2959358,0 -115.2634214,35.2960908,0 -115.2632948,35.2962706,0 -115.262864,35.2962451,0 -115.2624999,35.2961652,0 -115.2614006,35.2958342,0 -115.2601744,35.2957521,0 -115.2597542,35.2956013,0 -115.2590044,35.2966477,0 -115.258823,35.2969704,0 -115.2586993,35.2973672,0 -115.2582926,35.2980275,0 -115.2575127,35.2981004,0 -115.2569871,35.2982074,0 -115.2560298,35.2985681,0 -115.2555613,35.2989779,0 -115.2551795,35.2990481,0 -115.2548254,35.2992646,0 -115.2542936,35.2992129,0 -115.2539525,35.2994828,0 -115.2534195,35.2995966,0 -115.2529288,35.2995649,0 -115.2527015,35.299251,0 -115.2524443,35.2990233,0 -115.2515748,35.2986857,0 -115.2508152,35.2985485,0 -115.2504179,35.298664,0 -115.2500918,35.2991531,0 -115.2498353,35.2993654,0 -115.2485925,35.2995668,0 -115.2478299,35.2999049,0 -115.2466984,35.3002896,0 -115.2461954,35.300609,0 -115.2459677,35.3011927,0 -115.2459224,35.3016649,0 -115.2461936,35.3021928,0 -115.2465672,35.302551,0 -115.2468584,35.303202,0 -115.2468297,35.3036692,0 -115.2466765,35.3040924,0 -115.2465372,35.3041368,0 -115.2462001,35.3040359,0 -115.2458446,35.3038156,0 -115.2453216,35.3035905,0 -115.2445058,35.3030708,0 -115.2436533,35.3027152,0 -115.2433651,35.3023622,0 -115.2425595,35.3022574,0 -115.2418293,35.3022631,0 -115.2415292,35.3020326,0 -115.241735,35.3010075,0 -115.2412474,35.3007479,0 -115.2404969,35.3004877,0 -115.2401566,35.3002926,0 -115.2393811,35.2997114,0 -115.2367047,35.2990655,0 -115.2356504,35.2988725,0 -115.235011,35.2986023,0 -115.2342859,35.2985556,0 -115.2333234,35.2987397,0 -115.2323466,35.2988525,0 -115.2316706,35.2987386,0 -115.230968,35.2980642,0 -115.2308541,35.2974931,0 -115.2307142,35.2972334,0 -115.2300738,35.2965197,0 -115.2298419,35.2963783,0 -115.2295637,35.2964225,0 -115.2285438,35.2970448,0 -115.2265018,35.2975771,0 -115.2245465,35.2991577,0 -115.2243322,35.2996014,0 -115.2239733,35.299983,0 -115.2233193,35.3003103,0 -115.222901,35.3008636,0 -115.2227296,35.3013104,0 -115.22259,35.301936,0 -115.2224443,35.3021285,0 -115.2213657,35.3025443,0 -115.2203301,35.302633,0 -115.2199272,35.3027432,0 -115.2199205,35.3037108,0 -115.2195886,35.3040635,0 -115.2191452,35.3043479,0 -115.2187678,35.3044995,0 -115.2186697,35.3047632,0 -115.2186542,35.3050135,0 -115.2191421,35.3057926,0 -115.219741,35.3071512,0 -115.2200897,35.3075433,0 -115.2203136,35.308561,0 -115.2205147,35.3089258,0 -115.2208762,35.3094069,0 -115.2211382,35.3102509,0 -115.2211362,35.3111659,0 -115.2213618,35.3114974,0 -115.2219308,35.3118333,0 -115.2222727,35.3122702,0 -115.2225765,35.312699,0 -115.2228779,35.3134477,0 -115.2238237,35.3146428,0 -115.224363,35.3148973,0 -115.224824,35.3154522,0 -115.2253941,35.3155934,0 -115.2255881,35.3155443,0 -115.2259275,35.3155401,0 -115.2262239,35.3156308,0 -115.2263266,35.3159013,0 -115.2263074,35.3163224,0 -115.226959,35.3171389,0 -115.2271903,35.3172881,0 -115.2276777,35.3179244,0 -115.2273452,35.3181887,0 -115.2266732,35.3185459,0 -115.2257491,35.3198938,0 -115.225707,35.3203311,0 -115.2255793,35.3207629,0 -115.2252289,35.3210568,0 -115.2248642,35.3219448,0 -115.224658,35.3236386,0 -115.2245818,35.3239857,0 -115.2244073,35.3242382,0 -115.224506,35.3247728,0 -115.2246547,35.325011,0 -115.2243094,35.3252528,0 -115.223997,35.3253733,0 -115.2239068,35.326089,0 -115.2229788,35.3261345,0 -115.2222035,35.3263835,0 -115.2214891,35.3264427,0 -115.2206636,35.3263189,0 -115.2193578,35.3258297,0 -115.218214,35.3256676,0 -115.218452,35.3269852,0 -115.2182265,35.327962,0 -115.2180906,35.3282818,0 -115.2178189,35.3286513,0 -115.2177984,35.3288612,0 -115.218593,35.3305969,0 -115.218705,35.3314891,0 -115.2192651,35.3320037,0 -115.2191256,35.3324334,0 -115.2188483,35.3329611,0 -115.2187723,35.3333241,0 -115.2190284,35.3335448,0 -115.2193947,35.3341503,0 -115.2199803,35.3349647,0 -115.2199465,35.3353145,0 -115.2196561,35.3358764,0 -115.2201756,35.3369483,0 -115.2201291,35.3372092,0 -115.2198542,35.3373852,0 -115.2194369,35.3374812,0 -115.21866,35.3375189,0 -115.2180356,35.33776,0 -115.2170273,35.3384163,0 -115.2163694,35.3387784,0 -115.2159726,35.3391047,0 -115.2153645,35.3393993,0 -115.2149427,35.3393193,0 -115.2143188,35.3390889,0 -115.2139512,35.3391275,0 -115.2135651,35.3393534,0 -115.2131471,35.3396782,0 -115.2128313,35.3398338,0 -115.211083,35.3397026,0 -115.2106312,35.3397087,0 -115.2092359,35.340146,0 -115.2076737,35.3405376,0 -115.207048,35.3410073,0 -115.2066005,35.3414183,0 -115.2051853,35.3418368,0 -115.2043293,35.3420274,0 -115.2018928,35.3430133,0 -115.2002944,35.3440845,0 -115.1995093,35.3446762,0 -115.1986282,35.3447898,0 -115.1978957,35.3448126,0 -115.1969493,35.3450504,0 -115.1965329,35.3453578,0 -115.1959597,35.3459538,0 -115.1954529,35.3463083,0 -115.1950513,35.3466868,0 -115.193342,35.3477021,0 -115.192927,35.3481521,0 -115.1923086,35.3483916,0 -115.1923433,35.3489217,0 -115.192219,35.3493184,0 -115.1918717,35.3495775,0 -115.1916388,35.3499845,0 -115.1909409,35.3500976,0 -115.1902749,35.3503183,0 -115.1895091,35.3504622,0 -115.1891755,35.3505811,0 -115.188963,35.3507786,0 -115.1889403,35.3512345,0 -115.1893062,35.3518919,0 -115.1897608,35.3525198,0 -115.1904936,35.352937,0 -115.1905284,35.3534672,0 -115.1906932,35.3537594,0 -115.1904948,35.3542568,0 -115.1900677,35.3548978,0 -115.1895139,35.3555129,0 -115.1889824,35.3559006,0 -115.1881239,35.3561139,0 -115.187718,35.3563112,0 -115.1877137,35.3571156,0 -115.1876512,35.357222,0 -115.1862404,35.3555992,0 -115.1859011,35.3553307,0 -115.1853189,35.3551342,0 -115.1846001,35.3550173,0 -115.184239,35.3554161,0 -115.183826,35.3556884,0 -115.1836178,35.3560619,0 -115.1834575,35.3563859,0 -115.1834264,35.3569293,0 -115.1832457,35.3574633,0 -115.1823748,35.3575825,0 -115.181603,35.3575675,0 -115.1804002,35.3582283,0 -115.1791777,35.3579904,0 -115.1787628,35.3580533,0 -115.1786038,35.3581307,0 -115.1783988,35.3583516,0 -115.178349,35.3585088,0 -115.1784391,35.3587121,0 -115.178465,35.3591229,0 -115.1784322,35.359237,0 -115.1782988,35.3593155,0 -115.1780963,35.3592651,0 -115.1766334,35.358616,0 -115.1758131,35.3583173,0 -115.175286,35.3578454,0 -115.174599,35.3584664,0 -115.1743732,35.3585954,0 -115.1738392,35.3593295,0 -115.1736671,35.359655,0 -115.1732113,35.3599245,0 -115.1726051,35.359973,0 -115.172224,35.3600872,0 -115.1715219,35.3607295,0 -115.1713832,35.3610548,0 -115.1707799,35.3606355,0 -115.1705283,35.3605292,0 -115.1703036,35.3605078,0 -115.1700196,35.3605495,0 -115.1698052,35.3607108,0 -115.1693274,35.3612076,0 -115.1685153,35.3613835,0 -115.1677501,35.3614094,0 -115.1678727,35.361665,0 -115.1679146,35.3620239,0 -115.1677911,35.3623548,0 -115.1673124,35.3631528,0 -115.166099,35.364587,0 -115.1660066,35.3646513,0 -115.1654495,35.364811,0 -115.1644219,35.3650406,0 -115.1641309,35.3651625,0 -115.1638525,35.365373,0 -115.1633362,35.3656032,0 -115.1634286,35.3664189,0 -115.1634032,35.3666812,0 -115.1628866,35.3671244,0 -115.1627449,35.3673675,0 -115.1624263,35.3675694,0 -115.1624122,35.367806,0 -115.1620048,35.368173,0 -115.161917,35.3683306,0 -115.1618199,35.3687697,0 -115.1616894,35.3690286,0 -115.1617108,35.3693341,0 -115.1615827,35.3698121,0 -115.1616245,35.369941,0 -115.1613149,35.3702327,0 -115.1609397,35.3708317,0 -115.1606689,35.3713781,0 -115.1604342,35.37153,0 -115.1597303,35.3717104,0 -115.159806,35.3718638,0 -115.1597229,35.3726231,0 -115.159367,35.3732086,0 -115.1590509,35.3735733,0 -115.1586832,35.3741788,0 -115.1585846,35.374447,0 -115.1583933,35.3746424,0 -115.1582518,35.3748856,0 -115.1581226,35.3750033,0 -115.1575397,35.3752177,0 -115.157129,35.375525,0 -115.1574001,35.3769309,0 -115.157144,35.3772334,0 -115.1568829,35.3774019,0 -115.1565535,35.3779002,0 -115.1564872,35.3787644,0 -115.1565597,35.3793243,0 -115.1566598,35.3794127,0 -115.1571865,35.3794025,0 -115.1574979,35.3795565,0 -115.1580503,35.379934,0 -115.1595666,35.3807457,0 -115.1599141,35.3810877,0 -115.1601527,35.3814299,0 -115.1602033,35.3818416,0 -115.1598796,35.3819095,0 -115.1586978,35.3823118,0 -115.1580385,35.3826062,0 -115.157455,35.3825724,0 -115.1572296,35.3825902,0 -115.1569569,35.3826911,0 -115.156565,35.3833176,0 -115.1563185,35.3839714,0 -115.1562739,35.384213,0 -115.156365,35.3844858,0 -115.1563659,35.3846644,0 -115.156115,35.3850769,0 -115.1558752,35.3853294,0 -115.1555194,35.3855363,0 -115.1543422,35.3854296,0 -115.1538029,35.385476,0 -115.1533691,35.3856481,0 -115.1529191,35.3860791,0 -115.1520614,35.386602,0 -115.1519529,35.3868771,0 -115.1517671,35.3871099,0 -115.1515268,35.3872502,0 -115.1511358,35.3872616,0 -115.1508362,35.3874137,0 -115.1501295,35.3883224,0 -115.1499468,35.388763,0 -115.1499167,35.3890728,0 -115.1497019,35.3895116,0 -115.1492805,35.3896473,0 -115.1490551,35.3898344,0 -115.1485357,35.3899402,0 -115.148129,35.3901141,0 -115.1479822,35.3902232,0 -115.1477344,35.3905335,0 -115.1473566,35.3911548,0 -115.1470973,35.3919544,0 -115.1470487,35.392733,0 -115.1465557,35.3928865,0 -115.1453223,35.3929384,0 -115.14471,35.393035,0 -115.1446071,35.3931094,0 -115.1444204,35.3933721,0 -115.1442931,35.3948948,0 -115.1444051,35.3952893,0 -115.1443977,35.3955881,0 -115.1438807,35.3958181,0 -115.1435826,35.3960097,0 -115.1432463,35.3959348,0 -115.1428805,35.3957174,0 -115.1424107,35.3952466,0 -115.1420245,35.3952391,0 -115.1415855,35.3953335,0 -115.1403777,35.3958174,0 -115.139159,35.3966352,0 -115.1386737,35.3967616,0 -115.138244,35.3969799,0 -115.137776,35.3973716,0 -115.1366424,35.397755,0 -115.1365775,35.3979795,0 -115.1365699,35.3982782,0 -115.1366402,35.3986308,0 -115.1364675,35.3988872,0 -115.1359208,35.3992034,0 -115.1356173,35.3994988,0 -115.1355756,35.3996559,0 -115.1353476,35.4000105,0 -115.1353867,35.4004882,0 -115.13582,35.401115,0 -115.1364233,35.401538,0 -115.1368255,35.4020396,0 -115.137005,35.4024031,0 -115.137561,35.4026509,0 -115.1378413,35.4028627,0 -115.1379797,35.4032061,0 -115.1379557,35.4034509,0 -115.1380548,35.4037566,0 -115.138306,35.4039722,0 -115.1384938,35.4042605,0 -115.1384304,35.4045534,0 -115.1379156,35.4054015,0 -115.1378192,35.4057296,0 -115.1371561,35.4059621,0 -115.1258141,35.3970552,0</coordinates></LinearRing></outerBoundaryIs></Polygon></Placemark></Document></kml>