<?xml version="1.0" encoding="UTF-8"?>
<kml xmlns="http://www.opengis.net/kml/2.2"><Document><name>RWQCB/Waters of the State Service Areas</name><description>Combined service area: Lahontan RWQCB South Lahontan Basin (Region 6, Victorville office area) + Colorado River Basin RWQCB (Region 7). Source: California State Water Resources Control Board public ArcGIS services, retrieved 2026-09-19.</description><Style id="svcArea"><LineStyle><color>ffd96f0f</color><width>2</width></LineStyle><PolyStyle><color>4dd96f0f</color></PolyStyle></Style><Folder><name>RWQCB/Waters of the State Service Areas</name><Placemark><name>Lahontan RWQCB - South Lahontan Basin (Region 6, Victorville office)</name><styleUrl>#svcArea</styleUrl><Polygon><outerBoundaryIs><LinearRing><coordinates>-118.818649,34.803634,0 -118.818015,34.803242,0 -118.816548,34.802982,0 -118.816254,34.803001,0 -118.815510,34.803267,0 -118.815245,34.803203,0 -118.813347,34.802025,0 -118.813098,34.801829,0 -118.812358,34.801066,0 -118.811148,34.800231,0 -118.809258,34.799383,0 -118.808553,34.798967,0 -118.808156,34.798803,0 -118.807719,34.798671,0 -118.807346,34.798655,0 -118.807077,34.798806,0 -118.806596,34.799246,0 -118.806482,34.799305,0 -118.806209,34.799302,0 -118.805619,34.799129,0 -118.804893,34.798779,0 -118.802995,34.797986,0 -118.802305,34.797845,0 -118.801825,34.797515,0 -118.801652,34.797122,0 -118.801339,34.796744,0 -118.800665,34.796411,0 -118.799829,34.796230,0 -118.799473,34.796072,0 -118.797964,34.794012,0 -118.797768,34.793806,0 -118.797643,34.793722,0 -118.797226,34.793573,0 -118.796662,34.793478,0 -118.795362,34.793138,0 -118.794575,34.792869,0 -118.794278,34.792723,0 -118.793851,34.792382,0 -118.793640,34.791906,0 -118.793476,34.791717,0 -118.792537,34.791369,0 -118.791857,34.791009,0 -118.791687,34.790836,0 -118.791448,34.790443,0 -118.791115,34.790103,0 -118.789637,34.789331,0 -118.789381,34.789107,0 -118.789089,34.788675,0 -118.788668,34.788378,0 -118.788186,34.788141,0 -118.787549,34.788001,0 -118.786604,34.787978,0 -118.785303,34.788099,0 -118.784115,34.788277,0 -118.782392,34.788173,0 -118.781998,34.788234,0 -118.781641,34.788422,0 -118.781082,34.788806,0 -118.780566,34.788943,0 -118.779994,34.788930,0 -118.779530,34.788776,0 -118.778686,34.788694,0 -118.778009,34.788570,0 -118.777472,34.788420,0 -118.775600,34.787736,0 -118.774249,34.786938,0 -118.773854,34.786355,0 -118.773656,34.785852,0 -118.773301,34.785281,0 -118.773092,34.784645,0 -118.772654,34.783870,0 -118.772398,34.783668,0 -118.771856,34.783430,0 -118.770272,34.782987,0 -118.769237,34.782792,0 -118.768625,34.782784,0 -118.767731,34.782856,0 -118.766752,34.783234,0 -118.765761,34.783524,0 -118.765146,34.783649,0 -118.764874,34.783601,0 -118.764587,34.783251,0 -118.764238,34.782327,0 -118.763900,34.781877,0 -118.763305,34.781265,0 -118.763210,34.780999,0 -118.763219,34.780158,0 -118.763132,34.779469,0 -118.763202,34.778512,0 -118.763282,34.778145,0 -118.763435,34.777789,0 -118.763840,34.777128,0 -118.763910,34.776606,0 -118.763784,34.776231,0 -118.763608,34.776003,0 -118.762677,34.775204,0 -118.762359,34.774738,0 -118.762251,34.774489,0 -118.762180,34.773244,0 -118.761639,34.772632,0 -118.761170,34.771702,0 -118.761007,34.771161,0 -118.761014,34.770429,0 -118.761071,34.770210,0 -118.761423,34.769521,0 -118.761770,34.769107,0 -118.762352,34.768630,0 -118.762945,34.768241,0 -118.763113,34.767787,0 -118.763131,34.767132,0 -118.762641,34.765184,0 -118.762676,34.764722,0 -118.762625,34.764226,0 -118.761986,34.763140,0 -118.761796,34.762257,0 -118.761068,34.761301,0 -118.760708,34.760614,0 -118.760179,34.760035,0 -118.759988,34.759587,0 -118.759914,34.759234,0 -118.759976,34.758437,0 -118.759816,34.757720,0 -118.759626,34.757167,0 -118.759255,34.756706,0 -118.758842,34.756381,0 -118.758452,34.756217,0 -118.757788,34.756126,0 -118.757629,34.756058,0 -118.757367,34.755851,0 -118.756957,34.755350,0 -118.756062,34.754035,0 -118.755821,34.753768,0 -118.755460,34.753493,0 -118.755053,34.753319,0 -118.754951,34.753353,0 -118.754712,34.753358,0 -118.754501,34.753483,0 -118.753902,34.753519,0 -118.753527,34.753378,0 -118.752344,34.752706,0 -118.751875,34.752306,0 -118.751482,34.752055,0 -118.751203,34.751811,0 -118.751064,34.751847,0 -118.750468,34.751542,0 -118.749493,34.751344,0 -118.748681,34.751237,0 -118.748154,34.751374,0 -118.747819,34.751518,0 -118.747446,34.751832,0 -118.747123,34.751917,0 -118.746716,34.751906,0 -118.746163,34.751755,0 -118.745304,34.751197,0 -118.744674,34.750983,0 -118.743972,34.750648,0 -118.743179,34.750502,0 -118.742276,34.750440,0 -118.741223,34.750216,0 -118.740882,34.749903,0 -118.740437,34.749623,0 -118.739924,34.749349,0 -118.739471,34.749283,0 -118.737915,34.749256,0 -118.737176,34.749167,0 -118.736044,34.748805,0 -118.734747,34.748320,0 -118.734022,34.747964,0 -118.733329,34.747361,0 -118.733030,34.746783,0 -118.732557,34.746167,0 -118.731326,34.745502,0 -118.729782,34.745344,0 -118.728372,34.744789,0 -118.727520,34.744688,0 -118.726655,34.744471,0 -118.725790,34.744064,0 -118.725131,34.743936,0 -118.724692,34.744298,0 -118.723840,34.745690,0 -118.723507,34.746172,0 -118.723028,34.746623,0 -118.722515,34.747007,0 -118.721877,34.747813,0 -118.721398,34.748100,0 -118.720166,34.748149,0 -118.719381,34.748274,0 -118.718695,34.748516,0 -118.718030,34.748659,0 -118.717310,34.748565,0 -118.716612,34.748368,0 -118.716273,34.748109,0 -118.716207,34.747605,0 -118.716001,34.746720,0 -118.715755,34.746186,0 -118.715295,34.745681,0 -118.714750,34.745297,0 -118.714098,34.744918,0 -118.713367,34.744357,0 -118.712887,34.743682,0 -118.712316,34.741686,0 -118.711944,34.740972,0 -118.711498,34.740529,0 -118.710739,34.740188,0 -118.709888,34.740149,0 -118.708983,34.740263,0 -118.708170,34.740176,0 -118.707825,34.739944,0 -118.707565,34.739621,0 -118.707133,34.739275,0 -118.706282,34.738918,0 -118.705464,34.738719,0 -118.704944,34.738544,0 -118.704499,34.738197,0 -118.704179,34.737714,0 -118.703854,34.736468,0 -118.703329,34.735704,0 -118.702557,34.734841,0 -118.702159,34.734077,0 -118.701899,34.733456,0 -118.701707,34.732735,0 -118.701475,34.732187,0 -118.700941,34.731912,0 -118.700303,34.731950,0 -118.699584,34.732048,0 -118.698639,34.731899,0 -118.697289,34.730949,0 -118.696772,34.730223,0 -118.696332,34.729736,0 -118.696020,34.729496,0 -118.695768,34.729302,0 -118.694790,34.728978,0 -118.693785,34.728475,0 -118.692986,34.727888,0 -118.692036,34.727488,0 -118.691217,34.727409,0 -118.690685,34.727432,0 -118.689814,34.727074,0 -118.688589,34.726409,0 -118.687179,34.726117,0 -118.685896,34.726511,0 -118.685243,34.726835,0 -118.684664,34.727056,0 -118.683434,34.727115,0 -118.682362,34.727000,0 -118.679734,34.726580,0 -118.677678,34.726579,0 -118.677054,34.726617,0 -118.676607,34.726457,0 -118.676096,34.726090,0 -118.675085,34.724539,0 -118.674341,34.723544,0 -118.674015,34.722870,0 -118.673976,34.722474,0 -118.673630,34.722134,0 -118.672945,34.721875,0 -118.672234,34.721731,0 -118.671588,34.721537,0 -118.670950,34.721234,0 -118.670246,34.720708,0 -118.669820,34.720148,0 -118.669295,34.719362,0 -118.668558,34.718538,0 -118.667680,34.717871,0 -118.665485,34.716815,0 -118.664322,34.716441,0 -118.662865,34.716149,0 -118.661688,34.716029,0 -118.660637,34.716015,0 -118.659845,34.715850,0 -118.659220,34.715593,0 -118.657626,34.714244,0 -118.656096,34.713568,0 -118.655198,34.713288,0 -118.654520,34.713006,0 -118.653763,34.712534,0 -118.652865,34.712298,0 -118.651887,34.712231,0 -118.651141,34.712252,0 -118.650357,34.712339,0 -118.649312,34.712375,0 -118.648408,34.712271,0 -118.647277,34.711865,0 -118.646299,34.711907,0 -118.644841,34.712456,0 -118.644030,34.712679,0 -118.643138,34.712838,0 -118.642014,34.713089,0 -118.641096,34.713431,0 -118.640250,34.713841,0 -118.639398,34.714144,0 -118.638287,34.714213,0 -118.637023,34.714085,0 -118.635960,34.713854,0 -118.634955,34.713854,0 -118.633245,34.714017,0 -118.632014,34.713905,0 -118.631183,34.713362,0 -118.630512,34.712843,0 -118.629908,34.712463,0 -118.629315,34.712300,0 -118.628744,34.712260,0 -118.628218,34.712331,0 -118.627719,34.712473,0 -118.626781,34.712890,0 -118.626428,34.712884,0 -118.626196,34.712736,0 -118.625949,34.712467,0 -118.625005,34.712085,0 -118.624644,34.711832,0 -118.624362,34.711496,0 -118.623904,34.711051,0 -118.623483,34.710766,0 -118.622208,34.710231,0 -118.621134,34.709556,0 -118.620498,34.708924,0 -118.620309,34.708272,0 -118.620128,34.707035,0 -118.619890,34.706560,0 -118.619325,34.706137,0 -118.617810,34.705560,0 -118.617162,34.705356,0 -118.616708,34.705092,0 -118.616361,34.704712,0 -118.615777,34.704160,0 -118.614634,34.703709,0 -118.613973,34.703483,0 -118.613430,34.703366,0 -118.612877,34.703371,0 -118.612189,34.703540,0 -118.611580,34.703842,0 -118.610384,34.705065,0 -118.609810,34.705558,0 -118.608320,34.706443,0 -118.607536,34.706852,0 -118.606520,34.707143,0 -118.605613,34.707330,0 -118.604863,34.707658,0 -118.604220,34.708003,0 -118.603086,34.708541,0 -118.602310,34.708878,0 -118.601515,34.709122,0 -118.600895,34.709218,0 -118.598746,34.709208,0 -118.598161,34.709277,0 -118.597710,34.709558,0 -118.597163,34.710109,0 -118.596711,34.710482,0 -118.596225,34.710558,0 -118.595455,34.710474,0 -118.594806,34.710324,0 -118.592910,34.710277,0 -118.592011,34.710003,0 -118.591479,34.709563,0 -118.591203,34.708951,0 -118.591041,34.708214,0 -118.590680,34.707939,0 -118.590279,34.708057,0 -118.589977,34.708246,0 -118.589357,34.708755,0 -118.588921,34.708916,0 -118.588477,34.708910,0 -118.588026,34.708747,0 -118.587494,34.708373,0 -118.587085,34.707792,0 -118.586873,34.707245,0 -118.586774,34.706827,0 -118.586461,34.706378,0 -118.586013,34.706138,0 -118.585178,34.705975,0 -118.583965,34.706093,0 -118.583327,34.706107,0 -118.582783,34.706053,0 -118.582053,34.705864,0 -118.581406,34.705610,0 -118.580981,34.705210,0 -118.580734,34.704818,0 -118.580551,34.704205,0 -118.580528,34.703953,0 -118.580414,34.703628,0 -118.580447,34.703276,0 -118.580556,34.703003,0 -118.580535,34.702668,0 -118.580170,34.702197,0 -118.579432,34.701843,0 -118.578563,34.701657,0 -118.577799,34.701621,0 -118.577096,34.701527,0 -118.576245,34.701109,0 -118.575401,34.700633,0 -118.574506,34.700449,0 -118.573529,34.700401,0 -118.572477,34.700058,0 -118.571704,34.699748,0 -118.571038,34.699405,0 -118.569772,34.698337,0 -118.569185,34.698001,0 -118.568281,34.697574,0 -118.567390,34.697230,0 -118.566123,34.696562,0 -118.564788,34.696070,0 -118.563131,34.695337,0 -118.561957,34.694743,0 -118.560958,34.693996,0 -118.559786,34.693286,0 -118.559086,34.692936,0 -118.558379,34.692659,0 -118.557432,34.692468,0 -118.556794,34.692456,0 -118.556137,34.692365,0 -118.555575,34.692151,0 -118.554487,34.691567,0 -118.553945,34.691412,0 -118.553017,34.691228,0 -118.551781,34.691165,0 -118.550767,34.690943,0 -118.549816,34.690581,0 -118.547934,34.690208,0 -118.547442,34.690149,0 -118.546821,34.690362,0 -118.546477,34.690687,0 -118.546251,34.691075,0 -118.546231,34.691436,0 -118.546100,34.691764,0 -118.545499,34.692764,0 -118.545113,34.693567,0 -118.544881,34.693933,0 -118.544570,34.694236,0 -118.544099,34.694549,0 -118.543671,34.694760,0 -118.543236,34.694896,0 -118.542854,34.695086,0 -118.542431,34.695343,0 -118.542006,34.695673,0 -118.541816,34.695957,0 -118.541602,34.696377,0 -118.540908,34.697368,0 -118.540617,34.697679,0 -118.540021,34.697903,0 -118.539602,34.697904,0 -118.538780,34.697763,0 -118.537945,34.697578,0 -118.537373,34.697583,0 -118.536772,34.697772,0 -118.536209,34.698026,0 -118.535596,34.698464,0 -118.534880,34.699174,0 -118.533911,34.700272,0 -118.532790,34.701677,0 -118.532479,34.701986,0 -118.532251,34.702121,0 -118.531829,34.702253,0 -118.531090,34.702339,0 -118.530433,34.702617,0 -118.529950,34.702907,0 -118.529354,34.703215,0 -118.528739,34.703371,0 -118.528005,34.703468,0 -118.527264,34.703701,0 -118.526801,34.703905,0 -118.525897,34.704680,0 -118.525608,34.704874,0 -118.525185,34.705073,0 -118.524883,34.705257,0 -118.524405,34.705623,0 -118.524009,34.705860,0 -118.523200,34.706100,0 -118.522329,34.706069,0 -118.520395,34.705622,0 -118.518546,34.705575,0 -118.517115,34.705311,0 -118.515038,34.704656,0 -118.514360,34.704561,0 -118.513579,34.704347,0 -118.512623,34.703912,0 -118.511780,34.703784,0 -118.511214,34.703755,0 -118.510440,34.703566,0 -118.509549,34.703133,0 -118.508607,34.702984,0 -118.507881,34.703086,0 -118.507021,34.703256,0 -118.505600,34.703461,0 -118.505255,34.703449,0 -118.504998,34.703299,0 -118.504486,34.703288,0 -118.504286,34.703351,0 -118.503615,34.703684,0 -118.503182,34.703728,0 -118.502752,34.703598,0 -118.502324,34.703361,0 -118.501867,34.703207,0 -118.501521,34.703187,0 -118.501025,34.703407,0 -118.500472,34.703591,0 -118.500086,34.703505,0 -118.499860,34.703514,0 -118.499384,34.703344,0 -118.498749,34.703067,0 -118.497254,34.702340,0 -118.496358,34.701372,0 -118.495879,34.700944,0 -118.495440,34.700493,0 -118.494899,34.700164,0 -118.494223,34.699985,0 -118.493592,34.699858,0 -118.492711,34.699528,0 -118.491452,34.699507,0 -118.490678,34.699598,0 -118.490056,34.699734,0 -118.489028,34.700256,0 -118.488050,34.700636,0 -118.487424,34.700645,0 -118.486795,34.700430,0 -118.486228,34.700010,0 -118.485955,34.699618,0 -118.485822,34.699213,0 -118.485513,34.698550,0 -118.485050,34.697962,0 -118.484397,34.697569,0 -118.483694,34.697375,0 -118.482684,34.697247,0 -118.481389,34.697007,0 -118.480568,34.696690,0 -118.479574,34.696388,0 -118.478790,34.696229,0 -118.478267,34.696041,0 -118.477761,34.695650,0 -118.477350,34.695158,0 -118.476813,34.694943,0 -118.476130,34.695138,0 -118.475637,34.695622,0 -118.474917,34.696005,0 -118.474209,34.696160,0 -118.473356,34.696535,0 -118.472520,34.697109,0 -118.471791,34.697323,0 -118.471051,34.697318,0 -118.470221,34.697507,0 -118.469471,34.697038,0 -118.468866,34.696585,0 -118.468441,34.696112,0 -118.467661,34.694948,0 -118.467489,34.694452,0 -118.467358,34.693882,0 -118.467263,34.692847,0 -118.467170,34.692444,0 -118.466969,34.692102,0 -118.466594,34.691789,0 -118.464779,34.691168,0 -118.463655,34.690749,0 -118.463264,34.690589,0 -118.462644,34.690247,0 -118.461916,34.689573,0 -118.461474,34.688902,0 -118.461179,34.688268,0 -118.460556,34.687301,0 -118.459998,34.686767,0 -118.459694,34.686626,0 -118.459314,34.686617,0 -118.458657,34.686498,0 -118.458178,34.686488,0 -118.457589,34.686652,0 -118.456262,34.687165,0 -118.455583,34.687151,0 -118.454775,34.686860,0 -118.454156,34.686397,0 -118.453828,34.686097,0 -118.453379,34.685883,0 -118.452915,34.686175,0 -118.452642,34.686561,0 -118.452267,34.686633,0 -118.451695,34.686623,0 -118.450202,34.686268,0 -118.449589,34.686284,0 -118.449041,34.686415,0 -118.448408,34.686463,0 -118.447532,34.686212,0 -118.446793,34.685822,0 -118.446183,34.685254,0 -118.445605,34.683999,0 -118.445147,34.682689,0 -118.444954,34.682298,0 -118.444449,34.681923,0 -118.443473,34.681741,0 -118.442126,34.681808,0 -118.441469,34.682031,0 -118.440849,34.682410,0 -118.440320,34.682688,0 -118.439404,34.682825,0 -118.438459,34.682787,0 -118.437786,34.682809,0 -118.436649,34.683101,0 -118.435653,34.683317,0 -118.434814,34.683335,0 -118.433749,34.683228,0 -118.432342,34.682985,0 -118.431470,34.682559,0 -118.430841,34.681950,0 -118.430411,34.681374,0 -118.430032,34.680999,0 -118.429429,34.680757,0 -118.428641,34.680527,0 -118.428113,34.680258,0 -118.427522,34.679778,0 -118.426690,34.679310,0 -118.425794,34.679185,0 -118.424835,34.679162,0 -118.424182,34.679199,0 -118.423233,34.679348,0 -118.422534,34.679295,0 -118.421818,34.679128,0 -118.420059,34.678424,0 -118.418942,34.677921,0 -118.418025,34.677427,0 -118.417020,34.676578,0 -118.416319,34.676322,0 -118.414388,34.675892,0 -118.413906,34.675716,0 -118.413511,34.675442,0 -118.412981,34.675247,0 -118.411489,34.675318,0 -118.410330,34.675266,0 -118.407288,34.674817,0 -118.405958,34.674690,0 -118.403320,34.674744,0 -118.402521,34.674721,0 -118.401306,34.674503,0 -118.400310,34.673996,0 -118.399827,34.673485,0 -118.398710,34.672554,0 -118.398357,34.672217,0 -118.397816,34.671904,0 -118.396779,34.671775,0 -118.396099,34.671844,0 -118.395632,34.671860,0 -118.394057,34.671671,0 -118.392939,34.671613,0 -118.392309,34.671525,0 -118.391644,34.671471,0 -118.391283,34.671556,0 -118.390990,34.671871,0 -118.390691,34.672264,0 -118.390210,34.672713,0 -118.389806,34.672962,0 -118.389143,34.673190,0 -118.388661,34.673291,0 -118.387928,34.673337,0 -118.387284,34.673229,0 -118.387080,34.673106,0 -118.386910,34.672923,0 -118.386706,34.672391,0 -118.386524,34.672086,0 -118.385055,34.670843,0 -118.384199,34.670314,0 -118.383689,34.670110,0 -118.383112,34.669972,0 -118.382583,34.669805,0 -118.381733,34.669273,0 -118.381377,34.669097,0 -118.380986,34.668999,0 -118.380258,34.669078,0 -118.379689,34.669226,0 -118.379306,34.669429,0 -118.378881,34.669753,0 -118.378653,34.669878,0 -118.378245,34.669946,0 -118.377820,34.669917,0 -118.377006,34.669568,0 -118.375495,34.669217,0 -118.374141,34.668561,0 -118.373849,34.668490,0 -118.373087,34.668392,0 -118.372548,34.668110,0 -118.371986,34.667618,0 -118.371251,34.667131,0 -118.370585,34.666831,0 -118.369901,34.666481,0 -118.369135,34.666201,0 -118.368588,34.666013,0 -118.367897,34.665964,0 -118.366457,34.666165,0 -118.365965,34.666169,0 -118.365474,34.666096,0 -118.364800,34.665916,0 -118.364162,34.665589,0 -118.363174,34.665143,0 -118.362917,34.664359,0 -118.362649,34.664107,0 -118.361022,34.663690,0 -118.360235,34.663464,0 -118.359688,34.663266,0 -118.358959,34.663172,0 -118.358313,34.663185,0 -118.357663,34.663137,0 -118.356759,34.662802,0 -118.354209,34.661717,0 -118.353735,34.661451,0 -118.353664,34.661315,0 -118.353836,34.661062,0 -118.354467,34.660722,0 -118.354820,34.660403,0 -118.355193,34.660006,0 -118.356221,34.657862,0 -118.356331,34.657352,0 -118.356165,34.656966,0 -118.355437,34.656814,0 -118.354868,34.656751,0 -118.354444,34.656656,0 -118.354150,34.656411,0 -118.353902,34.656132,0 -118.352669,34.655670,0 -118.352072,34.655607,0 -118.350901,34.655987,0 -118.350688,34.655994,0 -118.349743,34.655723,0 -118.349137,34.655479,0 -118.348604,34.655186,0 -118.347950,34.654974,0 -118.347175,34.654869,0 -118.346607,34.654664,0 -118.346272,34.654449,0 -118.346247,34.653731,0 -118.346175,34.653355,0 -118.345931,34.652331,0 -118.345738,34.651983,0 -118.345247,34.651915,0 -118.344570,34.651894,0 -118.343844,34.651653,0 -118.343326,34.651328,0 -118.342730,34.650847,0 -118.342382,34.650300,0 -118.342023,34.649992,0 -118.341214,34.649909,0 -118.340414,34.649672,0 -118.339757,34.649620,0 -118.339052,34.649664,0 -118.338070,34.649562,0 -118.337030,34.649395,0 -118.336287,34.649325,0 -118.335374,34.649134,0 -118.334436,34.649121,0 -118.333066,34.649218,0 -118.332601,34.649207,0 -118.331840,34.649020,0 -118.331221,34.648735,0 -118.329674,34.647677,0 -118.329202,34.647029,0 -118.328649,34.646795,0 -118.327919,34.646762,0 -118.327285,34.646862,0 -118.326546,34.646918,0 -118.326133,34.646665,0 -118.325368,34.645710,0 -118.324207,34.644946,0 -118.324031,34.644472,0 -118.324368,34.643923,0 -118.324850,34.643439,0 -118.325803,34.642674,0 -118.326789,34.642241,0 -118.328103,34.641991,0 -118.329196,34.641859,0 -118.330063,34.641663,0 -118.330859,34.641102,0 -118.332451,34.639329,0 -118.333075,34.638749,0 -118.334008,34.638615,0 -118.335144,34.638954,0 -118.336310,34.639441,0 -118.337746,34.640105,0 -118.339849,34.640932,0 -118.340983,34.641413,0 -118.342447,34.641956,0 -118.344052,34.642449,0 -118.347012,34.642980,0 -118.348906,34.643600,0 -118.350221,34.643986,0 -118.352239,34.644388,0 -118.353030,34.644722,0 -118.353707,34.645127,0 -118.354261,34.645306,0 -118.354639,34.645360,0 -118.355172,34.645307,0 -118.356245,34.645482,0 -118.357892,34.646207,0 -118.359699,34.646913,0 -118.360269,34.647035,0 -118.362479,34.646467,0 -118.363915,34.646472,0 -118.365392,34.646733,0 -118.366745,34.646877,0 -118.367772,34.646744,0 -118.368770,34.646681,0 -118.370103,34.646792,0 -118.371062,34.646719,0 -118.371885,34.646099,0 -118.372519,34.645320,0 -118.372976,34.644695,0 -118.373416,34.644316,0 -118.373620,34.644068,0 -118.374105,34.642804,0 -118.374423,34.642127,0 -118.374795,34.641500,0 -118.375226,34.640919,0 -118.375944,34.640274,0 -118.377253,34.639320,0 -118.377559,34.638995,0 -118.377745,34.638588,0 -118.377909,34.638003,0 -118.378253,34.637368,0 -118.378582,34.636850,0 -118.378693,34.636565,0 -118.378939,34.636237,0 -118.379128,34.636053,0 -118.379452,34.635860,0 -118.379816,34.635549,0 -118.380027,34.635256,0 -118.380124,34.635058,0 -118.380129,34.634810,0 -118.379890,34.634413,0 -118.379469,34.634133,0 -118.378350,34.633772,0 -118.377237,34.633527,0 -118.376874,34.633331,0 -118.376652,34.633096,0 -118.376517,34.632814,0 -118.375957,34.632141,0 -118.375894,34.632019,0 -118.374257,34.632183,0 -118.373606,34.632191,0 -118.372885,34.632050,0 -118.372316,34.631894,0 -118.371777,34.631607,0 -118.371307,34.631166,0 -118.370873,34.630654,0 -118.370473,34.630028,0 -118.370346,34.629385,0 -118.370471,34.628792,0 -118.370558,34.628129,0 -118.370448,34.627643,0 -118.369998,34.627166,0 -118.369893,34.626835,0 -118.369891,34.626554,0 -118.369792,34.626239,0 -118.369444,34.626020,0 -118.369075,34.625846,0 -118.368735,34.625589,0 -118.368502,34.625289,0 -118.367800,34.624795,0 -118.367297,34.624658,0 -118.367321,34.624333,0 -118.367284,34.624065,0 -118.367054,34.623755,0 -118.365700,34.623357,0 -118.365224,34.623022,0 -118.364769,34.622157,0 -118.364541,34.621488,0 -118.364377,34.621120,0 -118.364035,34.620799,0 -118.363934,34.620747,0 -118.363472,34.620507,0 -118.362976,34.620094,0 -118.362765,34.619666,0 -118.362427,34.619208,0 -118.361725,34.618911,0 -118.360979,34.618757,0 -118.360586,34.618646,0 -118.359634,34.618522,0 -118.359279,34.618355,0 -118.358863,34.618043,0 -118.358358,34.617476,0 -118.358215,34.617131,0 -118.357937,34.616744,0 -118.357409,34.616450,0 -118.356815,34.616251,0 -118.356266,34.615953,0 -118.355904,34.615660,0 -118.355508,34.615263,0 -118.355188,34.614737,0 -118.355070,34.614287,0 -118.354919,34.613926,0 -118.354516,34.613462,0 -118.353554,34.613026,0 -118.352026,34.612653,0 -118.351542,34.612683,0 -118.350905,34.612804,0 -118.350293,34.612749,0 -118.349514,34.612602,0 -118.349107,34.612570,0 -118.348557,34.612630,0 -118.348013,34.612740,0 -118.347791,34.612537,0 -118.348116,34.611315,0 -118.348109,34.610759,0 -118.347799,34.609823,0 -118.347706,34.609137,0 -118.347672,34.608526,0 -118.347295,34.607530,0 -118.347195,34.606949,0 -118.347056,34.606493,0 -118.346858,34.606006,0 -118.346719,34.605496,0 -118.346694,34.605079,0 -118.346848,34.604511,0 -118.347054,34.603966,0 -118.347438,34.603285,0 -118.347380,34.602824,0 -118.346766,34.602621,0 -118.346288,34.602750,0 -118.345866,34.602931,0 -118.345435,34.603055,0 -118.344964,34.603076,0 -118.344588,34.602875,0 -118.344266,34.602624,0 -118.343713,34.602452,0 -118.342996,34.602449,0 -118.342550,34.602348,0 -118.341880,34.602005,0 -118.340770,34.601370,0 -118.338572,34.600928,0 -118.337427,34.600875,0 -118.336695,34.600766,0 -118.336242,34.600660,0 -118.335039,34.600037,0 -118.334495,34.599618,0 -118.333921,34.599308,0 -118.333340,34.599071,0 -118.331807,34.598797,0 -118.331240,34.598593,0 -118.329668,34.597682,0 -118.328941,34.597491,0 -118.327565,34.597403,0 -118.327107,34.597456,0 -118.326628,34.597454,0 -118.325121,34.596988,0 -118.324517,34.596981,0 -118.323402,34.597137,0 -118.322519,34.597205,0 -118.322153,34.597268,0 -118.321095,34.597683,0 -118.320598,34.597785,0 -118.320093,34.597811,0 -118.318547,34.597433,0 -118.317613,34.597138,0 -118.316884,34.596777,0 -118.315944,34.596470,0 -118.315478,34.596375,0 -118.315234,34.596371,0 -118.315117,34.596131,0 -118.315101,34.595987,0 -118.315332,34.595212,0 -118.315379,34.594676,0 -118.315179,34.594047,0 -118.314707,34.593430,0 -118.314456,34.592914,0 -118.314243,34.592340,0 -118.313819,34.591860,0 -118.313091,34.591552,0 -118.312073,34.590701,0 -118.310648,34.589948,0 -118.310146,34.589640,0 -118.309528,34.589018,0 -118.309096,34.588477,0 -118.308144,34.587660,0 -118.307715,34.587349,0 -118.307208,34.587129,0 -118.306375,34.586980,0 -118.305762,34.586827,0 -118.304586,34.586280,0 -118.304125,34.586019,0 -118.303682,34.585631,0 -118.302989,34.584836,0 -118.302736,34.584102,0 -118.302849,34.583562,0 -118.302953,34.583301,0 -118.303089,34.583077,0 -118.303119,34.582802,0 -118.303068,34.582363,0 -118.302956,34.581891,0 -118.302705,34.581316,0 -118.302348,34.580943,0 -118.301919,34.580585,0 -118.301655,34.580164,0 -118.301523,34.579669,0 -118.301618,34.578620,0 -118.301804,34.577992,0 -118.301878,34.577448,0 -118.301785,34.576936,0 -118.301526,34.576317,0 -118.301392,34.575581,0 -118.301799,34.574491,0 -118.301944,34.573835,0 -118.301719,34.573265,0 -118.301362,34.572841,0 -118.300972,34.572468,0 -118.300728,34.571977,0 -118.300861,34.571430,0 -118.301296,34.570438,0 -118.301475,34.569821,0 -118.301375,34.569290,0 -118.301204,34.569082,0 -118.300756,34.569179,0 -118.298400,34.569286,0 -118.297151,34.569295,0 -118.295043,34.569145,0 -118.294085,34.569016,0 -118.292619,34.568664,0 -118.291390,34.568634,0 -118.290171,34.568379,0 -118.288687,34.568138,0 -118.287234,34.567743,0 -118.286164,34.567668,0 -118.283647,34.567762,0 -118.282449,34.567590,0 -118.281444,34.567346,0 -118.279544,34.566808,0 -118.278790,34.566701,0 -118.277208,34.566414,0 -118.275245,34.566105,0 -118.274297,34.566183,0 -118.273381,34.566344,0 -118.272733,34.566650,0 -118.271401,34.567573,0 -118.270091,34.568037,0 -118.269249,34.568169,0 -118.268171,34.568064,0 -118.266726,34.567799,0 -118.264912,34.567712,0 -118.263518,34.567782,0 -118.260766,34.567733,0 -118.259817,34.567798,0 -118.258926,34.567724,0 -118.258512,34.567572,0 -118.257591,34.567084,0 -118.256516,34.566604,0 -118.254769,34.566033,0 -118.254097,34.565917,0 -118.253053,34.565194,0 -118.252185,34.564754,0 -118.251925,34.563959,0 -118.252163,34.562706,0 -118.252164,34.562160,0 -118.252036,34.561298,0 -118.251442,34.560395,0 -118.251296,34.559770,0 -118.251007,34.559389,0 -118.250663,34.559085,0 -118.249801,34.558517,0 -118.249185,34.558043,0 -118.248675,34.557579,0 -118.248418,34.556885,0 -118.248347,34.556203,0 -118.248163,34.555544,0 -118.247855,34.554652,0 -118.247737,34.554036,0 -118.247309,34.552890,0 -118.247085,34.552428,0 -118.246569,34.552075,0 -118.246131,34.551958,0 -118.245606,34.551765,0 -118.245275,34.551572,0 -118.244664,34.551296,0 -118.244227,34.550958,0 -118.244162,34.550585,0 -118.244205,34.549750,0 -118.244147,34.549199,0 -118.243737,34.548468,0 -118.243441,34.547768,0 -118.243351,34.547185,0 -118.243321,34.546114,0 -118.242998,34.545629,0 -118.242624,34.545459,0 -118.242154,34.545434,0 -118.241424,34.545482,0 -118.240705,34.545480,0 -118.240088,34.545279,0 -118.239465,34.544755,0 -118.238876,34.544347,0 -118.237880,34.544285,0 -118.237023,34.544271,0 -118.236272,34.544209,0 -118.235535,34.544047,0 -118.234786,34.543743,0 -118.234301,34.543660,0 -118.233590,34.543640,0 -118.232978,34.543793,0 -118.232346,34.544035,0 -118.231707,34.544065,0 -118.230825,34.543930,0 -118.229836,34.543726,0 -118.228459,34.543936,0 -118.226130,34.544943,0 -118.225045,34.545301,0 -118.223702,34.545589,0 -118.222318,34.545771,0 -118.220863,34.546005,0 -118.219512,34.546485,0 -118.217070,34.547055,0 -118.216292,34.547405,0 -118.215248,34.547727,0 -118.214277,34.547723,0 -118.213527,34.547507,0 -118.211326,34.546302,0 -118.210770,34.546031,0 -118.210119,34.545782,0 -118.209338,34.545053,0 -118.208701,34.544733,0 -118.207940,34.544214,0 -118.207444,34.543498,0 -118.207177,34.542403,0 -118.206761,34.541501,0 -118.206552,34.540797,0 -118.206364,34.539465,0 -118.205975,34.538689,0 -118.205400,34.537957,0 -118.204395,34.536811,0 -118.204000,34.536280,0 -118.203224,34.535801,0 -118.202288,34.535533,0 -118.201570,34.535653,0 -118.200977,34.536096,0 -118.200431,34.536435,0 -118.200145,34.536485,0 -118.198657,34.536513,0 -118.197673,34.536681,0 -118.196767,34.537003,0 -118.195576,34.537626,0 -118.194797,34.537716,0 -118.193960,34.538016,0 -118.193340,34.538470,0 -118.192907,34.538635,0 -118.192137,34.538703,0 -118.191180,34.538701,0 -118.190117,34.538518,0 -118.189195,34.538004,0 -118.187964,34.536992,0 -118.186507,34.535976,0 -118.185964,34.535733,0 -118.185293,34.535605,0 -118.184649,34.535295,0 -118.184079,34.535172,0 -118.183454,34.535226,0 -118.182369,34.535711,0 -118.181599,34.535665,0 -118.180776,34.535366,0 -118.179241,34.533810,0 -118.178678,34.533411,0 -118.178295,34.533059,0 -118.178046,34.532344,0 -118.177750,34.531701,0 -118.177108,34.531252,0 -118.176397,34.531069,0 -118.175919,34.530997,0 -118.175456,34.530769,0 -118.175244,34.530483,0 -118.175106,34.530141,0 -118.174871,34.529267,0 -118.174621,34.528771,0 -118.174284,34.528341,0 -118.173861,34.527938,0 -118.173251,34.527607,0 -118.172515,34.527472,0 -118.171018,34.527687,0 -118.170188,34.527535,0 -118.168283,34.527150,0 -118.167349,34.526895,0 -118.166233,34.526743,0 -118.164848,34.526135,0 -118.164323,34.525973,0 -118.164100,34.525846,0 -118.164080,34.525564,0 -118.163518,34.524722,0 -118.162329,34.523591,0 -118.161972,34.522891,0 -118.162050,34.520627,0 -118.161809,34.519587,0 -118.161214,34.518942,0 -118.160492,34.518522,0 -118.159856,34.518057,0 -118.159500,34.517589,0 -118.159191,34.516923,0 -118.158911,34.515784,0 -118.158268,34.515511,0 -118.157590,34.515560,0 -118.156792,34.515672,0 -118.156022,34.515693,0 -118.155790,34.515659,0 -118.155644,34.515570,0 -118.154828,34.515280,0 -118.154252,34.514973,0 -118.153769,34.514634,0 -118.153138,34.514583,0 -118.152236,34.514178,0 -118.151562,34.513505,0 -118.151042,34.512602,0 -118.150793,34.511891,0 -118.150410,34.511368,0 -118.149575,34.511107,0 -118.148000,34.511205,0 -118.147385,34.510765,0 -118.147129,34.510097,0 -118.147192,34.509335,0 -118.147024,34.508509,0 -118.146820,34.507974,0 -118.146564,34.507468,0 -118.146155,34.506932,0 -118.145506,34.506208,0 -118.144316,34.505286,0 -118.143980,34.504974,0 -118.143636,34.504574,0 -118.143348,34.504085,0 -118.142750,34.503266,0 -118.140912,34.501637,0 -118.140637,34.501786,0 -118.140404,34.502000,0 -118.140330,34.502179,0 -118.140308,34.502774,0 -118.140122,34.503630,0 -118.140031,34.503902,0 -118.139780,34.504161,0 -118.139523,34.504265,0 -118.139073,34.504314,0 -118.138453,34.504238,0 -118.137803,34.504076,0 -118.137359,34.503915,0 -118.136287,34.503454,0 -118.135765,34.503349,0 -118.135125,34.503318,0 -118.134208,34.503514,0 -118.133752,34.503579,0 -118.133297,34.503523,0 -118.132086,34.503272,0 -118.130638,34.502903,0 -118.129846,34.502892,0 -118.129057,34.502962,0 -118.128409,34.502856,0 -118.127931,34.502634,0 -118.126975,34.501856,0 -118.126351,34.501215,0 -118.126019,34.500815,0 -118.125562,34.500467,0 -118.125322,34.500181,0 -118.125027,34.499723,0 -118.124349,34.499153,0 -118.124012,34.498955,0 -118.123712,34.498827,0 -118.122798,34.498883,0 -118.121308,34.499129,0 -118.120862,34.499239,0 -118.120130,34.499232,0 -118.119632,34.499124,0 -118.118899,34.498819,0 -118.117880,34.498549,0 -118.117357,34.498446,0 -118.116738,34.498440,0 -118.116041,34.498357,0 -118.115832,34.498286,0 -118.115317,34.497964,0 -118.114922,34.497801,0 -118.114391,34.497700,0 -118.113360,34.497686,0 -118.107351,34.497457,0 -118.106855,34.497509,0 -118.105243,34.497952,0 -118.104910,34.498068,0 -118.104401,34.498261,0 -118.103807,34.498580,0 -118.103375,34.498839,0 -118.103106,34.499157,0 -118.102722,34.499727,0 -118.102614,34.499801,0 -118.101321,34.499723,0 -118.100811,34.499820,0 -118.100388,34.499939,0 -118.099983,34.499965,0 -118.099503,34.499847,0 -118.098969,34.499658,0 -118.097854,34.499668,0 -118.096857,34.499578,0 -118.095547,34.499502,0 -118.094672,34.499657,0 -118.094083,34.499811,0 -118.093512,34.499858,0 -118.092815,34.499788,0 -118.092020,34.499471,0 -118.090894,34.499161,0 -118.089843,34.499010,0 -118.087918,34.499203,0 -118.086930,34.499216,0 -118.084441,34.498862,0 -118.083446,34.498393,0 -118.083068,34.497930,0 -118.082174,34.496995,0 -118.081745,34.496158,0 -118.081376,34.495837,0 -118.080821,34.495582,0 -118.080256,34.495457,0 -118.079994,34.495215,0 -118.079929,34.494298,0 -118.079645,34.493793,0 -118.078906,34.493108,0 -118.078782,34.492778,0 -118.078810,34.492334,0 -118.079226,34.491603,0 -118.079326,34.491136,0 -118.079241,34.490598,0 -118.079190,34.489796,0 -118.079087,34.489411,0 -118.078870,34.489016,0 -118.078712,34.488643,0 -118.078430,34.488321,0 -118.077818,34.487776,0 -118.077681,34.487384,0 -118.077728,34.486876,0 -118.077907,34.486248,0 -118.078195,34.484822,0 -118.078645,34.483631,0 -118.079095,34.482939,0 -118.078877,34.482490,0 -118.078038,34.482239,0 -118.077216,34.481790,0 -118.076648,34.481558,0 -118.075995,34.481398,0 -118.074731,34.481183,0 -118.074130,34.480913,0 -118.073512,34.480351,0 -118.073109,34.479892,0 -118.073112,34.479569,0 -118.073172,34.479157,0 -118.073453,34.478723,0 -118.073827,34.478276,0 -118.074505,34.477302,0 -118.074653,34.476912,0 -118.074742,34.476475,0 -118.074385,34.476127,0 -118.072914,34.475874,0 -118.072527,34.475747,0 -118.072232,34.475413,0 -118.072046,34.474892,0 -118.071982,34.474529,0 -118.071978,34.474178,0 -118.071907,34.473773,0 -118.071870,34.472864,0 -118.071745,34.472411,0 -118.071374,34.472051,0 -118.070995,34.471944,0 -118.070450,34.471887,0 -118.069964,34.471786,0 -118.069544,34.471608,0 -118.069321,34.471386,0 -118.069166,34.471133,0 -118.069101,34.470716,0 -118.069091,34.470360,0 -118.069164,34.469825,0 -118.069366,34.469498,0 -118.069622,34.469255,0 -118.069912,34.469077,0 -118.070028,34.468805,0 -118.069551,34.468347,0 -118.069157,34.468110,0 -118.068714,34.467705,0 -118.068457,34.467344,0 -118.067820,34.466877,0 -118.066828,34.465978,0 -118.066389,34.465387,0 -118.065692,34.464817,0 -118.065116,34.464481,0 -118.065007,34.464173,0 -118.064943,34.463788,0 -118.064965,34.462825,0 -118.065114,34.462522,0 -118.065554,34.462189,0 -118.066542,34.461531,0 -118.067370,34.461344,0 -118.068111,34.461112,0 -118.068737,34.460789,0 -118.068986,34.460473,0 -118.069126,34.459971,0 -118.069307,34.459002,0 -118.069378,34.458788,0 -118.070291,34.456861,0 -118.070457,34.456305,0 -118.070492,34.455304,0 -118.070432,34.454873,0 -118.070267,34.454294,0 -118.069889,34.453289,0 -118.069719,34.452966,0 -118.069445,34.452739,0 -118.068917,34.452452,0 -118.068659,34.452019,0 -118.068633,34.449781,0 -118.068715,34.447767,0 -118.068796,34.447266,0 -118.068917,34.446854,0 -118.069072,34.446522,0 -118.069242,34.446268,0 -118.069270,34.445904,0 -118.069054,34.445620,0 -118.068266,34.445165,0 -118.067918,34.444927,0 -118.067607,34.444494,0 -118.067637,34.442607,0 -118.067268,34.441539,0 -118.066683,34.440449,0 -118.066518,34.439995,0 -118.066352,34.439340,0 -118.066312,34.438896,0 -118.066322,34.438549,0 -118.066199,34.438176,0 -118.065507,34.437551,0 -118.065099,34.436750,0 -118.064931,34.436505,0 -118.065007,34.436207,0 -118.065702,34.435513,0 -118.065950,34.435160,0 -118.066076,34.434653,0 -118.066081,34.433389,0 -118.066478,34.431587,0 -118.066392,34.430994,0 -118.066092,34.430375,0 -118.065947,34.429943,0 -118.065869,34.429432,0 -118.066080,34.428188,0 -118.066199,34.427060,0 -118.065924,34.426275,0 -118.065792,34.425769,0 -118.065786,34.425303,0 -118.066512,34.423817,0 -118.066682,34.423563,0 -118.066882,34.423046,0 -118.067294,34.422564,0 -118.068308,34.422451,0 -118.068803,34.422287,0 -118.069551,34.422093,0 -118.070194,34.422029,0 -118.071520,34.421979,0 -118.072049,34.421826,0 -118.072488,34.421387,0 -118.072854,34.420852,0 -118.073080,34.420371,0 -118.073073,34.419811,0 -118.072856,34.418811,0 -118.072898,34.417866,0 -118.072484,34.417160,0 -118.072229,34.416860,0 -118.071847,34.416589,0 -118.071586,34.416331,0 -118.071274,34.415844,0 -118.070878,34.415474,0 -118.070366,34.415384,0 -118.069607,34.415632,0 -118.069149,34.415735,0 -118.068506,34.415801,0 -118.067439,34.415788,0 -118.066820,34.415694,0 -118.065803,34.414998,0 -118.065560,34.414659,0 -118.065503,34.414198,0 -118.065537,34.413774,0 -118.065732,34.413438,0 -118.065834,34.413095,0 -118.065795,34.412617,0 -118.065158,34.412061,0 -118.064895,34.411619,0 -118.064331,34.409985,0 -118.064019,34.409427,0 -118.063764,34.408588,0 -118.063279,34.407424,0 -118.063392,34.406907,0 -118.063605,34.406383,0 -118.063764,34.405872,0 -118.063872,34.405386,0 -118.063818,34.404764,0 -118.063538,34.404140,0 -118.062966,34.403430,0 -118.062390,34.402880,0 -118.061656,34.402578,0 -118.060403,34.402120,0 -118.059748,34.401670,0 -118.059326,34.401238,0 -118.058980,34.400685,0 -118.058569,34.400149,0 -118.058179,34.399713,0 -118.057706,34.398996,0 -118.057434,34.398433,0 -118.057070,34.397913,0 -118.056487,34.397424,0 -118.055222,34.396993,0 -118.054781,34.396728,0 -118.054627,34.396069,0 -118.054919,34.395434,0 -118.055084,34.394933,0 -118.054644,34.393562,0 -118.054496,34.392770,0 -118.054214,34.391947,0 -118.053820,34.391187,0 -118.053452,34.390371,0 -118.053226,34.389713,0 -118.053141,34.389251,0 -118.052949,34.388703,0 -118.052571,34.388095,0 -118.052260,34.387677,0 -118.052106,34.387556,0 -118.051402,34.387512,0 -118.050849,34.387273,0 -118.048699,34.386615,0 -118.046727,34.385778,0 -118.046179,34.385442,0 -118.045492,34.385117,0 -118.045020,34.385056,0 -118.044133,34.385243,0 -118.043486,34.384897,0 -118.043050,34.383855,0 -118.042915,34.383168,0 -118.042589,34.382430,0 -118.041981,34.381517,0 -118.041717,34.381045,0 -118.041427,34.380668,0 -118.041071,34.380325,0 -118.040712,34.380207,0 -118.040395,34.380302,0 -118.039212,34.381218,0 -118.038518,34.381460,0 -118.037062,34.381691,0 -118.035333,34.381839,0 -118.034837,34.382035,0 -118.034352,34.381906,0 -118.033368,34.381112,0 -118.032069,34.379533,0 -118.031429,34.378592,0 -118.030663,34.377773,0 -118.030157,34.377007,0 -118.029876,34.376783,0 -118.029332,34.376799,0 -118.028813,34.376671,0 -118.027878,34.376052,0 -118.027245,34.375748,0 -118.025757,34.375490,0 -118.025357,34.375306,0 -118.024916,34.374792,0 -118.023897,34.373851,0 -118.022641,34.372931,0 -118.021944,34.372210,0 -118.021532,34.371961,0 -118.019548,34.371274,0 -118.018828,34.371164,0 -118.018550,34.371220,0 -118.018060,34.371183,0 -118.017549,34.370955,0 -118.017420,34.370564,0 -118.017425,34.370068,0 -118.017369,34.369634,0 -118.017252,34.368978,0 -118.017125,34.368488,0 -118.016805,34.367774,0 -118.016596,34.367385,0 -118.016352,34.367036,0 -118.015764,34.366734,0 -118.015536,34.366548,0 -118.014650,34.365397,0 -118.014310,34.365211,0 -118.013469,34.364933,0 -118.013181,34.364763,0 -118.013062,34.364486,0 -118.013005,34.364117,0 -118.012884,34.363906,0 -118.012495,34.363564,0 -118.011686,34.363084,0 -118.011487,34.362768,0 -118.011472,34.362053,0 -118.011649,34.361321,0 -118.011623,34.361002,0 -118.011511,34.360702,0 -118.011252,34.360200,0 -118.011223,34.360049,0 -118.011266,34.359902,0 -118.011948,34.359651,0 -118.012203,34.359484,0 -118.012785,34.359017,0 -118.012996,34.358779,0 -118.013242,34.358211,0 -118.013356,34.357845,0 -118.013395,34.357334,0 -118.013280,34.356910,0 -118.012854,34.356194,0 -118.012186,34.355573,0 -118.011500,34.355238,0 -118.010535,34.354835,0 -118.009987,34.354513,0 -118.009652,34.354101,0 -118.009239,34.353678,0 -118.009069,34.353558,0 -118.008562,34.353463,0 -118.007959,34.353452,0 -118.007354,34.353541,0 -118.006919,34.353738,0 -118.006127,34.354168,0 -118.005390,34.354497,0 -118.004862,34.354697,0 -118.004920,34.354241,0 -118.005256,34.353479,0 -118.005302,34.353253,0 -118.005200,34.353055,0 -118.004904,34.352716,0 -118.004503,34.352333,0 -118.003985,34.352143,0 -118.003363,34.352083,0 -118.002908,34.351983,0 -118.002299,34.351726,0 -118.001911,34.351328,0 -118.001637,34.350632,0 -118.001502,34.350168,0 -118.001296,34.349692,0 -118.000934,34.349016,0 -118.000683,34.348721,0 -118.000450,34.348508,0 -118.000143,34.348344,0 -117.999952,34.348292,0 -117.999749,34.348275,0 -117.999461,34.347818,0 -117.999310,34.347411,0 -117.998820,34.346336,0 -117.998604,34.345712,0 -117.998256,34.345157,0 -117.998019,34.344863,0 -117.997716,34.344626,0 -117.997358,34.344597,0 -117.996904,34.345091,0 -117.996551,34.345319,0 -117.996192,34.345477,0 -117.995840,34.345597,0 -117.994499,34.345850,0 -117.994019,34.346282,0 -117.993799,34.346530,0 -117.993006,34.346977,0 -117.992575,34.347141,0 -117.992136,34.347260,0 -117.991797,34.347423,0 -117.990941,34.347646,0 -117.990694,34.347808,0 -117.990109,34.347978,0 -117.989477,34.348278,0 -117.988810,34.349066,0 -117.988576,34.349417,0 -117.988342,34.349630,0 -117.987325,34.349923,0 -117.986994,34.349993,0 -117.986381,34.350217,0 -117.985904,34.350286,0 -117.985592,34.350230,0 -117.985289,34.350025,0 -117.985046,34.349628,0 -117.984756,34.349342,0 -117.984319,34.349163,0 -117.984248,34.348877,0 -117.984422,34.348626,0 -117.984470,34.348327,0 -117.984373,34.348041,0 -117.984258,34.347238,0 -117.984341,34.346666,0 -117.984276,34.346329,0 -117.984153,34.345945,0 -117.984109,34.345555,0 -117.984125,34.345074,0 -117.984209,34.344373,0 -117.983966,34.344018,0 -117.983026,34.343695,0 -117.982071,34.342785,0 -117.981300,34.341972,0 -117.980719,34.341425,0 -117.980410,34.341204,0 -117.979860,34.340976,0 -117.979099,34.340753,0 -117.978722,34.340603,0 -117.978102,34.340177,0 -117.977784,34.340021,0 -117.977329,34.339695,0 -117.977046,34.339315,0 -117.976637,34.338944,0 -117.976188,34.338706,0 -117.974837,34.338275,0 -117.973429,34.337709,0 -117.972972,34.337679,0 -117.972394,34.337753,0 -117.971797,34.337912,0 -117.971338,34.337947,0 -117.970715,34.338094,0 -117.969771,34.338381,0 -117.968960,34.338565,0 -117.968496,34.338742,0 -117.968308,34.339127,0 -117.968046,34.339513,0 -117.967792,34.339842,0 -117.967592,34.340044,0 -117.967180,34.340239,0 -117.966722,34.340364,0 -117.966268,34.340654,0 -117.965554,34.341398,0 -117.965261,34.341579,0 -117.964589,34.341829,0 -117.963693,34.342083,0 -117.963322,34.342116,0 -117.962845,34.342112,0 -117.962426,34.342203,0 -117.962053,34.342347,0 -117.961655,34.342433,0 -117.960979,34.342472,0 -117.960102,34.342639,0 -117.959108,34.342487,0 -117.958420,34.342307,0 -117.956260,34.342128,0 -117.954218,34.342047,0 -117.953488,34.342059,0 -117.952718,34.342128,0 -117.952267,34.342125,0 -117.950253,34.341871,0 -117.949683,34.341850,0 -117.948217,34.341861,0 -117.947395,34.341944,0 -117.946639,34.341908,0 -117.945731,34.341804,0 -117.945221,34.341704,0 -117.944685,34.341488,0 -117.944084,34.341165,0 -117.943161,34.340397,0 -117.942877,34.340268,0 -117.941769,34.340274,0 -117.941060,34.340210,0 -117.940736,34.340154,0 -117.940491,34.339939,0 -117.940271,34.339118,0 -117.940055,34.338682,0 -117.939819,34.338450,0 -117.939516,34.338053,0 -117.939232,34.337848,0 -117.938630,34.337624,0 -117.938122,34.337364,0 -117.937832,34.337155,0 -117.937614,34.336927,0 -117.937337,34.336751,0 -117.936986,34.336683,0 -117.936608,34.336670,0 -117.935396,34.336543,0 -117.934666,34.336596,0 -117.933969,34.336580,0 -117.933525,34.336518,0 -117.932716,34.336504,0 -117.931960,34.336627,0 -117.931118,34.336677,0 -117.930572,34.336822,0 -117.929370,34.337285,0 -117.928859,34.337267,0 -117.927747,34.337013,0 -117.927159,34.336774,0 -117.925933,34.336438,0 -117.925028,34.336037,0 -117.924513,34.335888,0 -117.923207,34.335668,0 -117.922610,34.335663,0 -117.921919,34.335930,0 -117.919811,34.336850,0 -117.918505,34.337730,0 -117.918226,34.337815,0 -117.917702,34.337881,0 -117.917090,34.337997,0 -117.916413,34.338219,0 -117.915749,34.338387,0 -117.914608,34.338408,0 -117.914236,34.338375,0 -117.913973,34.338170,0 -117.913651,34.337700,0 -117.913294,34.337588,0 -117.912179,34.337720,0 -117.910513,34.338069,0 -117.909988,34.338227,0 -117.909415,34.338450,0 -117.907952,34.339125,0 -117.907227,34.339320,0 -117.906815,34.339621,0 -117.906586,34.340041,0 -117.906489,34.340613,0 -117.906485,34.341208,0 -117.906250,34.341582,0 -117.905569,34.342391,0 -117.905167,34.342818,0 -117.903773,34.343960,0 -117.902300,34.345042,0 -117.901578,34.345805,0 -117.901198,34.346121,0 -117.900804,34.346390,0 -117.900493,34.346541,0 -117.900107,34.346605,0 -117.899502,34.346774,0 -117.898661,34.347479,0 -117.898242,34.347703,0 -117.897325,34.348027,0 -117.896481,34.348117,0 -117.896083,34.348208,0 -117.894693,34.348719,0 -117.893556,34.349176,0 -117.892586,34.349490,0 -117.892107,34.349603,0 -117.891543,34.349633,0 -117.890880,34.349623,0 -117.890183,34.349745,0 -117.889758,34.349783,0 -117.889374,34.349716,0 -117.888885,34.349575,0 -117.888376,34.349296,0 -117.887986,34.349032,0 -117.887464,34.348837,0 -117.886715,34.348767,0 -117.885930,34.349082,0 -117.884847,34.349417,0 -117.884447,34.349686,0 -117.883826,34.350297,0 -117.883425,34.350638,0 -117.882953,34.350822,0 -117.881911,34.350922,0 -117.881002,34.351054,0 -117.880522,34.351205,0 -117.880029,34.351506,0 -117.879662,34.351932,0 -117.879106,34.352677,0 -117.878749,34.353452,0 -117.878588,34.353703,0 -117.878107,34.354119,0 -117.877767,34.354342,0 -117.877247,34.354831,0 -117.877039,34.355082,0 -117.876942,34.355512,0 -117.876868,34.356610,0 -117.876766,34.356967,0 -117.876604,34.357268,0 -117.876102,34.357986,0 -117.875312,34.358961,0 -117.874790,34.359316,0 -117.873647,34.359938,0 -117.873218,34.360223,0 -117.872902,34.360539,0 -117.872445,34.360918,0 -117.872017,34.361167,0 -117.871471,34.361369,0 -117.870902,34.361671,0 -117.868181,34.362393,0 -117.867758,34.362710,0 -117.867446,34.363123,0 -117.867276,34.363423,0 -117.867178,34.363697,0 -117.867112,34.364153,0 -117.866941,34.364474,0 -117.866692,34.364719,0 -117.866351,34.364909,0 -117.865460,34.365145,0 -117.864239,34.365199,0 -117.863746,34.365324,0 -117.863326,34.365539,0 -117.862860,34.365624,0 -117.861508,34.365613,0 -117.860740,34.365638,0 -117.860138,34.365862,0 -117.859883,34.365728,0 -117.859781,34.365500,0 -117.859534,34.365169,0 -117.858499,34.364344,0 -117.858123,34.363851,0 -117.857931,34.363442,0 -117.857711,34.362637,0 -117.857577,34.361977,0 -117.857598,34.361499,0 -117.857679,34.360939,0 -117.857686,34.360526,0 -117.857655,34.360011,0 -117.857571,34.359454,0 -117.857345,34.358297,0 -117.857092,34.357927,0 -117.856628,34.357888,0 -117.856091,34.357916,0 -117.855268,34.358009,0 -117.854711,34.357993,0 -117.852894,34.357643,0 -117.851656,34.357181,0 -117.850770,34.357049,0 -117.850443,34.356814,0 -117.850228,34.356543,0 -117.850000,34.355959,0 -117.849742,34.355487,0 -117.849251,34.355098,0 -117.848779,34.354822,0 -117.848019,34.354622,0 -117.847599,34.354386,0 -117.847075,34.354017,0 -117.846497,34.353676,0 -117.846221,34.353552,0 -117.845991,34.353396,0 -117.845641,34.352963,0 -117.845541,34.352572,0 -117.845323,34.352141,0 -117.844764,34.351864,0 -117.844150,34.351699,0 -117.843549,34.351600,0 -117.842851,34.351350,0 -117.842271,34.351068,0 -117.840694,34.349519,0 -117.840559,34.349224,0 -117.840485,34.348862,0 -117.840280,34.348469,0 -117.840160,34.348081,0 -117.840150,34.347504,0 -117.840238,34.347001,0 -117.840207,34.346395,0 -117.839886,34.345349,0 -117.839730,34.345226,0 -117.839497,34.345256,0 -117.839154,34.345164,0 -117.838608,34.344942,0 -117.837610,34.344758,0 -117.836457,34.344770,0 -117.835200,34.344630,0 -117.834076,34.344552,0 -117.833214,34.344538,0 -117.832723,34.344587,0 -117.832064,34.344751,0 -117.831613,34.344767,0 -117.831125,34.344646,0 -117.830736,34.344521,0 -117.830335,34.344307,0 -117.830054,34.344034,0 -117.829656,34.343728,0 -117.829347,34.343538,0 -117.828852,34.343422,0 -117.828319,34.343207,0 -117.827781,34.342877,0 -117.827448,34.342669,0 -117.826848,34.341997,0 -117.826448,34.341768,0 -117.825711,34.341436,0 -117.824835,34.341125,0 -117.824260,34.341079,0 -117.823764,34.341001,0 -117.823347,34.340986,0 -117.822582,34.341147,0 -117.821628,34.341164,0 -117.820477,34.341026,0 -117.819719,34.340736,0 -117.817679,34.340307,0 -117.817151,34.340283,0 -117.816513,34.340337,0 -117.815934,34.340456,0 -117.815119,34.340471,0 -117.814650,34.340393,0 -117.814275,34.340278,0 -117.813860,34.340075,0 -117.813192,34.340035,0 -117.812859,34.340147,0 -117.812431,34.340423,0 -117.811087,34.341489,0 -117.810732,34.341694,0 -117.810380,34.341777,0 -117.809824,34.341761,0 -117.809083,34.341670,0 -117.808207,34.341380,0 -117.807172,34.341082,0 -117.806361,34.341205,0 -117.805822,34.341359,0 -117.805432,34.341696,0 -117.805183,34.342748,0 -117.804748,34.343863,0 -117.804495,34.344290,0 -117.803750,34.345226,0 -117.802347,34.347100,0 -117.801700,34.347812,0 -117.801264,34.348106,0 -117.800920,34.348479,0 -117.799980,34.349618,0 -117.799503,34.350365,0 -117.798918,34.350876,0 -117.798328,34.351698,0 -117.798005,34.351991,0 -117.796824,34.352851,0 -117.795752,34.353564,0 -117.794456,34.354577,0 -117.793750,34.354871,0 -117.793025,34.354961,0 -117.791574,34.355336,0 -117.791034,34.355517,0 -117.790516,34.355620,0 -117.789868,34.355930,0 -117.788033,34.357042,0 -117.783839,34.358571,0 -117.782430,34.358841,0 -117.781396,34.359198,0 -117.778881,34.359788,0 -117.777050,34.360317,0 -117.774657,34.361164,0 -117.773619,34.361336,0 -117.772833,34.361229,0 -117.772014,34.361061,0 -117.770053,34.361044,0 -117.769043,34.360823,0 -117.768413,34.360402,0 -117.767210,34.359481,0 -117.766021,34.359205,0 -117.765329,34.358982,0 -117.764713,34.358920,0 -117.764392,34.359118,0 -117.763963,34.359454,0 -117.763248,34.360568,0 -117.762794,34.361112,0 -117.762222,34.362017,0 -117.761323,34.363804,0 -117.760655,34.364932,0 -117.760346,34.365870,0 -117.760225,34.366787,0 -117.759556,34.367900,0 -117.758699,34.368812,0 -117.757522,34.369854,0 -117.756232,34.370838,0 -117.755434,34.371356,0 -117.755000,34.371587,0 -117.753986,34.371965,0 -117.753301,34.372432,0 -117.752701,34.372974,0 -117.752101,34.373626,0 -117.751894,34.374090,0 -117.751671,34.374730,0 -117.751626,34.375763,0 -117.751517,34.375955,0 -117.751355,34.376146,0 -117.750824,34.376577,0 -117.750410,34.377146,0 -117.750178,34.377312,0 -117.750026,34.378544,0 -117.749794,34.379237,0 -117.749456,34.379929,0 -117.748972,34.380561,0 -117.748568,34.381195,0 -117.748297,34.381465,0 -117.747939,34.381690,0 -117.747382,34.381777,0 -117.746606,34.381543,0 -117.745877,34.381108,0 -117.745187,34.380878,0 -117.744582,34.380856,0 -117.743907,34.381047,0 -117.742833,34.381428,0 -117.742369,34.381537,0 -117.742064,34.381577,0 -117.740578,34.381962,0 -117.739591,34.381885,0 -117.737442,34.381585,0 -117.736440,34.381294,0 -117.735658,34.380957,0 -117.734849,34.380755,0 -117.734186,34.380739,0 -117.733483,34.380887,0 -117.731984,34.381284,0 -117.731341,34.381245,0 -117.729299,34.380729,0 -117.728463,34.380548,0 -117.727674,34.380329,0 -117.726963,34.379663,0 -117.726579,34.379427,0 -117.725730,34.379400,0 -117.725167,34.379218,0 -117.724676,34.378652,0 -117.724464,34.377872,0 -117.724164,34.377349,0 -117.723713,34.376994,0 -117.723196,34.376942,0 -117.722639,34.376723,0 -117.722414,34.376322,0 -117.721731,34.375965,0 -117.720796,34.376091,0 -117.719921,34.376048,0 -117.719238,34.375922,0 -117.718673,34.375745,0 -117.718243,34.375432,0 -117.718010,34.375013,0 -117.717488,34.374450,0 -117.717178,34.374180,0 -117.716871,34.373967,0 -117.716244,34.373692,0 -117.715964,34.373623,0 -117.715614,34.373709,0 -117.715219,34.373981,0 -117.714957,34.374281,0 -117.714574,34.374935,0 -117.714383,34.375084,0 -117.714053,34.375219,0 -117.713847,34.375232,0 -117.713594,34.375179,0 -117.713334,34.375099,0 -117.713101,34.374967,0 -117.712436,34.374335,0 -117.712199,34.373996,0 -117.712054,34.373585,0 -117.711797,34.373214,0 -117.711413,34.372777,0 -117.711106,34.372576,0 -117.710765,34.372429,0 -117.710433,34.372365,0 -117.710008,34.372409,0 -117.709519,34.372545,0 -117.708930,34.372649,0 -117.708075,34.372728,0 -117.707370,34.372609,0 -117.706657,34.372360,0 -117.705412,34.371579,0 -117.704745,34.371271,0 -117.703531,34.370791,0 -117.702908,34.370450,0 -117.702149,34.370161,0 -117.701497,34.370065,0 -117.701076,34.369845,0 -117.700787,34.369556,0 -117.700218,34.369119,0 -117.699723,34.368892,0 -117.699224,34.368771,0 -117.698327,34.368497,0 -117.697946,34.368370,0 -117.697160,34.368255,0 -117.696448,34.368068,0 -117.694611,34.367149,0 -117.693424,34.366620,0 -117.692916,34.366350,0 -117.692548,34.366111,0 -117.692280,34.365898,0 -117.692043,34.365547,0 -117.691798,34.365075,0 -117.691555,34.364720,0 -117.691280,34.364404,0 -117.690561,34.363694,0 -117.690262,34.363235,0 -117.689886,34.362841,0 -117.689443,34.362449,0 -117.688346,34.361188,0 -117.687128,34.359871,0 -117.686486,34.358946,0 -117.686132,34.358652,0 -117.685597,34.358441,0 -117.684266,34.357552,0 -117.682108,34.356321,0 -117.680882,34.355361,0 -117.680099,34.354851,0 -117.679072,34.354381,0 -117.677723,34.353655,0 -117.677294,34.353334,0 -117.676850,34.352865,0 -117.675569,34.351785,0 -117.674498,34.351014,0 -117.673344,34.349960,0 -117.672145,34.349019,0 -117.671663,34.348698,0 -117.671029,34.348402,0 -117.669624,34.347929,0 -117.668675,34.347375,0 -117.668295,34.347246,0 -117.667850,34.347222,0 -117.666437,34.347234,0 -117.666110,34.347120,0 -117.665802,34.346838,0 -117.665584,34.346426,0 -117.665293,34.345323,0 -117.665001,34.344824,0 -117.664865,34.344496,0 -117.664858,34.343928,0 -117.664642,34.343616,0 -117.664148,34.343411,0 -117.663557,34.343383,0 -117.662981,34.343388,0 -117.660587,34.343545,0 -117.659459,34.343545,0 -117.658999,34.343348,0 -117.657893,34.342401,0 -117.657332,34.342093,0 -117.656852,34.341908,0 -117.656337,34.341623,0 -117.655096,34.341009,0 -117.654079,34.340753,0 -117.653539,34.340556,0 -117.653078,34.340339,0 -117.652617,34.340040,0 -117.652268,34.339758,0 -117.651878,34.339342,0 -117.651263,34.338867,0 -117.650450,34.338611,0 -117.649227,34.338428,0 -117.647788,34.337944,0 -117.646626,34.337778,0 -117.645707,34.337511,0 -117.644754,34.337159,0 -117.644266,34.336873,0 -117.643900,34.336765,0 -117.643196,34.336671,0 -117.642632,34.336661,0 -117.641207,34.336758,0 -117.640649,34.336748,0 -117.640150,34.336635,0 -117.639577,34.336409,0 -117.639088,34.336044,0 -117.638639,34.335597,0 -117.638381,34.335143,0 -117.637764,34.334607,0 -117.637177,34.334326,0 -117.636499,34.334130,0 -117.634429,34.333611,0 -117.634072,34.333594,0 -117.633728,34.333776,0 -117.633304,34.333774,0 -117.633051,34.333698,0 -117.632550,34.333463,0 -117.631634,34.332770,0 -117.631099,34.332528,0 -117.630531,34.332332,0 -117.630402,34.332317,0 -117.629484,34.332202,0 -117.628886,34.332246,0 -117.628102,34.332417,0 -117.626912,34.332589,0 -117.625922,34.332782,0 -117.625584,34.333223,0 -117.625239,34.333558,0 -117.625170,34.333722,0 -117.625029,34.333850,0 -117.624979,34.333977,0 -117.624738,34.334219,0 -117.624282,34.334571,0 -117.623694,34.334840,0 -117.622943,34.335013,0 -117.621538,34.335023,0 -117.620389,34.335168,0 -117.619524,34.335330,0 -117.618759,34.335569,0 -117.617264,34.336584,0 -117.616633,34.337053,0 -117.616259,34.337239,0 -117.615396,34.337276,0 -117.614580,34.337404,0 -117.613654,34.337685,0 -117.612758,34.337740,0 -117.611941,34.337852,0 -117.611041,34.338182,0 -117.610695,34.338272,0 -117.610013,34.338268,0 -117.609521,34.338334,0 -117.609087,34.338539,0 -117.608751,34.338759,0 -117.608000,34.339322,0 -117.607515,34.339762,0 -117.607046,34.340048,0 -117.606061,34.340294,0 -117.605361,34.340611,0 -117.605077,34.340941,0 -117.604838,34.341320,0 -117.604446,34.341766,0 -117.604083,34.342063,0 -117.603661,34.342290,0 -117.603197,34.342355,0 -117.602807,34.342279,0 -117.601576,34.341752,0 -117.600837,34.341612,0 -117.600273,34.341617,0 -117.599204,34.341776,0 -117.599009,34.341959,0 -117.598985,34.342169,0 -117.598679,34.342603,0 -117.598384,34.342886,0 -117.598075,34.343048,0 -117.597482,34.343272,0 -117.596783,34.343433,0 -117.596092,34.343520,0 -117.594568,34.343901,0 -117.593978,34.343907,0 -117.593450,34.343843,0 -117.593068,34.343692,0 -117.592787,34.343475,0 -117.591781,34.342956,0 -117.591320,34.342830,0 -117.590126,34.342888,0 -117.589334,34.343127,0 -117.588616,34.343222,0 -117.588034,34.343171,0 -117.587306,34.343061,0 -117.586452,34.343041,0 -117.586265,34.343200,0 -117.586778,34.343716,0 -117.587122,34.344127,0 -117.587335,34.344464,0 -117.587591,34.345022,0 -117.587739,34.345661,0 -117.587760,34.345943,0 -117.587709,34.346575,0 -117.587563,34.347396,0 -117.587291,34.347762,0 -117.587029,34.347989,0 -117.586641,34.348228,0 -117.586153,34.348458,0 -117.585730,34.348787,0 -117.585517,34.349180,0 -117.585508,34.349687,0 -117.585363,34.350049,0 -117.584803,34.350617,0 -117.584651,34.351018,0 -117.584664,34.351349,0 -117.584752,34.351645,0 -117.584856,34.352500,0 -117.584987,34.352979,0 -117.585374,34.353620,0 -117.585682,34.354222,0 -117.585762,34.354565,0 -117.585795,34.354962,0 -117.585774,34.355413,0 -117.585602,34.356103,0 -117.585484,34.356458,0 -117.585292,34.356830,0 -117.585200,34.357147,0 -117.585320,34.357523,0 -117.585588,34.357752,0 -117.585980,34.358009,0 -117.586122,34.358263,0 -117.586269,34.359349,0 -117.586375,34.359695,0 -117.586782,34.360722,0 -117.587315,34.361675,0 -117.587249,34.362433,0 -117.587344,34.362773,0 -117.587595,34.363173,0 -117.587753,34.363560,0 -117.587635,34.363894,0 -117.587365,34.364175,0 -117.586286,34.364861,0 -117.586056,34.365128,0 -117.586181,34.365570,0 -117.586519,34.365951,0 -117.586982,34.366382,0 -117.587704,34.367235,0 -117.588388,34.367915,0 -117.588388,34.368255,0 -117.587726,34.369386,0 -117.587601,34.369736,0 -117.587575,34.370439,0 -117.587471,34.370647,0 -117.587356,34.370782,0 -117.586921,34.371058,0 -117.586599,34.371334,0 -117.586036,34.371612,0 -117.585105,34.371822,0 -117.584749,34.372065,0 -117.584498,34.372386,0 -117.584138,34.373313,0 -117.584078,34.373707,0 -117.584091,34.374074,0 -117.584132,34.374383,0 -117.584241,34.374631,0 -117.584408,34.374869,0 -117.584767,34.375269,0 -117.584948,34.375421,0 -117.585214,34.375564,0 -117.585560,34.375677,0 -117.585668,34.375841,0 -117.585629,34.375991,0 -117.585292,34.376240,0 -117.585161,34.376477,0 -117.584970,34.376720,0 -117.584680,34.376881,0 -117.583998,34.377109,0 -117.583387,34.377167,0 -117.582950,34.377267,0 -117.581726,34.377824,0 -117.580677,34.378643,0 -117.580359,34.378820,0 -117.579732,34.379098,0 -117.579103,34.379513,0 -117.578727,34.379702,0 -117.578475,34.379898,0 -117.578233,34.380404,0 -117.578109,34.381550,0 -117.578049,34.382497,0 -117.577932,34.382919,0 -117.577756,34.383323,0 -117.577598,34.383576,0 -117.577362,34.383864,0 -117.577038,34.384156,0 -117.576662,34.384406,0 -117.576006,34.384657,0 -117.574484,34.385165,0 -117.574193,34.385373,0 -117.573869,34.385558,0 -117.573333,34.385774,0 -117.573108,34.385787,0 -117.572790,34.385865,0 -117.572431,34.385910,0 -117.572060,34.385891,0 -117.571734,34.385809,0 -117.571035,34.385461,0 -117.568994,34.384832,0 -117.568176,34.384703,0 -117.566453,34.384018,0 -117.566148,34.384031,0 -117.564812,34.384795,0 -117.563826,34.385279,0 -117.563252,34.385639,0 -117.562967,34.385723,0 -117.562476,34.385676,0 -117.561678,34.385344,0 -117.560897,34.384863,0 -117.560276,34.384200,0 -117.559600,34.383344,0 -117.559340,34.383143,0 -117.558828,34.382863,0 -117.558269,34.382669,0 -117.557711,34.382627,0 -117.557259,34.382633,0 -117.556829,34.382696,0 -117.556371,34.382716,0 -117.555766,34.382609,0 -117.555315,34.382489,0 -117.554517,34.382173,0 -117.552531,34.381979,0 -117.552106,34.381881,0 -117.551048,34.381480,0 -117.549999,34.381303,0 -117.549666,34.381320,0 -117.549289,34.381439,0 -117.548778,34.381430,0 -117.548207,34.381344,0 -117.547710,34.381363,0 -117.546994,34.381595,0 -117.546583,34.381654,0 -117.545939,34.381573,0 -117.545382,34.381564,0 -117.544951,34.381726,0 -117.544454,34.381728,0 -117.543988,34.381456,0 -117.543746,34.380990,0 -117.543505,34.379663,0 -117.543569,34.379295,0 -117.543554,34.379075,0 -117.543400,34.378750,0 -117.543079,34.378445,0 -117.542366,34.377914,0 -117.542119,34.377812,0 -117.541301,34.377341,0 -117.538859,34.376257,0 -117.537976,34.376188,0 -117.537484,34.376091,0 -117.536916,34.375567,0 -117.536684,34.375391,0 -117.536063,34.375115,0 -117.535933,34.374925,0 -117.535658,34.374751,0 -117.534835,34.374462,0 -117.534124,34.374117,0 -117.533572,34.373912,0 -117.533110,34.373779,0 -117.532644,34.373504,0 -117.532118,34.373256,0 -117.531689,34.373163,0 -117.531266,34.373120,0 -117.530232,34.372732,0 -117.528820,34.372364,0 -117.528318,34.372265,0 -117.527726,34.372010,0 -117.525894,34.370673,0 -117.525436,34.370706,0 -117.524514,34.371470,0 -117.524063,34.371793,0 -117.523649,34.371947,0 -117.522697,34.371865,0 -117.522311,34.371920,0 -117.522026,34.371918,0 -117.521780,34.371952,0 -117.520987,34.372184,0 -117.520342,34.372632,0 -117.519988,34.372821,0 -117.519273,34.372757,0 -117.518846,34.372538,0 -117.518707,34.372232,0 -117.518615,34.371747,0 -117.518432,34.371596,0 -117.518017,34.371508,0 -117.517697,34.371581,0 -117.516957,34.371452,0 -117.516506,34.371440,0 -117.515735,34.371189,0 -117.514765,34.370918,0 -117.514155,34.370916,0 -117.513866,34.370798,0 -117.513060,34.370293,0 -117.512793,34.370026,0 -117.512758,34.369741,0 -117.512771,34.369370,0 -117.512713,34.368935,0 -117.512578,34.368747,0 -117.512222,34.368649,0 -117.511201,34.368611,0 -117.510733,34.368505,0 -117.510398,34.368276,0 -117.510147,34.367894,0 -117.509762,34.367591,0 -117.508699,34.367320,0 -117.508299,34.367067,0 -117.507477,34.365650,0 -117.507234,34.365146,0 -117.506950,34.364405,0 -117.506622,34.364211,0 -117.506179,34.364105,0 -117.505639,34.363921,0 -117.505008,34.363656,0 -117.504377,34.363345,0 -117.503710,34.362882,0 -117.503156,34.362340,0 -117.502692,34.361643,0 -117.502146,34.361060,0 -117.501507,34.360802,0 -117.501026,34.360672,0 -117.500619,34.360414,0 -117.500301,34.360345,0 -117.499744,34.360334,0 -117.498885,34.360525,0 -117.498393,34.360581,0 -117.498082,34.360497,0 -117.497761,34.360234,0 -117.497676,34.360090,0 -117.497465,34.360028,0 -117.497081,34.359968,0 -117.496653,34.359657,0 -117.496318,34.359462,0 -117.495399,34.359227,0 -117.495095,34.359055,0 -117.494794,34.358837,0 -117.494393,34.358453,0 -117.494063,34.358304,0 -117.493671,34.358386,0 -117.493264,34.358532,0 -117.492838,34.358626,0 -117.492295,34.358599,0 -117.491884,34.358513,0 -117.491466,34.358494,0 -117.490974,34.358659,0 -117.490545,34.358958,0 -117.490195,34.359302,0 -117.489814,34.359501,0 -117.489417,34.359400,0 -117.488996,34.359108,0 -117.488526,34.359110,0 -117.487380,34.359897,0 -117.486533,34.360270,0 -117.485859,34.360512,0 -117.485159,34.360697,0 -117.484728,34.360676,0 -117.484252,34.360579,0 -117.483470,34.360494,0 -117.483224,34.360504,0 -117.482511,34.360751,0 -117.482199,34.360748,0 -117.481657,34.360671,0 -117.481072,34.360639,0 -117.480684,34.360409,0 -117.480040,34.359930,0 -117.479656,34.359855,0 -117.478567,34.359938,0 -117.477998,34.359844,0 -117.477533,34.359841,0 -117.477120,34.359969,0 -117.476759,34.360124,0 -117.476088,34.360246,0 -117.475504,34.360268,0 -117.475097,34.360417,0 -117.474644,34.360479,0 -117.474123,34.360325,0 -117.473084,34.360136,0 -117.472766,34.360018,0 -117.472635,34.359906,0 -117.472126,34.359251,0 -117.471849,34.359144,0 -117.471651,34.359005,0 -117.471331,34.358654,0 -117.471073,34.358153,0 -117.470902,34.357979,0 -117.470651,34.357899,0 -117.470393,34.357880,0 -117.470122,34.357814,0 -117.469455,34.357575,0 -117.468766,34.357427,0 -117.468497,34.357252,0 -117.468416,34.356855,0 -117.468681,34.356401,0 -117.468778,34.356083,0 -117.468742,34.355791,0 -117.468540,34.355531,0 -117.468464,34.355265,0 -117.468421,34.354980,0 -117.468416,34.354441,0 -117.468311,34.354301,0 -117.468016,34.354095,0 -117.467645,34.354026,0 -117.467375,34.353939,0 -117.467170,34.353808,0 -117.466918,34.353799,0 -117.466663,34.354006,0 -117.466352,34.354460,0 -117.466103,34.354693,0 -117.465758,34.354724,0 -117.465355,34.354576,0 -117.464980,34.354359,0 -117.464158,34.354257,0 -117.463809,34.354111,0 -117.463572,34.353938,0 -117.463529,34.353657,0 -117.463734,34.353219,0 -117.463764,34.352971,0 -117.463554,34.352766,0 -117.463271,34.352643,0 -117.463015,34.352381,0 -117.462868,34.352022,0 -117.462705,34.351777,0 -117.462382,34.351697,0 -117.461534,34.351585,0 -117.461157,34.351472,0 -117.461152,34.351334,0 -117.461739,34.350609,0 -117.461843,34.350340,0 -117.461495,34.350082,0 -117.460960,34.349858,0 -117.460692,34.349587,0 -117.460706,34.349106,0 -117.460968,34.348767,0 -117.461091,34.348516,0 -117.461109,34.348153,0 -117.461076,34.347712,0 -117.461202,34.347197,0 -117.461205,34.346983,0 -117.460966,34.346930,0 -117.459969,34.347118,0 -117.459125,34.347216,0 -117.458751,34.347344,0 -117.458464,34.347528,0 -117.458013,34.347556,0 -117.457635,34.347526,0 -117.457291,34.347446,0 -117.456956,34.347217,0 -117.456687,34.346935,0 -117.456377,34.346778,0 -117.455945,34.346811,0 -117.455518,34.347006,0 -117.455026,34.347083,0 -117.453994,34.346870,0 -117.453337,34.346852,0 -117.452461,34.346889,0 -117.451843,34.346966,0 -117.450995,34.347393,0 -117.450010,34.348093,0 -117.449723,34.348261,0 -117.449177,34.348344,0 -117.447818,34.348266,0 -117.447094,34.348325,0 -117.446575,34.348446,0 -117.445652,34.348497,0 -117.444455,34.348211,0 -117.443739,34.348199,0 -117.440723,34.349385,0 -117.440089,34.349606,0 -117.437756,34.349914,0 -117.437310,34.350096,0 -117.436333,34.350632,0 -117.435847,34.350787,0 -117.435149,34.350857,0 -117.434579,34.350818,0 -117.434051,34.350554,0 -117.433933,34.350437,0 -117.433697,34.350286,0 -117.432917,34.349669,0 -117.432429,34.349405,0 -117.431433,34.348517,0 -117.431351,34.348189,0 -117.431433,34.347497,0 -117.431447,34.347053,0 -117.431241,34.346522,0 -117.431112,34.346267,0 -117.430197,34.345828,0 -117.429970,34.345453,0 -117.429997,34.344937,0 -117.430108,34.344531,0 -117.430175,34.343991,0 -117.430122,34.343534,0 -117.430035,34.343176,0 -117.429780,34.342886,0 -117.429193,34.342633,0 -117.428891,34.342350,0 -117.428486,34.341411,0 -117.428260,34.341013,0 -117.428146,34.340671,0 -117.428062,34.339592,0 -117.427689,34.338680,0 -117.427402,34.338308,0 -117.425456,34.337551,0 -117.424791,34.337193,0 -117.424321,34.336632,0 -117.424405,34.335857,0 -117.424722,34.335039,0 -117.424746,34.334259,0 -117.424857,34.333880,0 -117.425040,34.333641,0 -117.425408,34.333380,0 -117.425604,34.333123,0 -117.425677,34.332701,0 -117.425896,34.332217,0 -117.426167,34.331774,0 -117.426713,34.331130,0 -117.427590,34.329630,0 -117.428469,34.328439,0 -117.428817,34.328212,0 -117.429310,34.328061,0 -117.429592,34.327883,0 -117.429777,34.327421,0 -117.429639,34.326854,0 -117.429039,34.326128,0 -117.428819,34.325741,0 -117.428783,34.325509,0 -117.428852,34.325324,0 -117.429276,34.324854,0 -117.429787,34.323812,0 -117.430052,34.323447,0 -117.430374,34.323152,0 -117.430769,34.322932,0 -117.431223,34.322748,0 -117.432376,34.321812,0 -117.432642,34.321342,0 -117.433085,34.320416,0 -117.434026,34.320088,0 -117.434801,34.319623,0 -117.435294,34.318919,0 -117.435582,34.318262,0 -117.435448,34.317908,0 -117.435348,34.317467,0 -117.435400,34.317099,0 -117.436148,34.315784,0 -117.436480,34.315264,0 -117.436899,34.314773,0 -117.437781,34.314209,0 -117.438112,34.313849,0 -117.438335,34.313506,0 -117.438412,34.313230,0 -117.438437,34.312917,0 -117.438572,34.312655,0 -117.438775,34.312398,0 -117.438913,34.311975,0 -117.438634,34.311550,0 -117.438039,34.310955,0 -117.437838,34.310610,0 -117.437623,34.310372,0 -117.437109,34.310054,0 -117.436787,34.309891,0 -117.436257,34.309881,0 -117.435600,34.309935,0 -117.434613,34.309749,0 -117.432811,34.309199,0 -117.432278,34.308885,0 -117.432029,34.308685,0 -117.431808,34.308330,0 -117.431666,34.307674,0 -117.431766,34.305617,0 -117.431706,34.304707,0 -117.431816,34.304010,0 -117.432265,34.303248,0 -117.432809,34.302650,0 -117.433129,34.302076,0 -117.433138,34.301420,0 -117.432959,34.300956,0 -117.432688,34.300436,0 -117.431984,34.299604,0 -117.431451,34.298763,0 -117.431030,34.298551,0 -117.429868,34.298195,0 -117.428845,34.297823,0 -117.428284,34.297680,0 -117.427952,34.297665,0 -117.427337,34.297534,0 -117.427146,34.297462,0 -117.426970,34.297228,0 -117.426955,34.296849,0 -117.427061,34.296404,0 -117.427053,34.296030,0 -117.426559,34.295770,0 -117.425842,34.295908,0 -117.424362,34.296493,0 -117.423883,34.296532,0 -117.423388,34.296390,0 -117.423039,34.296254,0 -117.422536,34.296134,0 -117.421912,34.296194,0 -117.420971,34.296134,0 -117.419971,34.296127,0 -117.419278,34.296334,0 -117.418999,34.296320,0 -117.418970,34.295994,0 -117.418863,34.295675,0 -117.418700,34.295391,0 -117.418261,34.295091,0 -117.416962,34.294989,0 -117.415716,34.294515,0 -117.415148,34.294384,0 -117.414152,34.294027,0 -117.413110,34.293582,0 -117.412728,34.293387,0 -117.412354,34.293107,0 -117.411618,34.292660,0 -117.409353,34.291520,0 -117.408168,34.291359,0 -117.406782,34.291446,0 -117.406492,34.291277,0 -117.406297,34.290989,0 -117.406223,34.290620,0 -117.406356,34.290133,0 -117.406774,34.289227,0 -117.406925,34.288403,0 -117.406944,34.287910,0 -117.407177,34.287433,0 -117.407419,34.287164,0 -117.407589,34.286914,0 -117.407375,34.286575,0 -117.406754,34.285927,0 -117.406468,34.285549,0 -117.406380,34.285168,0 -117.406885,34.284199,0 -117.407149,34.283779,0 -117.407312,34.283131,0 -117.407964,34.282437,0 -117.408228,34.282105,0 -117.408519,34.281188,0 -117.408963,34.280318,0 -117.408920,34.280019,0 -117.408262,34.279689,0 -117.408059,34.279472,0 -117.408020,34.278976,0 -117.407879,34.278573,0 -117.407407,34.278288,0 -117.406661,34.278088,0 -117.405880,34.277948,0 -117.405383,34.277923,0 -117.404739,34.277992,0 -117.403968,34.277616,0 -117.403638,34.277096,0 -117.403412,34.276233,0 -117.403134,34.275752,0 -117.402982,34.275272,0 -117.402659,34.274620,0 -117.402435,34.274023,0 -117.402362,34.273649,0 -117.402199,34.273410,0 -117.402131,34.273102,0 -117.402329,34.272745,0 -117.402944,34.272305,0 -117.403399,34.272052,0 -117.404444,34.271236,0 -117.404968,34.270768,0 -117.405432,34.270318,0 -117.405689,34.269929,0 -117.405718,34.269819,0 -117.405305,34.269473,0 -117.405096,34.269219,0 -117.404757,34.268884,0 -117.404204,34.268619,0 -117.403763,34.268357,0 -117.403351,34.267973,0 -117.403078,34.267552,0 -117.402653,34.267164,0 -117.402293,34.266905,0 -117.401993,34.266573,0 -117.401792,34.266242,0 -117.401667,34.265633,0 -117.401622,34.264671,0 -117.401383,34.263365,0 -117.401099,34.262745,0 -117.400738,34.262478,0 -117.398737,34.261980,0 -117.398228,34.261891,0 -117.397317,34.262135,0 -117.396701,34.262130,0 -117.395860,34.262066,0 -117.395296,34.262072,0 -117.394819,34.262033,0 -117.394331,34.261946,0 -117.393809,34.261743,0 -117.392271,34.260880,0 -117.390955,34.260189,0 -117.390297,34.259826,0 -117.388306,34.258606,0 -117.387905,34.258438,0 -117.387614,34.258386,0 -117.387369,34.258382,0 -117.386893,34.258697,0 -117.386618,34.258963,0 -117.386249,34.259251,0 -117.383786,34.260884,0 -117.383486,34.261029,0 -117.382679,34.261363,0 -117.382161,34.261512,0 -117.381009,34.261754,0 -117.380730,34.261850,0 -117.380558,34.261837,0 -117.380007,34.261446,0 -117.378946,34.261043,0 -117.378223,34.260597,0 -117.377795,34.260423,0 -117.377398,34.260314,0 -117.377007,34.260310,0 -117.376674,34.260429,0 -117.375845,34.260807,0 -117.375386,34.260930,0 -117.374876,34.260986,0 -117.372662,34.261078,0 -117.371633,34.261319,0 -117.371307,34.261344,0 -117.371078,34.261156,0 -117.370812,34.260647,0 -117.370337,34.259949,0 -117.369540,34.258969,0 -117.369105,34.258846,0 -117.368674,34.258793,0 -117.368126,34.258650,0 -117.367816,34.258532,0 -117.366811,34.258364,0 -117.365701,34.258096,0 -117.365254,34.257884,0 -117.364859,34.257639,0 -117.364402,34.257162,0 -117.363482,34.256451,0 -117.363135,34.256052,0 -117.362793,34.255356,0 -117.362473,34.254974,0 -117.362012,34.254674,0 -117.361462,34.254179,0 -117.361168,34.253803,0 -117.361015,34.253308,0 -117.361047,34.252857,0 -117.361264,34.251891,0 -117.361290,34.251373,0 -117.361206,34.251202,0 -117.360941,34.251108,0 -117.360590,34.251120,0 -117.360259,34.251168,0 -117.359299,34.251065,0 -117.358948,34.251079,0 -117.358456,34.251223,0 -117.358006,34.251265,0 -117.355879,34.251273,0 -117.355552,34.251452,0 -117.355225,34.251731,0 -117.354787,34.252381,0 -117.353856,34.253254,0 -117.353439,34.253174,0 -117.353442,34.252383,0 -117.353368,34.251380,0 -117.353098,34.250618,0 -117.352689,34.249768,0 -117.352153,34.249120,0 -117.351855,34.248407,0 -117.351365,34.247801,0 -117.351263,34.247431,0 -117.351318,34.247190,0 -117.351589,34.246637,0 -117.351506,34.246432,0 -117.351195,34.246293,0 -117.350779,34.246186,0 -117.350444,34.245984,0 -117.350109,34.245723,0 -117.349545,34.245205,0 -117.349150,34.245075,0 -117.348467,34.245042,0 -117.348002,34.245181,0 -117.347185,34.245515,0 -117.346878,34.245701,0 -117.346406,34.245797,0 -117.345825,34.245814,0 -117.345405,34.245976,0 -117.344570,34.246707,0 -117.344044,34.247017,0 -117.343616,34.247431,0 -117.343180,34.247950,0 -117.342626,34.248369,0 -117.342238,34.248751,0 -117.341996,34.249069,0 -117.341700,34.249628,0 -117.341653,34.249821,0 -117.341668,34.249974,0 -117.341500,34.250122,0 -117.341093,34.250328,0 -117.340619,34.250749,0 -117.339803,34.251380,0 -117.339152,34.252105,0 -117.338918,34.252241,0 -117.338699,34.252317,0 -117.338248,34.252360,0 -117.337244,34.252622,0 -117.336825,34.252845,0 -117.336382,34.253319,0 -117.336111,34.253741,0 -117.335056,34.255595,0 -117.334844,34.256161,0 -117.334501,34.256582,0 -117.334016,34.256687,0 -117.333539,34.256673,0 -117.333061,34.256789,0 -117.332258,34.257465,0 -117.331595,34.257526,0 -117.330793,34.257518,0 -117.330165,34.257403,0 -117.329354,34.257105,0 -117.328948,34.256712,0 -117.328816,34.256138,0 -117.328828,34.255159,0 -117.328972,34.254253,0 -117.328892,34.253757,0 -117.328923,34.252850,0 -117.328768,34.252431,0 -117.328560,34.252132,0 -117.328452,34.251757,0 -117.328455,34.251476,0 -117.328572,34.251176,0 -117.329118,34.250399,0 -117.329281,34.250056,0 -117.330147,34.249533,0 -117.330507,34.249261,0 -117.330748,34.248970,0 -117.330864,34.248647,0 -117.330875,34.248203,0 -117.330740,34.247882,0 -117.330152,34.247174,0 -117.329674,34.246659,0 -117.328203,34.244866,0 -117.327772,34.244324,0 -117.327284,34.243567,0 -117.326878,34.243075,0 -117.326684,34.242569,0 -117.326703,34.241513,0 -117.326543,34.240983,0 -117.326294,34.240653,0 -117.325375,34.239990,0 -117.324285,34.238590,0 -117.323184,34.237489,0 -117.322687,34.236935,0 -117.321857,34.236473,0 -117.321276,34.236391,0 -117.320752,34.236443,0 -117.320387,34.236529,0 -117.319784,34.236618,0 -117.318077,34.236512,0 -117.317288,34.236647,0 -117.316249,34.236630,0 -117.314930,34.236752,0 -117.314248,34.236725,0 -117.313522,34.236511,0 -117.312804,34.236193,0 -117.311961,34.235867,0 -117.311513,34.235616,0 -117.311146,34.235306,0 -117.310517,34.234651,0 -117.310260,34.234517,0 -117.309535,34.234286,0 -117.309298,34.234158,0 -117.308987,34.234139,0 -117.308647,34.234263,0 -117.308188,34.234546,0 -117.307821,34.234834,0 -117.307573,34.235141,0 -117.307283,34.235588,0 -117.306747,34.236190,0 -117.306143,34.236356,0 -117.305192,34.236128,0 -117.304605,34.235865,0 -117.303827,34.235590,0 -117.303193,34.235481,0 -117.302617,34.235456,0 -117.301922,34.235516,0 -117.300400,34.235432,0 -117.299800,34.235758,0 -117.299222,34.236584,0 -117.299052,34.236973,0 -117.298870,34.237279,0 -117.298670,34.237415,0 -117.298285,34.237473,0 -117.297147,34.237426,0 -117.296091,34.237699,0 -117.295491,34.238095,0 -117.294979,34.238322,0 -117.294284,34.238305,0 -117.293287,34.238035,0 -117.292251,34.237796,0 -117.291715,34.237775,0 -117.290717,34.238124,0 -117.290333,34.238216,0 -117.289936,34.238158,0 -117.289662,34.237809,0 -117.289437,34.236608,0 -117.289244,34.236056,0 -117.288912,34.235599,0 -117.288479,34.235249,0 -117.287991,34.235035,0 -117.287191,34.234924,0 -117.286625,34.234723,0 -117.286079,34.234372,0 -117.285737,34.234238,0 -117.284567,34.234047,0 -117.283329,34.233411,0 -117.282261,34.233035,0 -117.281566,34.232978,0 -117.281035,34.233108,0 -117.280379,34.233172,0 -117.279658,34.233063,0 -117.279295,34.233055,0 -117.278581,34.232928,0 -117.277447,34.232519,0 -117.276828,34.232234,0 -117.276105,34.231809,0 -117.275340,34.231567,0 -117.274038,34.231319,0 -117.273498,34.231114,0 -117.272925,34.230833,0 -117.272200,34.230526,0 -117.271429,34.230277,0 -117.270625,34.229914,0 -117.269942,34.229480,0 -117.269456,34.229114,0 -117.269090,34.228709,0 -117.269013,34.228439,0 -117.268977,34.228147,0 -117.268829,34.227771,0 -117.268496,34.227380,0 -117.267786,34.226962,0 -117.267199,34.226781,0 -117.266459,34.226649,0 -117.265921,34.226781,0 -117.265102,34.227236,0 -117.264605,34.227320,0 -117.263963,34.227322,0 -117.263221,34.227403,0 -117.262156,34.227820,0 -117.261479,34.228029,0 -117.260830,34.228034,0 -117.260268,34.227948,0 -117.258012,34.227869,0 -117.257415,34.227963,0 -117.256769,34.228221,0 -117.256309,34.228515,0 -117.255897,34.228721,0 -117.255420,34.228734,0 -117.253789,34.228417,0 -117.253200,34.228357,0 -117.252246,34.228503,0 -117.251622,34.228680,0 -117.250883,34.228935,0 -117.250604,34.228894,0 -117.249804,34.228856,0 -117.248612,34.228916,0 -117.247787,34.228688,0 -117.247007,34.228601,0 -117.246645,34.228445,0 -117.246005,34.228263,0 -117.245488,34.228235,0 -117.244951,34.228274,0 -117.244249,34.228272,0 -117.243641,34.228204,0 -117.242999,34.228184,0 -117.242104,34.228277,0 -117.241504,34.228513,0 -117.240989,34.228812,0 -117.240436,34.229059,0 -117.239670,34.229349,0 -117.239156,34.229635,0 -117.238679,34.230086,0 -117.238012,34.230822,0 -117.237677,34.231139,0 -117.237108,34.231561,0 -117.236553,34.231864,0 -117.235874,34.232089,0 -117.235173,34.232043,0 -117.234243,34.231759,0 -117.233189,34.231350,0 -117.232370,34.231271,0 -117.231755,34.231139,0 -117.231258,34.230777,0 -117.230477,34.229734,0 -117.229943,34.228759,0 -117.229644,34.228338,0 -117.229316,34.228153,0 -117.229026,34.228091,0 -117.227760,34.228078,0 -117.227509,34.228019,0 -117.226993,34.227993,0 -117.226121,34.228255,0 -117.225542,34.228483,0 -117.225037,34.228579,0 -117.224482,34.228490,0 -117.223955,34.228315,0 -117.222916,34.228307,0 -117.221971,34.228553,0 -117.221345,34.228781,0 -117.220118,34.229313,0 -117.218799,34.229790,0 -117.218191,34.230151,0 -117.217662,34.230571,0 -117.217309,34.230755,0 -117.216849,34.230893,0 -117.216265,34.230984,0 -117.215649,34.230940,0 -117.214680,34.230644,0 -117.213825,34.230244,0 -117.213042,34.229950,0 -117.212293,34.229947,0 -117.211533,34.230222,0 -117.211040,34.230486,0 -117.210353,34.230781,0 -117.208829,34.231311,0 -117.208436,34.231415,0 -117.207539,34.231554,0 -117.206097,34.231886,0 -117.205645,34.232019,0 -117.205181,34.232058,0 -117.204614,34.231881,0 -117.204225,34.231719,0 -117.203704,34.231637,0 -117.203372,34.231671,0 -117.202875,34.231634,0 -117.202285,34.231687,0 -117.201159,34.232094,0 -117.200596,34.232127,0 -117.200121,34.232032,0 -117.199713,34.231869,0 -117.199507,34.231844,0 -117.199275,34.231881,0 -117.198614,34.232220,0 -117.198152,34.232541,0 -117.196991,34.233149,0 -117.196492,34.233322,0 -117.196226,34.233340,0 -117.195749,34.233314,0 -117.195051,34.233526,0 -117.193678,34.234045,0 -117.193093,34.234177,0 -117.191992,34.234307,0 -117.190883,34.234489,0 -117.190377,34.234655,0 -117.189340,34.234875,0 -117.188205,34.235051,0 -117.187483,34.235070,0 -117.186834,34.235046,0 -117.186089,34.234846,0 -117.185506,34.234757,0 -117.184608,34.235000,0 -117.183296,34.235917,0 -117.183009,34.236077,0 -117.182582,34.236288,0 -117.182084,34.236383,0 -117.181476,34.236305,0 -117.180942,34.236135,0 -117.180196,34.235949,0 -117.178869,34.235682,0 -117.178226,34.235703,0 -117.176926,34.236244,0 -117.176278,34.236162,0 -117.174921,34.235232,0 -117.174334,34.235061,0 -117.173660,34.234973,0 -117.173232,34.234813,0 -117.172564,34.234265,0 -117.172208,34.233764,0 -117.171713,34.233224,0 -117.171071,34.232778,0 -117.170065,34.232232,0 -117.169766,34.231882,0 -117.169249,34.231085,0 -117.168069,34.231150,0 -117.167270,34.231383,0 -117.165980,34.231347,0 -117.165374,34.231527,0 -117.164812,34.231896,0 -117.164134,34.232438,0 -117.163132,34.233012,0 -117.162084,34.233528,0 -117.161498,34.233713,0 -117.160352,34.233719,0 -117.159683,34.233673,0 -117.158863,34.233658,0 -117.158444,34.233697,0 -117.157913,34.233790,0 -117.157226,34.234075,0 -117.156636,34.234134,0 -117.155717,34.234063,0 -117.155023,34.234314,0 -117.154622,34.234612,0 -117.154215,34.234807,0 -117.153545,34.234897,0 -117.153121,34.234867,0 -117.151689,34.234510,0 -117.151080,34.234492,0 -117.150181,34.234361,0 -117.149053,34.234053,0 -117.148658,34.233840,0 -117.148284,34.233729,0 -117.147854,34.233645,0 -117.147249,34.233318,0 -117.146889,34.233066,0 -117.145604,34.232655,0 -117.144305,34.232289,0 -117.143483,34.232342,0 -117.142698,34.232552,0 -117.141971,34.232854,0 -117.141535,34.233190,0 -117.141165,34.233576,0 -117.140522,34.234438,0 -117.140154,34.234655,0 -117.139067,34.234692,0 -117.138479,34.234196,0 -117.138180,34.233020,0 -117.137638,34.232513,0 -117.137190,34.232376,0 -117.136787,34.232312,0 -117.136352,34.232176,0 -117.135882,34.231723,0 -117.135567,34.231176,0 -117.135311,34.230624,0 -117.134786,34.229827,0 -117.134607,34.229462,0 -117.134227,34.229148,0 -117.133345,34.228859,0 -117.133076,34.228656,0 -117.133048,34.228365,0 -117.133704,34.227431,0 -117.133940,34.226829,0 -117.134020,34.226401,0 -117.133939,34.226096,0 -117.133561,34.225686,0 -117.133201,34.225353,0 -117.132826,34.224848,0 -117.132483,34.224310,0 -117.132138,34.223927,0 -117.131216,34.223554,0 -117.130622,34.223479,0 -117.130101,34.223355,0 -117.129522,34.223084,0 -117.129052,34.222699,0 -117.129093,34.222154,0 -117.129293,34.221689,0 -117.129371,34.221360,0 -117.129340,34.220320,0 -117.129213,34.219608,0 -117.129068,34.219155,0 -117.128698,34.218684,0 -117.127875,34.218020,0 -117.127513,34.217454,0 -117.127548,34.216956,0 -117.127882,34.215914,0 -117.127886,34.214829,0 -117.127648,34.214377,0 -117.127202,34.214113,0 -117.126838,34.214114,0 -117.125743,34.214268,0 -117.125273,34.214421,0 -117.124723,34.214883,0 -117.124356,34.215548,0 -117.124123,34.215837,0 -117.123474,34.216209,0 -117.122216,34.216443,0 -117.120976,34.217127,0 -117.120359,34.217351,0 -117.119995,34.217275,0 -117.119434,34.216903,0 -117.119195,34.215248,0 -117.119276,34.214793,0 -117.119224,34.214385,0 -117.118676,34.214054,0 -117.117671,34.213694,0 -117.117421,34.213304,0 -117.117270,34.212897,0 -117.117021,34.212504,0 -117.116341,34.211948,0 -117.116051,34.211548,0 -117.115854,34.211135,0 -117.115965,34.209667,0 -117.115756,34.209060,0 -117.115347,34.208680,0 -117.114799,34.208403,0 -117.114243,34.208354,0 -117.113468,34.208345,0 -117.112787,34.208371,0 -117.112191,34.208293,0 -117.111398,34.207935,0 -117.110016,34.207638,0 -117.109435,34.207364,0 -117.109211,34.206995,0 -117.108935,34.206724,0 -117.108412,34.206504,0 -117.107791,34.206193,0 -117.107237,34.205652,0 -117.106829,34.205351,0 -117.106096,34.205013,0 -117.105434,34.204896,0 -117.104640,34.204843,0 -117.103759,34.205139,0 -117.102664,34.205751,0 -117.102386,34.205839,0 -117.101951,34.205799,0 -117.101329,34.205423,0 -117.100320,34.204680,0 -117.099891,34.204475,0 -117.099374,34.204473,0 -117.099109,34.204616,0 -117.098698,34.204945,0 -117.098285,34.205191,0 -117.097968,34.205299,0 -117.097617,34.205342,0 -117.097221,34.205331,0 -117.096599,34.205219,0 -117.096017,34.205206,0 -117.095472,34.205360,0 -117.094678,34.205699,0 -117.094030,34.205708,0 -117.093132,34.205040,0 -117.092922,34.204622,0 -117.092699,34.203977,0 -117.092761,34.203308,0 -117.093176,34.202252,0 -117.093184,34.201671,0 -117.092754,34.200156,0 -117.092702,34.199705,0 -117.092413,34.199056,0 -117.091094,34.198002,0 -117.090705,34.197540,0 -117.090329,34.197347,0 -117.090111,34.197060,0 -117.089624,34.196289,0 -117.089270,34.195843,0 -117.089059,34.195668,0 -117.088728,34.195479,0 -117.088478,34.195242,0 -117.088195,34.194834,0 -117.088024,34.194464,0 -117.087827,34.194223,0 -117.087530,34.194007,0 -117.087332,34.193786,0 -117.087644,34.193348,0 -117.087686,34.193074,0 -117.087445,34.192886,0 -117.087018,34.192812,0 -117.086601,34.192982,0 -117.086329,34.192955,0 -117.085973,34.192755,0 -117.085636,34.192678,0 -117.085219,34.192791,0 -117.084775,34.192868,0 -117.084398,34.192767,0 -117.083607,34.192184,0 -117.083262,34.192181,0 -117.082905,34.192301,0 -117.082541,34.192383,0 -117.081992,34.192383,0 -117.081159,34.192176,0 -117.080709,34.192185,0 -117.080270,34.192817,0 -117.080025,34.194434,0 -117.079969,34.195290,0 -117.079816,34.195531,0 -117.079543,34.195690,0 -117.078650,34.195860,0 -117.078278,34.196022,0 -117.077854,34.196324,0 -117.077277,34.196552,0 -117.076932,34.197024,0 -117.076540,34.197254,0 -117.076117,34.197156,0 -117.075795,34.196924,0 -117.075088,34.196276,0 -117.074679,34.196001,0 -117.074270,34.195851,0 -117.073787,34.195878,0 -117.072905,34.196420,0 -117.072534,34.196555,0 -117.072004,34.196655,0 -117.071284,34.196486,0 -117.070246,34.196191,0 -117.069479,34.196091,0 -117.068995,34.196160,0 -117.067557,34.196768,0 -117.066648,34.197294,0 -117.066059,34.197529,0 -117.065151,34.197799,0 -117.064298,34.197606,0 -117.063004,34.196788,0 -117.062581,34.196626,0 -117.061803,34.196250,0 -117.061512,34.196167,0 -117.061240,34.196228,0 -117.060207,34.196720,0 -117.059796,34.196795,0 -117.059212,34.196799,0 -117.058684,34.196858,0 -117.057584,34.197052,0 -117.057041,34.197078,0 -117.056499,34.197040,0 -117.055661,34.196751,0 -117.054127,34.196362,0 -117.053214,34.196403,0 -117.052631,34.196489,0 -117.052035,34.196658,0 -117.050828,34.197198,0 -117.050359,34.197213,0 -117.049896,34.197013,0 -117.049593,34.196781,0 -117.049276,34.196617,0 -117.049117,34.196675,0 -117.048739,34.196890,0 -117.048473,34.197272,0 -117.048292,34.197697,0 -117.048039,34.198065,0 -117.047906,34.198195,0 -117.047356,34.198298,0 -117.047099,34.198120,0 -117.046630,34.198070,0 -117.046133,34.198200,0 -117.045608,34.198496,0 -117.045124,34.198968,0 -117.044812,34.199094,0 -117.044375,34.199207,0 -117.043878,34.199265,0 -117.042837,34.199928,0 -117.042438,34.200389,0 -117.042006,34.200783,0 -117.041629,34.200918,0 -117.041098,34.200989,0 -117.040277,34.201174,0 -117.039402,34.201654,0 -117.039276,34.201876,0 -117.039135,34.202265,0 -117.038835,34.202615,0 -117.038390,34.202987,0 -117.037688,34.203245,0 -117.036706,34.203741,0 -117.036228,34.204158,0 -117.035788,34.204607,0 -117.035451,34.204864,0 -117.034952,34.205315,0 -117.034718,34.205753,0 -117.034605,34.206093,0 -117.034556,34.206513,0 -117.034645,34.207315,0 -117.034631,34.207660,0 -117.034715,34.208084,0 -117.035096,34.208767,0 -117.035272,34.209236,0 -117.035375,34.209752,0 -117.035340,34.210203,0 -117.035180,34.210636,0 -117.034834,34.211141,0 -117.034687,34.211455,0 -117.034632,34.211971,0 -117.034662,34.212614,0 -117.034977,34.213005,0 -117.035612,34.213375,0 -117.036053,34.213734,0 -117.036070,34.214196,0 -117.036015,34.214708,0 -117.036215,34.216194,0 -117.036138,34.216870,0 -117.035660,34.217357,0 -117.034857,34.217876,0 -117.034252,34.218435,0 -117.033741,34.218785,0 -117.033131,34.219125,0 -117.032691,34.219700,0 -117.032297,34.220413,0 -117.031653,34.221117,0 -117.031122,34.221318,0 -117.030405,34.221656,0 -117.029761,34.222138,0 -117.029456,34.222418,0 -117.028798,34.222768,0 -117.027996,34.223122,0 -117.027215,34.223250,0 -117.026579,34.223239,0 -117.026069,34.223348,0 -117.025479,34.223659,0 -117.024736,34.224108,0 -117.023947,34.224309,0 -117.023570,34.224322,0 -117.022373,34.224095,0 -117.021710,34.224312,0 -117.020944,34.225183,0 -117.020645,34.225589,0 -117.020683,34.226095,0 -117.021078,34.226411,0 -117.021533,34.226692,0 -117.021934,34.227249,0 -117.022214,34.228387,0 -117.022211,34.229163,0 -117.022401,34.229630,0 -117.023152,34.230453,0 -117.023724,34.231201,0 -117.024224,34.231724,0 -117.024852,34.232134,0 -117.025802,34.232659,0 -117.026283,34.233025,0 -117.026871,34.233387,0 -117.027497,34.233985,0 -117.027957,34.234848,0 -117.028303,34.235653,0 -117.028914,34.236732,0 -117.029475,34.237114,0 -117.031493,34.237471,0 -117.032438,34.238008,0 -117.033215,34.238806,0 -117.034044,34.240073,0 -117.034469,34.241153,0 -117.034533,34.241494,0 -117.034834,34.242418,0 -117.035004,34.242841,0 -117.035524,34.243531,0 -117.035509,34.243756,0 -117.035171,34.243975,0 -117.034681,34.244145,0 -117.034011,34.244329,0 -117.033347,34.244718,0 -117.033219,34.245326,0 -117.033368,34.245921,0 -117.033386,34.246339,0 -117.033305,34.246747,0 -117.033078,34.247191,0 -117.032706,34.247520,0 -117.032301,34.247698,0 -117.031466,34.247938,0 -117.030810,34.248172,0 -117.030272,34.248506,0 -117.029700,34.249077,0 -117.028863,34.249603,0 -117.028689,34.249887,0 -117.028640,34.250287,0 -117.028697,34.250653,0 -117.028871,34.251056,0 -117.029277,34.251485,0 -117.029311,34.251887,0 -117.028990,34.252137,0 -117.028603,34.252310,0 -117.028109,34.252592,0 -117.027708,34.252847,0 -117.027239,34.253262,0 -117.026818,34.253517,0 -117.026026,34.253774,0 -117.025008,34.254051,0 -117.024294,34.254394,0 -117.023425,34.254897,0 -117.022943,34.255252,0 -117.022521,34.255612,0 -117.021408,34.256113,0 -117.020549,34.256392,0 -117.018776,34.256010,0 -117.017776,34.255901,0 -117.016763,34.255836,0 -117.016331,34.255922,0 -117.015491,34.256206,0 -117.014740,34.256414,0 -117.014002,34.256567,0 -117.012801,34.256558,0 -117.010961,34.256773,0 -117.009807,34.256814,0 -117.009040,34.256716,0 -117.008131,34.256660,0 -117.007302,34.256757,0 -117.006390,34.257018,0 -117.005938,34.257055,0 -117.005653,34.257019,0 -117.005310,34.256899,0 -117.004870,34.256592,0 -117.004485,34.256060,0 -117.003979,34.255682,0 -117.003371,34.255562,0 -117.002628,34.255587,0 -117.002035,34.255697,0 -117.000432,34.256191,0 -116.999782,34.256444,0 -116.999117,34.256559,0 -116.998598,34.256721,0 -116.998021,34.256836,0 -116.997467,34.257084,0 -116.996961,34.257247,0 -116.996444,34.257242,0 -116.995851,34.257452,0 -116.995210,34.257875,0 -116.993926,34.258887,0 -116.993237,34.259296,0 -116.992138,34.259760,0 -116.991629,34.260218,0 -116.991377,34.261282,0 -116.990977,34.261979,0 -116.990684,34.262670,0 -116.990571,34.263218,0 -116.990141,34.263721,0 -116.989036,34.264583,0 -116.988844,34.265126,0 -116.988924,34.265588,0 -116.989190,34.266075,0 -116.989190,34.266674,0 -116.988978,34.267185,0 -116.988813,34.267727,0 -116.988766,34.268262,0 -116.988547,34.268783,0 -116.988286,34.269028,0 -116.987297,34.269087,0 -116.986434,34.269700,0 -116.985362,34.270654,0 -116.984921,34.270942,0 -116.984539,34.271238,0 -116.983895,34.271407,0 -116.983407,34.271672,0 -116.982647,34.272601,0 -116.982086,34.272822,0 -116.980677,34.273174,0 -116.978980,34.274217,0 -116.978564,34.274576,0 -116.978162,34.274952,0 -116.977477,34.275685,0 -116.977109,34.276497,0 -116.976919,34.277303,0 -116.976652,34.278005,0 -116.976400,34.278537,0 -116.976408,34.279006,0 -116.976830,34.279637,0 -116.976856,34.280264,0 -116.976570,34.280872,0 -116.976119,34.281445,0 -116.975275,34.282106,0 -116.974337,34.282963,0 -116.973383,34.283399,0 -116.971553,34.283879,0 -116.970661,34.284163,0 -116.970102,34.284828,0 -116.969601,34.286262,0 -116.969182,34.286891,0 -116.968606,34.287276,0 -116.968129,34.287813,0 -116.968011,34.288669,0 -116.968137,34.289330,0 -116.968647,34.289846,0 -116.970246,34.290902,0 -116.970655,34.291560,0 -116.970595,34.292126,0 -116.970378,34.292503,0 -116.969726,34.293224,0 -116.969372,34.293414,0 -116.968761,34.293504,0 -116.967212,34.293302,0 -116.966647,34.293385,0 -116.965834,34.293615,0 -116.965036,34.293922,0 -116.964143,34.294145,0 -116.963415,34.294018,0 -116.962526,34.293576,0 -116.961230,34.293304,0 -116.959965,34.293113,0 -116.959412,34.292806,0 -116.958769,34.292256,0 -116.958156,34.292034,0 -116.956601,34.292246,0 -116.956001,34.292505,0 -116.954497,34.293368,0 -116.953838,34.293578,0 -116.953189,34.293577,0 -116.952740,34.293407,0 -116.951304,34.292603,0 -116.949994,34.292441,0 -116.948851,34.292624,0 -116.947909,34.292639,0 -116.947109,34.292373,0 -116.946349,34.291751,0 -116.945660,34.291121,0 -116.945110,34.291096,0 -116.942643,34.292179,0 -116.941591,34.292463,0 -116.940658,34.292312,0 -116.939962,34.292266,0 -116.939486,34.292162,0 -116.939084,34.291973,0 -116.938349,34.291420,0 -116.937779,34.290914,0 -116.937141,34.290425,0 -116.936016,34.289690,0 -116.934496,34.289301,0 -116.933251,34.289174,0 -116.932545,34.288964,0 -116.931424,34.288438,0 -116.930861,34.288361,0 -116.930405,34.288264,0 -116.930048,34.288148,0 -116.929466,34.288039,0 -116.928261,34.287466,0 -116.927049,34.286751,0 -116.925704,34.286162,0 -116.924532,34.285514,0 -116.923641,34.285169,0 -116.922576,34.285039,0 -116.921396,34.284538,0 -116.920625,34.284130,0 -116.919858,34.283903,0 -116.918705,34.283380,0 -116.917943,34.283330,0 -116.917082,34.283784,0 -116.916057,34.284083,0 -116.915055,34.284635,0 -116.914542,34.284806,0 -116.914057,34.284912,0 -116.913467,34.284864,0 -116.912690,34.284532,0 -116.911541,34.284141,0 -116.910621,34.283956,0 -116.910339,34.283784,0 -116.910176,34.283540,0 -116.910155,34.283121,0 -116.909996,34.282063,0 -116.909643,34.281669,0 -116.908127,34.281528,0 -116.907161,34.281394,0 -116.906530,34.281497,0 -116.905079,34.281852,0 -116.902888,34.282080,0 -116.902284,34.282175,0 -116.901699,34.282186,0 -116.901131,34.282104,0 -116.900699,34.282164,0 -116.900259,34.282365,0 -116.899128,34.283119,0 -116.899389,34.283386,0 -116.899450,34.283805,0 -116.899434,34.284492,0 -116.899251,34.285322,0 -116.899215,34.286066,0 -116.899266,34.286677,0 -116.899468,34.287466,0 -116.899466,34.288093,0 -116.899401,34.288984,0 -116.899229,34.289493,0 -116.898623,34.290589,0 -116.898524,34.291034,0 -116.899857,34.293128,0 -116.899831,34.294045,0 -116.899942,34.294735,0 -116.900279,34.295239,0 -116.900831,34.295732,0 -116.901598,34.296324,0 -116.902322,34.296787,0 -116.903516,34.297728,0 -116.904083,34.298928,0 -116.903986,34.299814,0 -116.903597,34.300585,0 -116.903118,34.301263,0 -116.902785,34.301871,0 -116.902477,34.302590,0 -116.902187,34.303401,0 -116.901706,34.304130,0 -116.901029,34.305256,0 -116.900703,34.306289,0 -116.900537,34.307251,0 -116.900727,34.308469,0 -116.901287,34.309227,0 -116.902180,34.309940,0 -116.902719,34.310788,0 -116.902417,34.311562,0 -116.902337,34.312624,0 -116.902560,34.314264,0 -116.902559,34.314880,0 -116.902299,34.315495,0 -116.901761,34.316034,0 -116.901198,34.316437,0 -116.900730,34.316665,0 -116.899909,34.316684,0 -116.899129,34.316436,0 -116.898529,34.316164,0 -116.897708,34.315986,0 -116.897076,34.316134,0 -116.896350,34.316365,0 -116.895466,34.316450,0 -116.894649,34.316596,0 -116.894322,34.316759,0 -116.894032,34.317069,0 -116.893795,34.317432,0 -116.893392,34.317840,0 -116.892962,34.318166,0 -116.892601,34.318389,0 -116.892022,34.318614,0 -116.891357,34.318701,0 -116.890415,34.318737,0 -116.889449,34.318981,0 -116.888954,34.319328,0 -116.888742,34.319790,0 -116.888740,34.319896,0 -116.888873,34.319890,0 -116.889269,34.320075,0 -116.889531,34.320303,0 -116.890021,34.320908,0 -116.890351,34.321478,0 -116.891001,34.321940,0 -116.891384,34.322081,0 -116.891819,34.322296,0 -116.892896,34.323113,0 -116.893563,34.323361,0 -116.894654,34.323687,0 -116.895317,34.324188,0 -116.895897,34.324953,0 -116.896546,34.325542,0 -116.897106,34.325806,0 -116.898245,34.326465,0 -116.898963,34.326813,0 -116.900219,34.327165,0 -116.900617,34.327236,0 -116.901223,34.327566,0 -116.901640,34.328091,0 -116.902178,34.328500,0 -116.902621,34.328678,0 -116.902991,34.328782,0 -116.903802,34.329108,0 -116.904570,34.329764,0 -116.905005,34.330028,0 -116.905659,34.330236,0 -116.906270,34.330161,0 -116.906698,34.329949,0 -116.906940,34.329725,0 -116.907229,34.329403,0 -116.907527,34.328913,0 -116.908195,34.327656,0 -116.908888,34.326843,0 -116.910207,34.325920,0 -116.910850,34.325508,0 -116.912808,34.324413,0 -116.913172,34.324439,0 -116.913620,34.324673,0 -116.914212,34.325041,0 -116.914859,34.325328,0 -116.915430,34.325322,0 -116.915948,34.325239,0 -116.916694,34.324987,0 -116.917349,34.324631,0 -116.917684,34.324386,0 -116.918318,34.324111,0 -116.919175,34.323981,0 -116.921274,34.323802,0 -116.921758,34.323833,0 -116.923049,34.324010,0 -116.923984,34.324086,0 -116.924654,34.324090,0 -116.926372,34.324024,0 -116.927310,34.324378,0 -116.928076,34.324710,0 -116.928919,34.324613,0 -116.929848,34.324121,0 -116.930719,34.323913,0 -116.931519,34.323673,0 -116.932133,34.323348,0 -116.932832,34.323189,0 -116.933422,34.323216,0 -116.934214,34.323517,0 -116.934985,34.323875,0 -116.935786,34.324031,0 -116.936569,34.324065,0 -116.938364,34.323735,0 -116.938992,34.323889,0 -116.939569,34.324398,0 -116.940194,34.324852,0 -116.941157,34.325310,0 -116.942375,34.326032,0 -116.943695,34.327095,0 -116.944260,34.327500,0 -116.944760,34.327776,0 -116.945341,34.327999,0 -116.946344,34.328467,0 -116.947052,34.328642,0 -116.947581,34.328828,0 -116.948705,34.329577,0 -116.949257,34.330021,0 -116.949897,34.330269,0 -116.951738,34.330038,0 -116.953277,34.330079,0 -116.954027,34.330003,0 -116.954600,34.329809,0 -116.954983,34.329411,0 -116.956220,34.328651,0 -116.956577,34.328301,0 -116.957278,34.326777,0 -116.957587,34.326523,0 -116.957991,34.326582,0 -116.958903,34.326907,0 -116.959353,34.326950,0 -116.959829,34.327142,0 -116.960295,34.327493,0 -116.960790,34.327762,0 -116.961329,34.328092,0 -116.961763,34.328407,0 -116.962336,34.328736,0 -116.963136,34.328903,0 -116.963716,34.328782,0 -116.964800,34.328478,0 -116.965443,34.328566,0 -116.966076,34.328891,0 -116.967125,34.329328,0 -116.967896,34.329848,0 -116.968805,34.330835,0 -116.969341,34.331011,0 -116.969611,34.331041,0 -116.970111,34.330957,0 -116.970631,34.330696,0 -116.971334,34.330268,0 -116.971808,34.329925,0 -116.972409,34.329654,0 -116.973046,34.329639,0 -116.973586,34.329990,0 -116.974058,34.330466,0 -116.974579,34.331231,0 -116.975221,34.331858,0 -116.975928,34.332057,0 -116.977036,34.332630,0 -116.977566,34.332710,0 -116.978139,34.332551,0 -116.978547,34.332285,0 -116.979753,34.331254,0 -116.980067,34.331112,0 -116.980667,34.331395,0 -116.981283,34.331987,0 -116.981660,34.332573,0 -116.982131,34.333174,0 -116.983156,34.334012,0 -116.983702,34.334396,0 -116.985024,34.334826,0 -116.985851,34.334982,0 -116.986815,34.335331,0 -116.987655,34.335564,0 -116.988271,34.335625,0 -116.988907,34.335789,0 -116.989648,34.335912,0 -116.990251,34.335921,0 -116.990934,34.336027,0 -116.991746,34.336331,0 -116.992108,34.336559,0 -116.992730,34.337224,0 -116.993330,34.337576,0 -116.995046,34.337767,0 -116.995736,34.337767,0 -116.996359,34.337817,0 -116.996748,34.338013,0 -116.997946,34.338809,0 -116.998573,34.339096,0 -116.999726,34.339280,0 -117.000424,34.339616,0 -117.000714,34.339884,0 -117.001559,34.339769,0 -117.002155,34.339432,0 -117.003218,34.338252,0 -117.003511,34.338143,0 -117.003892,34.338050,0 -117.004528,34.338038,0 -117.005693,34.338313,0 -117.007142,34.338782,0 -117.007917,34.339362,0 -117.008382,34.339873,0 -117.008790,34.340189,0 -117.009454,34.340631,0 -117.010098,34.341181,0 -117.010865,34.341501,0 -117.011440,34.341607,0 -117.012033,34.341941,0 -117.012654,34.342226,0 -117.014157,34.342460,0 -117.014725,34.342763,0 -117.014832,34.343265,0 -117.014693,34.343710,0 -117.014415,34.344174,0 -117.014132,34.345081,0 -117.014158,34.345626,0 -117.014246,34.346012,0 -117.014396,34.346296,0 -117.014791,34.346512,0 -117.015046,34.346839,0 -117.015000,34.347269,0 -117.014711,34.348170,0 -117.014633,34.348548,0 -117.014763,34.349272,0 -117.014816,34.349779,0 -117.015001,34.350435,0 -117.015184,34.350613,0 -117.015946,34.350819,0 -117.016495,34.350910,0 -117.017043,34.351167,0 -117.017667,34.351729,0 -117.018158,34.352267,0 -117.019089,34.353119,0 -117.019562,34.353629,0 -117.019756,34.354044,0 -117.019881,34.354574,0 -117.020245,34.355255,0 -117.020751,34.355623,0 -117.021458,34.355874,0 -117.021815,34.356059,0 -117.021758,34.356341,0 -117.021628,34.356681,0 -117.021617,34.356999,0 -117.021865,34.357365,0 -117.022207,34.357629,0 -117.022521,34.358005,0 -117.022761,34.358436,0 -117.023706,34.359326,0 -117.023892,34.359795,0 -117.023748,34.360250,0 -117.023565,34.360545,0 -117.023482,34.360817,0 -117.023790,34.361109,0 -117.024173,34.361301,0 -117.024630,34.361382,0 -117.025245,34.361591,0 -117.025826,34.361860,0 -117.026310,34.361979,0 -117.026820,34.362067,0 -117.027474,34.362331,0 -117.028143,34.362914,0 -117.030075,34.364086,0 -117.030150,34.363917,0 -117.030258,34.363187,0 -117.030305,34.362603,0 -117.030604,34.362127,0 -117.031519,34.361110,0 -117.032308,34.360639,0 -117.032890,34.360334,0 -117.035145,34.359312,0 -117.037213,34.358081,0 -117.038211,34.357895,0 -117.039586,34.357809,0 -117.040897,34.357565,0 -117.041625,34.357303,0 -117.042867,34.356685,0 -117.044303,34.356504,0 -117.045244,34.356628,0 -117.046079,34.356822,0 -117.047782,34.357105,0 -117.048688,34.357328,0 -117.049626,34.357253,0 -117.050601,34.356762,0 -117.052789,34.356389,0 -117.055630,34.355366,0 -117.057505,34.355101,0 -117.059157,34.355235,0 -117.060180,34.355226,0 -117.061509,34.355090,0 -117.062503,34.355175,0 -117.063649,34.355466,0 -117.064781,34.355798,0 -117.065933,34.356001,0 -117.067287,34.356094,0 -117.067984,34.356083,0 -117.068597,34.355929,0 -117.070052,34.355259,0 -117.070969,34.355146,0 -117.072150,34.355243,0 -117.073146,34.355228,0 -117.073832,34.355036,0 -117.074293,34.354770,0 -117.074664,34.354339,0 -117.075177,34.353660,0 -117.075687,34.353206,0 -117.076311,34.353080,0 -117.077553,34.353156,0 -117.078248,34.353292,0 -117.079273,34.353556,0 -117.080217,34.353574,0 -117.082250,34.353403,0 -117.082887,34.353407,0 -117.083756,34.353469,0 -117.084210,34.353810,0 -117.084584,34.354265,0 -117.084944,34.354618,0 -117.085132,34.355033,0 -117.085287,34.355486,0 -117.085496,34.355709,0 -117.085720,34.355858,0 -117.086538,34.356295,0 -117.087077,34.356741,0 -117.087443,34.357243,0 -117.087865,34.357573,0 -117.088486,34.357763,0 -117.088990,34.357813,0 -117.089705,34.358017,0 -117.090368,34.358105,0 -117.090740,34.358075,0 -117.091159,34.357966,0 -117.091573,34.357783,0 -117.091762,34.357553,0 -117.092224,34.356660,0 -117.092553,34.355700,0 -117.092863,34.354782,0 -117.093226,34.353276,0 -117.093485,34.352728,0 -117.093828,34.352218,0 -117.094521,34.351536,0 -117.096242,34.350223,0 -117.096862,34.349967,0 -117.097340,34.349940,0 -117.098524,34.350280,0 -117.099164,34.350118,0 -117.099967,34.349625,0 -117.100259,34.349573,0 -117.100715,34.349723,0 -117.102021,34.350505,0 -117.103504,34.351464,0 -117.104326,34.352137,0 -117.105176,34.352677,0 -117.106411,34.353227,0 -117.107268,34.353194,0 -117.107781,34.352996,0 -117.108530,34.352601,0 -117.109128,34.352510,0 -117.109669,34.352306,0 -117.110353,34.351699,0 -117.110905,34.351527,0 -117.111464,34.351515,0 -117.112093,34.351553,0 -117.112697,34.351537,0 -117.113809,34.351330,0 -117.115000,34.350998,0 -117.115706,34.350920,0 -117.116434,34.351092,0 -117.116957,34.351118,0 -117.117589,34.351057,0 -117.118689,34.350739,0 -117.119110,34.350413,0 -117.119477,34.349718,0 -117.119570,34.348473,0 -117.119782,34.347925,0 -117.120018,34.347596,0 -117.120675,34.347655,0 -117.121350,34.347782,0 -117.121642,34.347806,0 -117.122390,34.347426,0 -117.122995,34.347365,0 -117.123552,34.347441,0 -117.124056,34.347456,0 -117.124593,34.347559,0 -117.124950,34.347690,0 -117.125813,34.348257,0 -117.125949,34.348404,0 -117.126020,34.348479,0 -117.126780,34.348820,0 -117.127160,34.349025,0 -117.128012,34.349770,0 -117.128286,34.350204,0 -117.128652,34.351296,0 -117.129057,34.353185,0 -117.129761,34.354027,0 -117.130416,34.354335,0 -117.131182,34.354513,0 -117.131688,34.354719,0 -117.132998,34.355985,0 -117.133494,34.356352,0 -117.134136,34.356714,0 -117.134838,34.357331,0 -117.135524,34.357822,0 -117.136187,34.358103,0 -117.136546,34.358380,0 -117.136909,34.358715,0 -117.137735,34.359147,0 -117.139271,34.359558,0 -117.140569,34.359981,0 -117.140863,34.360168,0 -117.141990,34.361332,0 -117.142610,34.361767,0 -117.143079,34.361840,0 -117.143723,34.361844,0 -117.144184,34.361737,0 -117.144514,34.361275,0 -117.144766,34.360745,0 -117.145048,34.360321,0 -117.145455,34.360002,0 -117.146419,34.359060,0 -117.146966,34.358672,0 -117.148031,34.358020,0 -117.148609,34.357708,0 -117.149721,34.357264,0 -117.150504,34.357017,0 -117.151495,34.356935,0 -117.151988,34.357149,0 -117.152584,34.357466,0 -117.152979,34.357583,0 -117.154697,34.357632,0 -117.155049,34.357666,0 -117.155608,34.357869,0 -117.156008,34.358051,0 -117.156368,34.358266,0 -117.156817,34.358676,0 -117.157727,34.359725,0 -117.158723,34.360319,0 -117.159915,34.360961,0 -117.160507,34.361241,0 -117.161105,34.361455,0 -117.161914,34.362024,0 -117.162658,34.363423,0 -117.163268,34.363741,0 -117.164198,34.363983,0 -117.165853,34.364167,0 -117.166481,34.364284,0 -117.167112,34.364531,0 -117.168486,34.364834,0 -117.169795,34.365339,0 -117.171834,34.365587,0 -117.173688,34.365496,0 -117.174349,34.365613,0 -117.175163,34.365712,0 -117.176221,34.365328,0 -117.177403,34.364769,0 -117.177889,34.364733,0 -117.178900,34.364905,0 -117.179174,34.365096,0 -117.179458,34.365443,0 -117.179984,34.365978,0 -117.180368,34.366248,0 -117.180688,34.366523,0 -117.180959,34.366820,0 -117.181214,34.367298,0 -117.181268,34.367789,0 -117.181260,34.368163,0 -117.180823,34.368674,0 -117.180552,34.369181,0 -117.180494,34.369637,0 -117.180522,34.370126,0 -117.180439,34.370573,0 -117.180198,34.370909,0 -117.180032,34.371209,0 -117.179971,34.371587,0 -117.180019,34.372056,0 -117.180369,34.372701,0 -117.181355,34.373939,0 -117.182286,34.374455,0 -117.182669,34.374803,0 -117.182840,34.375153,0 -117.182794,34.375461,0 -117.182964,34.375815,0 -117.183786,34.376421,0 -117.183843,34.376680,0 -117.183654,34.376964,0 -117.183013,34.377409,0 -117.182895,34.377803,0 -117.183025,34.378548,0 -117.182809,34.379440,0 -117.182749,34.380072,0 -117.183447,34.380475,0 -117.184498,34.381258,0 -117.184862,34.381332,0 -117.185578,34.381272,0 -117.186218,34.381030,0 -117.186745,34.380781,0 -117.187144,34.380663,0 -117.187387,34.380906,0 -117.187463,34.381107,0 -117.187490,34.381704,0 -117.187827,34.382278,0 -117.188388,34.382613,0 -117.190184,34.383168,0 -117.190533,34.383322,0 -117.191007,34.383647,0 -117.191131,34.383802,0 -117.191161,34.384146,0 -117.190952,34.384982,0 -117.191033,34.385344,0 -117.191232,34.385452,0 -117.192531,34.385419,0 -117.192895,34.385470,0 -117.193071,34.385790,0 -117.193260,34.386632,0 -117.193289,34.386995,0 -117.193258,34.387386,0 -117.193127,34.387825,0 -117.192800,34.388487,0 -117.192725,34.389279,0 -117.192713,34.390250,0 -117.192615,34.391294,0 -117.192520,34.391551,0 -117.192090,34.392005,0 -117.191033,34.392710,0 -117.190799,34.392960,0 -117.190646,34.393511,0 -117.190490,34.393872,0 -117.190173,34.394303,0 -117.189744,34.394635,0 -117.188902,34.395216,0 -117.186994,34.396763,0 -117.186745,34.397045,0 -117.186448,34.398125,0 -117.186388,34.398669,0 -117.186376,34.399196,0 -117.186187,34.399492,0 -117.185784,34.399786,0 -117.185370,34.400030,0 -117.184600,34.400721,0 -117.183343,34.401575,0 -117.182664,34.402284,0 -117.182137,34.402598,0 -117.181506,34.402752,0 -117.180524,34.402711,0 -117.179887,34.402755,0 -117.178835,34.403104,0 -117.178369,34.403218,0 -117.177619,34.403343,0 -117.176968,34.403348,0 -117.175731,34.403086,0 -117.175021,34.403134,0 -117.174468,34.403410,0 -117.174012,34.403796,0 -117.173442,34.404370,0 -117.173091,34.404900,0 -117.172829,34.405144,0 -117.172430,34.405262,0 -117.171823,34.405526,0 -117.171661,34.405761,0 -117.171718,34.405977,0 -117.171927,34.406259,0 -117.171971,34.406430,0 -117.171909,34.406633,0 -117.171524,34.407238,0 -117.171288,34.407523,0 -117.170794,34.407821,0 -117.170487,34.407941,0 -117.169810,34.408077,0 -117.167297,34.407956,0 -117.166748,34.407865,0 -117.165920,34.407775,0 -117.164639,34.407836,0 -117.164222,34.407823,0 -117.163510,34.407921,0 -117.162719,34.408145,0 -117.162189,34.408111,0 -117.161820,34.407851,0 -117.161438,34.407635,0 -117.161069,34.407497,0 -117.160559,34.407379,0 -117.159920,34.407098,0 -117.159413,34.406787,0 -117.158967,34.406393,0 -117.158406,34.406093,0 -117.157124,34.405751,0 -117.156622,34.405576,0 -117.156294,34.405283,0 -117.155619,34.405133,0 -117.155172,34.405366,0 -117.154878,34.405627,0 -117.154577,34.405757,0 -117.154127,34.405741,0 -117.153854,34.405767,0 -117.152984,34.405925,0 -117.151613,34.405677,0 -117.151207,34.405840,0 -117.150953,34.405991,0 -117.150501,34.406064,0 -117.149250,34.405910,0 -117.148893,34.405797,0 -117.148293,34.405527,0 -117.147751,34.405425,0 -117.147137,34.405728,0 -117.146222,34.406793,0 -117.145979,34.407119,0 -117.145651,34.407413,0 -117.145269,34.407597,0 -117.144896,34.407832,0 -117.144512,34.408283,0 -117.144233,34.408842,0 -117.144081,34.409367,0 -117.143837,34.409755,0 -117.143469,34.410079,0 -117.142519,34.410740,0 -117.141621,34.411480,0 -117.140759,34.412016,0 -117.139816,34.412679,0 -117.138654,34.413259,0 -117.137903,34.413906,0 -117.137507,34.414303,0 -117.137143,34.414818,0 -117.136627,34.415152,0 -117.135981,34.415413,0 -117.135271,34.415449,0 -117.134350,34.415364,0 -117.132525,34.415398,0 -117.132032,34.415577,0 -117.131736,34.415931,0 -117.131558,34.416425,0 -117.131479,34.417374,0 -117.131467,34.418308,0 -117.131325,34.419171,0 -117.130929,34.420513,0 -117.130596,34.421181,0 -117.129563,34.422086,0 -117.127985,34.423143,0 -117.127259,34.423856,0 -117.127017,34.424614,0 -117.127141,34.425378,0 -117.127486,34.426893,0 -117.127302,34.427810,0 -117.126911,34.428411,0 -117.126429,34.428727,0 -117.125730,34.429384,0 -117.125556,34.429859,0 -117.125218,34.430473,0 -117.123740,34.431904,0 -117.123259,34.432438,0 -117.122774,34.433072,0 -117.122108,34.433824,0 -117.121501,34.434220,0 -117.120998,34.434445,0 -117.120409,34.434635,0 -117.119682,34.435051,0 -117.118691,34.436107,0 -117.118007,34.436766,0 -117.117347,34.437187,0 -117.116062,34.437529,0 -117.115047,34.438090,0 -117.112755,34.439697,0 -117.110736,34.440835,0 -117.109045,34.441607,0 -117.107156,34.442239,0 -117.105811,34.442625,0 -117.104063,34.443181,0 -117.099388,34.444768,0 -117.097279,34.446143,0 -117.095941,34.447541,0 -117.091990,34.452983,0 -117.090667,34.454717,0 -117.087631,34.458207,0 -117.086189,34.460206,0 -117.085132,34.461140,0 -117.084154,34.461828,0 -117.083497,34.462757,0 -117.083098,34.463788,0 -117.083012,34.464442,0 -117.083018,34.465540,0 -117.082971,34.465898,0 -117.082778,34.466248,0 -117.082567,34.466498,0 -117.082025,34.466983,0 -117.081779,34.467294,0 -117.081621,34.467590,0 -117.081567,34.467976,0 -117.081624,34.468456,0 -117.081810,34.469119,0 -117.081820,34.469367,0 -117.082377,34.470879,0 -117.082561,34.471312,0 -117.082735,34.471580,0 -117.082842,34.471900,0 -117.082823,34.472204,0 -117.082532,34.472818,0 -117.082237,34.473249,0 -117.081893,34.473531,0 -117.081476,34.473718,0 -117.081001,34.473852,0 -117.080458,34.474059,0 -117.080275,34.474206,0 -117.079848,34.474971,0 -117.079458,34.475870,0 -117.079221,34.476121,0 -117.078964,34.476306,0 -117.078489,34.476723,0 -117.077883,34.477458,0 -117.077550,34.477792,0 -117.077079,34.478381,0 -117.076974,34.478650,0 -117.076723,34.480269,0 -117.076621,34.480728,0 -117.076467,34.481152,0 -117.076294,34.481502,0 -117.076221,34.481849,0 -117.076225,34.482334,0 -117.076163,34.482792,0 -117.076043,34.483109,0 -117.075906,34.483355,0 -117.075510,34.483858,0 -117.075402,34.484230,0 -117.075359,34.485134,0 -117.075383,34.485897,0 -117.075325,34.486138,0 -117.074705,34.486912,0 -117.074080,34.487908,0 -117.073999,34.488287,0 -117.074082,34.488477,0 -117.074620,34.488906,0 -117.074860,34.489202,0 -117.075200,34.489942,0 -117.075242,34.490514,0 -117.075452,34.490985,0 -117.075762,34.491497,0 -117.076291,34.492044,0 -117.076751,34.492359,0 -117.077808,34.492759,0 -117.078254,34.493157,0 -117.078558,34.493977,0 -117.078741,34.494200,0 -117.079313,34.494542,0 -117.079354,34.494862,0 -117.078918,34.495697,0 -117.078749,34.496179,0 -117.078828,34.496534,0 -117.079133,34.497027,0 -117.079641,34.497563,0 -117.081202,34.498809,0 -117.081470,34.499098,0 -117.081558,34.499370,0 -117.081552,34.499690,0 -117.081485,34.500053,0 -117.081382,34.500211,0 -117.081233,34.500426,0 -117.080979,34.500660,0 -117.080750,34.501060,0 -117.080280,34.502196,0 -117.080023,34.502710,0 -117.080039,34.503123,0 -117.080621,34.504094,0 -117.080848,34.504624,0 -117.081002,34.505162,0 -117.081269,34.505604,0 -117.081723,34.506224,0 -117.081897,34.506632,0 -117.082006,34.507067,0 -117.082245,34.507733,0 -117.082686,34.508258,0 -117.083838,34.509207,0 -117.083980,34.509676,0 -117.083803,34.510197,0 -117.083257,34.510980,0 -117.082875,34.511307,0 -117.082367,34.511655,0 -117.081959,34.511805,0 -117.081388,34.511874,0 -117.080768,34.512099,0 -117.080294,34.512411,0 -117.079740,34.512666,0 -117.077923,34.513044,0 -117.076805,34.513233,0 -117.076413,34.513266,0 -117.075943,34.513157,0 -117.075449,34.512680,0 -117.074796,34.512126,0 -117.074049,34.511714,0 -117.073324,34.511178,0 -117.072671,34.510765,0 -117.071784,34.510412,0 -117.069569,34.510057,0 -117.068932,34.510026,0 -117.068127,34.510124,0 -117.067677,34.509988,0 -117.067357,34.509443,0 -117.067451,34.508674,0 -117.067233,34.508496,0 -117.066830,34.508300,0 -117.065610,34.508051,0 -117.064980,34.507965,0 -117.064401,34.508092,0 -117.063582,34.508356,0 -117.062830,34.508478,0 -117.061118,34.508305,0 -117.060342,34.508190,0 -117.059506,34.508038,0 -117.058711,34.507802,0 -117.058189,34.507545,0 -117.057795,34.507200,0 -117.057225,34.506372,0 -117.056885,34.505791,0 -117.056700,34.505692,0 -117.056109,34.505077,0 -117.055844,34.504887,0 -117.055381,34.504744,0 -117.054042,34.504465,0 -117.053285,34.504515,0 -117.052574,34.504488,0 -117.051415,34.504170,0 -117.050776,34.504243,0 -117.050226,34.504257,0 -117.049761,34.504198,0 -117.049042,34.504332,0 -117.048302,34.504650,0 -117.047654,34.505070,0 -117.045332,34.506107,0 -117.044968,34.506594,0 -117.044955,34.507194,0 -117.045050,34.507690,0 -117.044937,34.508305,0 -117.044706,34.508892,0 -117.043210,34.510218,0 -117.041558,34.511362,0 -117.040360,34.512331,0 -117.038837,34.513139,0 -117.038307,34.513630,0 -117.037514,34.515241,0 -117.036745,34.516379,0 -117.036350,34.517241,0 -117.036458,34.517813,0 -117.036678,34.518248,0 -117.036634,34.518627,0 -117.036094,34.518900,0 -117.035409,34.518989,0 -117.034831,34.518977,0 -117.034287,34.518903,0 -117.033808,34.519070,0 -117.033512,34.519419,0 -117.033198,34.520254,0 -117.032995,34.520576,0 -117.032445,34.521030,0 -117.031783,34.521519,0 -117.031298,34.522132,0 -117.030944,34.523041,0 -117.030720,34.524696,0 -117.030099,34.525658,0 -117.029963,34.526687,0 -117.029901,34.527487,0 -117.029594,34.528882,0 -117.029386,34.530332,0 -117.029504,34.531202,0 -117.029918,34.532267,0 -117.031191,34.534503,0 -117.031861,34.535176,0 -117.033019,34.535670,0 -117.033817,34.536247,0 -117.034386,34.537126,0 -117.034691,34.537875,0 -117.035351,34.538964,0 -117.036469,34.540070,0 -117.037480,34.541348,0 -117.037928,34.542362,0 -117.037954,34.543061,0 -117.037711,34.543984,0 -117.037323,34.544926,0 -117.037063,34.545688,0 -117.036737,34.546407,0 -117.036180,34.547469,0 -117.035629,34.548780,0 -117.035450,34.549410,0 -117.035601,34.550216,0 -117.036018,34.550948,0 -117.037009,34.552192,0 -117.037546,34.552968,0 -117.038689,34.554266,0 -117.039016,34.554852,0 -117.039190,34.555420,0 -117.039290,34.555936,0 -117.039303,34.556673,0 -117.039197,34.557882,0 -117.039225,34.558439,0 -117.039573,34.558869,0 -117.040642,34.559619,0 -117.041102,34.560122,0 -117.041270,34.560645,0 -117.041019,34.561107,0 -117.040650,34.561462,0 -117.040022,34.561737,0 -117.038283,34.562220,0 -117.037534,34.562628,0 -117.036871,34.563101,0 -117.036332,34.563751,0 -117.036025,34.564509,0 -117.035841,34.565122,0 -117.035603,34.565517,0 -117.035228,34.565828,0 -117.034748,34.566045,0 -117.034312,34.566382,0 -117.034167,34.566885,0 -117.034189,34.567327,0 -117.034304,34.567740,0 -117.034820,34.568666,0 -117.035383,34.569550,0 -117.036264,34.570492,0 -117.036846,34.571322,0 -117.037425,34.571907,0 -117.038145,34.572374,0 -117.039111,34.572854,0 -117.040416,34.573336,0 -117.041526,34.573976,0 -117.042290,34.574641,0 -117.042698,34.575166,0 -117.043016,34.575802,0 -117.043236,34.576484,0 -117.043289,34.577078,0 -117.043210,34.577693,0 -117.043197,34.578228,0 -117.043615,34.579066,0 -117.044247,34.579647,0 -117.045283,34.580364,0 -117.047143,34.581114,0 -117.048016,34.581576,0 -117.049067,34.582276,0 -117.050282,34.583131,0 -117.051661,34.584048,0 -117.053034,34.585041,0 -117.054154,34.586132,0 -117.054921,34.587221,0 -117.055383,34.588280,0 -117.055506,34.589116,0 -117.055447,34.589736,0 -117.055293,34.590539,0 -117.055367,34.591116,0 -117.055686,34.591779,0 -117.056207,34.592276,0 -117.057545,34.593336,0 -117.057806,34.593854,0 -117.057675,34.594321,0 -117.057405,34.594711,0 -117.056989,34.595087,0 -117.056541,34.595374,0 -117.056197,34.595834,0 -117.056019,34.596332,0 -117.055923,34.597318,0 -117.055680,34.597759,0 -117.055075,34.598279,0 -117.054800,34.598563,0 -117.054348,34.599208,0 -117.053827,34.600123,0 -117.053660,34.600854,0 -117.053655,34.601393,0 -117.053522,34.602001,0 -117.053264,34.602538,0 -117.052801,34.602915,0 -117.052179,34.603269,0 -117.051757,34.603567,0 -117.051045,34.604350,0 -117.050781,34.604794,0 -117.050357,34.605274,0 -117.049883,34.605561,0 -117.049369,34.605685,0 -117.048351,34.605683,0 -117.047791,34.605834,0 -117.047402,34.606132,0 -117.047113,34.606450,0 -117.046597,34.606815,0 -117.045607,34.607406,0 -117.044814,34.608265,0 -117.044590,34.608637,0 -117.044585,34.609149,0 -117.044861,34.609546,0 -117.045289,34.609896,0 -117.045726,34.610141,0 -117.046105,34.610242,0 -117.046549,34.610294,0 -117.048466,34.610803,0 -117.049022,34.611015,0 -117.050525,34.611681,0 -117.051326,34.612158,0 -117.051688,34.612519,0 -117.051948,34.613015,0 -117.052024,34.613427,0 -117.051940,34.613906,0 -117.051974,34.614478,0 -117.052222,34.614936,0 -117.052617,34.615263,0 -117.053161,34.615415,0 -117.054331,34.615528,0 -117.054741,34.615695,0 -117.055111,34.616051,0 -117.055755,34.616801,0 -117.056225,34.617673,0 -117.056460,34.618669,0 -117.056624,34.619062,0 -117.057262,34.619699,0 -117.057623,34.620137,0 -117.058099,34.620459,0 -117.058524,34.620610,0 -117.059844,34.620882,0 -117.061170,34.621282,0 -117.061633,34.621476,0 -117.062103,34.621767,0 -117.062399,34.622113,0 -117.063245,34.622594,0 -117.063670,34.622767,0 -117.064314,34.622886,0 -117.065365,34.622877,0 -117.067113,34.622939,0 -117.069448,34.622926,0 -117.072871,34.623273,0 -117.073500,34.623415,0 -117.074815,34.624397,0 -117.075162,34.624900,0 -117.075257,34.625170,0 -117.075438,34.626208,0 -117.075422,34.626789,0 -117.075326,34.627310,0 -117.074673,34.628578,0 -117.074541,34.628884,0 -117.074462,34.629233,0 -117.074586,34.630084,0 -117.074589,34.630318,0 -117.074790,34.631025,0 -117.074864,34.631668,0 -117.074779,34.632058,0 -117.074292,34.632908,0 -117.074463,34.633341,0 -117.074863,34.633691,0 -117.076124,34.634619,0 -117.076644,34.634893,0 -117.077069,34.635332,0 -117.077346,34.635876,0 -117.077416,34.636388,0 -117.077387,34.636908,0 -117.077484,34.637449,0 -117.077568,34.637578,0 -117.077429,34.637943,0 -117.077257,34.638698,0 -117.077167,34.639621,0 -117.077087,34.640065,0 -117.076880,34.640486,0 -117.076656,34.640709,0 -117.075682,34.640929,0 -117.074975,34.641040,0 -117.074254,34.641225,0 -117.073704,34.641406,0 -117.072834,34.641790,0 -117.072044,34.642034,0 -117.071872,34.642390,0 -117.071987,34.642683,0 -117.072292,34.643086,0 -117.072445,34.643463,0 -117.072536,34.643931,0 -117.072502,34.644425,0 -117.072530,34.645106,0 -117.072697,34.645422,0 -117.073159,34.645615,0 -117.074088,34.645780,0 -117.074416,34.645948,0 -117.074639,34.646226,0 -117.074824,34.646651,0 -117.075204,34.647722,0 -117.075242,34.648234,0 -117.075158,34.649588,0 -117.075162,34.650540,0 -117.075282,34.651268,0 -117.075530,34.651947,0 -117.075699,34.652568,0 -117.075785,34.653737,0 -117.076017,34.655348,0 -117.076263,34.656419,0 -117.076258,34.657506,0 -117.076317,34.657947,0 -117.076313,34.658536,0 -117.076188,34.660396,0 -117.076260,34.660826,0 -117.076451,34.661295,0 -117.076490,34.661746,0 -117.076324,34.662553,0 -117.076391,34.662851,0 -117.076554,34.663083,0 -117.076822,34.663340,0 -117.077402,34.664000,0 -117.078201,34.664741,0 -117.078595,34.665064,0 -117.079209,34.665677,0 -117.079564,34.665944,0 -117.080277,34.666232,0 -117.081379,34.666399,0 -117.081909,34.666538,0 -117.082397,34.666740,0 -117.083253,34.667245,0 -117.083569,34.667481,0 -117.085380,34.668145,0 -117.085734,34.668380,0 -117.086359,34.668893,0 -117.087458,34.669559,0 -117.088219,34.670136,0 -117.088818,34.670517,0 -117.089657,34.670895,0 -117.089760,34.671066,0 -117.089694,34.671384,0 -117.089494,34.671849,0 -117.089302,34.672142,0 -117.089110,34.672541,0 -117.089017,34.672893,0 -117.088952,34.673547,0 -117.088866,34.673923,0 -117.088754,34.674219,0 -117.088722,34.674570,0 -117.088860,34.676227,0 -117.088809,34.676457,0 -117.088599,34.676708,0 -117.088440,34.676958,0 -117.088317,34.677265,0 -117.088208,34.677736,0 -117.087856,34.678462,0 -117.087556,34.678916,0 -117.087299,34.679121,0 -117.085759,34.679345,0 -117.085236,34.679602,0 -117.084972,34.679807,0 -117.084596,34.680399,0 -117.084297,34.680712,0 -117.083893,34.681044,0 -117.082887,34.681460,0 -117.082161,34.681511,0 -117.080932,34.681427,0 -117.080112,34.681538,0 -117.078956,34.681805,0 -117.077930,34.682276,0 -117.076926,34.683028,0 -117.076629,34.683673,0 -117.076211,34.685141,0 -117.075927,34.685759,0 -117.075581,34.686140,0 -117.074664,34.686853,0 -117.074026,34.687566,0 -117.073618,34.688085,0 -117.072927,34.688802,0 -117.071908,34.689575,0 -117.070970,34.690354,0 -117.070668,34.690466,0 -117.070296,34.690440,0 -117.069387,34.690258,0 -117.068956,34.690211,0 -117.067769,34.689932,0 -117.067073,34.689812,0 -117.066683,34.689651,0 -117.066182,34.689362,0 -117.065927,34.689113,0 -117.064867,34.687711,0 -117.064564,34.687156,0 -117.064062,34.686595,0 -117.063502,34.686282,0 -117.063063,34.686225,0 -117.062624,34.686248,0 -117.062310,34.686332,0 -117.061744,34.686398,0 -117.060179,34.686424,0 -117.058476,34.686413,0 -117.057955,34.686472,0 -117.056639,34.686414,0 -117.055828,34.686360,0 -117.055147,34.686160,0 -117.054069,34.685766,0 -117.053760,34.685554,0 -117.053453,34.685225,0 -117.053174,34.684860,0 -117.052471,34.684301,0 -117.052017,34.683999,0 -117.051749,34.683722,0 -117.051183,34.682627,0 -117.050703,34.681951,0 -117.050291,34.681583,0 -117.049718,34.681218,0 -117.048666,34.680871,0 -117.047559,34.680302,0 -117.047177,34.680060,0 -117.046569,34.679795,0 -117.046293,34.679610,0 -117.045587,34.678893,0 -117.045114,34.678611,0 -117.044657,34.678431,0 -117.044110,34.678138,0 -117.043539,34.677774,0 -117.042746,34.677417,0 -117.042222,34.677357,0 -117.041543,34.677366,0 -117.041099,34.677260,0 -117.040376,34.676807,0 -117.039926,34.676616,0 -117.039188,34.676233,0 -117.038549,34.675505,0 -117.037958,34.675090,0 -117.037005,34.674793,0 -117.034378,34.674722,0 -117.032755,34.674300,0 -117.031985,34.674264,0 -117.031312,34.674289,0 -117.030688,34.674243,0 -117.030192,34.674071,0 -117.029763,34.673848,0 -117.029195,34.673636,0 -117.028518,34.673501,0 -117.027885,34.673578,0 -117.027311,34.673718,0 -117.026739,34.673707,0 -117.026295,34.673586,0 -117.025870,34.673509,0 -117.024661,34.673087,0 -117.024236,34.673026,0 -117.023723,34.673047,0 -117.023336,34.673137,0 -117.022500,34.673373,0 -117.021610,34.673665,0 -117.020458,34.673667,0 -117.019785,34.673730,0 -117.019021,34.673721,0 -117.018201,34.673815,0 -117.017636,34.673776,0 -117.016906,34.673683,0 -117.016381,34.673683,0 -117.014907,34.674191,0 -117.014143,34.674556,0 -117.013667,34.674714,0 -117.013235,34.674699,0 -117.012877,34.674651,0 -117.012499,34.674559,0 -117.010696,34.674536,0 -117.010380,34.674449,0 -117.009958,34.674181,0 -117.009659,34.674144,0 -117.009353,34.674194,0 -117.008738,34.674363,0 -117.008471,34.674338,0 -117.007901,34.674214,0 -117.007492,34.674045,0 -117.007194,34.673987,0 -117.006887,34.674038,0 -117.006354,34.674059,0 -117.005677,34.674363,0 -117.005423,34.674442,0 -117.005210,34.674447,0 -117.004667,34.674265,0 -117.004404,34.674122,0 -117.004227,34.673944,0 -117.004041,34.673586,0 -117.003381,34.672582,0 -117.003139,34.672303,0 -117.002778,34.672068,0 -117.002105,34.672120,0 -117.001827,34.672096,0 -117.001622,34.672016,0 -117.001483,34.671899,0 -117.001315,34.671683,0 -117.001004,34.671011,0 -117.000707,34.670691,0 -117.000562,34.670484,0 -117.000386,34.670118,0 -117.000115,34.669931,0 -116.999457,34.669841,0 -116.999046,34.669751,0 -116.998476,34.669557,0 -116.998291,34.669455,0 -116.997456,34.669151,0 -116.996999,34.668885,0 -116.996438,34.668400,0 -116.996120,34.668234,0 -116.995755,34.668193,0 -116.994793,34.667947,0 -116.993541,34.667568,0 -116.992465,34.667381,0 -116.991571,34.667070,0 -116.990497,34.666791,0 -116.989843,34.666139,0 -116.989460,34.665864,0 -116.989036,34.665636,0 -116.988612,34.665476,0 -116.987666,34.665009,0 -116.987308,34.664864,0 -116.986239,34.664718,0 -116.985676,34.664529,0 -116.985292,34.664346,0 -116.984274,34.663692,0 -116.984122,34.663505,0 -116.983884,34.663323,0 -116.983148,34.663182,0 -116.982511,34.663020,0 -116.981683,34.662681,0 -116.981305,34.662576,0 -116.980803,34.662314,0 -116.980165,34.662140,0 -116.979802,34.661996,0 -116.979345,34.661753,0 -116.979027,34.661642,0 -116.978656,34.661547,0 -116.977739,34.661509,0 -116.977249,34.661360,0 -116.976937,34.661351,0 -116.976424,34.661569,0 -116.975771,34.661797,0 -116.975305,34.661910,0 -116.974839,34.662115,0 -116.974505,34.662310,0 -116.973459,34.662718,0 -116.973159,34.662788,0 -116.972788,34.662743,0 -116.972430,34.662604,0 -116.972080,34.662321,0 -116.971665,34.661825,0 -116.970529,34.660837,0 -116.970239,34.660495,0 -116.970096,34.660150,0 -116.969808,34.659676,0 -116.969562,34.659532,0 -116.969185,34.659464,0 -116.968144,34.659004,0 -116.967322,34.658790,0 -116.966938,34.658657,0 -116.966183,34.658230,0 -116.965866,34.658081,0 -116.965335,34.657996,0 -116.964884,34.658005,0 -116.964458,34.658078,0 -116.963480,34.658392,0 -116.963021,34.658419,0 -116.962522,34.658378,0 -116.962026,34.658219,0 -116.961610,34.657895,0 -116.960911,34.657194,0 -116.960529,34.656686,0 -116.960326,34.656308,0 -116.960201,34.656154,0 -116.959956,34.655949,0 -116.959427,34.655755,0 -116.959136,34.655565,0 -116.958667,34.655125,0 -116.958204,34.654864,0 -116.957616,34.654586,0 -116.956603,34.653989,0 -116.955379,34.653326,0 -116.955042,34.653209,0 -116.953621,34.652975,0 -116.952647,34.652783,0 -116.952076,34.652715,0 -116.951478,34.652713,0 -116.951025,34.652876,0 -116.950525,34.653244,0 -116.950157,34.653610,0 -116.949762,34.653932,0 -116.949348,34.654117,0 -116.949043,34.654143,0 -116.948533,34.654096,0 -116.947922,34.653972,0 -116.947013,34.653913,0 -116.946001,34.654133,0 -116.945449,34.654185,0 -116.944253,34.654168,0 -116.943828,34.654247,0 -116.942902,34.654666,0 -116.942394,34.655027,0 -116.941711,34.655851,0 -116.941377,34.656097,0 -116.940971,34.656164,0 -116.940208,34.656024,0 -116.939770,34.655995,0 -116.938778,34.656235,0 -116.938198,34.656443,0 -116.937811,34.656616,0 -116.937497,34.656915,0 -116.937123,34.657364,0 -116.936867,34.657770,0 -116.936557,34.658158,0 -116.936276,34.658594,0 -116.935708,34.659909,0 -116.935299,34.660400,0 -116.934918,34.660673,0 -116.934265,34.660895,0 -116.933918,34.661168,0 -116.933415,34.661823,0 -116.933121,34.662036,0 -116.932628,34.662132,0 -116.932083,34.662130,0 -116.931452,34.662274,0 -116.930859,34.662474,0 -116.930492,34.662730,0 -116.929832,34.663792,0 -116.929449,34.664333,0 -116.929168,34.664712,0 -116.928886,34.664950,0 -116.928473,34.665058,0 -116.927949,34.665056,0 -116.927458,34.664927,0 -116.927081,34.664756,0 -116.926678,34.664489,0 -116.926182,34.664261,0 -116.925597,34.664208,0 -116.925144,34.664382,0 -116.924857,34.664556,0 -116.924120,34.665369,0 -116.923840,34.665572,0 -116.923520,34.665680,0 -116.922961,34.665732,0 -116.922231,34.665722,0 -116.921840,34.665631,0 -116.921276,34.665564,0 -116.920924,34.665453,0 -116.920439,34.665443,0 -116.919959,34.665662,0 -116.919089,34.665700,0 -116.918023,34.665151,0 -116.916731,34.664765,0 -116.915428,34.663972,0 -116.914932,34.663751,0 -116.914367,34.663683,0 -116.913210,34.663851,0 -116.912898,34.663867,0 -116.912328,34.663803,0 -116.911851,34.663630,0 -116.911115,34.663247,0 -116.910579,34.663101,0 -116.908167,34.663156,0 -116.907469,34.663250,0 -116.906271,34.663501,0 -116.905353,34.663755,0 -116.904828,34.663712,0 -116.904021,34.663350,0 -116.903294,34.662816,0 -116.902754,34.662232,0 -116.902261,34.661552,0 -116.901698,34.660600,0 -116.901375,34.660215,0 -116.901058,34.659955,0 -116.900574,34.659869,0 -116.899835,34.660036,0 -116.898812,34.660019,0 -116.897382,34.659418,0 -116.896501,34.659149,0 -116.895923,34.659180,0 -116.894499,34.660243,0 -116.893833,34.660518,0 -116.893334,34.660636,0 -116.892228,34.661030,0 -116.891627,34.661324,0 -116.890922,34.662318,0 -116.890660,34.662548,0 -116.890295,34.662732,0 -116.890034,34.662809,0 -116.888655,34.661665,0 -116.888240,34.661256,0 -116.887511,34.660248,0 -116.887200,34.660053,0 -116.886755,34.660121,0 -116.885476,34.660571,0 -116.884957,34.660656,0 -116.884358,34.660838,0 -116.883811,34.661103,0 -116.883112,34.661227,0 -116.881912,34.660858,0 -116.880996,34.660929,0 -116.880123,34.661177,0 -116.879465,34.661223,0 -116.877852,34.661135,0 -116.877259,34.661236,0 -116.876453,34.661529,0 -116.876100,34.661682,0 -116.875641,34.661963,0 -116.875241,34.661879,0 -116.874881,34.661758,0 -116.874362,34.661500,0 -116.873650,34.660980,0 -116.872937,34.660515,0 -116.872310,34.660222,0 -116.871499,34.659998,0 -116.870521,34.659907,0 -116.869997,34.660122,0 -116.869290,34.661194,0 -116.868846,34.661767,0 -116.868190,34.662120,0 -116.867114,34.662216,0 -116.865832,34.662439,0 -116.864235,34.663398,0 -116.863543,34.663609,0 -116.861889,34.663687,0 -116.860957,34.663435,0 -116.860186,34.663042,0 -116.858908,34.662479,0 -116.857781,34.661806,0 -116.856962,34.661233,0 -116.856177,34.661076,0 -116.855533,34.661185,0 -116.854476,34.661020,0 -116.852885,34.660655,0 -116.852128,34.660721,0 -116.851298,34.660714,0 -116.850752,34.660612,0 -116.849728,34.660482,0 -116.848725,34.660555,0 -116.847961,34.660881,0 -116.847039,34.661218,0 -116.846316,34.661590,0 -116.845852,34.661967,0 -116.844488,34.663614,0 -116.843893,34.664258,0 -116.842836,34.665956,0 -116.842247,34.666745,0 -116.841883,34.667376,0 -116.841601,34.668185,0 -116.841532,34.669436,0 -116.841380,34.669963,0 -116.841264,34.670684,0 -116.840781,34.671267,0 -116.840150,34.671641,0 -116.839208,34.671874,0 -116.838105,34.672245,0 -116.836433,34.673041,0 -116.835430,34.673251,0 -116.834107,34.673238,0 -116.831730,34.673814,0 -116.828940,34.674304,0 -116.827166,34.674545,0 -116.825473,34.675151,0 -116.824047,34.676270,0 -116.823357,34.676638,0 -116.822953,34.677163,0 -116.822664,34.677920,0 -116.821660,34.680130,0 -116.821437,34.681005,0 -116.821447,34.682065,0 -116.821170,34.682557,0 -116.819616,34.683247,0 -116.818633,34.683431,0 -116.817663,34.683500,0 -116.816984,34.683397,0 -116.816796,34.683184,0 -116.816564,34.682921,0 -116.816622,34.682283,0 -116.816832,34.681733,0 -116.816831,34.681316,0 -116.816664,34.680928,0 -116.816192,34.680796,0 -116.815034,34.680727,0 -116.813872,34.680734,0 -116.812396,34.680941,0 -116.810584,34.681741,0 -116.810025,34.681720,0 -116.808308,34.680857,0 -116.807582,34.680562,0 -116.806656,34.680371,0 -116.805766,34.680314,0 -116.804676,34.680370,0 -116.803965,34.680306,0 -116.803333,34.679962,0 -116.802640,34.679508,0 -116.801728,34.679203,0 -116.800012,34.679116,0 -116.797282,34.679590,0 -116.796073,34.679833,0 -116.795109,34.679879,0 -116.794364,34.679704,0 -116.793898,34.679476,0 -116.792791,34.678545,0 -116.791480,34.677828,0 -116.790122,34.677440,0 -116.789311,34.677283,0 -116.788586,34.676917,0 -116.787159,34.675661,0 -116.786521,34.675382,0 -116.785889,34.675312,0 -116.785350,34.675155,0 -116.783671,34.674115,0 -116.782401,34.673792,0 -116.781178,34.673542,0 -116.778025,34.672757,0 -116.775386,34.672618,0 -116.774276,34.672418,0 -116.772752,34.672064,0 -116.771615,34.672116,0 -116.769250,34.672109,0 -116.768352,34.672024,0 -116.766469,34.671307,0 -116.765782,34.670501,0 -116.765241,34.669655,0 -116.763715,34.667781,0 -116.762257,34.667235,0 -116.761393,34.666999,0 -116.760276,34.666897,0 -116.757923,34.666863,0 -116.756707,34.666893,0 -116.755281,34.668420,0 -116.754850,34.668818,0 -116.754233,34.669131,0 -116.753196,34.669007,0 -116.752783,34.668453,0 -116.751970,34.667834,0 -116.751225,34.667533,0 -116.750681,34.667153,0 -116.750359,34.667188,0 -116.749758,34.667381,0 -116.749055,34.667659,0 -116.748295,34.667816,0 -116.744962,34.667898,0 -116.742938,34.667685,0 -116.740631,34.667280,0 -116.738136,34.667364,0 -116.736005,34.667922,0 -116.734141,34.668106,0 -116.732021,34.668432,0 -116.730066,34.668878,0 -116.728090,34.668928,0 -116.726867,34.668896,0 -116.725821,34.669067,0 -116.724971,34.669431,0 -116.723228,34.669828,0 -116.722569,34.670289,0 -116.722146,34.670982,0 -116.721807,34.671373,0 -116.721348,34.671736,0 -116.721003,34.672188,0 -116.720709,34.672663,0 -116.719682,34.674040,0 -116.717982,34.675885,0 -116.716022,34.677878,0 -116.714600,34.679814,0 -116.713267,34.682013,0 -116.712393,34.684173,0 -116.711935,34.685782,0 -116.711714,34.686714,0 -116.711859,34.688401,0 -116.711830,34.689337,0 -116.711877,34.690083,0 -116.712116,34.690552,0 -116.712808,34.691275,0 -116.712946,34.691849,0 -116.712924,34.692793,0 -116.712956,34.693222,0 -116.713042,34.693695,0 -116.713024,34.693875,0 -116.712730,34.694086,0 -116.712201,34.694707,0 -116.711633,34.695265,0 -116.710363,34.696378,0 -116.709564,34.697689,0 -116.708705,34.697787,0 -116.707601,34.697758,0 -116.706982,34.697795,0 -116.706627,34.697501,0 -116.706416,34.696971,0 -116.706143,34.696556,0 -116.705405,34.696186,0 -116.704788,34.695723,0 -116.704525,34.695104,0 -116.704459,34.694658,0 -116.704243,34.694057,0 -116.703585,34.693249,0 -116.702759,34.692881,0 -116.701438,34.692790,0 -116.700609,34.692598,0 -116.699613,34.692121,0 -116.698370,34.692079,0 -116.697134,34.692416,0 -116.695954,34.692991,0 -116.694871,34.694043,0 -116.694132,34.694535,0 -116.693196,34.694789,0 -116.691867,34.694790,0 -116.690558,34.695060,0 -116.689366,34.695194,0 -116.687993,34.694950,0 -116.687538,34.694719,0 -116.687077,34.694438,0 -116.686344,34.694123,0 -116.685729,34.693818,0 -116.685405,34.693381,0 -116.685554,34.692833,0 -116.685770,34.692248,0 -116.685851,34.691781,0 -116.685854,34.691215,0 -116.685590,34.690630,0 -116.685137,34.690312,0 -116.684653,34.690217,0 -116.684114,34.690230,0 -116.683360,34.689962,0 -116.681580,34.689042,0 -116.680504,34.688974,0 -116.678899,34.688731,0 -116.677003,34.688367,0 -116.675758,34.687645,0 -116.675742,34.687007,0 -116.676293,34.686289,0 -116.676785,34.685504,0 -116.676824,34.684383,0 -116.676469,34.683703,0 -116.675907,34.683148,0 -116.675470,34.682648,0 -116.675342,34.681949,0 -116.675717,34.680954,0 -116.675509,34.680660,0 -116.674372,34.680312,0 -116.673930,34.680092,0 -116.673473,34.679608,0 -116.673104,34.678983,0 -116.672194,34.677715,0 -116.671619,34.677152,0 -116.671039,34.676829,0 -116.670048,34.676075,0 -116.669329,34.675320,0 -116.668836,34.674622,0 -116.668507,34.674035,0 -116.668468,34.673611,0 -116.668518,34.672942,0 -116.668259,34.672560,0 -116.667271,34.670847,0 -116.666640,34.670409,0 -116.665982,34.670024,0 -116.664864,34.669638,0 -116.663483,34.669483,0 -116.662512,34.669131,0 -116.660816,34.667611,0 -116.659611,34.666888,0 -116.658002,34.666118,0 -116.654777,34.663822,0 -116.653497,34.663192,0 -116.651198,34.662401,0 -116.649973,34.662091,0 -116.648431,34.661645,0 -116.646913,34.660995,0 -116.646040,34.660747,0 -116.644762,34.660452,0 -116.642811,34.659874,0 -116.641181,34.659191,0 -116.640208,34.658503,0 -116.639825,34.657592,0 -116.640020,34.656660,0 -116.640420,34.655939,0 -116.640820,34.655055,0 -116.640663,34.654547,0 -116.640389,34.654356,0 -116.640032,34.654105,0 -116.639485,34.653854,0 -116.638602,34.653387,0 -116.638184,34.652914,0 -116.637749,34.651925,0 -116.637546,34.650622,0 -116.637130,34.648914,0 -116.636630,34.648231,0 -116.636057,34.647928,0 -116.635459,34.647505,0 -116.635121,34.647093,0 -116.634590,34.646307,0 -116.634443,34.645943,0 -116.634525,34.645444,0 -116.634888,34.644800,0 -116.635312,34.644151,0 -116.635513,34.643654,0 -116.635747,34.642805,0 -116.635865,34.642514,0 -116.635702,34.642326,0 -116.635280,34.642466,0 -116.634676,34.642502,0 -116.633994,34.642312,0 -116.633369,34.642310,0 -116.632444,34.642375,0 -116.631444,34.642194,0 -116.630166,34.641893,0 -116.629513,34.642006,0 -116.628134,34.643296,0 -116.627151,34.644043,0 -116.626907,34.644655,0 -116.626775,34.645341,0 -116.626339,34.645928,0 -116.626197,34.646486,0 -116.626381,34.646983,0 -116.626668,34.647268,0 -116.627475,34.648299,0 -116.627780,34.648769,0 -116.627982,34.649372,0 -116.628502,34.650410,0 -116.628759,34.651259,0 -116.629134,34.652319,0 -116.629255,34.652973,0 -116.629355,34.654166,0 -116.629255,34.656418,0 -116.629162,34.657141,0 -116.628635,34.659548,0 -116.628294,34.660065,0 -116.627664,34.660701,0 -116.626980,34.661055,0 -116.626380,34.661135,0 -116.625869,34.661058,0 -116.625723,34.660974,0 -116.625242,34.661097,0 -116.624182,34.661701,0 -116.623607,34.661920,0 -116.622987,34.662078,0 -116.622478,34.662401,0 -116.622193,34.662718,0 -116.621570,34.662996,0 -116.621012,34.663045,0 -116.620353,34.663059,0 -116.619667,34.663186,0 -116.619086,34.663366,0 -116.618241,34.663922,0 -116.617774,34.664461,0 -116.617351,34.665589,0 -116.616915,34.666247,0 -116.615966,34.667060,0 -116.615358,34.667674,0 -116.615127,34.668413,0 -116.615138,34.669425,0 -116.615111,34.669874,0 -116.614719,34.670765,0 -116.614063,34.671505,0 -116.613268,34.672199,0 -116.612960,34.672789,0 -116.612444,34.673474,0 -116.611672,34.674396,0 -116.611376,34.674684,0 -116.610709,34.675214,0 -116.609630,34.675759,0 -116.608409,34.676075,0 -116.606900,34.676130,0 -116.604781,34.676487,0 -116.603200,34.677278,0 -116.601911,34.677648,0 -116.600381,34.677723,0 -116.596615,34.677524,0 -116.594400,34.677632,0 -116.591882,34.677945,0 -116.590831,34.678001,0 -116.590163,34.677857,0 -116.589510,34.677548,0 -116.588875,34.676925,0 -116.588765,34.676233,0 -116.588848,34.675196,0 -116.588833,34.674524,0 -116.588614,34.673973,0 -116.588232,34.673431,0 -116.587723,34.673190,0 -116.586623,34.673047,0 -116.586008,34.672788,0 -116.585367,34.672560,0 -116.584651,34.672454,0 -116.583912,34.672550,0 -116.583035,34.672904,0 -116.582571,34.673299,0 -116.582231,34.673755,0 -116.581784,34.674273,0 -116.580984,34.674408,0 -116.580026,34.674090,0 -116.576853,34.673791,0 -116.575707,34.673632,0 -116.574782,34.673270,0 -116.574055,34.672586,0 -116.573443,34.672152,0 -116.572724,34.671831,0 -116.571944,34.671653,0 -116.570329,34.671583,0 -116.567348,34.671794,0 -116.565456,34.671659,0 -116.563945,34.671349,0 -116.561910,34.671049,0 -116.559738,34.670976,0 -116.555631,34.670913,0 -116.553860,34.670750,0 -116.551085,34.670556,0 -116.549432,34.670777,0 -116.547524,34.670818,0 -116.545201,34.670637,0 -116.543700,34.670604,0 -116.543082,34.670542,0 -116.542797,34.670557,0 -116.542512,34.670508,0 -116.541909,34.669927,0 -116.541535,34.669668,0 -116.540941,34.669465,0 -116.540024,34.669421,0 -116.539477,34.669487,0 -116.538149,34.669856,0 -116.537489,34.669948,0 -116.536433,34.669892,0 -116.535020,34.669420,0 -116.533161,34.668081,0 -116.531904,34.667304,0 -116.530789,34.666374,0 -116.530256,34.665632,0 -116.529765,34.665177,0 -116.528839,34.664574,0 -116.526513,34.663708,0 -116.525102,34.663435,0 -116.522418,34.662979,0 -116.521347,34.662667,0 -116.520105,34.662592,0 -116.518341,34.662781,0 -116.516951,34.662429,0 -116.515596,34.661584,0 -116.515280,34.661443,0 -116.514691,34.661328,0 -116.514218,34.661317,0 -116.513963,34.661490,0 -116.513592,34.661808,0 -116.512956,34.662087,0 -116.510340,34.662294,0 -116.509355,34.662463,0 -116.508320,34.663145,0 -116.507016,34.663635,0 -116.505971,34.663737,0 -116.504442,34.663753,0 -116.502923,34.663610,0 -116.502194,34.663474,0 -116.501519,34.663236,0 -116.500232,34.663035,0 -116.498187,34.662422,0 -116.496902,34.662085,0 -116.493769,34.661168,0 -116.493369,34.661149,0 -116.492569,34.661178,0 -116.492196,34.661121,0 -116.491609,34.661195,0 -116.490873,34.661546,0 -116.490292,34.661713,0 -116.489752,34.661711,0 -116.488853,34.661552,0 -116.486990,34.661021,0 -116.485951,34.660960,0 -116.485344,34.660842,0 -116.484847,34.660515,0 -116.484522,34.660199,0 -116.484199,34.659719,0 -116.484079,34.658831,0 -116.483416,34.658278,0 -116.483138,34.657994,0 -116.483007,34.657620,0 -116.483010,34.657135,0 -116.483080,34.656693,0 -116.482863,34.656204,0 -116.482314,34.655644,0 -116.481857,34.655290,0 -116.481304,34.655331,0 -116.480821,34.655459,0 -116.480123,34.655326,0 -116.479785,34.655088,0 -116.479354,34.654871,0 -116.478880,34.654863,0 -116.478440,34.654778,0 -116.477936,34.654566,0 -116.477471,34.654293,0 -116.476419,34.654075,0 -116.476088,34.653796,0 -116.475406,34.653094,0 -116.475122,34.652612,0 -116.474593,34.652015,0 -116.473997,34.651550,0 -116.473319,34.651387,0 -116.472830,34.651534,0 -116.472556,34.651792,0 -116.472141,34.652032,0 -116.471185,34.652368,0 -116.470442,34.652784,0 -116.470187,34.652974,0 -116.469722,34.653759,0 -116.469192,34.654248,0 -116.468503,34.654624,0 -116.467681,34.654846,0 -116.466849,34.654667,0 -116.465836,34.654644,0 -116.465007,34.654926,0 -116.464707,34.654986,0 -116.464194,34.655018,0 -116.463699,34.655202,0 -116.462541,34.655878,0 -116.461505,34.656325,0 -116.460013,34.657040,0 -116.459452,34.657208,0 -116.458691,34.657313,0 -116.457072,34.657222,0 -116.455685,34.657343,0 -116.454450,34.657552,0 -116.453354,34.657954,0 -116.452462,34.658604,0 -116.450986,34.659831,0 -116.448824,34.661072,0 -116.447203,34.662188,0 -116.446196,34.663035,0 -116.444920,34.664395,0 -116.443998,34.665442,0 -116.442756,34.666670,0 -116.442189,34.666743,0 -116.441837,34.666523,0 -116.441592,34.666301,0 -116.440430,34.665690,0 -116.439873,34.665305,0 -116.438736,34.664808,0 -116.438034,34.664360,0 -116.437788,34.664166,0 -116.437442,34.664066,0 -116.437069,34.664057,0 -116.436628,34.664109,0 -116.436162,34.664096,0 -116.435682,34.664012,0 -116.434719,34.663551,0 -116.433870,34.662979,0 -116.433293,34.662679,0 -116.432169,34.662238,0 -116.431652,34.661915,0 -116.431271,34.661224,0 -116.430992,34.661012,0 -116.430680,34.660874,0 -116.430335,34.660669,0 -116.430023,34.660374,0 -116.429495,34.659777,0 -116.429262,34.659693,0 -116.428929,34.659652,0 -116.428729,34.659552,0 -116.428612,34.659288,0 -116.428514,34.658886,0 -116.428256,34.658734,0 -116.427425,34.658493,0 -116.427232,34.658377,0 -116.426868,34.657918,0 -116.426659,34.657497,0 -116.426382,34.657079,0 -116.426052,34.656740,0 -116.425699,34.656596,0 -116.425353,34.656549,0 -116.425020,34.656543,0 -116.424714,34.656447,0 -116.424367,34.656395,0 -116.423962,34.656272,0 -116.423611,34.656018,0 -116.423140,34.655559,0 -116.422830,34.655198,0 -116.422498,34.655041,0 -116.422095,34.655413,0 -116.421549,34.656112,0 -116.421455,34.656342,0 -116.421398,34.656783,0 -116.421208,34.657179,0 -116.420979,34.657457,0 -116.420577,34.657715,0 -116.420408,34.658038,0 -116.420364,34.658600,0 -116.420167,34.659068,0 -116.419930,34.659513,0 -116.419793,34.659952,0 -116.419776,34.660414,0 -116.419567,34.660805,0 -116.418990,34.661238,0 -116.418689,34.661428,0 -116.418261,34.661620,0 -116.418285,34.661915,0 -116.418549,34.662255,0 -116.418607,34.662606,0 -116.418403,34.663014,0 -116.417708,34.663263,0 -116.416953,34.663435,0 -116.416564,34.663769,0 -116.416261,34.664153,0 -116.415857,34.664757,0 -116.415468,34.664986,0 -116.414683,34.664871,0 -116.413777,34.664624,0 -116.413098,34.664627,0 -116.412483,34.664831,0 -116.411995,34.665077,0 -116.411420,34.665223,0 -116.410997,34.665519,0 -116.410513,34.665979,0 -116.410192,34.666202,0 -116.408697,34.666344,0 -116.408203,34.666479,0 -116.407667,34.666724,0 -116.407406,34.666999,0 -116.406702,34.667579,0 -116.406424,34.668051,0 -116.406474,34.668545,0 -116.406644,34.668904,0 -116.406773,34.669369,0 -116.406499,34.669597,0 -116.405876,34.669870,0 -116.404610,34.669898,0 -116.403754,34.670150,0 -116.403051,34.670528,0 -116.402609,34.670821,0 -116.402104,34.671485,0 -116.401823,34.672266,0 -116.401083,34.674057,0 -116.400744,34.674772,0 -116.399554,34.676088,0 -116.398859,34.677054,0 -116.398391,34.678014,0 -116.397999,34.678695,0 -116.397616,34.679106,0 -116.397088,34.680001,0 -116.396960,34.681030,0 -116.396906,34.681979,0 -116.396471,34.683039,0 -116.395772,34.683673,0 -116.395160,34.684349,0 -116.394617,34.685690,0 -116.394145,34.686248,0 -116.393888,34.686683,0 -116.393499,34.686960,0 -116.393057,34.687057,0 -116.392742,34.687376,0 -116.392779,34.687755,0 -116.393004,34.688061,0 -116.393353,34.688391,0 -116.393550,34.688868,0 -116.393644,34.689727,0 -116.393798,34.690366,0 -116.393686,34.690988,0 -116.393400,34.691757,0 -116.393466,34.692673,0 -116.393676,34.693154,0 -116.394119,34.693596,0 -116.394697,34.693874,0 -116.396028,34.694201,0 -116.396480,34.694408,0 -116.397422,34.695179,0 -116.397764,34.695693,0 -116.397948,34.696167,0 -116.398010,34.696580,0 -116.397839,34.697120,0 -116.397609,34.697520,0 -116.397487,34.698645,0 -116.396707,34.700352,0 -116.396674,34.700963,0 -116.396589,34.701675,0 -116.396136,34.702464,0 -116.395495,34.703309,0 -116.394976,34.704068,0 -116.394310,34.705661,0 -116.393724,34.706422,0 -116.393138,34.707041,0 -116.392739,34.707679,0 -116.392402,34.708889,0 -116.392119,34.709288,0 -116.391843,34.709585,0 -116.391661,34.709908,0 -116.391604,34.710357,0 -116.391780,34.710759,0 -116.391854,34.711085,0 -116.392032,34.712389,0 -116.392014,34.712665,0 -116.391489,34.714843,0 -116.390710,34.716671,0 -116.390198,34.717713,0 -116.388970,34.719678,0 -116.387144,34.721802,0 -116.386800,34.722416,0 -116.386327,34.723525,0 -116.385592,34.724707,0 -116.384305,34.726600,0 -116.383378,34.727726,0 -116.382981,34.728295,0 -116.382269,34.729698,0 -116.381607,34.730496,0 -116.381333,34.730945,0 -116.380622,34.731890,0 -116.380002,34.732595,0 -116.379568,34.733395,0 -116.379186,34.733881,0 -116.378236,34.734763,0 -116.377274,34.735563,0 -116.376330,34.736478,0 -116.376063,34.736828,0 -116.376021,34.736976,0 -116.374602,34.738519,0 -116.374124,34.738871,0 -116.373710,34.739340,0 -116.372694,34.740001,0 -116.371817,34.740702,0 -116.371634,34.740948,0 -116.371371,34.741517,0 -116.371316,34.742095,0 -116.371350,34.742436,0 -116.372095,34.743369,0 -116.372158,34.743590,0 -116.372139,34.743981,0 -116.372184,34.744086,0 -116.372712,34.744786,0 -116.374023,34.746143,0 -116.374165,34.746431,0 -116.373880,34.746769,0 -116.373052,34.747333,0 -116.372597,34.747889,0 -116.372083,34.748390,0 -116.371586,34.749068,0 -116.371308,34.749994,0 -116.370267,34.751085,0 -116.369367,34.751816,0 -116.369156,34.751937,0 -116.367493,34.752561,0 -116.367109,34.752655,0 -116.366226,34.752748,0 -116.365748,34.752852,0 -116.364944,34.753145,0 -116.364482,34.753392,0 -116.363556,34.754095,0 -116.361871,34.755819,0 -116.361175,34.756451,0 -116.360309,34.756792,0 -116.359799,34.757048,0 -116.357890,34.758188,0 -116.357213,34.758639,0 -116.356148,34.759112,0 -116.355224,34.759413,0 -116.354546,34.759704,0 -116.352516,34.760323,0 -116.350064,34.761537,0 -116.348523,34.762445,0 -116.346880,34.763580,0 -116.346232,34.764153,0 -116.345663,34.764579,0 -116.344813,34.765377,0 -116.343774,34.766248,0 -116.342845,34.766840,0 -116.342378,34.767368,0 -116.341910,34.768110,0 -116.341084,34.768975,0 -116.340346,34.769639,0 -116.339660,34.770155,0 -116.338819,34.770706,0 -116.338290,34.771133,0 -116.336691,34.772137,0 -116.336346,34.772272,0 -116.335580,34.772444,0 -116.334299,34.772631,0 -116.333828,34.772740,0 -116.332889,34.773068,0 -116.331552,34.773666,0 -116.330932,34.774019,0 -116.329611,34.775114,0 -116.328969,34.775868,0 -116.328603,34.776194,0 -116.328282,34.776389,0 -116.327679,34.776655,0 -116.326090,34.777059,0 -116.324582,34.777603,0 -116.323012,34.778030,0 -116.321756,34.778267,0 -116.318142,34.778773,0 -116.317097,34.779081,0 -116.315875,34.779644,0 -116.313899,34.780930,0 -116.313532,34.781290,0 -116.312881,34.782104,0 -116.312673,34.782495,0 -116.312537,34.782921,0 -116.312313,34.784248,0 -116.312273,34.784775,0 -116.312096,34.785399,0 -116.312046,34.785491,0 -116.311429,34.785937,0 -116.311067,34.786352,0 -116.310903,34.786793,0 -116.310776,34.787869,0 -116.310641,34.788092,0 -116.309942,34.788409,0 -116.309499,34.788464,0 -116.308437,34.788513,0 -116.307531,34.788478,0 -116.307094,34.788406,0 -116.306382,34.788172,0 -116.305937,34.788133,0 -116.305146,34.788217,0 -116.303812,34.788562,0 -116.303113,34.788885,0 -116.302792,34.789080,0 -116.302377,34.789477,0 -116.302028,34.789897,0 -116.301829,34.790035,0 -116.301616,34.790382,0 -116.301233,34.791360,0 -116.299973,34.790891,0 -116.298469,34.790250,0 -116.297779,34.790065,0 -116.297177,34.789816,0 -116.296961,34.789585,0 -116.296591,34.789309,0 -116.296088,34.789117,0 -116.295316,34.789070,0 -116.294822,34.789077,0 -116.293635,34.789141,0 -116.292922,34.789133,0 -116.292107,34.789245,0 -116.291701,34.789225,0 -116.291264,34.789044,0 -116.290821,34.788760,0 -116.290403,34.788649,0 -116.290058,34.788518,0 -116.288456,34.788261,0 -116.287819,34.788089,0 -116.287498,34.787728,0 -116.287387,34.787216,0 -116.287354,34.786731,0 -116.287128,34.786257,0 -116.286848,34.785867,0 -116.286706,34.785548,0 -116.286980,34.784236,0 -116.287304,34.783541,0 -116.287619,34.783048,0 -116.287689,34.782413,0 -116.287347,34.781255,0 -116.287310,34.780687,0 -116.287416,34.780238,0 -116.287563,34.779832,0 -116.287278,34.778944,0 -116.287451,34.778440,0 -116.287907,34.777933,0 -116.288319,34.777570,0 -116.288769,34.776908,0 -116.289264,34.776354,0 -116.289610,34.776423,0 -116.290455,34.776476,0 -116.291189,34.776446,0 -116.291851,34.776254,0 -116.292568,34.775981,0 -116.294883,34.775016,0 -116.295573,34.774788,0 -116.296423,34.774594,0 -116.297301,34.774234,0 -116.297817,34.773640,0 -116.298050,34.773197,0 -116.298887,34.772519,0 -116.299675,34.772005,0 -116.300848,34.771545,0 -116.303682,34.769739,0 -116.305637,34.768285,0 -116.307225,34.767379,0 -116.309183,34.766563,0 -116.310622,34.766084,0 -116.311587,34.765807,0 -116.312188,34.765699,0 -116.312581,34.765567,0 -116.312299,34.765446,0 -116.312058,34.764632,0 -116.312207,34.763669,0 -116.313008,34.761352,0 -116.313030,34.760390,0 -116.312838,34.759498,0 -116.312323,34.758756,0 -116.311515,34.757960,0 -116.310386,34.756947,0 -116.309641,34.756340,0 -116.309102,34.755455,0 -116.308736,34.754148,0 -116.308855,34.752913,0 -116.309042,34.752046,0 -116.308766,34.750348,0 -116.308685,34.750119,0 -116.308567,34.749958,0 -116.307300,34.749401,0 -116.306657,34.749038,0 -116.305620,34.748165,0 -116.304890,34.747752,0 -116.304184,34.747072,0 -116.302574,34.744128,0 -116.302435,34.742544,0 -116.302758,34.741349,0 -116.303356,34.740099,0 -116.303635,34.739327,0 -116.303672,34.738108,0 -116.303787,34.737299,0 -116.304581,34.734822,0 -116.304700,34.733436,0 -116.304683,34.731650,0 -116.304584,34.730051,0 -116.304435,34.728923,0 -116.304361,34.726763,0 -116.304282,34.725807,0 -116.304090,34.724996,0 -116.303902,34.724513,0 -116.303634,34.723869,0 -116.303273,34.723355,0 -116.302797,34.723032,0 -116.302487,34.722640,0 -116.301806,34.721466,0 -116.301258,34.721017,0 -116.300388,34.720775,0 -116.299785,34.720481,0 -116.299712,34.719762,0 -116.300072,34.718911,0 -116.300890,34.718082,0 -116.302144,34.717210,0 -116.303466,34.715272,0 -116.304224,34.714611,0 -116.305131,34.714336,0 -116.306192,34.713941,0 -116.306794,34.713677,0 -116.307269,34.713393,0 -116.307561,34.712809,0 -116.307740,34.712149,0 -116.307559,34.711532,0 -116.307177,34.710998,0 -116.305925,34.708924,0 -116.304345,34.707008,0 -116.303646,34.706304,0 -116.303384,34.705879,0 -116.303307,34.705455,0 -116.303448,34.704687,0 -116.303252,34.704224,0 -116.302990,34.703878,0 -116.302834,34.703380,0 -116.302751,34.702986,0 -116.302488,34.702560,0 -116.300649,34.700659,0 -116.299130,34.698666,0 -116.298693,34.698404,0 -116.298120,34.698483,0 -116.296682,34.699343,0 -116.295941,34.699558,0 -116.295503,34.699510,0 -116.294509,34.699033,0 -116.293736,34.698391,0 -116.292838,34.697703,0 -116.292407,34.697425,0 -116.291983,34.697258,0 -116.291510,34.697255,0 -116.291044,34.697329,0 -116.290396,34.697738,0 -116.289312,34.698275,0 -116.287934,34.698463,0 -116.286112,34.698326,0 -116.284834,34.698379,0 -116.283807,34.698624,0 -116.282645,34.699018,0 -116.281492,34.699248,0 -116.279935,34.699255,0 -116.278007,34.699730,0 -116.277395,34.699754,0 -116.277003,34.699682,0 -116.276654,34.699283,0 -116.276479,34.698720,0 -116.276271,34.698198,0 -116.275749,34.697733,0 -116.275094,34.697370,0 -116.274521,34.696828,0 -116.274172,34.696409,0 -116.273775,34.696132,0 -116.273217,34.696074,0 -116.272723,34.696179,0 -116.271675,34.696547,0 -116.271235,34.696671,0 -116.270769,34.696695,0 -116.270384,34.696560,0 -116.269981,34.696328,0 -116.269348,34.695713,0 -116.268739,34.695402,0 -116.268160,34.695388,0 -116.267434,34.695541,0 -116.266828,34.695527,0 -116.266024,34.695418,0 -116.265478,34.695408,0 -116.264884,34.695565,0 -116.264336,34.695944,0 -116.263893,34.696331,0 -116.263577,34.696665,0 -116.262995,34.696953,0 -116.262415,34.696992,0 -116.262057,34.697066,0 -116.261622,34.697251,0 -116.261234,34.697447,0 -116.260910,34.697907,0 -116.260642,34.698091,0 -116.260162,34.698225,0 -116.259876,34.698224,0 -116.259676,34.698119,0 -116.259541,34.697793,0 -116.259318,34.697444,0 -116.259028,34.697190,0 -116.258622,34.697061,0 -116.257810,34.697095,0 -116.257378,34.697038,0 -116.257027,34.696898,0 -116.256186,34.696485,0 -116.255642,34.696371,0 -116.255230,34.696198,0 -116.254847,34.695938,0 -116.254531,34.695623,0 -116.254374,34.695370,0 -116.254410,34.695076,0 -116.255018,34.694724,0 -116.255407,34.694546,0 -116.255614,34.694315,0 -116.255644,34.694031,0 -116.255315,34.693660,0 -116.254438,34.692870,0 -116.254407,34.692576,0 -116.254470,34.692187,0 -116.254407,34.691934,0 -116.254216,34.691734,0 -116.253850,34.691628,0 -116.253319,34.691571,0 -116.252806,34.691565,0 -116.252500,34.691593,0 -116.252347,34.691551,0 -116.252245,34.691211,0 -116.252201,34.690847,0 -116.252044,34.690594,0 -116.251674,34.690393,0 -116.251088,34.689659,0 -116.250835,34.689489,0 -116.249141,34.689086,0 -116.247743,34.688883,0 -116.245959,34.688527,0 -116.244740,34.688121,0 -116.243890,34.687739,0 -116.242946,34.687136,0 -116.241890,34.686410,0 -116.238575,34.684403,0 -116.237731,34.683942,0 -116.237506,34.683646,0 -116.237501,34.683172,0 -116.237356,34.682801,0 -116.237004,34.682438,0 -116.236820,34.682025,0 -116.236822,34.681495,0 -116.236746,34.680956,0 -116.236337,34.680002,0 -116.236245,34.679683,0 -116.236240,34.679314,0 -116.236142,34.678930,0 -116.235501,34.678039,0 -116.235009,34.677582,0 -116.233594,34.676714,0 -116.232704,34.676254,0 -116.229872,34.674884,0 -116.228018,34.674108,0 -116.227412,34.673885,0 -116.226973,34.673809,0 -116.226506,34.673916,0 -116.226071,34.674268,0 -116.225704,34.674452,0 -116.225430,34.674468,0 -116.223888,34.673875,0 -116.223430,34.673509,0 -116.221962,34.672564,0 -116.220671,34.670996,0 -116.220328,34.670323,0 -116.219810,34.669919,0 -116.219585,34.669645,0 -116.218861,34.669131,0 -116.218192,34.668538,0 -116.217833,34.668371,0 -116.217420,34.668249,0 -116.217122,34.668123,0 -116.216750,34.667923,0 -116.216563,34.667691,0 -116.216599,34.667302,0 -116.216775,34.666734,0 -116.217104,34.666180,0 -116.218684,34.664787,0 -116.219031,34.664325,0 -116.219207,34.663759,0 -116.219426,34.662703,0 -116.219215,34.662455,0 -116.218729,34.662238,0 -116.218284,34.661945,0 -116.217966,34.661410,0 -116.217690,34.660836,0 -116.217345,34.660423,0 -116.216822,34.660025,0 -116.216437,34.659660,0 -116.216039,34.659197,0 -116.214539,34.658272,0 -116.213716,34.657703,0 -116.212945,34.657270,0 -116.212387,34.657032,0 -116.211456,34.656841,0 -116.210763,34.656664,0 -116.210205,34.656479,0 -116.210060,34.656134,0 -116.209903,34.654514,0 -116.209752,34.653997,0 -116.209461,34.653438,0 -116.209056,34.653097,0 -116.207965,34.652833,0 -116.207275,34.652540,0 -116.206910,34.652231,0 -116.206658,34.651954,0 -116.206320,34.651716,0 -116.206007,34.651422,0 -116.205830,34.650955,0 -116.205838,34.649464,0 -116.205752,34.649205,0 -116.205508,34.648973,0 -116.205149,34.648729,0 -116.204380,34.648109,0 -116.203852,34.648421,0 -116.203266,34.648591,0 -116.202726,34.648686,0 -116.202237,34.649065,0 -116.201705,34.650071,0 -116.201311,34.650422,0 -116.200876,34.650904,0 -116.200653,34.651422,0 -116.200540,34.652615,0 -116.200137,34.653268,0 -116.199622,34.653662,0 -116.199409,34.653789,0 -116.198554,34.654133,0 -116.197800,34.654290,0 -116.197047,34.654644,0 -116.196418,34.655199,0 -116.195696,34.655648,0 -116.194368,34.655995,0 -116.193521,34.656442,0 -116.193084,34.657052,0 -116.192560,34.658068,0 -116.192183,34.658595,0 -116.191955,34.659008,0 -116.191719,34.659354,0 -116.191385,34.659642,0 -116.191124,34.660049,0 -116.191022,34.660441,0 -116.190960,34.660860,0 -116.190732,34.661149,0 -116.190113,34.661026,0 -116.189421,34.660793,0 -116.188875,34.660742,0 -116.188421,34.660746,0 -116.187996,34.660819,0 -116.187453,34.661330,0 -116.187106,34.661555,0 -116.186877,34.661889,0 -116.186775,34.662171,0 -116.186701,34.662439,0 -116.186564,34.663308,0 -116.186319,34.664157,0 -116.186180,34.665053,0 -116.186039,34.665498,0 -116.185817,34.665921,0 -116.185402,34.666325,0 -116.184906,34.666741,0 -116.183960,34.667855,0 -116.183579,34.668246,0 -116.183130,34.668624,0 -116.182321,34.669434,0 -116.181511,34.670185,0 -116.180519,34.671025,0 -116.178893,34.672591,0 -116.178142,34.673246,0 -116.176711,34.674214,0 -116.175909,34.674651,0 -116.175168,34.675099,0 -116.173444,34.675957,0 -116.172956,34.676308,0 -116.172602,34.676427,0 -116.171402,34.676626,0 -116.170182,34.676782,0 -116.168726,34.677315,0 -116.167501,34.677310,0 -116.166608,34.677347,0 -116.165928,34.677459,0 -116.165201,34.677687,0 -116.164207,34.677833,0 -116.163493,34.677808,0 -116.162742,34.677717,0 -116.161928,34.677747,0 -116.161355,34.677957,0 -116.160839,34.678319,0 -116.160010,34.679010,0 -116.158136,34.680264,0 -116.156953,34.681151,0 -116.155843,34.681767,0 -116.155108,34.682139,0 -116.154394,34.682411,0 -116.153965,34.682648,0 -116.153410,34.683090,0 -116.152982,34.683341,0 -116.152422,34.683478,0 -116.150343,34.683502,0 -116.149962,34.683550,0 -116.149609,34.683724,0 -116.149400,34.683954,0 -116.149187,34.684086,0 -116.148138,34.684496,0 -116.147335,34.684971,0 -116.147295,34.685080,0 -116.147321,34.685268,0 -116.147657,34.685902,0 -116.147728,34.686287,0 -116.147900,34.686453,0 -116.148100,34.686508,0 -116.148185,34.686685,0 -116.148152,34.686872,0 -116.148050,34.687058,0 -116.148036,34.687235,0 -116.147881,34.687433,0 -116.147588,34.687565,0 -116.146628,34.687599,0 -116.146175,34.687557,0 -116.144612,34.687118,0 -116.143526,34.687020,0 -116.143042,34.686665,0 -116.142599,34.686107,0 -116.142319,34.685968,0 -116.141842,34.685493,0 -116.141454,34.684821,0 -116.141215,34.684560,0 -116.140923,34.684477,0 -116.139963,34.684513,0 -116.139629,34.684571,0 -116.139302,34.684702,0 -116.138727,34.684854,0 -116.138229,34.684846,0 -116.137782,34.684718,0 -116.136807,34.684064,0 -116.135884,34.683384,0 -116.135083,34.682632,0 -116.134605,34.682354,0 -116.134146,34.682298,0 -116.133112,34.682541,0 -116.132712,34.682485,0 -116.131745,34.681715,0 -116.131140,34.681312,0 -116.130556,34.681005,0 -116.129945,34.680789,0 -116.129358,34.680785,0 -116.128538,34.680888,0 -116.127136,34.681250,0 -116.126170,34.681304,0 -116.125825,34.681232,0 -116.124643,34.680846,0 -116.124090,34.680576,0 -116.123677,34.680310,0 -116.123028,34.680126,0 -116.122218,34.680050,0 -116.121657,34.680051,0 -116.121305,34.680292,0 -116.120906,34.680445,0 -116.120204,34.680552,0 -116.119577,34.680545,0 -116.119074,34.680641,0 -116.118661,34.680642,0 -116.117831,34.680533,0 -116.117171,34.680549,0 -116.116692,34.680732,0 -116.116183,34.680844,0 -116.115534,34.680932,0 -116.115001,34.680878,0 -116.114531,34.680775,0 -116.113867,34.680678,0 -116.113054,34.680640,0 -116.112600,34.680892,0 -116.112037,34.681519,0 -116.111842,34.681819,0 -116.111514,34.682072,0 -116.111209,34.682016,0 -116.110542,34.681562,0 -116.109916,34.681319,0 -116.109300,34.681395,0 -116.108787,34.681579,0 -116.108208,34.681606,0 -116.107086,34.681183,0 -116.106357,34.681031,0 -116.104889,34.680596,0 -116.104318,34.680475,0 -116.103577,34.680494,0 -116.102882,34.680381,0 -116.102306,34.680226,0 -116.101871,34.680031,0 -116.101462,34.679654,0 -116.100775,34.678463,0 -116.100405,34.678136,0 -116.099869,34.677971,0 -116.099022,34.677967,0 -116.097867,34.677790,0 -116.096669,34.677970,0 -116.095736,34.677941,0 -116.095021,34.677994,0 -116.094041,34.678262,0 -116.093008,34.678491,0 -116.091888,34.678695,0 -116.091461,34.678985,0 -116.090981,34.679172,0 -116.089491,34.679116,0 -116.088634,34.678979,0 -116.087756,34.678422,0 -116.087135,34.678481,0 -116.086456,34.679130,0 -116.085771,34.680024,0 -116.084667,34.681093,0 -116.083673,34.682296,0 -116.083121,34.682723,0 -116.082678,34.683281,0 -116.081474,34.685107,0 -116.080799,34.685871,0 -116.079825,34.686817,0 -116.078922,34.687894,0 -116.077556,34.689718,0 -116.076819,34.691010,0 -116.075955,34.692071,0 -116.074831,34.692970,0 -116.073349,34.693458,0 -116.072135,34.693924,0 -116.071287,34.694692,0 -116.070615,34.695151,0 -116.069938,34.695242,0 -116.069533,34.695384,0 -116.069079,34.695647,0 -116.068868,34.695807,0 -116.068524,34.696190,0 -116.067475,34.698357,0 -116.067029,34.699031,0 -116.065970,34.700404,0 -116.065300,34.700947,0 -116.064692,34.701272,0 -116.063688,34.701592,0 -116.062479,34.702143,0 -116.061654,34.703024,0 -116.061175,34.704166,0 -116.060423,34.708067,0 -116.060239,34.710273,0 -116.059953,34.711681,0 -116.059906,34.713129,0 -116.059754,34.714662,0 -116.059865,34.716169,0 -116.060537,34.717608,0 -116.061887,34.718963,0 -116.063406,34.720852,0 -116.065470,34.723801,0 -116.065986,34.724659,0 -116.066198,34.725835,0 -116.065895,34.726662,0 -116.065415,34.727153,0 -116.064882,34.727579,0 -116.064394,34.728103,0 -116.064088,34.728709,0 -116.063923,34.729168,0 -116.063846,34.729749,0 -116.063817,34.730294,0 -116.063628,34.730831,0 -116.063588,34.731314,0 -116.063760,34.731825,0 -116.064012,34.732358,0 -116.064255,34.732721,0 -116.065029,34.733645,0 -116.065670,34.734754,0 -116.066040,34.735174,0 -116.066524,34.735491,0 -116.067450,34.735976,0 -116.067810,34.736231,0 -116.068410,34.736480,0 -116.068796,34.736802,0 -116.068564,34.737166,0 -116.067935,34.737495,0 -116.067054,34.737709,0 -116.066218,34.738519,0 -116.065973,34.738911,0 -116.065818,34.739411,0 -116.065902,34.739763,0 -116.066321,34.740747,0 -116.066396,34.741155,0 -116.066369,34.741624,0 -116.066218,34.741990,0 -116.065922,34.742331,0 -116.065629,34.742517,0 -116.065241,34.742560,0 -116.064812,34.742679,0 -116.064094,34.743007,0 -116.063361,34.743240,0 -116.062597,34.743550,0 -116.062208,34.743883,0 -116.061645,34.744908,0 -116.061196,34.745229,0 -116.060880,34.745516,0 -116.060701,34.745947,0 -116.060657,34.746314,0 -116.061241,34.747966,0 -116.061212,34.748086,0 -116.061026,34.748457,0 -116.060429,34.749038,0 -116.059996,34.749574,0 -116.059561,34.749924,0 -116.059049,34.750621,0 -116.058209,34.751530,0 -116.057671,34.752272,0 -116.057029,34.753361,0 -116.056541,34.753896,0 -116.055775,34.754435,0 -116.053995,34.755541,0 -116.052984,34.756269,0 -116.052265,34.756464,0 -116.051375,34.756410,0 -116.050203,34.756178,0 -116.048997,34.755760,0 -116.048042,34.755293,0 -116.047479,34.754981,0 -116.047085,34.754827,0 -116.046304,34.754679,0 -116.046169,34.754841,0 -116.046011,34.755188,0 -116.045996,34.755760,0 -116.045925,34.756290,0 -116.045311,34.757356,0 -116.045076,34.758023,0 -116.044818,34.760046,0 -116.044808,34.760804,0 -116.044668,34.761952,0 -116.044403,34.764917,0 -116.043830,34.766553,0 -116.043299,34.767641,0 -116.042661,34.768821,0 -116.041638,34.770259,0 -116.041560,34.771682,0 -116.041720,34.772597,0 -116.042510,34.774238,0 -116.042804,34.774988,0 -116.043078,34.775971,0 -116.042980,34.776570,0 -116.042802,34.777236,0 -116.042553,34.777333,0 -116.042027,34.777433,0 -116.040665,34.777408,0 -116.039055,34.777503,0 -116.037946,34.777635,0 -116.036703,34.777977,0 -116.035847,34.778266,0 -116.034351,34.778494,0 -116.033134,34.778722,0 -116.032057,34.779013,0 -116.030991,34.779832,0 -116.030694,34.780204,0 -116.029546,34.781049,0 -116.028527,34.781478,0 -116.027644,34.781766,0 -116.026645,34.781829,0 -116.025563,34.781937,0 -116.024348,34.782301,0 -116.023545,34.782450,0 -116.022635,34.782763,0 -116.022360,34.782905,0 -116.020886,34.784075,0 -116.020069,34.784821,0 -116.018634,34.786451,0 -116.017908,34.787540,0 -116.017595,34.788485,0 -116.017343,34.789545,0 -116.016943,34.790331,0 -116.016524,34.791439,0 -116.015828,34.792596,0 -116.015295,34.793613,0 -116.014417,34.794108,0 -116.013588,34.794327,0 -116.012309,34.794326,0 -116.011114,34.794368,0 -116.009536,34.794666,0 -116.007991,34.795172,0 -116.007027,34.795601,0 -116.006033,34.795936,0 -116.004512,34.796237,0 -116.003652,34.796484,0 -116.002354,34.797084,0 -116.002189,34.796822,0 -116.000491,34.795911,0 -115.997979,34.796127,0 -115.997545,34.796277,0 -115.996930,34.796398,0 -115.996416,34.796432,0 -115.995877,34.796394,0 -115.995458,34.796309,0 -115.994801,34.796110,0 -115.992615,34.795623,0 -115.992134,34.795675,0 -115.991202,34.796095,0 -115.990468,34.796221,0 -115.990134,34.796218,0 -115.989730,34.796027,0 -115.989274,34.795742,0 -115.988784,34.795485,0 -115.988327,34.795283,0 -115.987944,34.794978,0 -115.987652,34.794441,0 -115.987454,34.794279,0 -115.987398,34.794006,0 -115.987402,34.793675,0 -115.987346,34.793323,0 -115.986977,34.792961,0 -115.986474,34.792750,0 -115.985929,34.792688,0 -115.984208,34.792789,0 -115.983269,34.792770,0 -115.982079,34.792555,0 -115.981058,34.792035,0 -115.980356,34.791765,0 -115.979987,34.791448,0 -115.979739,34.791056,0 -115.979592,34.790036,0 -115.979476,34.789783,0 -115.979172,34.789611,0 -115.977634,34.788920,0 -115.977042,34.788331,0 -115.976078,34.787196,0 -115.975479,34.786667,0 -115.974659,34.786171,0 -115.974204,34.785832,0 -115.973615,34.785482,0 -115.973285,34.785242,0 -115.973029,34.784920,0 -115.972625,34.784290,0 -115.972314,34.784012,0 -115.971825,34.783814,0 -115.971420,34.783703,0 -115.971195,34.783541,0 -115.971085,34.783330,0 -115.971069,34.783044,0 -115.971092,34.782791,0 -115.971231,34.782357,0 -115.971280,34.781650,0 -115.971565,34.780827,0 -115.971680,34.780630,0 -115.971902,34.780512,0 -115.972151,34.780305,0 -115.971932,34.780188,0 -115.971539,34.780207,0 -115.971175,34.780060,0 -115.970951,34.779882,0 -115.970514,34.779679,0 -115.970256,34.779448,0 -115.969852,34.778734,0 -115.969563,34.778473,0 -115.968978,34.778414,0 -115.968058,34.778415,0 -115.967273,34.778343,0 -115.965204,34.778059,0 -115.964885,34.778067,0 -115.963763,34.778762,0 -115.963287,34.778972,0 -115.962858,34.779094,0 -115.962478,34.779152,0 -115.962085,34.779147,0 -115.961221,34.778952,0 -115.960850,34.778795,0 -115.960208,34.778036,0 -115.959678,34.777750,0 -115.959133,34.777613,0 -115.958657,34.777372,0 -115.958216,34.776978,0 -115.957257,34.775969,0 -115.956949,34.775554,0 -115.956828,34.775136,0 -115.956661,34.774149,0 -115.956324,34.773459,0 -115.955846,34.772774,0 -115.955433,34.772308,0 -115.955025,34.771942,0 -115.954606,34.771859,0 -115.954291,34.772043,0 -115.953684,34.772604,0 -115.953174,34.772871,0 -115.952454,34.772935,0 -115.952111,34.773091,0 -115.951252,34.774082,0 -115.950951,34.774191,0 -115.950706,34.774028,0 -115.950477,34.773796,0 -115.950215,34.773416,0 -115.950159,34.773117,0 -115.950581,34.771960,0 -115.950359,34.771112,0 -115.950220,34.770034,0 -115.949973,34.769580,0 -115.949552,34.769235,0 -115.948982,34.769065,0 -115.947709,34.769005,0 -115.947050,34.768943,0 -115.946699,34.768836,0 -115.946308,34.768639,0 -115.945966,34.768367,0 -115.945526,34.767917,0 -115.945349,34.767185,0 -115.945635,34.766191,0 -115.945691,34.765610,0 -115.946010,34.764689,0 -115.945902,34.764210,0 -115.945515,34.763805,0 -115.945253,34.763462,0 -115.944640,34.762456,0 -115.944572,34.762031,0 -115.944759,34.761576,0 -115.944878,34.761155,0 -115.944778,34.760646,0 -115.944486,34.760067,0 -115.944293,34.759576,0 -115.944331,34.758714,0 -115.944225,34.758300,0 -115.944105,34.758227,0 -115.943818,34.758303,0 -115.942178,34.759288,0 -115.941689,34.759525,0 -115.940949,34.759611,0 -115.940218,34.759516,0 -115.939639,34.759396,0 -115.939131,34.759045,0 -115.938862,34.758702,0 -115.938501,34.758340,0 -115.937054,34.757036,0 -115.936652,34.756739,0 -115.936193,34.756643,0 -115.935406,34.756695,0 -115.934818,34.756800,0 -115.934045,34.756820,0 -115.932651,34.756400,0 -115.931933,34.756344,0 -115.931254,34.756361,0 -115.930398,34.756538,0 -115.929852,34.756522,0 -115.929175,34.756302,0 -115.928092,34.755692,0 -115.927443,34.755390,0 -115.926158,34.754931,0 -115.925014,34.754284,0 -115.923468,34.753835,0 -115.922898,34.753632,0 -115.921575,34.753494,0 -115.921088,34.753471,0 -115.920445,34.753328,0 -115.919709,34.753001,0 -115.919075,34.752667,0 -115.918340,34.752362,0 -115.917549,34.752162,0 -115.916734,34.751913,0 -115.916427,34.751915,0 -115.916034,34.751983,0 -115.915740,34.751996,0 -115.915323,34.751871,0 -115.914946,34.751593,0 -115.914276,34.750971,0 -115.913055,34.750146,0 -115.912912,34.749936,0 -115.912400,34.749348,0 -115.911636,34.749065,0 -115.910991,34.748764,0 -115.908725,34.747581,0 -115.906159,34.746194,0 -115.905839,34.746180,0 -115.905504,34.746290,0 -115.904899,34.746836,0 -115.904320,34.747118,0 -115.903746,34.747153,0 -115.903122,34.747068,0 -115.902483,34.747047,0 -115.902192,34.747267,0 -115.901882,34.748022,0 -115.901666,34.748441,0 -115.901425,34.748762,0 -115.901065,34.749142,0 -115.900610,34.749255,0 -115.900119,34.749172,0 -115.899639,34.749158,0 -115.899036,34.749281,0 -115.897989,34.749409,0 -115.896234,34.749844,0 -115.895433,34.749925,0 -115.894760,34.749639,0 -115.894465,34.749152,0 -115.894427,34.748750,0 -115.894281,34.748078,0 -115.893195,34.747201,0 -115.892011,34.745968,0 -115.891083,34.745191,0 -115.888942,34.744115,0 -115.888027,34.743952,0 -115.886870,34.743830,0 -115.885880,34.743512,0 -115.884994,34.743202,0 -115.884058,34.742753,0 -115.883243,34.742307,0 -115.882608,34.742071,0 -115.881954,34.742150,0 -115.881097,34.742323,0 -115.879718,34.742340,0 -115.878874,34.742542,0 -115.878262,34.742802,0 -115.877782,34.743136,0 -115.877482,34.743421,0 -115.877083,34.743709,0 -115.876810,34.743769,0 -115.876300,34.743618,0 -115.876131,34.743473,0 -115.876040,34.743318,0 -115.875053,34.742676,0 -115.874534,34.742621,0 -115.873050,34.742788,0 -115.872424,34.742782,0 -115.871327,34.742465,0 -115.870489,34.742009,0 -115.869926,34.741275,0 -115.869375,34.740632,0 -115.868751,34.740110,0 -115.868054,34.739279,0 -115.867743,34.738777,0 -115.867379,34.738344,0 -115.867094,34.737897,0 -115.866744,34.736952,0 -115.866518,34.736600,0 -115.866067,34.736235,0 -115.865456,34.735931,0 -115.864386,34.735484,0 -115.863815,34.735051,0 -115.863177,34.734465,0 -115.862747,34.733767,0 -115.862385,34.732526,0 -115.861881,34.731899,0 -115.861163,34.731363,0 -115.860620,34.731098,0 -115.859670,34.730285,0 -115.859073,34.729677,0 -115.858537,34.728694,0 -115.858352,34.728033,0 -115.858269,34.727462,0 -115.858116,34.727078,0 -115.857079,34.726757,0 -115.856448,34.726508,0 -115.855837,34.725990,0 -115.855466,34.725488,0 -115.854947,34.725259,0 -115.854262,34.725290,0 -115.853764,34.725189,0 -115.853099,34.724930,0 -115.852176,34.724450,0 -115.851671,34.724003,0 -115.850671,34.722738,0 -115.850167,34.721868,0 -115.850089,34.721342,0 -115.850077,34.720803,0 -115.850026,34.720474,0 -115.849623,34.719620,0 -115.849051,34.719461,0 -115.847774,34.719352,0 -115.846684,34.718773,0 -115.845819,34.718838,0 -115.844807,34.719121,0 -115.843164,34.719028,0 -115.842180,34.718900,0 -115.841395,34.718674,0 -115.840425,34.718201,0 -115.838511,34.717504,0 -115.836815,34.717158,0 -115.835599,34.716837,0 -115.834702,34.716554,0 -115.834091,34.716228,0 -115.833228,34.715562,0 -115.832417,34.715121,0 -115.832019,34.715146,0 -115.831752,34.715356,0 -115.831451,34.715833,0 -115.831162,34.716453,0 -115.830835,34.716886,0 -115.830428,34.717187,0 -115.830028,34.717296,0 -115.828733,34.716936,0 -115.828066,34.717198,0 -115.826864,34.718361,0 -115.826128,34.719452,0 -115.825939,34.720115,0 -115.825578,34.720736,0 -115.825277,34.721351,0 -115.825015,34.721756,0 -115.824502,34.722139,0 -115.823471,34.722275,0 -115.822008,34.721964,0 -115.820838,34.721434,0 -115.820148,34.720932,0 -115.819677,34.720359,0 -115.819327,34.719627,0 -115.819090,34.718864,0 -115.818953,34.718215,0 -115.819211,34.716935,0 -115.819034,34.716220,0 -115.818478,34.715296,0 -115.818255,34.714603,0 -115.817910,34.714262,0 -115.817160,34.713705,0 -115.816190,34.713407,0 -115.815564,34.713398,0 -115.815225,34.713289,0 -115.814821,34.712986,0 -115.813883,34.711033,0 -115.813513,34.710355,0 -115.813054,34.710091,0 -115.812032,34.709579,0 -115.811355,34.709099,0 -115.810572,34.708706,0 -115.809753,34.708678,0 -115.808863,34.708477,0 -115.808040,34.707732,0 -115.807677,34.707172,0 -115.807325,34.706830,0 -115.807044,34.707174,0 -115.806427,34.708640,0 -115.806352,34.709152,0 -115.806463,34.709867,0 -115.806727,34.710345,0 -115.806818,34.710910,0 -115.806524,34.711417,0 -115.804605,34.712038,0 -115.803872,34.712448,0 -115.803517,34.713050,0 -115.803647,34.713765,0 -115.803704,34.714434,0 -115.803508,34.715436,0 -115.803118,34.716588,0 -115.803161,34.717182,0 -115.803480,34.717561,0 -115.803944,34.717821,0 -115.804589,34.718129,0 -115.805046,34.718613,0 -115.804951,34.719192,0 -115.804583,34.719680,0 -115.804069,34.720135,0 -115.803394,34.720797,0 -115.802752,34.721542,0 -115.802284,34.722288,0 -115.801567,34.723710,0 -115.800592,34.724766,0 -115.798268,34.726908,0 -115.796592,34.728141,0 -115.792968,34.730995,0 -115.792246,34.731756,0 -115.792065,34.732426,0 -115.792208,34.733045,0 -115.792750,34.734207,0 -115.792893,34.734812,0 -115.793132,34.735225,0 -115.793469,34.735537,0 -115.793775,34.735962,0 -115.794477,34.736705,0 -115.794759,34.737460,0 -115.795017,34.737911,0 -115.795369,34.738302,0 -115.795781,34.738554,0 -115.796398,34.738792,0 -115.797170,34.739003,0 -115.797534,34.739371,0 -115.797085,34.740155,0 -115.796777,34.740574,0 -115.796523,34.741129,0 -115.796328,34.741742,0 -115.795966,34.742230,0 -115.795559,34.742522,0 -115.795065,34.742809,0 -115.794684,34.743205,0 -115.794384,34.743671,0 -115.793272,34.745130,0 -115.792819,34.745524,0 -115.792312,34.745803,0 -115.791898,34.746137,0 -115.791475,34.746926,0 -115.790987,34.747595,0 -115.790600,34.747858,0 -115.789540,34.748278,0 -115.789079,34.748515,0 -115.788766,34.748820,0 -115.788591,34.749172,0 -115.788292,34.750161,0 -115.788452,34.750657,0 -115.788546,34.751169,0 -115.788914,34.752163,0 -115.789502,34.752842,0 -115.790435,34.753309,0 -115.791721,34.753495,0 -115.795154,34.753712,0 -115.796026,34.753958,0 -115.796579,34.754457,0 -115.796695,34.754860,0 -115.796421,34.755168,0 -115.796057,34.755375,0 -115.795636,34.755719,0 -115.795474,34.756057,0 -115.795852,34.756679,0 -115.796281,34.757642,0 -115.795961,34.758168,0 -115.795421,34.758543,0 -115.794675,34.758789,0 -115.793541,34.758676,0 -115.792239,34.758334,0 -115.791154,34.758118,0 -115.789772,34.758041,0 -115.788866,34.758098,0 -115.786468,34.757963,0 -115.785354,34.758130,0 -115.784508,34.758156,0 -115.783297,34.757914,0 -115.779228,34.756780,0 -115.777777,34.756271,0 -115.776528,34.755680,0 -115.775316,34.755187,0 -115.774286,34.754902,0 -115.772163,34.754711,0 -115.769934,34.754195,0 -115.767344,34.753788,0 -115.766596,34.753627,0 -115.765664,34.753128,0 -115.764577,34.752721,0 -115.763331,34.752557,0 -115.762127,34.752311,0 -115.761147,34.752370,0 -115.760171,34.752293,0 -115.759079,34.752092,0 -115.758433,34.752137,0 -115.757838,34.752264,0 -115.757231,34.752346,0 -115.756060,34.752327,0 -115.754489,34.752388,0 -115.753130,34.752480,0 -115.751945,34.752783,0 -115.751266,34.753105,0 -115.749872,34.754162,0 -115.749276,34.754660,0 -115.748192,34.755376,0 -115.747162,34.756322,0 -115.746281,34.757488,0 -115.745527,34.758251,0 -115.744672,34.758745,0 -115.742660,34.759516,0 -115.741003,34.760202,0 -115.739256,34.761438,0 -115.737660,34.762686,0 -115.736614,34.763776,0 -115.735861,34.764840,0 -115.735064,34.765808,0 -115.734287,34.766370,0 -115.733569,34.766629,0 -115.732915,34.766762,0 -115.731784,34.767088,0 -115.731023,34.767551,0 -115.730457,34.768235,0 -115.729863,34.769023,0 -115.728137,34.770809,0 -115.727317,34.771555,0 -115.726426,34.772114,0 -115.725871,34.772629,0 -115.725433,34.773275,0 -115.724923,34.775082,0 -115.724436,34.776211,0 -115.723861,34.777315,0 -115.723114,34.778468,0 -115.722594,34.779116,0 -115.722262,34.779726,0 -115.722208,34.780433,0 -115.722307,34.781159,0 -115.722301,34.781813,0 -115.722018,34.782640,0 -115.721684,34.783085,0 -115.721268,34.783548,0 -115.720965,34.784065,0 -115.720762,34.784626,0 -115.720776,34.785918,0 -115.720750,34.786527,0 -115.720624,34.787148,0 -115.720439,34.787815,0 -115.720264,34.788239,0 -115.720122,34.788704,0 -115.720081,34.789396,0 -115.719910,34.790361,0 -115.719919,34.790850,0 -115.720062,34.791402,0 -115.720065,34.791923,0 -115.719956,34.792355,0 -115.719166,34.793922,0 -115.718856,34.794154,0 -115.717804,34.794121,0 -115.716056,34.794264,0 -115.713172,34.794071,0 -115.711175,34.793705,0 -115.709611,34.793649,0 -115.708610,34.793714,0 -115.707774,34.793967,0 -115.706976,34.794170,0 -115.705965,34.794518,0 -115.705346,34.794800,0 -115.704564,34.794988,0 -115.703173,34.794968,0 -115.701153,34.794737,0 -115.700357,34.794607,0 -115.699622,34.794436,0 -115.698890,34.794349,0 -115.697400,34.794241,0 -115.696439,34.794048,0 -115.695611,34.793843,0 -115.693671,34.792955,0 -115.692559,34.792689,0 -115.691627,34.792654,0 -115.690495,34.792671,0 -115.689233,34.792538,0 -115.688105,34.792313,0 -115.687179,34.792344,0 -115.686225,34.792480,0 -115.685655,34.792625,0 -115.684769,34.792685,0 -115.684333,34.792823,0 -115.683809,34.793078,0 -115.683188,34.793146,0 -115.682533,34.792934,0 -115.682062,34.792571,0 -115.681710,34.792116,0 -115.681074,34.791712,0 -115.679991,34.791257,0 -115.679009,34.791113,0 -115.678495,34.791147,0 -115.677734,34.791293,0 -115.677132,34.791345,0 -115.675668,34.791016,0 -115.674772,34.790893,0 -115.674258,34.790991,0 -115.673879,34.791240,0 -115.672973,34.791958,0 -115.672327,34.792316,0 -115.671648,34.792547,0 -115.671096,34.792551,0 -115.670396,34.792284,0 -115.669626,34.792136,0 -115.669085,34.792249,0 -115.667608,34.793180,0 -115.666756,34.793513,0 -115.665226,34.793789,0 -115.664230,34.794312,0 -115.663506,34.794852,0 -115.662839,34.795188,0 -115.662117,34.795364,0 -115.659458,34.795838,0 -115.657941,34.795752,0 -115.657330,34.795635,0 -115.656612,34.795625,0 -115.655855,34.795866,0 -115.654861,34.796308,0 -115.654367,34.796598,0 -115.654001,34.796954,0 -115.653633,34.797383,0 -115.653080,34.797745,0 -115.652282,34.798018,0 -115.651756,34.798346,0 -115.651473,34.798787,0 -115.651498,34.799204,0 -115.651709,34.799950,0 -115.651708,34.800317,0 -115.651529,34.800650,0 -115.651290,34.800872,0 -115.650486,34.801109,0 -115.649916,34.801331,0 -115.649240,34.801530,0 -115.648385,34.801638,0 -115.647730,34.801756,0 -115.647132,34.802012,0 -115.646388,34.802578,0 -115.645241,34.803314,0 -115.644504,34.803815,0 -115.643956,34.804246,0 -115.643342,34.804638,0 -115.642457,34.804933,0 -115.641871,34.804931,0 -115.641220,34.804872,0 -115.639392,34.804373,0 -115.638178,34.803819,0 -115.637008,34.803071,0 -115.636116,34.802779,0 -115.635804,34.802730,0 -115.634885,34.802772,0 -115.634456,34.802909,0 -115.633964,34.803139,0 -115.633566,34.803384,0 -115.632843,34.803901,0 -115.632446,34.804077,0 -115.632051,34.804210,0 -115.631640,34.804429,0 -115.631258,34.804835,0 -115.630844,34.805193,0 -115.630399,34.805454,0 -115.629735,34.805386,0 -115.628981,34.805172,0 -115.628503,34.805114,0 -115.628063,34.805169,0 -115.627431,34.805376,0 -115.626811,34.805776,0 -115.626502,34.805899,0 -115.625888,34.806043,0 -115.625512,34.806350,0 -115.625487,34.806877,0 -115.625393,34.807096,0 -115.624923,34.807340,0 -115.624637,34.807404,0 -115.623751,34.807410,0 -115.623510,34.807452,0 -115.622908,34.807635,0 -115.621955,34.807673,0 -115.621046,34.807970,0 -115.620007,34.808543,0 -115.619613,34.808632,0 -115.619034,34.808666,0 -115.618651,34.808858,0 -115.618489,34.809148,0 -115.618472,34.809555,0 -115.618267,34.809999,0 -115.617859,34.810237,0 -115.617338,34.810318,0 -115.616792,34.810341,0 -115.616297,34.810452,0 -115.615942,34.810741,0 -115.615744,34.811224,0 -115.615694,34.811577,0 -115.615524,34.811900,0 -115.615196,34.812074,0 -115.614637,34.812025,0 -115.613919,34.811773,0 -115.613247,34.811576,0 -115.612669,34.811502,0 -115.611810,34.811310,0 -115.611005,34.811190,0 -115.610189,34.811546,0 -115.609523,34.812258,0 -115.608965,34.812715,0 -115.608128,34.813127,0 -115.606311,34.814327,0 -115.605362,34.814600,0 -115.604482,34.814551,0 -115.603538,34.814335,0 -115.602628,34.814038,0 -115.601428,34.813344,0 -115.601081,34.813276,0 -115.600913,34.813428,0 -115.600855,34.814027,0 -115.600955,34.814736,0 -115.601198,34.815809,0 -115.601323,34.816559,0 -115.601264,34.817219,0 -115.601132,34.817794,0 -115.600926,34.818403,0 -115.600251,34.819361,0 -115.599974,34.819837,0 -115.599849,34.820332,0 -115.599479,34.820682,0 -115.598957,34.820930,0 -115.598547,34.821237,0 -115.598124,34.822271,0 -115.597711,34.822868,0 -115.597195,34.823293,0 -115.596664,34.823647,0 -115.595876,34.823829,0 -115.595017,34.823874,0 -115.594474,34.824160,0 -115.594155,34.824736,0 -115.593691,34.825091,0 -115.592971,34.825201,0 -115.592150,34.825218,0 -115.590943,34.825369,0 -115.590302,34.825366,0 -115.589777,34.825251,0 -115.588489,34.825484,0 -115.587966,34.825773,0 -115.587661,34.826201,0 -115.587393,34.827000,0 -115.587415,34.827573,0 -115.587556,34.828145,0 -115.587669,34.828906,0 -115.587676,34.829641,0 -115.587546,34.831263,0 -115.587640,34.831901,0 -115.588033,34.833310,0 -115.588318,34.834163,0 -115.588325,34.834863,0 -115.588385,34.835532,0 -115.588607,34.836694,0 -115.588749,34.837239,0 -115.588911,34.837630,0 -115.589027,34.838060,0 -115.588897,34.838460,0 -115.588118,34.839105,0 -115.587826,34.839581,0 -115.587969,34.840000,0 -115.588345,34.840464,0 -115.588494,34.840849,0 -115.588397,34.841310,0 -115.587914,34.842209,0 -115.587977,34.842665,0 -115.588161,34.842935,0 -115.588604,34.843292,0 -115.588874,34.843628,0 -115.588932,34.843864,0 -115.588762,34.844159,0 -115.588269,34.844784,0 -115.587884,34.845457,0 -115.587505,34.845962,0 -115.586939,34.846528,0 -115.586341,34.847053,0 -115.585731,34.847406,0 -115.584930,34.847547,0 -115.584041,34.847664,0 -115.583453,34.847873,0 -115.583081,34.848345,0 -115.582843,34.848903,0 -115.582685,34.849386,0 -115.582467,34.849710,0 -115.581774,34.850507,0 -115.581636,34.850879,0 -115.581495,34.851814,0 -115.581258,34.852176,0 -115.580502,34.852390,0 -115.579580,34.852468,0 -115.578772,34.852654,0 -115.578024,34.852758,0 -115.576901,34.853037,0 -115.576111,34.853394,0 -115.574587,34.853847,0 -115.573783,34.854153,0 -115.572565,34.854563,0 -115.572209,34.854897,0 -115.571938,34.855268,0 -115.571641,34.855603,0 -115.571396,34.856107,0 -115.570921,34.856888,0 -115.570157,34.858082,0 -115.569251,34.859395,0 -115.568958,34.859949,0 -115.568784,34.860646,0 -115.568826,34.861212,0 -115.569022,34.862269,0 -115.568891,34.862718,0 -115.568599,34.863206,0 -115.568216,34.863617,0 -115.567276,34.864219,0 -115.566877,34.864750,0 -115.566616,34.865480,0 -115.566305,34.866626,0 -115.566100,34.867147,0 -115.565523,34.868100,0 -115.565466,34.868589,0 -115.565541,34.869078,0 -115.565522,34.869572,0 -115.565431,34.869979,0 -115.565254,34.870358,0 -115.564492,34.871191,0 -115.564021,34.871630,0 -115.563537,34.872010,0 -115.562961,34.872321,0 -115.562406,34.872447,0 -115.561859,34.872389,0 -115.560141,34.872103,0 -115.559290,34.871899,0 -115.558796,34.872002,0 -115.558006,34.872261,0 -115.555853,34.873333,0 -115.555444,34.873627,0 -115.555153,34.874104,0 -115.555055,34.874499,0 -115.555154,34.875321,0 -115.555151,34.875662,0 -115.555032,34.876287,0 -115.554793,34.876825,0 -115.554435,34.877389,0 -115.554050,34.877865,0 -115.552935,34.878776,0 -115.552477,34.879250,0 -115.552091,34.879732,0 -115.551692,34.880517,0 -115.551710,34.881319,0 -115.551591,34.881983,0 -115.551190,34.883525,0 -115.550836,34.884253,0 -115.550339,34.884680,0 -115.549493,34.885225,0 -115.548816,34.885615,0 -115.548218,34.886072,0 -115.547180,34.887275,0 -115.546223,34.888264,0 -115.545698,34.888860,0 -115.545439,34.889382,0 -115.545163,34.890298,0 -115.544585,34.890910,0 -115.543907,34.891323,0 -115.543064,34.891550,0 -115.542303,34.891702,0 -115.541873,34.891875,0 -115.541995,34.892316,0 -115.542887,34.893389,0 -115.543308,34.894014,0 -115.543581,34.894740,0 -115.543675,34.895472,0 -115.543688,34.896290,0 -115.543937,34.897436,0 -115.543925,34.898717,0 -115.543772,34.900052,0 -115.543846,34.900683,0 -115.543868,34.901876,0 -115.544266,34.902945,0 -115.544384,34.904628,0 -115.544604,34.905355,0 -115.545031,34.906033,0 -115.545499,34.906564,0 -115.545795,34.907045,0 -115.546050,34.908388,0 -115.546310,34.909027,0 -115.547105,34.910460,0 -115.547226,34.911122,0 -115.547300,34.911786,0 -115.547146,34.912528,0 -115.546826,34.913196,0 -115.546421,34.913733,0 -115.546123,34.914227,0 -115.545955,34.915016,0 -115.546182,34.915821,0 -115.546509,34.916443,0 -115.547130,34.917174,0 -115.547184,34.917799,0 -115.546718,34.918291,0 -115.545496,34.919268,0 -115.545002,34.919842,0 -115.544817,34.920417,0 -115.544865,34.920963,0 -115.545016,34.921309,0 -115.545079,34.921743,0 -115.544854,34.922236,0 -115.544450,34.922626,0 -115.543965,34.922990,0 -115.543359,34.923614,0 -115.543027,34.924189,0 -115.542761,34.924759,0 -115.542557,34.925240,0 -115.542432,34.925777,0 -115.541974,34.926798,0 -115.541586,34.927560,0 -115.541175,34.928804,0 -115.541050,34.929404,0 -115.541072,34.929760,0 -115.541325,34.930571,0 -115.541309,34.930888,0 -115.540982,34.931540,0 -115.540506,34.931895,0 -115.540094,34.932348,0 -115.539936,34.932837,0 -115.539795,34.933618,0 -115.539192,34.934625,0 -115.538986,34.935211,0 -115.538740,34.935760,0 -115.538267,34.937170,0 -115.538142,34.937696,0 -115.538215,34.939131,0 -115.538362,34.939781,0 -115.538557,34.940316,0 -115.538633,34.940844,0 -115.538774,34.941432,0 -115.539174,34.942233,0 -115.539201,34.942860,0 -115.538843,34.943279,0 -115.538345,34.943756,0 -115.538004,34.944500,0 -115.537617,34.945855,0 -115.536871,34.947874,0 -115.536761,34.948786,0 -115.536467,34.950349,0 -115.536415,34.950849,0 -115.536439,34.951911,0 -115.535947,34.954546,0 -115.535948,34.955078,0 -115.536117,34.955531,0 -115.536409,34.955758,0 -115.536995,34.955955,0 -115.537560,34.956250,0 -115.537889,34.956695,0 -115.538195,34.957682,0 -115.538417,34.958079,0 -115.538729,34.958351,0 -115.539292,34.958701,0 -115.540110,34.959107,0 -115.541394,34.959578,0 -115.541871,34.959998,0 -115.541818,34.960625,0 -115.541559,34.961183,0 -115.540680,34.962414,0 -115.540287,34.962912,0 -115.540034,34.963558,0 -115.539859,34.964404,0 -115.539777,34.965482,0 -115.539882,34.966268,0 -115.539812,34.967313,0 -115.539698,34.968119,0 -115.539677,34.968905,0 -115.539526,34.969361,0 -115.539182,34.969711,0 -115.538900,34.969928,0 -115.538731,34.970159,0 -115.538536,34.970878,0 -115.538320,34.971249,0 -115.538121,34.971765,0 -115.538201,34.972639,0 -115.538122,34.973133,0 -115.537909,34.973710,0 -115.537650,34.974235,0 -115.537346,34.974695,0 -115.537080,34.975226,0 -115.536880,34.975880,0 -115.536874,34.976545,0 -115.537016,34.977133,0 -115.537250,34.977805,0 -115.537356,34.978544,0 -115.537024,34.979096,0 -115.536593,34.979471,0 -115.535975,34.979897,0 -115.535299,34.980019,0 -115.534290,34.980084,0 -115.533186,34.980341,0 -115.531929,34.980448,0 -115.530867,34.980392,0 -115.530044,34.980617,0 -115.529504,34.981203,0 -115.529150,34.981954,0 -115.528533,34.982988,0 -115.528319,34.983596,0 -115.528001,34.984095,0 -115.527239,34.984888,0 -115.526940,34.985320,0 -115.526702,34.985839,0 -115.526648,34.986592,0 -115.526445,34.987531,0 -115.526286,34.987976,0 -115.526070,34.988359,0 -115.525617,34.988856,0 -115.525121,34.989123,0 -115.524497,34.989273,0 -115.522829,34.989207,0 -115.522172,34.989404,0 -115.521773,34.989871,0 -115.521367,34.990466,0 -115.520676,34.991596,0 -115.520417,34.991944,0 -115.520022,34.992139,0 -115.518378,34.991617,0 -115.517608,34.991745,0 -115.516764,34.991970,0 -115.515902,34.992008,0 -115.515326,34.992148,0 -115.514870,34.992370,0 -115.514364,34.992878,0 -115.513069,34.994847,0 -115.512699,34.995763,0 -115.512423,34.996124,0 -115.512003,34.996584,0 -115.511087,34.997456,0 -115.510661,34.998026,0 -115.510341,34.998540,0 -115.509740,34.999839,0 -115.509608,35.000127,0 -115.509540,35.000577,0 -115.509484,35.001064,0 -115.509435,35.002312,0 -115.509268,35.002995,0 -115.509100,35.003427,0 -115.508867,35.003774,0 -115.508705,35.004273,0 -115.508905,35.004963,0 -115.508944,35.005408,0 -115.508842,35.005834,0 -115.508427,35.006682,0 -115.508171,35.007528,0 -115.507947,35.008109,0 -115.507832,35.008547,0 -115.507212,35.009538,0 -115.506673,35.010587,0 -115.506361,35.011586,0 -115.506153,35.011980,0 -115.505258,35.013105,0 -115.504312,35.014114,0 -115.503865,35.014789,0 -115.503536,35.015665,0 -115.503390,35.016301,0 -115.503150,35.016677,0 -115.502853,35.016860,0 -115.502479,35.017173,0 -115.501715,35.019145,0 -115.501649,35.019519,0 -115.501208,35.020595,0 -115.501083,35.021231,0 -115.501080,35.021741,0 -115.500911,35.022618,0 -115.500869,35.023049,0 -115.500604,35.023324,0 -115.499757,35.024060,0 -115.499324,35.024564,0 -115.498907,35.024863,0 -115.498361,35.025073,0 -115.497831,35.025174,0 -115.497161,35.025231,0 -115.496510,35.025352,0 -115.496044,35.025822,0 -115.495788,35.026366,0 -115.495407,35.026925,0 -115.494972,35.027429,0 -115.494631,35.027965,0 -115.493922,35.028721,0 -115.493532,35.029307,0 -115.493302,35.029919,0 -115.493279,35.030505,0 -115.493169,35.031360,0 -115.492884,35.032262,0 -115.492637,35.033768,0 -115.492441,35.034324,0 -115.492007,35.035112,0 -115.492038,35.035669,0 -115.492444,35.036473,0 -115.492365,35.036927,0 -115.491921,35.037489,0 -115.491407,35.038013,0 -115.491017,35.038589,0 -115.490753,35.039199,0 -115.490672,35.039516,0 -115.490676,35.040094,0 -115.490601,35.040640,0 -115.489967,35.041131,0 -115.488713,35.041760,0 -115.487159,35.042698,0 -115.486240,35.043114,0 -115.485338,35.043340,0 -115.484631,35.043552,0 -115.484192,35.043951,0 -115.483763,35.044761,0 -115.483648,35.045325,0 -115.483633,35.045848,0 -115.483545,35.046422,0 -115.483410,35.046948,0 -115.483414,35.047536,0 -115.483524,35.047939,0 -115.483440,35.048260,0 -115.483043,35.048699,0 -115.481974,35.049666,0 -115.481581,35.050094,0 -115.481315,35.050320,0 -115.480693,35.050527,0 -115.479923,35.050607,0 -115.479154,35.050922,0 -115.478005,35.050923,0 -115.477115,35.050962,0 -115.474853,35.051623,0 -115.474189,35.051705,0 -115.473451,35.051635,0 -115.472745,35.051518,0 -115.471899,35.051426,0 -115.471272,35.051184,0 -115.470958,35.050914,0 -115.470742,35.050530,0 -115.470557,35.050681,0 -115.470521,35.050780,0 -115.470650,35.051210,0 -115.470893,35.051610,0 -115.471274,35.052086,0 -115.471420,35.052592,0 -115.471459,35.053136,0 -115.471428,35.053516,0 -115.471262,35.053974,0 -115.470969,35.054413,0 -115.471062,35.054937,0 -115.471816,35.055699,0 -115.471900,35.056045,0 -115.471761,35.056505,0 -115.471320,35.056976,0 -115.470639,35.058438,0 -115.470076,35.059026,0 -115.469502,35.059484,0 -115.469101,35.059950,0 -115.469072,35.060531,0 -115.469306,35.061237,0 -115.469582,35.061892,0 -115.469644,35.063074,0 -115.469807,35.063713,0 -115.469805,35.064272,0 -115.469668,35.065135,0 -115.469383,35.065766,0 -115.468787,35.066315,0 -115.468284,35.066652,0 -115.467533,35.066956,0 -115.467511,35.067252,0 -115.467797,35.067566,0 -115.468022,35.067888,0 -115.468504,35.068859,0 -115.468750,35.070109,0 -115.469027,35.070978,0 -115.468665,35.071278,0 -115.468011,35.071481,0 -115.467167,35.071795,0 -115.466257,35.072063,0 -115.465384,35.072212,0 -115.464636,35.072229,0 -115.463554,35.072475,0 -115.462895,35.072863,0 -115.462379,35.073380,0 -115.461717,35.073897,0 -115.460989,35.074399,0 -115.459872,35.074933,0 -115.459054,35.075259,0 -115.458199,35.075709,0 -115.457355,35.076280,0 -115.456741,35.076748,0 -115.455736,35.077810,0 -115.455214,35.078115,0 -115.454432,35.078353,0 -115.453971,35.078598,0 -115.453670,35.079081,0 -115.453373,35.079689,0 -115.452985,35.080176,0 -115.452332,35.080847,0 -115.451860,35.081715,0 -115.451527,35.082666,0 -115.451478,35.083240,0 -115.451309,35.083782,0 -115.450600,35.084769,0 -115.450021,35.085158,0 -115.449625,35.085674,0 -115.449328,35.086272,0 -115.448956,35.086700,0 -115.448633,35.087259,0 -115.448211,35.087788,0 -115.447495,35.088281,0 -115.446726,35.088558,0 -115.446005,35.088770,0 -115.445400,35.089147,0 -115.445031,35.089453,0 -115.444623,35.089694,0 -115.443765,35.089771,0 -115.443287,35.089928,0 -115.442400,35.090317,0 -115.441749,35.090690,0 -115.441067,35.090929,0 -115.440310,35.091014,0 -115.439361,35.091024,0 -115.438446,35.091463,0 -115.438433,35.092148,0 -115.438728,35.092835,0 -115.439226,35.094162,0 -115.439713,35.094716,0 -115.440613,35.095255,0 -115.441846,35.095849,0 -115.443059,35.096943,0 -115.444819,35.098787,0 -115.445322,35.099720,0 -115.445553,35.100800,0 -115.445868,35.101693,0 -115.447240,35.103310,0 -115.447714,35.104094,0 -115.447732,35.104868,0 -115.447561,35.105492,0 -115.447206,35.106254,0 -115.446911,35.107017,0 -115.447006,35.107431,0 -115.447262,35.107853,0 -115.447438,35.108262,0 -115.447654,35.108915,0 -115.447810,35.109814,0 -115.447655,35.110811,0 -115.447428,35.111745,0 -115.447675,35.112492,0 -115.448225,35.113151,0 -115.448714,35.113614,0 -115.449146,35.114162,0 -115.450382,35.115881,0 -115.450435,35.116619,0 -115.449661,35.117324,0 -115.447911,35.117747,0 -115.446941,35.118240,0 -115.446328,35.118899,0 -115.445657,35.119689,0 -115.444971,35.120565,0 -115.444421,35.121363,0 -115.444270,35.121997,0 -115.444333,35.123091,0 -115.444576,35.124194,0 -115.444661,35.124773,0 -115.444635,35.125475,0 -115.444523,35.125665,0 -115.444082,35.125594,0 -115.442049,35.125674,0 -115.440852,35.125620,0 -115.439869,35.125666,0 -115.439306,35.125950,0 -115.438868,35.126519,0 -115.438638,35.127240,0 -115.438680,35.127899,0 -115.438770,35.128580,0 -115.438661,35.129248,0 -115.438256,35.129709,0 -115.437499,35.130254,0 -115.436994,35.130771,0 -115.436630,35.131330,0 -115.436331,35.132052,0 -115.436061,35.132589,0 -115.435766,35.132874,0 -115.435497,35.133044,0 -115.435067,35.133395,0 -115.434551,35.133667,0 -115.434057,35.133620,0 -115.433529,35.133454,0 -115.432382,35.133026,0 -115.431199,35.132862,0 -115.430610,35.133075,0 -115.430420,35.133553,0 -115.430310,35.134156,0 -115.430216,35.135496,0 -115.429967,35.136703,0 -115.430066,35.137259,0 -115.430573,35.138546,0 -115.430591,35.138852,0 -115.430499,35.139721,0 -115.430390,35.140297,0 -115.430234,35.140708,0 -115.430004,35.141054,0 -115.429795,35.141493,0 -115.429709,35.142441,0 -115.429466,35.142913,0 -115.429255,35.143597,0 -115.429318,35.144209,0 -115.429415,35.144724,0 -115.429346,35.145116,0 -115.429205,35.145520,0 -115.428913,35.146068,0 -115.428695,35.146931,0 -115.428705,35.147490,0 -115.429094,35.148530,0 -115.429104,35.149130,0 -115.429002,35.149545,0 -115.428470,35.150032,0 -115.428248,35.150295,0 -115.427777,35.150755,0 -115.426629,35.151669,0 -115.424827,35.153474,0 -115.422804,35.155082,0 -115.421858,35.155648,0 -115.421025,35.156343,0 -115.420533,35.157056,0 -115.420274,35.158042,0 -115.420228,35.159004,0 -115.420058,35.159673,0 -115.419347,35.160023,0 -115.418363,35.160122,0 -115.417480,35.159964,0 -115.416319,35.159643,0 -115.415210,35.159506,0 -115.414186,35.159540,0 -115.412834,35.159820,0 -115.411146,35.160299,0 -115.409549,35.160983,0 -115.408276,35.161577,0 -115.406759,35.162534,0 -115.405335,35.163564,0 -115.404387,35.164303,0 -115.403642,35.164712,0 -115.402649,35.165186,0 -115.401819,35.165369,0 -115.400557,35.165068,0 -115.399510,35.164586,0 -115.398014,35.164304,0 -115.396876,35.164267,0 -115.392620,35.164799,0 -115.390424,35.165175,0 -115.388648,35.165734,0 -115.386290,35.167591,0 -115.385519,35.168990,0 -115.385225,35.169932,0 -115.384805,35.170765,0 -115.384213,35.171460,0 -115.383847,35.172234,0 -115.383769,35.172892,0 -115.383865,35.173628,0 -115.384070,35.174103,0 -115.384147,35.174513,0 -115.384138,35.174953,0 -115.384022,35.175332,0 -115.383834,35.175546,0 -115.383758,35.175814,0 -115.383712,35.176748,0 -115.383603,35.177072,0 -115.383259,35.177401,0 -115.382878,35.177634,0 -115.382374,35.177819,0 -115.381534,35.178353,0 -115.381220,35.178451,0 -115.381012,35.178652,0 -115.381217,35.178940,0 -115.381623,35.179227,0 -115.381964,35.179387,0 -115.382368,35.179796,0 -115.382466,35.180242,0 -115.382427,35.181153,0 -115.382552,35.181658,0 -115.382887,35.182445,0 -115.383016,35.183413,0 -115.382896,35.184510,0 -115.382869,35.185602,0 -115.382616,35.186575,0 -115.382124,35.187044,0 -115.381633,35.187420,0 -115.381289,35.187952,0 -115.381217,35.188661,0 -115.381456,35.190157,0 -115.381494,35.191600,0 -115.381616,35.192457,0 -115.381894,35.193866,0 -115.382585,35.195719,0 -115.382743,35.196334,0 -115.382839,35.196950,0 -115.382837,35.197235,0 -115.382982,35.197669,0 -115.383462,35.197946,0 -115.384177,35.198159,0 -115.385237,35.198800,0 -115.385904,35.199088,0 -115.386567,35.199090,0 -115.387793,35.198838,0 -115.388301,35.198852,0 -115.388856,35.199008,0 -115.389296,35.199205,0 -115.389776,35.199527,0 -115.390094,35.200072,0 -115.390034,35.201149,0 -115.390325,35.201736,0 -115.390904,35.202184,0 -115.391190,35.202465,0 -115.391574,35.203004,0 -115.392120,35.203519,0 -115.393282,35.204055,0 -115.393674,35.204590,0 -115.393910,35.205228,0 -115.394175,35.205756,0 -115.394607,35.206103,0 -115.395254,35.206441,0 -115.395935,35.206725,0 -115.396596,35.206892,0 -115.396845,35.206861,0 -115.397817,35.206502,0 -115.398252,35.206437,0 -115.398620,35.206515,0 -115.398934,35.206730,0 -115.399052,35.206989,0 -115.399260,35.208083,0 -115.399625,35.208496,0 -115.400253,35.208818,0 -115.400532,35.209132,0 -115.400782,35.209654,0 -115.400808,35.210116,0 -115.400858,35.210339,0 -115.400767,35.210691,0 -115.400740,35.211242,0 -115.400557,35.211670,0 -115.400255,35.211943,0 -115.399354,35.212484,0 -115.398717,35.212672,0 -115.397920,35.212774,0 -115.397236,35.213023,0 -115.396766,35.213230,0 -115.396130,35.213359,0 -115.395487,35.213560,0 -115.395224,35.213849,0 -115.394834,35.214108,0 -115.394623,35.214605,0 -115.394720,35.215222,0 -115.395053,35.215641,0 -115.395338,35.215911,0 -115.395411,35.216070,0 -115.395352,35.216822,0 -115.395424,35.217244,0 -115.395460,35.217882,0 -115.395063,35.218287,0 -115.394482,35.218235,0 -115.393765,35.218303,0 -115.392859,35.218603,0 -115.391460,35.218779,0 -115.389644,35.219133,0 -115.389047,35.219396,0 -115.388564,35.219562,0 -115.387627,35.219658,0 -115.386997,35.219616,0 -115.386103,35.219304,0 -115.385259,35.219340,0 -115.384563,35.219431,0 -115.383726,35.219455,0 -115.383123,35.219608,0 -115.382632,35.219847,0 -115.382043,35.220064,0 -115.381359,35.220274,0 -115.380616,35.220144,0 -115.380080,35.220132,0 -115.379330,35.220282,0 -115.378700,35.220533,0 -115.378283,35.220785,0 -115.377967,35.220914,0 -115.377218,35.220860,0 -115.376850,35.220864,0 -115.376661,35.221074,0 -115.376432,35.221456,0 -115.376073,35.222190,0 -115.375930,35.222543,0 -115.375883,35.222866,0 -115.375746,35.222971,0 -115.375348,35.223382,0 -115.374843,35.223538,0 -115.373672,35.224131,0 -115.372516,35.224356,0 -115.371748,35.224829,0 -115.371401,35.225444,0 -115.371352,35.226158,0 -115.371455,35.227247,0 -115.371353,35.228542,0 -115.371603,35.229409,0 -115.371802,35.230360,0 -115.371793,35.231713,0 -115.372074,35.232332,0 -115.372286,35.233022,0 -115.372729,35.233923,0 -115.373105,35.234512,0 -115.373761,35.235108,0 -115.373740,35.235460,0 -115.373083,35.235505,0 -115.372493,35.235831,0 -115.372248,35.236344,0 -115.372006,35.236738,0 -115.370973,35.237967,0 -115.370226,35.238458,0 -115.369488,35.238892,0 -115.368993,35.239434,0 -115.368913,35.240054,0 -115.369124,35.240496,0 -115.369568,35.241012,0 -115.369912,35.241496,0 -115.370083,35.241961,0 -115.370800,35.242570,0 -115.371360,35.242972,0 -115.371818,35.243436,0 -115.372282,35.244288,0 -115.372532,35.244821,0 -115.372948,35.245347,0 -115.373127,35.246082,0 -115.372948,35.246611,0 -115.372165,35.248084,0 -115.372019,35.248733,0 -115.372087,35.249861,0 -115.372030,35.250532,0 -115.371832,35.251007,0 -115.371576,35.251366,0 -115.371312,35.252098,0 -115.371099,35.252348,0 -115.370559,35.252876,0 -115.370159,35.253074,0 -115.369810,35.253394,0 -115.369302,35.254291,0 -115.369068,35.254575,0 -115.368639,35.254891,0 -115.368131,35.255125,0 -115.367557,35.255622,0 -115.366924,35.256353,0 -115.366356,35.257256,0 -115.365892,35.257612,0 -115.365165,35.257810,0 -115.364404,35.257699,0 -115.363601,35.257669,0 -115.363065,35.257716,0 -115.361508,35.258155,0 -115.360266,35.258366,0 -115.359610,35.258586,0 -115.359054,35.258925,0 -115.358535,35.259075,0 -115.358050,35.259161,0 -115.357571,35.259368,0 -115.356999,35.259502,0 -115.355787,35.259510,0 -115.354445,35.259387,0 -115.354208,35.259751,0 -115.354209,35.260328,0 -115.354543,35.261220,0 -115.354915,35.261947,0 -115.354875,35.262210,0 -115.354757,35.262416,0 -115.354478,35.262621,0 -115.353900,35.262711,0 -115.352663,35.262638,0 -115.352084,35.262424,0 -115.350822,35.262317,0 -115.350149,35.261884,0 -115.349698,35.261714,0 -115.348858,35.261547,0 -115.348262,35.261566,0 -115.347747,35.261793,0 -115.347187,35.261988,0 -115.346484,35.262022,0 -115.345249,35.261842,0 -115.344433,35.261813,0 -115.343834,35.261974,0 -115.343381,35.262132,0 -115.342628,35.262565,0 -115.342297,35.262681,0 -115.341655,35.262665,0 -115.340857,35.262456,0 -115.340333,35.262503,0 -115.339656,35.262866,0 -115.339002,35.263075,0 -115.338271,35.263081,0 -115.336696,35.262821,0 -115.336233,35.262632,0 -115.335819,35.262592,0 -115.335343,35.262640,0 -115.335012,35.262754,0 -115.334536,35.262781,0 -115.333949,35.262668,0 -115.333350,35.262499,0 -115.332342,35.262335,0 -115.331706,35.262132,0 -115.330879,35.261944,0 -115.330551,35.261961,0 -115.330232,35.262154,0 -115.329719,35.262309,0 -115.329113,35.262450,0 -115.328625,35.262425,0 -115.327864,35.262316,0 -115.327288,35.262332,0 -115.326674,35.262286,0 -115.325934,35.262109,0 -115.325291,35.261868,0 -115.325010,35.261798,0 -115.324032,35.261294,0 -115.323673,35.261147,0 -115.323060,35.261054,0 -115.322692,35.261038,0 -115.322182,35.261094,0 -115.321744,35.261209,0 -115.321045,35.261293,0 -115.318767,35.261123,0 -115.317537,35.261314,0 -115.317142,35.261324,0 -115.316720,35.261307,0 -115.315906,35.261174,0 -115.314822,35.261150,0 -115.314145,35.260942,0 -115.313655,35.260671,0 -115.312949,35.260490,0 -115.312537,35.260424,0 -115.312565,35.260659,0 -115.312211,35.261154,0 -115.311858,35.261949,0 -115.311317,35.262463,0 -115.311225,35.262693,0 -115.311108,35.262838,0 -115.310839,35.262872,0 -115.309236,35.263260,0 -115.308875,35.263517,0 -115.308604,35.263980,0 -115.308510,35.264555,0 -115.308278,35.265276,0 -115.307770,35.265828,0 -115.307367,35.266453,0 -115.307036,35.266892,0 -115.307069,35.267213,0 -115.306993,35.268172,0 -115.307086,35.268509,0 -115.307048,35.268930,0 -115.307084,35.269415,0 -115.307289,35.269824,0 -115.307555,35.270164,0 -115.307636,35.270444,0 -115.307475,35.270751,0 -115.307226,35.271081,0 -115.307036,35.271490,0 -115.306971,35.271956,0 -115.306673,35.272362,0 -115.305924,35.272906,0 -115.305121,35.273221,0 -115.302791,35.273443,0 -115.302277,35.273693,0 -115.301788,35.274291,0 -115.301555,35.274479,0 -115.301050,35.274602,0 -115.300573,35.274666,0 -115.300126,35.274923,0 -115.299679,35.275119,0 -115.298985,35.275306,0 -115.298113,35.275681,0 -115.297759,35.275918,0 -115.297207,35.276611,0 -115.296692,35.277406,0 -115.296372,35.277625,0 -115.295813,35.277754,0 -115.295070,35.277730,0 -115.294313,35.277488,0 -115.293495,35.277278,0 -115.292885,35.277285,0 -115.291844,35.277421,0 -115.291558,35.277352,0 -115.290902,35.277325,0 -115.290195,35.277506,0 -115.288661,35.278614,0 -115.287945,35.278903,0 -115.286529,35.278793,0 -115.285770,35.278818,0 -115.284975,35.278758,0 -115.284182,35.278839,0 -115.283479,35.278854,0 -115.281968,35.278753,0 -115.280420,35.278821,0 -115.279680,35.278969,0 -115.278978,35.279211,0 -115.278206,35.279270,0 -115.277372,35.279125,0 -115.275963,35.278706,0 -115.275097,35.278804,0 -115.274196,35.278931,0 -115.273469,35.279086,0 -115.272401,35.279539,0 -115.271526,35.279695,0 -115.270463,35.279960,0 -115.268118,35.281037,0 -115.268158,35.281409,0 -115.268527,35.281933,0 -115.268898,35.282608,0 -115.268906,35.283163,0 -115.268590,35.283740,0 -115.268113,35.284391,0 -115.267101,35.285524,0 -115.266715,35.286517,0 -115.266553,35.288316,0 -115.266221,35.288771,0 -115.265809,35.289159,0 -115.265451,35.289566,0 -115.264850,35.290094,0 -115.264405,35.290422,0 -115.264016,35.290779,0 -115.263833,35.291132,0 -115.263467,35.291603,0 -115.262623,35.292188,0 -115.262295,35.292722,0 -115.262380,35.293343,0 -115.262608,35.293912,0 -115.262994,35.294303,0 -115.263871,35.294877,0 -115.263815,35.295216,0 -115.263598,35.295629,0 -115.263348,35.296000,0 -115.263089,35.296166,0 -115.262755,35.296199,0 -115.262366,35.296167,0 -115.261699,35.296056,0 -115.259999,35.295727,0 -115.259433,35.295903,0 -115.259126,35.296129,0 -115.258955,35.296523,0 -115.258728,35.297347,0 -115.258467,35.297875,0 -115.257839,35.298092,0 -115.257032,35.298231,0 -115.256149,35.298486,0 -115.255560,35.298719,0 -115.254814,35.299114,0 -115.253565,35.299505,0 -115.252822,35.299493,0 -115.252193,35.299214,0 -115.251447,35.298753,0 -115.251057,35.298709,0 -115.250544,35.299024,0 -115.249878,35.299291,0 -115.248891,35.299520,0 -115.248155,35.299946,0 -115.247147,35.300211,0 -115.246461,35.300508,0 -115.246207,35.300978,0 -115.246100,35.301488,0 -115.246330,35.302314,0 -115.246859,35.303433,0 -115.247035,35.304224,0 -115.247270,35.304730,0 -115.248005,35.305408,0 -115.247900,35.305724,0 -115.246539,35.304819,0 -115.245975,35.304401,0 -115.245810,35.304258,0 -115.245434,35.303792,0 -115.244473,35.303017,0 -115.242463,35.302086,0 -115.241881,35.301483,0 -115.241027,35.300779,0 -115.240160,35.299998,0 -115.238547,35.299413,0 -115.236490,35.298988,0 -115.235267,35.298769,0 -115.234130,35.298711,0 -115.232729,35.298852,0 -115.231675,35.298523,0 -115.231026,35.297975,0 -115.230674,35.297269,0 -115.230369,35.296560,0 -115.230077,35.296330,0 -115.229580,35.296442,0 -115.228630,35.296906,0 -115.227472,35.297394,0 -115.226042,35.298116,0 -115.225046,35.299015,0 -115.224293,35.299804,0 -115.223529,35.300351,0 -115.222912,35.300933,0 -115.222662,35.301689,0 -115.222292,35.302240,0 -115.221525,35.302508,0 -115.220652,35.302703,0 -115.219998,35.303054,0 -115.219536,35.303522,0 -115.219148,35.304074,0 -115.218893,35.304582,0 -115.219010,35.305307,0 -115.219246,35.305743,0 -115.219795,35.307240,0 -115.220278,35.308179,0 -115.220647,35.309158,0 -115.221588,35.311428,0 -115.222094,35.312195,0 -115.222965,35.313702,0 -115.223796,35.314609,0 -115.224792,35.315320,0 -115.225511,35.315636,0 -115.226115,35.316014,0 -115.226709,35.316748,0 -115.227208,35.317434,0 -115.227416,35.317953,0 -115.227303,35.318403,0 -115.226655,35.318781,0 -115.226140,35.319246,0 -115.225730,35.319891,0 -115.224930,35.321602,0 -115.224508,35.322668,0 -115.224418,35.323859,0 -115.224425,35.324854,0 -115.223975,35.325415,0 -115.223193,35.325897,0 -115.222259,35.326086,0 -115.221161,35.326081,0 -115.220244,35.326014,0 -115.218967,35.325803,0 -115.218441,35.325996,0 -115.218217,35.327367,0 -115.218055,35.327909,0 -115.217945,35.328590,0 -115.218087,35.329523,0 -115.218662,35.331197,0 -115.218920,35.331847,0 -115.218991,35.332572,0 -115.218941,35.333374,0 -115.219166,35.334044,0 -115.219554,35.334593,0 -115.219771,35.335905,0 -115.219944,35.336539,0 -115.219790,35.337003,0 -115.219282,35.337456,0 -115.218513,35.337778,0 -115.217329,35.338185,0 -115.216445,35.338650,0 -115.215850,35.339077,0 -115.215271,35.339308,0 -115.214361,35.339207,0 -115.213878,35.339256,0 -115.213488,35.339423,0 -115.212692,35.339833,0 -115.211626,35.339886,0 -115.210465,35.339990,0 -115.209100,35.340416,0 -115.207611,35.340980,0 -115.206627,35.341463,0 -115.203378,35.342499,0 -115.201598,35.343295,0 -115.200388,35.344022,0 -115.199330,35.344587,0 -115.197318,35.345206,0 -115.196312,35.345833,0 -115.195423,35.346612,0 -115.194204,35.347150,0 -115.193419,35.347653,0 -115.192086,35.349111,0 -115.191299,35.349757,0 -115.190450,35.350173,0 -115.189676,35.350452,0 -115.188964,35.351032,0 -115.188993,35.351839,0 -115.189574,35.352553,0 -115.190208,35.353155,0 -115.190408,35.353697,0 -115.190098,35.354342,0 -115.189675,35.354903,0 -115.189221,35.355311,0 -115.188607,35.355678,0 -115.187810,35.356104,0 -115.187168,35.356549,0 -115.186775,35.356385,0 -115.186225,35.355893,0 -115.185682,35.355348,0 -115.184863,35.355079,0 -115.184258,35.355183,0 -115.183859,35.355443,0 -115.183530,35.355983,0 -115.183059,35.357121,0 -115.182506,35.357413,0 -115.181827,35.357511,0 -115.181228,35.357741,0 -115.180680,35.358015,0 -115.179164,35.358160,0 -115.178375,35.358553,0 -115.177920,35.359011,0 -115.177425,35.359011,0 -115.175915,35.358158,0 -115.175208,35.357958,0 -115.174720,35.358235,0 -115.173574,35.359344,0 -115.172931,35.359689,0 -115.171457,35.360219,0 -115.170793,35.360305,0 -115.170073,35.360498,0 -115.168904,35.361228,0 -115.168211,35.361429,0 -115.167594,35.361445,0 -115.167576,35.361697,0 -115.167462,35.362164,0 -115.167220,35.362798,0 -115.166952,35.363256,0 -115.166570,35.363742,0 -115.165877,35.364410,0 -115.164481,35.365045,0 -115.163760,35.365324,0 -115.163404,35.365429,0 -115.163166,35.365658,0 -115.163041,35.365915,0 -115.163136,35.366383,0 -115.163015,35.366871,0 -115.162410,35.367451,0 -115.162158,35.367768,0 -115.161719,35.368489,0 -115.161462,35.369605,0 -115.161442,35.370067,0 -115.161139,35.370705,0 -115.160709,35.371246,0 -115.160228,35.371597,0 -115.159834,35.371972,0 -115.159020,35.373627,0 -115.158232,35.374433,0 -115.157945,35.374780,0 -115.157592,35.375314,0 -115.157076,35.375798,0 -115.156911,35.376081,0 -115.156866,35.376367,0 -115.156901,35.376712,0 -115.157005,35.377061,0 -115.156972,35.377488,0 -115.156843,35.377983,0 -115.156579,35.378643,0 -115.156592,35.379144,0 -115.156824,35.379405,0 -115.159054,35.380595,0 -115.159819,35.381091,0 -115.160045,35.381671,0 -115.159745,35.382037,0 -115.159232,35.382241,0 -115.158646,35.382405,0 -115.158194,35.382659,0 -115.157494,35.382773,0 -115.156711,35.383156,0 -115.156440,35.383719,0 -115.156351,35.384349,0 -115.156142,35.384952,0 -115.155485,35.385319,0 -115.153635,35.385747,0 -115.152836,35.386272,0 -115.152265,35.386746,0 -115.151711,35.387145,0 -115.151056,35.387437,0 -115.150553,35.387833,0 -115.150235,35.388511,0 -115.149707,35.389352,0 -115.148346,35.390185,0 -115.147544,35.390940,0 -115.147155,35.391853,0 -115.146930,35.392528,0 -115.146577,35.392926,0 -115.145115,35.393269,0 -115.144709,35.393612,0 -115.144500,35.394037,0 -115.144358,35.394641,0 -115.144099,35.395385,0 -115.143817,35.395812,0 -115.143393,35.395961,0 -115.142827,35.395720,0 -115.141870,35.395523,0 -115.140691,35.395874,0 -115.139796,35.396502,0 -115.139198,35.396969,0 -115.138200,35.397405,0 -115.137269,35.397764,0 -115.136785,35.398297,0 -115.136509,35.398801,0 -115.135869,35.399464,0 -115.135619,35.400044,0 -115.135529,35.400742,0 -115.135983,35.401366,0 -115.137003,35.402277,0 -115.137511,35.402871,0 -115.138241,35.403871,0 -115.138300,35.404499,0 -115.138146,35.404874,0 -115.137871,35.405346,0 -115.137490,35.405721,0 -115.137086,35.406035,0 -115.142405,35.410133,0 -115.149917,35.416016,0 -115.157397,35.422119,0 -115.165782,35.428801,0 -115.175964,35.436855,0 -115.196467,35.453197,0 -115.206816,35.461298,0 -115.214324,35.467199,0 -115.220388,35.472011,0 -115.227114,35.477239,0 -115.233167,35.482019,0 -115.241517,35.488817,0 -115.251821,35.496794,0 -115.375622,35.594948,0 -115.378232,35.597068,0 -115.387651,35.604518,0 -115.391488,35.607460,0 -115.396361,35.611314,0 -115.402281,35.616090,0 -115.406913,35.619733,0 -115.414420,35.625412,0 -115.459166,35.660784,0 -115.500200,35.693176,0 -115.501287,35.694087,0 -115.505222,35.697108,0 -115.510666,35.701397,0 -115.522423,35.710553,0 -115.528353,35.715247,0 -115.539602,35.723944,0 -115.548077,35.730677,0 -115.562558,35.742102,0 -115.568475,35.746820,0 -115.573186,35.750232,0 -115.741419,35.881834,0 -115.752044,35.890120,0 -116.000101,36.083483,0 -116.004282,36.086640,0 -116.009485,36.090641,0 -116.016509,36.096087,0 -116.022239,36.100579,0 -116.033699,36.109361,0 -116.045021,36.118178,0 -116.050207,36.122085,0 -116.054611,36.125611,0 -116.125541,36.180564,0 -116.136694,36.189110,0 -116.148747,36.198442,0 -116.155008,36.203208,0 -116.167445,36.212782,0 -116.174149,36.217981,0 -116.186943,36.227697,0 -116.205702,36.242254,0 -116.216419,36.250398,0 -116.250719,36.276957,0 -116.268233,36.290404,0 -116.272456,36.293580,0 -116.278271,36.298073,0 -116.294794,36.310712,0 -116.300502,36.315152,0 -116.306359,36.319601,0 -116.311454,36.323535,0 -116.320273,36.330204,0 -116.324793,36.333755,0 -116.332196,36.339361,0 -116.345422,36.349523,0 -116.351155,36.353868,0 -116.365427,36.364846,0 -116.371804,36.369671,0 -116.376702,36.373270,0 -116.500553,36.468204,0 -116.506078,36.472488,0 -116.510436,36.475743,0 -116.521320,36.483986,0 -116.533685,36.493375,0 -116.537897,36.496616,0 -116.543011,36.500278,0 -116.757109,36.663497,0 -116.762882,36.667797,0 -116.772974,36.675489,0 -116.779229,36.680152,0 -116.785995,36.685314,0 -116.794558,36.691782,0 -116.808573,36.702277,0 -116.815478,36.707620,0 -116.830745,36.719037,0 -116.836556,36.723436,0 -116.840790,36.726554,0 -116.845945,36.730607,0 -116.849364,36.733041,0 -116.854439,36.736912,0 -116.872311,36.750275,0 -116.875287,36.752974,0 -116.880163,36.756524,0 -116.888742,36.763070,0 -116.893763,36.766710,0 -116.898657,36.770473,0 -116.903075,36.773817,0 -116.907685,36.777152,0 -116.910643,36.779438,0 -116.914889,36.782629,0 -116.921462,36.787501,0 -116.931043,36.794755,0 -116.938767,36.800553,0 -116.947785,36.807445,0 -116.953807,36.811971,0 -116.958974,36.815750,0 -116.963755,36.819412,0 -116.968205,36.822647,0 -116.972947,36.826234,0 -116.977662,36.829851,0 -116.982163,36.833174,0 -116.986208,36.836264,0 -116.991117,36.839952,0 -116.996487,36.843871,0 -117.028536,36.868100,0 -117.037155,36.874612,0 -117.051589,36.885356,0 -117.059231,36.891090,0 -117.065601,36.895936,0 -117.078684,36.905673,0 -117.087040,36.911980,0 -117.093067,36.916435,0 -117.103651,36.924409,0 -117.114222,36.932209,0 -117.126817,36.941686,0 -117.564134,37.266990,0 -117.643738,37.325748,0 -117.661100,37.338535,0 -117.710692,37.375024,0 -117.727068,37.386969,0 -117.751027,37.404435,0 -117.883843,37.502008,0 -118.000884,37.586987,0 -118.002190,37.588213,0 -118.098892,37.658506,0 -118.125848,37.678050,0 -118.132433,37.682672,0 -118.171122,37.710769,0 -118.199792,37.731464,0 -118.222423,37.747787,0 -118.225337,37.749888,0 -118.226351,37.750757,0 -118.251396,37.769026,0 -118.260427,37.775549,0 -118.280876,37.790310,0 -118.311000,37.812039,0 -118.353689,37.842796,0 -118.376662,37.859334,0 -118.405024,37.879810,0 -118.501731,37.949225,0 -118.518288,37.961449,0 -118.574398,38.001284,0 -118.593139,38.014696,0 -118.644167,38.051183,0 -118.702002,38.092482,0 -118.703169,38.093192,0 -118.721778,38.106434,0 -118.762334,38.135279,0 -118.810969,38.169851,0 -118.875774,38.215838,0 -118.924028,38.250190,0 -118.924273,38.249763,0 -118.924300,38.249564,0 -118.924245,38.249371,0 -118.923981,38.249069,0 -118.923925,38.248926,0 -118.923926,38.248700,0 -118.924158,38.247760,0 -118.924507,38.247249,0 -118.925016,38.246826,0 -118.926056,38.246066,0 -118.926607,38.245791,0 -118.927360,38.245517,0 -118.927876,38.245382,0 -118.928928,38.245212,0 -118.929688,38.245001,0 -118.930329,38.244707,0 -118.931306,38.244164,0 -118.931710,38.243918,0 -118.932014,38.243653,0 -118.932269,38.243021,0 -118.932028,38.241782,0 -118.932126,38.241185,0 -118.932566,38.240687,0 -118.932825,38.240232,0 -118.932937,38.239717,0 -118.933266,38.239107,0 -118.933706,38.238690,0 -118.934083,38.238206,0 -118.934377,38.236895,0 -118.935650,38.234445,0 -118.935999,38.233710,0 -118.936391,38.232730,0 -118.936476,38.231697,0 -118.936276,38.230565,0 -118.936076,38.229833,0 -118.935771,38.228969,0 -118.935655,38.228494,0 -118.935508,38.227892,0 -118.935343,38.226800,0 -118.935338,38.225669,0 -118.935388,38.224916,0 -118.935500,38.224373,0 -118.935947,38.223830,0 -118.937118,38.223143,0 -118.939251,38.222356,0 -118.939843,38.222008,0 -118.940151,38.221561,0 -118.940068,38.221099,0 -118.940041,38.220401,0 -118.940293,38.219685,0 -118.940956,38.218673,0 -118.941312,38.218212,0 -118.942268,38.217309,0 -118.942861,38.216957,0 -118.943558,38.216625,0 -118.944875,38.216063,0 -118.945684,38.215581,0 -118.946569,38.214917,0 -118.947358,38.213922,0 -118.948069,38.213198,0 -118.948724,38.212791,0 -118.950446,38.212221,0 -118.951978,38.211853,0 -118.953650,38.211659,0 -118.954298,38.211612,0 -118.956276,38.211255,0 -118.956979,38.211166,0 -118.957606,38.210931,0 -118.958310,38.210563,0 -118.959244,38.209966,0 -118.959844,38.209474,0 -118.960360,38.208884,0 -118.960877,38.208123,0 -118.961463,38.207117,0 -118.962022,38.205522,0 -118.962707,38.204042,0 -118.963098,38.203355,0 -118.964200,38.201827,0 -118.964528,38.201294,0 -118.964953,38.200783,0 -118.965900,38.200532,0 -118.967384,38.200683,0 -118.968337,38.200906,0 -118.969256,38.201012,0 -118.970057,38.201003,0 -118.970746,38.200847,0 -118.971589,38.200306,0 -118.972287,38.199533,0 -118.972702,38.198873,0 -118.972817,38.198690,0 -118.973863,38.197452,0 -118.975870,38.195936,0 -118.976623,38.195306,0 -118.977648,38.194234,0 -118.978129,38.193582,0 -118.978673,38.192933,0 -118.979717,38.192406,0 -118.980511,38.192235,0 -118.981841,38.192208,0 -118.983317,38.192431,0 -118.984834,38.192441,0 -118.987585,38.191714,0 -118.988992,38.191456,0 -118.990586,38.191393,0 -118.992355,38.191457,0 -118.993601,38.191333,0 -118.993970,38.191403,0 -118.994631,38.191757,0 -118.996453,38.193339,0 -118.996926,38.193614,0 -118.997490,38.193713,0 -118.997832,38.193725,0 -118.998256,38.193637,0 -118.998781,38.193581,0 -118.998958,38.193647,0 -119.000612,38.194552,0 -119.003842,38.193794,0 -119.006741,38.193753,0 -119.009929,38.192469,0 -119.012519,38.191654,0 -119.015653,38.190528,0 -119.019191,38.190544,0 -119.022202,38.191528,0 -119.024522,38.192732,0 -119.026059,38.195134,0 -119.027311,38.197771,0 -119.028774,38.200656,0 -119.030718,38.203096,0 -119.032324,38.205934,0 -119.034752,38.209167,0 -119.036082,38.211370,0 -119.038142,38.213763,0 -119.042185,38.216585,0 -119.045098,38.217111,0 -119.048697,38.217170,0 -119.051711,38.217059,0 -119.054794,38.217375,0 -119.057098,38.219033,0 -119.059392,38.221471,0 -119.061947,38.223904,0 -119.064610,38.226015,0 -119.067911,38.226921,0 -119.071274,38.226804,0 -119.074820,38.225926,0 -119.077065,38.225201,0 -119.078777,38.225220,0 -119.079127,38.224119,0 -119.078888,38.222682,0 -119.078603,38.220578,0 -119.077673,38.218166,0 -119.076139,38.215972,0 -119.073601,38.213084,0 -119.072085,38.210452,0 -119.069304,38.204748,0 -119.070425,38.202007,0 -119.072285,38.199807,0 -119.071856,38.197728,0 -119.071097,38.195200,0 -119.070714,38.193765,0 -119.071087,38.191267,0 -119.072548,38.189389,0 -119.074483,38.186774,0 -119.075288,38.184151,0 -119.077737,38.180016,0 -119.079367,38.177978,0 -119.081282,38.175705,0 -119.082556,38.173281,0 -119.083433,38.171278,0 -119.084100,38.168978,0 -119.083460,38.166565,0 -119.082496,38.163924,0 -119.080877,38.161799,0 -119.078788,38.159380,0 -119.077904,38.157612,0 -119.077705,38.155461,0 -119.078110,38.153098,0 -119.078688,38.151876,0 -119.080269,38.151325,0 -119.082076,38.150586,0 -119.084398,38.150711,0 -119.087395,38.151190,0 -119.091714,38.151239,0 -119.094813,38.151121,0 -119.098445,38.150330,0 -119.101897,38.149318,0 -119.104517,38.148636,0 -119.106521,38.147685,0 -119.107775,38.146820,0 -119.109271,38.146384,0 -119.110936,38.145763,0 -119.112998,38.144794,0 -119.115074,38.143251,0 -119.116726,38.142127,0 -119.118761,38.141225,0 -119.120701,38.140050,0 -119.121939,38.138586,0 -119.123322,38.137146,0 -119.124800,38.135078,0 -119.125697,38.134395,0 -119.125989,38.134241,0 -119.126455,38.133931,0 -119.127067,38.133636,0 -119.127644,38.133414,0 -119.128166,38.133139,0 -119.129314,38.131482,0 -119.129460,38.131020,0 -119.129313,38.130590,0 -119.129174,38.129976,0 -119.129508,38.129100,0 -119.129911,38.128273,0 -119.130148,38.127642,0 -119.130550,38.126283,0 -119.130564,38.125936,0 -119.130390,38.125209,0 -119.130295,38.125028,0 -119.130232,38.124707,0 -119.131251,38.123797,0 -119.133592,38.121560,0 -119.134309,38.121006,0 -119.135000,38.120629,0 -119.135505,38.120403,0 -119.136085,38.119996,0 -119.136677,38.119413,0 -119.136991,38.118845,0 -119.137126,38.118455,0 -119.137257,38.117610,0 -119.137593,38.117176,0 -119.138543,38.116293,0 -119.139251,38.115469,0 -119.139847,38.114647,0 -119.140207,38.113722,0 -119.140311,38.113030,0 -119.140204,38.111361,0 -119.139673,38.109496,0 -119.139669,38.109136,0 -119.139851,38.108560,0 -119.140463,38.107945,0 -119.141555,38.107394,0 -119.142830,38.107010,0 -119.144002,38.106863,0 -119.145440,38.106854,0 -119.146524,38.106925,0 -119.147379,38.107022,0 -119.148905,38.107426,0 -119.149933,38.107520,0 -119.150765,38.107293,0 -119.151440,38.106695,0 -119.152337,38.105404,0 -119.152646,38.105101,0 -119.153143,38.104808,0 -119.154273,38.104580,0 -119.155276,38.104823,0 -119.156176,38.105230,0 -119.157479,38.105652,0 -119.159163,38.105986,0 -119.159827,38.106379,0 -119.161380,38.108171,0 -119.162425,38.109224,0 -119.163378,38.110058,0 -119.163791,38.110366,0 -119.164629,38.110805,0 -119.165403,38.111075,0 -119.166252,38.111231,0 -119.167023,38.111302,0 -119.167552,38.111414,0 -119.168390,38.111726,0 -119.168237,38.111104,0 -119.168513,38.110252,0 -119.169373,38.109465,0 -119.171558,38.108371,0 -119.172351,38.107860,0 -119.173073,38.107126,0 -119.173429,38.105944,0 -119.173692,38.104443,0 -119.173872,38.102993,0 -119.173923,38.101821,0 -119.174098,38.100714,0 -119.174537,38.097358,0 -119.174672,38.094215,0 -119.174801,38.093221,0 -119.175187,38.092286,0 -119.175644,38.091467,0 -119.176712,38.089334,0 -119.176800,38.089104,0 -119.177062,38.088850,0 -119.178094,38.088587,0 -119.179931,38.088274,0 -119.180823,38.087901,0 -119.182219,38.087227,0 -119.183862,38.086273,0 -119.185365,38.085298,0 -119.186230,38.084949,0 -119.187254,38.084619,0 -119.188152,38.084206,0 -119.189104,38.083629,0 -119.189897,38.083024,0 -119.193969,38.079317,0 -119.197341,38.076447,0 -119.198767,38.075388,0 -119.200801,38.074026,0 -119.201622,38.073519,0 -119.202761,38.072881,0 -119.203779,38.072046,0 -119.204723,38.071339,0 -119.206426,38.070190,0 -119.208465,38.068723,0 -119.210162,38.067713,0 -119.212807,38.065758,0 -119.215633,38.063835,0 -119.217418,38.062652,0 -119.219842,38.061453,0 -119.222402,38.060080,0 -119.223963,38.059325,0 -119.226735,38.057687,0 -119.227777,38.057117,0 -119.229042,38.056634,0 -119.229429,38.056437,0 -119.229808,38.056196,0 -119.230213,38.055791,0 -119.230332,38.055244,0 -119.230129,38.054473,0 -119.229943,38.052679,0 -119.229976,38.051907,0 -119.230343,38.050486,0 -119.230506,38.049536,0 -119.230700,38.048866,0 -119.230836,38.048575,0 -119.231620,38.047312,0 -119.232292,38.046500,0 -119.232702,38.045989,0 -119.233274,38.044996,0 -119.234018,38.044496,0 -119.234717,38.044280,0 -119.236123,38.044010,0 -119.236898,38.043801,0 -119.237701,38.043682,0 -119.238511,38.043500,0 -119.239293,38.043260,0 -119.240729,38.042548,0 -119.241218,38.042227,0 -119.241962,38.041799,0 -119.243792,38.040962,0 -119.244540,38.040857,0 -119.245040,38.040839,0 -119.245434,38.040732,0 -119.245866,38.040828,0 -119.247836,38.040799,0 -119.248349,38.040749,0 -119.248681,38.040634,0 -119.250144,38.039930,0 -119.250677,38.039798,0 -119.251369,38.039695,0 -119.252059,38.039943,0 -119.252365,38.040005,0 -119.252649,38.039995,0 -119.253146,38.039679,0 -119.253992,38.039586,0 -119.254321,38.039165,0 -119.254695,38.039077,0 -119.255937,38.038986,0 -119.257039,38.038838,0 -119.257509,38.038672,0 -119.257874,38.038381,0 -119.258108,38.038124,0 -119.258745,38.037945,0 -119.258924,38.037779,0 -119.259532,38.037434,0 -119.260311,38.036901,0 -119.261043,38.036504,0 -119.261637,38.036150,0 -119.262147,38.035784,0 -119.262617,38.035541,0 -119.263981,38.035231,0 -119.264598,38.035147,0 -119.265167,38.035154,0 -119.266084,38.035271,0 -119.267162,38.035562,0 -119.268152,38.036043,0 -119.269008,38.036296,0 -119.269619,38.036280,0 -119.270340,38.036212,0 -119.271989,38.035973,0 -119.272629,38.036055,0 -119.273687,38.036463,0 -119.274042,38.036569,0 -119.274299,38.036555,0 -119.275023,38.036892,0 -119.275758,38.037536,0 -119.276720,38.038756,0 -119.276992,38.038962,0 -119.277235,38.038931,0 -119.277788,38.038708,0 -119.278295,38.038662,0 -119.280228,38.039048,0 -119.280900,38.038927,0 -119.281628,38.038890,0 -119.283178,38.039140,0 -119.283725,38.039039,0 -119.283973,38.038800,0 -119.284224,38.038205,0 -119.284409,38.037886,0 -119.284676,38.037529,0 -119.284917,38.037394,0 -119.286797,38.036569,0 -119.287277,38.036645,0 -119.287707,38.036673,0 -119.288436,38.036672,0 -119.288854,38.036817,0 -119.290110,38.037513,0 -119.290458,38.037610,0 -119.290832,38.037612,0 -119.291199,38.037501,0 -119.291382,38.037579,0 -119.291636,38.037430,0 -119.291870,38.037222,0 -119.292103,38.036929,0 -119.292261,38.036787,0 -119.292566,38.036736,0 -119.293754,38.036893,0 -119.294427,38.036843,0 -119.295026,38.036381,0 -119.295287,38.036011,0 -119.295785,38.035808,0 -119.295930,38.035773,0 -119.296457,38.035745,0 -119.297273,38.035418,0 -119.297944,38.035193,0 -119.298449,38.035066,0 -119.298934,38.035021,0 -119.300364,38.035011,0 -119.300910,38.034761,0 -119.301166,38.034675,0 -119.301919,38.034313,0 -119.302816,38.033823,0 -119.302974,38.033658,0 -119.303172,38.033298,0 -119.303481,38.032931,0 -119.303729,38.032715,0 -119.303804,38.032591,0 -119.304051,38.032352,0 -119.304917,38.032232,0 -119.305304,38.032062,0 -119.306151,38.031288,0 -119.306744,38.030943,0 -119.306923,38.030778,0 -119.307334,38.030269,0 -119.307533,38.030102,0 -119.307428,38.029891,0 -119.307427,38.029148,0 -119.307392,38.029003,0 -119.307193,38.028699,0 -119.307158,38.028527,0 -119.307280,38.028157,0 -119.307271,38.027485,0 -119.307245,38.027322,0 -119.307141,38.027089,0 -119.306950,38.026435,0 -119.306863,38.026306,0 -119.305908,38.025344,0 -119.305413,38.024580,0 -119.305318,38.024194,0 -119.305396,38.023724,0 -119.305856,38.022820,0 -119.306030,38.022546,0 -119.306221,38.022327,0 -119.306455,38.022163,0 -119.306924,38.021723,0 -119.307141,38.021468,0 -119.307210,38.021241,0 -119.307297,38.020689,0 -119.307445,38.020163,0 -119.307488,38.019853,0 -119.307557,38.019693,0 -119.307653,38.019575,0 -119.308122,38.019211,0 -119.308243,38.019062,0 -119.308382,38.018800,0 -119.308478,38.018501,0 -119.308912,38.017848,0 -119.309042,38.017407,0 -119.309181,38.016695,0 -119.309181,38.016407,0 -119.309086,38.015750,0 -119.308773,38.015083,0 -119.308478,38.014277,0 -119.308069,38.013764,0 -119.307966,38.013576,0 -119.307896,38.013389,0 -119.307844,38.012563,0 -119.307757,38.012254,0 -119.307636,38.012057,0 -119.307514,38.011688,0 -119.307566,38.011568,0 -119.307809,38.011283,0 -119.307948,38.011179,0 -119.308556,38.010068,0 -119.309007,38.009321,0 -119.309311,38.008492,0 -119.309476,38.007416,0 -119.309459,38.007173,0 -119.309163,38.006533,0 -119.309077,38.006260,0 -119.309042,38.006011,0 -119.309059,38.005093,0 -119.309128,38.004708,0 -119.309190,38.004619,0 -119.309554,38.004334,0 -119.309711,38.004154,0 -119.310136,38.003901,0 -119.310518,38.003765,0 -119.310657,38.003679,0 -119.310735,38.003515,0 -119.310735,38.003371,0 -119.310153,38.002312,0 -119.309927,38.001625,0 -119.309893,38.001299,0 -119.309927,38.001197,0 -119.310084,38.000990,0 -119.310605,38.000502,0 -119.310726,37.999929,0 -119.311542,37.999378,0 -119.311880,37.999114,0 -119.312428,37.998911,0 -119.312688,37.998730,0 -119.313018,37.998398,0 -119.313226,37.998008,0 -119.313374,37.997422,0 -119.313417,37.997068,0 -119.313678,37.996333,0 -119.313660,37.995751,0 -119.313712,37.995447,0 -119.314051,37.994647,0 -119.314320,37.993840,0 -119.314554,37.993280,0 -119.314580,37.993055,0 -119.314546,37.992761,0 -119.315092,37.992035,0 -119.315448,37.991659,0 -119.315657,37.991490,0 -119.315952,37.991152,0 -119.316108,37.991121,0 -119.316230,37.991017,0 -119.316377,37.990715,0 -119.316498,37.990652,0 -119.316820,37.990725,0 -119.317418,37.990221,0 -119.317696,37.989901,0 -119.317861,37.989613,0 -119.318113,37.989365,0 -119.318208,37.989192,0 -119.318261,37.988959,0 -119.318209,37.988615,0 -119.318104,37.988415,0 -119.317731,37.987704,0 -119.317592,37.987042,0 -119.317870,37.985718,0 -119.317879,37.984785,0 -119.317792,37.984522,0 -119.317141,37.983515,0 -119.316507,37.983013,0 -119.316342,37.982922,0 -119.316229,37.982964,0 -119.316108,37.982964,0 -119.315943,37.982869,0 -119.315561,37.982749,0 -119.314936,37.982459,0 -119.314753,37.982354,0 -119.314676,37.982271,0 -119.314625,37.982106,0 -119.314710,37.981763,0 -119.314788,37.981590,0 -119.314927,37.981432,0 -119.314979,37.981262,0 -119.314988,37.980875,0 -119.315109,37.980514,0 -119.315100,37.980266,0 -119.315040,37.980089,0 -119.315161,37.979975,0 -119.315509,37.979450,0 -119.315682,37.979348,0 -119.316056,37.978918,0 -119.316663,37.978739,0 -119.316828,37.978631,0 -119.317132,37.978497,0 -119.317236,37.978333,0 -119.317367,37.978207,0 -119.317818,37.977879,0 -119.318174,37.977795,0 -119.318495,37.977666,0 -119.318677,37.977568,0 -119.318929,37.977359,0 -119.318972,37.977181,0 -119.318929,37.976977,0 -119.319015,37.976358,0 -119.318990,37.976145,0 -119.319042,37.975642,0 -119.319033,37.975286,0 -119.319068,37.975094,0 -119.319250,37.974667,0 -119.319293,37.974439,0 -119.319563,37.974100,0 -119.319884,37.973809,0 -119.320066,37.973490,0 -119.320335,37.973143,0 -119.320534,37.972775,0 -119.320665,37.972630,0 -119.320812,37.972554,0 -119.321282,37.972186,0 -119.321455,37.972088,0 -119.321732,37.971817,0 -119.322123,37.971550,0 -119.322306,37.971389,0 -119.323260,37.971005,0 -119.323477,37.970786,0 -119.323599,37.970520,0 -119.323625,37.970336,0 -119.323530,37.970193,0 -119.323477,37.970020,0 -119.323452,37.969110,0 -119.323191,37.968773,0 -119.323069,37.968701,0 -119.322661,37.968315,0 -119.322479,37.968215,0 -119.322193,37.967854,0 -119.321966,37.967487,0 -119.321768,37.967309,0 -119.321168,37.966885,0 -119.320717,37.966750,0 -119.320343,37.966747,0 -119.320057,37.966819,0 -119.319849,37.966488,0 -119.319710,37.966042,0 -119.319597,37.965899,0 -119.319398,37.965880,0 -119.318772,37.966054,0 -119.318520,37.965897,0 -119.318199,37.965982,0 -119.317800,37.966028,0 -119.317349,37.966189,0 -119.317140,37.966232,0 -119.316281,37.966264,0 -119.316142,37.966336,0 -119.315934,37.966352,0 -119.315786,37.966271,0 -119.315621,37.965986,0 -119.315447,37.965873,0 -119.315239,37.965880,0 -119.315065,37.965798,0 -119.314571,37.965408,0 -119.314501,37.965213,0 -119.314458,37.964909,0 -119.314241,37.964497,0 -119.314215,37.964348,0 -119.314258,37.964169,0 -119.314397,37.964002,0 -119.314397,37.963894,0 -119.313859,37.963616,0 -119.313676,37.963444,0 -119.313667,37.963295,0 -119.313867,37.963067,0 -119.313972,37.962813,0 -119.314267,37.962399,0 -119.314527,37.962101,0 -119.314917,37.961834,0 -119.315170,37.961328,0 -119.315170,37.961243,0 -119.315404,37.961120,0 -119.315499,37.960996,0 -119.315595,37.960527,0 -119.315786,37.960073,0 -119.315786,37.959879,0 -119.315716,37.959499,0 -119.315491,37.959145,0 -119.315413,37.958872,0 -119.315074,37.958380,0 -119.314918,37.957987,0 -119.314675,37.957588,0 -119.314596,37.957392,0 -119.314570,37.956823,0 -119.314501,37.956384,0 -119.314423,37.956242,0 -119.314405,37.956089,0 -119.314336,37.955969,0 -119.314197,37.955861,0 -119.314188,37.955667,0 -119.314093,37.955354,0 -119.313693,37.955116,0 -119.313589,37.954996,0 -119.313451,37.954653,0 -119.313077,37.954353,0 -119.312539,37.953791,0 -119.312166,37.953532,0 -119.312026,37.953397,0 -119.311810,37.953084,0 -119.311575,37.952842,0 -119.311497,37.952781,0 -119.311358,37.952750,0 -119.311132,37.952468,0 -119.311055,37.952299,0 -119.310533,37.951936,0 -119.310360,37.951728,0 -119.310169,37.951375,0 -119.310117,37.951081,0 -119.309796,37.950584,0 -119.309639,37.949994,0 -119.309466,37.949623,0 -119.309309,37.949159,0 -119.309214,37.949003,0 -119.309196,37.948840,0 -119.309266,37.948360,0 -119.309379,37.947990,0 -119.309518,37.947801,0 -119.309500,37.947453,0 -119.309570,37.946910,0 -119.309442,37.946570,0 -119.309361,37.946354,0 -119.309422,37.946167,0 -119.308745,37.946038,0 -119.308137,37.945969,0 -119.307868,37.945758,0 -119.307773,37.945615,0 -119.307556,37.945500,0 -119.307157,37.945402,0 -119.306975,37.945320,0 -119.306800,37.945238,0 -119.306532,37.945045,0 -119.306228,37.945067,0 -119.305941,37.945220,0 -119.305351,37.945071,0 -119.304960,37.945054,0 -119.304300,37.945250,0 -119.303953,37.945576,0 -119.303493,37.945657,0 -119.303103,37.945685,0 -119.302894,37.945606,0 -119.302660,37.945581,0 -119.302043,37.945332,0 -119.301922,37.945224,0 -119.301722,37.945159,0 -119.301053,37.945147,0 -119.300333,37.945350,0 -119.300142,37.945502,0 -119.300090,37.945581,0 -119.299934,37.945644,0 -119.299743,37.945786,0 -119.299630,37.945783,0 -119.299630,37.945639,0 -119.299465,37.945377,0 -119.299439,37.945119,0 -119.299222,37.944860,0 -119.299118,37.944523,0 -119.298979,37.944357,0 -119.298658,37.944180,0 -119.298276,37.944114,0 -119.297824,37.943960,0 -119.297677,37.943834,0 -119.296678,37.943005,0 -119.296375,37.942793,0 -119.295992,37.942578,0 -119.295402,37.942123,0 -119.295073,37.941698,0 -119.294560,37.941362,0 -119.294464,37.941251,0 -119.294369,37.941014,0 -119.294170,37.940877,0 -119.293900,37.940765,0 -119.293753,37.940738,0 -119.293579,37.940759,0 -119.293332,37.940715,0 -119.293249,37.940663,0 -119.293171,37.940462,0 -119.293188,37.939229,0 -119.293127,37.938840,0 -119.293050,37.938643,0 -119.293319,37.937994,0 -119.293397,37.937686,0 -119.293466,37.936765,0 -119.293388,37.936663,0 -119.293041,37.936459,0 -119.292876,37.936269,0 -119.292633,37.935806,0 -119.292494,37.935685,0 -119.292294,37.935575,0 -119.291782,37.935536,0 -119.291122,37.935614,0 -119.291018,37.935553,0 -119.290688,37.935240,0 -119.290454,37.934967,0 -119.290023,37.934365,0 -119.289794,37.934046,0 -119.289672,37.933938,0 -119.289464,37.933558,0 -119.289351,37.933455,0 -119.289178,37.933193,0 -119.289022,37.933093,0 -119.288851,37.933033,0 -119.288700,37.932980,0 -119.288145,37.932890,0 -119.287901,37.932909,0 -119.287650,37.932996,0 -119.287007,37.933115,0 -119.286721,37.933223,0 -119.286495,37.933257,0 -119.285818,37.933244,0 -119.285393,37.933380,0 -119.285202,37.933342,0 -119.284560,37.933119,0 -119.284386,37.933150,0 -119.284160,37.933246,0 -119.283604,37.933737,0 -119.283144,37.934079,0 -119.282945,37.934185,0 -119.282676,37.934280,0 -119.282068,37.934405,0 -119.281851,37.934403,0 -119.281478,37.934229,0 -119.280948,37.933951,0 -119.280818,37.933811,0 -119.280636,37.933711,0 -119.280202,37.933720,0 -119.279863,37.933533,0 -119.279620,37.933485,0 -119.279394,37.933546,0 -119.279204,37.933675,0 -119.279073,37.933716,0 -119.278925,37.933711,0 -119.278812,37.933653,0 -119.278631,37.933481,0 -119.278396,37.933370,0 -119.277997,37.933348,0 -119.277919,37.933247,0 -119.278084,37.932824,0 -119.278066,37.932571,0 -119.277875,37.932016,0 -119.277623,37.931805,0 -119.277189,37.931562,0 -119.276868,37.931281,0 -119.276547,37.931086,0 -119.276330,37.930908,0 -119.276043,37.930872,0 -119.275609,37.930912,0 -119.274810,37.930635,0 -119.274047,37.930539,0 -119.273595,37.930331,0 -119.273196,37.930259,0 -119.272675,37.930081,0 -119.272137,37.929996,0 -119.271833,37.929842,0 -119.271529,37.929572,0 -119.271164,37.929344,0 -119.270235,37.928949,0 -119.270002,37.928892,0 -119.268803,37.928949,0 -119.268525,37.928904,0 -119.268291,37.928663,0 -119.268126,37.928261,0 -119.268100,37.927904,0 -119.267979,37.927792,0 -119.267736,37.927852,0 -119.267380,37.928062,0 -119.267015,37.928154,0 -119.266911,37.928096,0 -119.266824,37.927945,0 -119.266703,37.927842,0 -119.266407,37.927711,0 -119.266303,37.927631,0 -119.266216,37.927259,0 -119.266234,37.926895,0 -119.266138,37.926608,0 -119.266251,37.925927,0 -119.266225,37.925741,0 -119.266138,37.925581,0 -119.265973,37.925445,0 -119.265756,37.925353,0 -119.265479,37.925146,0 -119.265417,37.925036,0 -119.265426,37.924540,0 -119.265278,37.924355,0 -119.264827,37.924089,0 -119.264524,37.923958,0 -119.264211,37.923691,0 -119.263838,37.923148,0 -119.263820,37.922480,0 -119.263621,37.922208,0 -119.263611,37.922041,0 -119.263733,37.921717,0 -119.264167,37.921239,0 -119.264315,37.921122,0 -119.264871,37.920474,0 -119.265469,37.919939,0 -119.265591,37.919753,0 -119.265573,37.919496,0 -119.265461,37.919078,0 -119.265400,37.918576,0 -119.265348,37.918417,0 -119.265148,37.918068,0 -119.265000,37.917897,0 -119.264836,37.917770,0 -119.264793,37.917651,0 -119.265131,37.917365,0 -119.265183,37.917200,0 -119.265192,37.917007,0 -119.265157,37.916744,0 -119.264931,37.916084,0 -119.264506,37.915206,0 -119.264453,37.915001,0 -119.264453,37.914704,0 -119.264532,37.914017,0 -119.264593,37.913754,0 -119.264835,37.913212,0 -119.264896,37.912750,0 -119.264858,37.912710,0 -119.264610,37.912457,0 -119.264063,37.912205,0 -119.263273,37.911932,0 -119.262943,37.911917,0 -119.262674,37.911837,0 -119.262136,37.911775,0 -119.261511,37.911642,0 -119.259904,37.911141,0 -119.259532,37.911106,0 -119.259314,37.911050,0 -119.259054,37.911064,0 -119.258845,37.911021,0 -119.258560,37.910868,0 -119.257648,37.910965,0 -119.257352,37.910852,0 -119.256849,37.910507,0 -119.255972,37.910484,0 -119.255842,37.910372,0 -119.255885,37.910238,0 -119.255773,37.909698,0 -119.255816,37.909515,0 -119.255937,37.909316,0 -119.255911,37.909167,0 -119.255763,37.909068,0 -119.255520,37.908983,0 -119.254974,37.908934,0 -119.254470,37.908761,0 -119.254419,37.908642,0 -119.254514,37.908208,0 -119.254479,37.908130,0 -119.254114,37.908101,0 -119.253967,37.908060,0 -119.253819,37.907974,0 -119.253585,37.907917,0 -119.253220,37.907770,0 -119.253098,37.907600,0 -119.252838,37.907538,0 -119.252647,37.907653,0 -119.252265,37.907718,0 -119.252135,37.907830,0 -119.252101,37.907951,0 -119.252127,37.908213,0 -119.252031,37.908462,0 -119.251953,37.908554,0 -119.251571,37.908794,0 -119.251259,37.909140,0 -119.251198,37.909219,0 -119.251111,37.909654,0 -119.250998,37.909740,0 -119.249783,37.909697,0 -119.249401,37.909644,0 -119.249088,37.909634,0 -119.248532,37.909661,0 -119.247456,37.910095,0 -119.246571,37.910382,0 -119.246224,37.910443,0 -119.245494,37.910506,0 -119.244713,37.910485,0 -119.244401,37.910502,0 -119.244088,37.910461,0 -119.243897,37.910477,0 -119.243620,37.910450,0 -119.243446,37.910418,0 -119.242890,37.910224,0 -119.242699,37.910218,0 -119.242543,37.910263,0 -119.242421,37.910263,0 -119.242178,37.910409,0 -119.242074,37.910549,0 -119.242040,37.910679,0 -119.242005,37.911164,0 -119.241883,37.911278,0 -119.241501,37.911441,0 -119.241050,37.911165,0 -119.240702,37.911078,0 -119.240216,37.911076,0 -119.239608,37.911182,0 -119.239123,37.911329,0 -119.238446,37.911366,0 -119.237005,37.911018,0 -119.236362,37.910808,0 -119.235251,37.910124,0 -119.234904,37.909870,0 -119.233185,37.908941,0 -119.230268,37.907631,0 -119.228896,37.907110,0 -119.228515,37.906904,0 -119.228220,37.906809,0 -119.227664,37.906570,0 -119.226969,37.906174,0 -119.226118,37.905489,0 -119.224834,37.904187,0 -119.224070,37.903194,0 -119.223879,37.902746,0 -119.223584,37.902223,0 -119.223271,37.902033,0 -119.223098,37.901996,0 -119.222681,37.901798,0 -119.222073,37.901287,0 -119.221848,37.901059,0 -119.221552,37.900685,0 -119.221205,37.899940,0 -119.221066,37.899489,0 -119.220962,37.899270,0 -119.220789,37.899071,0 -119.220701,37.899014,0 -119.220580,37.898848,0 -119.220354,37.898741,0 -119.219989,37.898622,0 -119.219677,37.898562,0 -119.219365,37.898543,0 -119.218930,37.898560,0 -119.218305,37.898500,0 -119.218080,37.898420,0 -119.217854,37.898395,0 -119.217611,37.898324,0 -119.217334,37.898315,0 -119.216951,37.898362,0 -119.216830,37.898493,0 -119.216743,37.898688,0 -119.216535,37.898866,0 -119.216014,37.899178,0 -119.215788,37.899221,0 -119.215146,37.899132,0 -119.214190,37.899074,0 -119.213218,37.899133,0 -119.212594,37.899230,0 -119.212073,37.899349,0 -119.211708,37.899472,0 -119.210961,37.899804,0 -119.210563,37.899948,0 -119.210458,37.899959,0 -119.210400,37.899929,0 -119.210336,37.899896,0 -119.210354,37.899604,0 -119.210475,37.899238,0 -119.210475,37.898892,0 -119.210372,37.898519,0 -119.210094,37.897943,0 -119.209972,37.897885,0 -119.209572,37.897493,0 -119.209330,37.897364,0 -119.209260,37.897267,0 -119.209347,37.897207,0 -119.209538,37.897172,0 -119.209816,37.897051,0 -119.209920,37.896878,0 -119.209902,37.896684,0 -119.209590,37.896372,0 -119.209486,37.896198,0 -119.209503,37.895937,0 -119.209642,37.895802,0 -119.209885,37.895661,0 -119.210302,37.895350,0 -119.210233,37.894749,0 -119.210250,37.894583,0 -119.210354,37.894375,0 -119.210632,37.893996,0 -119.210718,37.893796,0 -119.210701,37.893490,0 -119.210562,37.893273,0 -119.210354,37.893005,0 -119.209295,37.891868,0 -119.209052,37.891545,0 -119.208774,37.891112,0 -119.208496,37.890540,0 -119.208305,37.890246,0 -119.207958,37.889897,0 -119.207455,37.889565,0 -119.206760,37.889264,0 -119.206239,37.889193,0 -119.205562,37.889230,0 -119.205371,37.889300,0 -119.205163,37.889325,0 -119.204972,37.889301,0 -119.204572,37.889099,0 -119.204364,37.888804,0 -119.204208,37.888641,0 -119.203913,37.888465,0 -119.203374,37.888317,0 -119.201864,37.888263,0 -119.200909,37.887561,0 -119.200631,37.887327,0 -119.200371,37.886693,0 -119.200163,37.886060,0 -119.199763,37.885290,0 -119.199526,37.884623,0 -119.199572,37.884334,0 -119.200388,37.883743,0 -119.201083,37.883423,0 -119.201517,37.883136,0 -119.201899,37.882986,0 -119.202333,37.882986,0 -119.202714,37.883215,0 -119.203027,37.883319,0 -119.203218,37.883344,0 -119.203426,37.883431,0 -119.204121,37.883472,0 -119.205336,37.883326,0 -119.205718,37.883213,0 -119.205909,37.883111,0 -119.206708,37.882538,0 -119.207246,37.882276,0 -119.207628,37.882139,0 -119.208201,37.881824,0 -119.208409,37.881782,0 -119.209173,37.881338,0 -119.210041,37.880564,0 -119.210423,37.879914,0 -119.210666,37.879436,0 -119.210892,37.878632,0 -119.210978,37.877928,0 -119.211239,37.877527,0 -119.211499,37.877391,0 -119.211708,37.877361,0 -119.211882,37.877119,0 -119.211968,37.876883,0 -119.211933,37.876441,0 -119.212385,37.875438,0 -119.212593,37.875151,0 -119.212680,37.874934,0 -119.212645,37.874757,0 -119.212680,37.874636,0 -119.212784,37.874482,0 -119.213652,37.873771,0 -119.213808,37.873475,0 -119.214190,37.872347,0 -119.214485,37.871636,0 -119.214641,37.871096,0 -119.214763,37.870852,0 -119.215041,37.870451,0 -119.215127,37.870229,0 -119.215145,37.870063,0 -119.215093,37.869255,0 -119.215180,37.868672,0 -119.215041,37.867970,0 -119.214989,37.867243,0 -119.215006,37.866766,0 -119.214936,37.866322,0 -119.214815,37.865958,0 -119.214572,37.865486,0 -119.214398,37.864985,0 -119.214103,37.864462,0 -119.213860,37.864126,0 -119.213825,37.863039,0 -119.213756,37.862442,0 -119.213634,37.862137,0 -119.213322,37.861564,0 -119.213148,37.860603,0 -119.213218,37.859822,0 -119.213148,37.859301,0 -119.212905,37.858839,0 -119.212627,37.858501,0 -119.212437,37.858360,0 -119.212332,37.858230,0 -119.212297,37.858076,0 -119.212454,37.857599,0 -119.212679,37.857214,0 -119.212835,37.857066,0 -119.213339,37.856731,0 -119.213547,37.856486,0 -119.213652,37.856183,0 -119.213669,37.855643,0 -119.213756,37.855384,0 -119.213930,37.855070,0 -119.214051,37.854926,0 -119.214502,37.854629,0 -119.214728,37.854375,0 -119.214901,37.854106,0 -119.215058,37.854030,0 -119.215283,37.853997,0 -119.215474,37.854021,0 -119.215752,37.854003,0 -119.215978,37.853952,0 -119.216516,37.853658,0 -119.216637,37.853509,0 -119.216638,37.853180,0 -119.216499,37.852779,0 -119.216308,37.852417,0 -119.216290,37.852214,0 -119.216238,37.852068,0 -119.216134,37.851903,0 -119.215891,37.851643,0 -119.215752,37.850697,0 -119.215769,37.850229,0 -119.215822,37.849888,0 -119.216151,37.849228,0 -119.216412,37.848885,0 -119.216499,37.848699,0 -119.216534,37.848308,0 -119.216429,37.847823,0 -119.216360,37.847676,0 -119.216116,37.847398,0 -119.215839,37.847218,0 -119.215578,37.847093,0 -119.215318,37.847044,0 -119.215006,37.847007,0 -119.213807,37.847112,0 -119.213165,37.847114,0 -119.211550,37.846999,0 -119.210457,37.847157,0 -119.210266,37.847241,0 -119.210109,37.847380,0 -119.209936,37.847789,0 -119.209815,37.847893,0 -119.209658,37.847956,0 -119.208825,37.847650,0 -119.208217,37.847522,0 -119.207644,37.847477,0 -119.207123,37.847581,0 -119.206689,37.847590,0 -119.205995,37.847432,0 -119.205318,37.847415,0 -119.204693,37.847458,0 -119.203564,37.847764,0 -119.202349,37.848346,0 -119.202245,37.848352,0 -119.201965,37.848223,0 -119.201915,37.847972,0 -119.201933,37.847067,0 -119.202123,37.846452,0 -119.202228,37.845896,0 -119.202540,37.845280,0 -119.202939,37.844874,0 -119.204137,37.843927,0 -119.204345,37.843578,0 -119.204658,37.843223,0 -119.204797,37.842998,0 -119.205214,37.842097,0 -119.205942,37.840958,0 -119.206168,37.840412,0 -119.206203,37.840124,0 -119.206168,37.839858,0 -119.206099,37.839545,0 -119.205977,37.839378,0 -119.205908,37.839083,0 -119.206012,37.838614,0 -119.206064,37.837935,0 -119.206116,37.836721,0 -119.206064,37.836226,0 -119.206116,37.836045,0 -119.206446,37.835802,0 -119.206706,37.835655,0 -119.206828,37.835393,0 -119.206707,37.835177,0 -119.206255,37.834568,0 -119.205855,37.833823,0 -119.205595,37.833067,0 -119.205439,37.832729,0 -119.205265,37.832070,0 -119.205005,37.831792,0 -119.204866,37.831591,0 -119.204797,37.831400,0 -119.204797,37.830958,0 -119.204727,37.830785,0 -119.204414,37.830315,0 -119.204380,37.830098,0 -119.204432,37.829924,0 -119.204484,37.829829,0 -119.204623,37.829725,0 -119.205109,37.829439,0 -119.205439,37.829195,0 -119.205960,37.828397,0 -119.206150,37.828216,0 -119.206463,37.828033,0 -119.206619,37.827990,0 -119.207019,37.827954,0 -119.207435,37.828032,0 -119.207766,37.828171,0 -119.207887,37.828164,0 -119.208130,37.827582,0 -119.208460,37.827329,0 -119.209727,37.826661,0 -119.211151,37.825992,0 -119.211914,37.825715,0 -119.212574,37.825568,0 -119.213564,37.825568,0 -119.213738,37.825542,0 -119.213859,37.825490,0 -119.214033,37.825239,0 -119.214258,37.824994,0 -119.214918,37.824432,0 -119.215075,37.824187,0 -119.215352,37.823286,0 -119.215335,37.823060,0 -119.215422,37.822617,0 -119.215716,37.822156,0 -119.215786,37.821730,0 -119.216550,37.820419,0 -119.216967,37.819926,0 -119.217106,37.819482,0 -119.217331,37.819215,0 -119.217540,37.818866,0 -119.217592,37.818597,0 -119.217436,37.818362,0 -119.217168,37.818166,0 -119.216307,37.817407,0 -119.216029,37.817270,0 -119.215334,37.817121,0 -119.215161,37.817026,0 -119.214953,37.816827,0 -119.214571,37.816610,0 -119.214293,37.816549,0 -119.213269,37.816417,0 -119.212956,37.816270,0 -119.212296,37.815879,0 -119.211844,37.815516,0 -119.211515,37.815082,0 -119.211446,37.814890,0 -119.211307,37.814692,0 -119.211064,37.814491,0 -119.210543,37.814091,0 -119.210282,37.813954,0 -119.209866,37.813858,0 -119.209710,37.813771,0 -119.209396,37.813442,0 -119.208789,37.813181,0 -119.208546,37.812991,0 -119.207990,37.812763,0 -119.207730,37.812703,0 -119.207139,37.812434,0 -119.206671,37.812122,0 -119.206463,37.812043,0 -119.206306,37.812079,0 -119.206150,37.812157,0 -119.205924,37.812199,0 -119.205560,37.812113,0 -119.205280,37.812091,0 -119.205213,37.812070,0 -119.205091,37.811852,0 -119.205091,37.811566,0 -119.205108,37.811358,0 -119.205282,37.810854,0 -119.205282,37.810672,0 -119.205143,37.810377,0 -119.204779,37.809892,0 -119.204640,37.809640,0 -119.204605,37.809319,0 -119.204484,37.808937,0 -119.204170,37.808607,0 -119.203980,37.808337,0 -119.203876,37.808041,0 -119.203876,37.807825,0 -119.203650,37.807164,0 -119.203632,37.806905,0 -119.203528,37.806645,0 -119.203389,37.805602,0 -119.203285,37.805378,0 -119.203129,37.805256,0 -119.202695,37.805091,0 -119.202504,37.804986,0 -119.202053,37.804543,0 -119.201046,37.803988,0 -119.200889,37.803832,0 -119.200855,37.803728,0 -119.200855,37.803527,0 -119.201150,37.803354,0 -119.201219,37.803233,0 -119.201219,37.803095,0 -119.201133,37.802930,0 -119.201150,37.802269,0 -119.201080,37.801107,0 -119.201150,37.800620,0 -119.201410,37.800151,0 -119.201618,37.799552,0 -119.202261,37.798659,0 -119.202417,37.798121,0 -119.202694,37.797504,0 -119.202920,37.796644,0 -119.203094,37.796202,0 -119.203129,37.795960,0 -119.203112,37.795716,0 -119.203007,37.795577,0 -119.202973,37.795369,0 -119.203021,37.795291,0 -119.203146,37.795091,0 -119.203719,37.794422,0 -119.203893,37.794171,0 -119.203962,37.793980,0 -119.204378,37.793302,0 -119.204552,37.793181,0 -119.204830,37.793060,0 -119.205195,37.792999,0 -119.205889,37.792972,0 -119.207087,37.792826,0 -119.208737,37.792530,0 -119.209362,37.792512,0 -119.210177,37.792365,0 -119.210802,37.792331,0 -119.212417,37.792018,0 -119.212712,37.792035,0 -119.212834,37.792088,0 -119.213025,37.792078,0 -119.213424,37.791913,0 -119.213824,37.791654,0 -119.214031,37.791559,0 -119.214448,37.791158,0 -119.215143,37.790291,0 -119.215472,37.789779,0 -119.215629,37.789458,0 -119.216948,37.787644,0 -119.217208,37.787096,0 -119.217660,37.786341,0 -119.218094,37.785152,0 -119.218789,37.783711,0 -119.219101,37.782599,0 -119.219309,37.782236,0 -119.219413,37.781949,0 -119.219500,37.781020,0 -119.219604,37.780492,0 -119.219743,37.780196,0 -119.219899,37.780066,0 -119.220091,37.779796,0 -119.220195,37.779562,0 -119.220368,37.779363,0 -119.220559,37.779241,0 -119.220941,37.779075,0 -119.221636,37.778989,0 -119.222035,37.778910,0 -119.222608,37.778919,0 -119.223424,37.778988,0 -119.223875,37.779032,0 -119.224292,37.779111,0 -119.225768,37.778928,0 -119.226132,37.778945,0 -119.226549,37.778911,0 -119.227000,37.778799,0 -119.227590,37.778712,0 -119.228163,37.778755,0 -119.228424,37.778745,0 -119.228580,37.778703,0 -119.229361,37.777983,0 -119.230143,37.776551,0 -119.230299,37.775968,0 -119.230420,37.775127,0 -119.230559,37.775057,0 -119.231115,37.775082,0 -119.231271,37.775125,0 -119.231775,37.775083,0 -119.232816,37.774648,0 -119.233389,37.774536,0 -119.233823,37.774302,0 -119.234153,37.774215,0 -119.234361,37.774224,0 -119.234934,37.774128,0 -119.235351,37.774170,0 -119.235785,37.774128,0 -119.236410,37.774119,0 -119.236983,37.774015,0 -119.237173,37.773920,0 -119.237660,37.773823,0 -119.238510,37.773504,0 -119.238910,37.773217,0 -119.239118,37.772973,0 -119.239379,37.772453,0 -119.239570,37.772296,0 -119.240160,37.771984,0 -119.240716,37.771610,0 -119.241132,37.771220,0 -119.241618,37.770682,0 -119.241948,37.770447,0 -119.242451,37.770240,0 -119.242643,37.770118,0 -119.243320,37.769329,0 -119.243910,37.768832,0 -119.244188,37.768469,0 -119.244309,37.768079,0 -119.244326,37.767861,0 -119.244292,37.767686,0 -119.244379,37.767322,0 -119.244604,37.766985,0 -119.245039,37.765803,0 -119.245143,37.764770,0 -119.245299,37.764111,0 -119.245524,37.763746,0 -119.246167,37.762488,0 -119.246358,37.762228,0 -119.246548,37.762063,0 -119.246983,37.761863,0 -119.247504,37.761837,0 -119.248111,37.761881,0 -119.248336,37.761845,0 -119.248615,37.761741,0 -119.248718,37.761360,0 -119.248702,37.760769,0 -119.248927,37.760058,0 -119.249309,37.759466,0 -119.249899,37.758877,0 -119.250073,37.758633,0 -119.250194,37.758218,0 -119.250611,37.757366,0 -119.250733,37.756879,0 -119.250993,37.756534,0 -119.251115,37.756421,0 -119.251427,37.755881,0 -119.251722,37.755535,0 -119.252295,37.754753,0 -119.252833,37.754311,0 -119.253336,37.754050,0 -119.253562,37.753990,0 -119.254031,37.753791,0 -119.254361,37.753729,0 -119.254309,37.753252,0 -119.254013,37.751707,0 -119.254135,37.751125,0 -119.254101,37.750753,0 -119.254118,37.750273,0 -119.254326,37.749683,0 -119.254187,37.748409,0 -119.254187,37.747713,0 -119.254222,37.747489,0 -119.254361,37.747124,0 -119.254534,37.746958,0 -119.254795,37.746595,0 -119.255125,37.746403,0 -119.255229,37.746255,0 -119.255281,37.746090,0 -119.255333,37.745578,0 -119.255402,37.745484,0 -119.256010,37.744920,0 -119.256687,37.744770,0 -119.257989,37.744320,0 -119.258424,37.744215,0 -119.258701,37.743999,0 -119.258840,37.743782,0 -119.259170,37.743435,0 -119.259396,37.743286,0 -119.260038,37.742697,0 -119.260159,37.742513,0 -119.260194,37.742141,0 -119.260420,37.741733,0 -119.260888,37.741230,0 -119.261461,37.741195,0 -119.264187,37.740578,0 -119.264673,37.740414,0 -119.264951,37.740404,0 -119.265229,37.740343,0 -119.265732,37.740319,0 -119.266044,37.740318,0 -119.266635,37.740404,0 -119.266791,37.740386,0 -119.266930,37.740283,0 -119.267330,37.740111,0 -119.267798,37.740015,0 -119.268007,37.739945,0 -119.268146,37.739832,0 -119.268319,37.739511,0 -119.268458,37.739432,0 -119.268613,37.739424,0 -119.268614,37.739424,0 -119.268423,37.739285,0 -119.268319,37.739128,0 -119.268232,37.738790,0 -119.267885,37.737957,0 -119.267538,37.737644,0 -119.267225,37.737306,0 -119.265871,37.736308,0 -119.265228,37.735639,0 -119.264482,37.735196,0 -119.264239,37.734979,0 -119.264117,37.734806,0 -119.263943,37.734441,0 -119.263753,37.733894,0 -119.263371,37.733366,0 -119.263093,37.733166,0 -119.262798,37.733132,0 -119.262502,37.733244,0 -119.262380,37.733236,0 -119.262120,37.733149,0 -119.261756,37.733182,0 -119.261530,37.733123,0 -119.261096,37.732949,0 -119.260905,37.732826,0 -119.260748,37.732646,0 -119.260679,37.732445,0 -119.260419,37.732133,0 -119.260384,37.731958,0 -119.260419,37.731446,0 -119.260297,37.731064,0 -119.260384,37.730648,0 -119.260384,37.730456,0 -119.260297,37.730291,0 -119.260020,37.730066,0 -119.259915,37.729876,0 -119.259915,37.729703,0 -119.259828,37.729590,0 -119.259637,37.729442,0 -119.259568,37.729320,0 -119.259568,37.729199,0 -119.259915,37.728435,0 -119.259967,37.728236,0 -119.259950,37.727776,0 -119.259793,37.727195,0 -119.259603,37.726855,0 -119.259046,37.726275,0 -119.258508,37.725935,0 -119.258040,37.725709,0 -119.257883,37.725596,0 -119.257692,37.725389,0 -119.257605,37.725224,0 -119.257571,37.725059,0 -119.257369,37.725039,0 -119.256841,37.725153,0 -119.256425,37.725396,0 -119.255939,37.725631,0 -119.255747,37.725762,0 -119.255349,37.725909,0 -119.255088,37.726178,0 -119.254342,37.727073,0 -119.254150,37.727436,0 -119.253925,37.728026,0 -119.253734,37.728419,0 -119.253300,37.728765,0 -119.253126,37.728983,0 -119.252936,37.729060,0 -119.252675,37.729079,0 -119.252397,37.729365,0 -119.252189,37.729459,0 -119.251911,37.729502,0 -119.251651,37.729589,0 -119.251338,37.729736,0 -119.250991,37.729746,0 -119.250679,37.729607,0 -119.250505,37.729597,0 -119.250157,37.729503,0 -119.249793,37.729493,0 -119.249255,37.729564,0 -119.248682,37.729573,0 -119.248196,37.729485,0 -119.248005,37.729407,0 -119.247380,37.729338,0 -119.246633,37.729330,0 -119.246390,37.729295,0 -119.245956,37.729164,0 -119.245418,37.729077,0 -119.244567,37.728800,0 -119.243768,37.728714,0 -119.243404,37.728713,0 -119.242849,37.728592,0 -119.242692,37.728488,0 -119.242380,37.728149,0 -119.241876,37.727802,0 -119.241633,37.727664,0 -119.240747,37.727264,0 -119.240296,37.727220,0 -119.239984,37.727273,0 -119.239585,37.727411,0 -119.239462,37.727497,0 -119.239341,37.727523,0 -119.239133,37.727376,0 -119.239046,37.727185,0 -119.238977,37.726403,0 -119.238838,37.726230,0 -119.238490,37.725935,0 -119.238160,37.725240,0 -119.237848,37.724971,0 -119.237362,37.724642,0 -119.236720,37.724138,0 -119.236112,37.723825,0 -119.235348,37.723287,0 -119.234514,37.722871,0 -119.234063,37.722690,0 -119.233750,37.722628,0 -119.233438,37.722499,0 -119.232709,37.722099,0 -119.231980,37.721777,0 -119.231493,37.721448,0 -119.230660,37.721005,0 -119.230469,37.720832,0 -119.230296,37.720502,0 -119.230261,37.719990,0 -119.230208,37.719781,0 -119.230278,37.719625,0 -119.230295,37.719277,0 -119.230191,37.718801,0 -119.230226,37.718410,0 -119.230295,37.718140,0 -119.230260,37.717916,0 -119.230174,37.717724,0 -119.230052,37.717585,0 -119.229844,37.717481,0 -119.229462,37.717368,0 -119.228750,37.716987,0 -119.228247,37.716786,0 -119.227604,37.716603,0 -119.226823,37.716335,0 -119.226458,37.716249,0 -119.225278,37.716423,0 -119.224375,37.716301,0 -119.223785,37.716395,0 -119.223559,37.716397,0 -119.223385,37.716335,0 -119.223038,37.716058,0 -119.222621,37.715502,0 -119.222413,37.715293,0 -119.222083,37.715111,0 -119.221389,37.715068,0 -119.220468,37.714910,0 -119.219479,37.715025,0 -119.218628,37.714764,0 -119.218229,37.714670,0 -119.217396,37.714330,0 -119.217066,37.714312,0 -119.216822,37.714356,0 -119.216284,37.714114,0 -119.216128,37.714312,0 -119.215729,37.715257,0 -119.215607,37.715432,0 -119.215278,37.715771,0 -119.215051,37.715928,0 -119.214861,37.716118,0 -119.214618,37.716438,0 -119.214253,37.716656,0 -119.214132,37.716839,0 -119.213767,37.717828,0 -119.213160,37.718601,0 -119.212813,37.718921,0 -119.212083,37.719460,0 -119.211702,37.719693,0 -119.211406,37.719981,0 -119.211198,37.720380,0 -119.211059,37.720866,0 -119.210851,37.721274,0 -119.210695,37.721918,0 -119.210556,37.722168,0 -119.210330,37.722349,0 -119.209862,37.722627,0 -119.209202,37.722881,0 -119.208802,37.723140,0 -119.208316,37.723357,0 -119.207657,37.723844,0 -119.207414,37.723983,0 -119.206772,37.724581,0 -119.206615,37.724851,0 -119.206476,37.725362,0 -119.206181,37.725614,0 -119.205209,37.726752,0 -119.204827,37.727273,0 -119.204671,37.727534,0 -119.204601,37.727750,0 -119.204445,37.727966,0 -119.204046,37.728358,0 -119.203716,37.728955,0 -119.203612,37.729225,0 -119.203282,37.729781,0 -119.202796,37.730293,0 -119.202588,37.730554,0 -119.202449,37.730797,0 -119.201980,37.731325,0 -119.201771,37.731647,0 -119.201494,37.732194,0 -119.200921,37.734304,0 -119.200609,37.734850,0 -119.200383,37.735145,0 -119.199481,37.736066,0 -119.199168,37.736247,0 -119.198907,37.736351,0 -119.198751,37.736481,0 -119.198473,37.736621,0 -119.197501,37.736880,0 -119.197119,37.736960,0 -119.196095,37.737004,0 -119.195053,37.737010,0 -119.194793,37.737054,0 -119.194567,37.737141,0 -119.194116,37.737428,0 -119.193665,37.737655,0 -119.192397,37.738001,0 -119.192189,37.737992,0 -119.191599,37.737863,0 -119.191303,37.737740,0 -119.190939,37.737533,0 -119.190661,37.737429,0 -119.189758,37.737004,0 -119.188803,37.736777,0 -119.188283,37.736586,0 -119.188022,37.736420,0 -119.187762,37.736351,0 -119.187362,37.736561,0 -119.187137,37.736594,0 -119.186373,37.736534,0 -119.185887,37.736621,0 -119.185453,37.736828,0 -119.185297,37.737055,0 -119.185036,37.737558,0 -119.184706,37.738425,0 -119.184445,37.738818,0 -119.184377,37.739068,0 -119.184255,37.739260,0 -119.184064,37.739467,0 -119.183873,37.739572,0 -119.183699,37.739546,0 -119.183508,37.739321,0 -119.183422,37.738974,0 -119.183369,37.738513,0 -119.183109,37.737774,0 -119.182709,37.737273,0 -119.182258,37.736986,0 -119.181893,37.736872,0 -119.181546,37.736812,0 -119.180855,37.736770,0 -119.180331,37.736655,0 -119.180001,37.736500,0 -119.179307,37.736090,0 -119.178647,37.735562,0 -119.178039,37.735214,0 -119.177154,37.734780,0 -119.176893,37.734789,0 -119.174046,37.735354,0 -119.173612,37.735466,0 -119.173039,37.735718,0 -119.172796,37.735856,0 -119.172501,37.736630,0 -119.172206,37.737159,0 -119.171946,37.737419,0 -119.170956,37.738105,0 -119.170574,37.738279,0 -119.170192,37.738348,0 -119.169168,37.738443,0 -119.168821,37.738434,0 -119.168335,37.738375,0 -119.168074,37.738288,0 -119.167275,37.738201,0 -119.166234,37.737766,0 -119.165800,37.737489,0 -119.164688,37.736500,0 -119.164098,37.736195,0 -119.163212,37.736222,0 -119.162640,37.736273,0 -119.162084,37.736221,0 -119.161789,37.736065,0 -119.161598,37.735893,0 -119.161303,37.735779,0 -119.160834,37.735719,0 -119.160608,37.735736,0 -119.160088,37.735893,0 -119.159653,37.736160,0 -119.159289,37.736308,0 -119.158421,37.736568,0 -119.157969,37.736648,0 -119.157605,37.736620,0 -119.157345,37.736560,0 -119.157119,37.736492,0 -119.156251,37.735934,0 -119.155886,37.735319,0 -119.155400,37.734841,0 -119.155209,37.734720,0 -119.154879,37.734660,0 -119.154289,37.734607,0 -119.154029,37.734546,0 -119.152778,37.734105,0 -119.152414,37.733955,0 -119.152049,37.733748,0 -119.151390,37.733539,0 -119.150990,37.733488,0 -119.150538,37.733331,0 -119.150278,37.733201,0 -119.150018,37.733019,0 -119.149809,37.732958,0 -119.149584,37.732967,0 -119.149080,37.733054,0 -119.148820,37.733036,0 -119.148143,37.732827,0 -119.147900,37.732801,0 -119.147778,37.732829,0 -119.147536,37.733019,0 -119.147344,37.733287,0 -119.147170,37.733444,0 -119.146598,37.733531,0 -119.145504,37.734051,0 -119.145227,37.734155,0 -119.145000,37.734199,0 -119.144514,37.734165,0 -119.143924,37.733912,0 -119.143681,37.733782,0 -119.143438,37.733592,0 -119.143230,37.733376,0 -119.142726,37.732992,0 -119.142188,37.733053,0 -119.141980,37.733157,0 -119.140903,37.733252,0 -119.140521,37.733444,0 -119.140070,37.734051,0 -119.139844,37.734278,0 -119.139306,37.735206,0 -119.138768,37.735596,0 -119.138560,37.735839,0 -119.138368,37.735961,0 -119.137986,37.736136,0 -119.137692,37.736135,0 -119.137483,37.736092,0 -119.137275,37.735961,0 -119.136963,37.735841,0 -119.136459,37.735484,0 -119.136320,37.735311,0 -119.135920,37.734955,0 -119.134810,37.734433,0 -119.134219,37.734269,0 -119.133143,37.734069,0 -119.132813,37.734018,0 -119.132431,37.734008,0 -119.131580,37.734139,0 -119.130799,37.734166,0 -119.130087,37.734268,0 -119.128299,37.734642,0 -119.127639,37.734712,0 -119.127327,37.734702,0 -119.127084,37.734642,0 -119.126372,37.734042,0 -119.125990,37.733922,0 -119.125868,37.733810,0 -119.125712,37.733748,0 -119.125452,37.733773,0 -119.124653,37.733957,0 -119.124323,37.733991,0 -119.124045,37.733860,0 -119.123907,37.733747,0 -119.123472,37.733132,0 -119.123264,37.732715,0 -119.122995,37.732386,0 -119.122674,37.732090,0 -119.122326,37.731709,0 -119.121823,37.731316,0 -119.121511,37.731205,0 -119.121198,37.731213,0 -119.120660,37.731143,0 -119.120139,37.731013,0 -119.119878,37.730926,0 -119.118681,37.730407,0 -119.118299,37.730405,0 -119.118125,37.730379,0 -119.117951,37.730310,0 -119.117760,37.730198,0 -119.117431,37.729895,0 -119.116736,37.729426,0 -119.116076,37.729174,0 -119.115607,37.728844,0 -119.115330,37.728688,0 -119.114982,37.728566,0 -119.114149,37.728079,0 -119.113819,37.727794,0 -119.113576,37.727488,0 -119.112465,37.726769,0 -119.111735,37.726092,0 -119.111336,37.725807,0 -119.110746,37.725501,0 -119.110208,37.725173,0 -119.109670,37.724799,0 -119.108888,37.723593,0 -119.108767,37.723454,0 -119.108471,37.722872,0 -119.108402,37.722672,0 -119.108367,37.722272,0 -119.108263,37.721969,0 -119.107968,37.721543,0 -119.107811,37.721231,0 -119.107656,37.720823,0 -119.107569,37.720399,0 -119.107238,37.719791,0 -119.106891,37.719435,0 -119.106125,37.718945,0 -119.105919,37.718836,0 -119.105519,37.718550,0 -119.105329,37.718471,0 -119.105068,37.718253,0 -119.104704,37.717723,0 -119.104287,37.717428,0 -119.103592,37.717038,0 -119.103245,37.716891,0 -119.102533,37.716674,0 -119.102221,37.716517,0 -119.101926,37.716292,0 -119.101856,37.716093,0 -119.101995,37.715832,0 -119.101821,37.714173,0 -119.101595,37.713540,0 -119.100509,37.712555,0 -119.100224,37.712411,0 -119.099876,37.712170,0 -119.099669,37.712064,0 -119.099478,37.711909,0 -119.099391,37.711753,0 -119.099147,37.711560,0 -119.098817,37.711363,0 -119.098574,37.710728,0 -119.098435,37.710163,0 -119.098297,37.709843,0 -119.098036,37.709443,0 -119.097498,37.708731,0 -119.097272,37.708384,0 -119.097116,37.708045,0 -119.096543,37.707335,0 -119.095570,37.706458,0 -119.095050,37.705842,0 -119.093678,37.704522,0 -119.093504,37.704304,0 -119.093279,37.703880,0 -119.093174,37.703748,0 -119.093001,37.703637,0 -119.092393,37.703351,0 -119.092046,37.703123,0 -119.091143,37.702863,0 -119.090588,37.702741,0 -119.090066,37.702708,0 -119.089355,37.702795,0 -119.088852,37.702821,0 -119.088348,37.702777,0 -119.088088,37.702690,0 -119.087775,37.702299,0 -119.087219,37.701215,0 -119.086941,37.700884,0 -119.086542,37.700616,0 -119.086386,37.700451,0 -119.085882,37.699781,0 -119.085709,37.699375,0 -119.085327,37.699045,0 -119.084754,37.698715,0 -119.083486,37.697369,0 -119.082271,37.696398,0 -119.081490,37.696059,0 -119.080882,37.695658,0 -119.080031,37.695234,0 -119.079319,37.694991,0 -119.078295,37.694557,0 -119.077878,37.694419,0 -119.077566,37.694280,0 -119.076281,37.693924,0 -119.075587,37.693671,0 -119.075222,37.693472,0 -119.074528,37.693204,0 -119.073799,37.693028,0 -119.073538,37.693011,0 -119.073364,37.692951,0 -119.073312,37.692864,0 -119.073312,37.692614,0 -119.073416,37.692041,0 -119.073486,37.691138,0 -119.073225,37.690685,0 -119.073017,37.690399,0 -119.072791,37.690182,0 -119.072565,37.690069,0 -119.072270,37.689991,0 -119.072080,37.689904,0 -119.071923,37.689523,0 -119.071714,37.689331,0 -119.071489,37.689044,0 -119.070569,37.688297,0 -119.070447,37.688167,0 -119.070326,37.687924,0 -119.070187,37.687742,0 -119.069961,37.687665,0 -119.068728,37.686581,0 -119.067200,37.685530,0 -119.066228,37.685216,0 -119.065482,37.684808,0 -119.065204,37.684558,0 -119.065256,37.684348,0 -119.065273,37.684044,0 -119.065290,37.683577,0 -119.065256,37.683420,0 -119.065152,37.683038,0 -119.064422,37.682005,0 -119.064318,37.681511,0 -119.064301,37.681033,0 -119.064214,37.680539,0 -119.064023,37.679870,0 -119.063606,37.678976,0 -119.063485,37.678767,0 -119.063363,37.678673,0 -119.063172,37.678394,0 -119.062755,37.677432,0 -119.062599,37.677197,0 -119.062148,37.676840,0 -119.062078,37.676675,0 -119.062009,37.676225,0 -119.062095,37.675730,0 -119.062078,37.675346,0 -119.062164,37.674957,0 -119.062529,37.674071,0 -119.062564,37.673656,0 -119.062390,37.671909,0 -119.062477,37.671450,0 -119.062477,37.671104,0 -119.062060,37.670529,0 -119.060706,37.669175,0 -119.060515,37.668707,0 -119.059924,37.666381,0 -119.059646,37.665703,0 -119.059612,37.665486,0 -119.059699,37.665018,0 -119.060219,37.664175,0 -119.060323,37.663897,0 -119.060341,37.663707,0 -119.060272,37.663107,0 -119.060341,37.662639,0 -119.060236,37.662354,0 -119.060063,37.662101,0 -119.059976,37.661875,0 -119.060045,37.661321,0 -119.060115,37.661042,0 -119.060306,37.660634,0 -119.060445,37.659445,0 -119.060653,37.659055,0 -119.060688,37.658881,0 -119.060931,37.658472,0 -119.061278,37.658092,0 -119.061382,37.657814,0 -119.061295,37.657440,0 -119.061174,37.657118,0 -119.061173,37.656936,0 -119.061052,37.656790,0 -119.060713,37.656520,0 -119.060549,37.656390,0 -119.060271,37.655955,0 -119.060132,37.655827,0 -119.059906,37.655713,0 -119.059611,37.655634,0 -119.058969,37.655297,0 -119.058673,37.655201,0 -119.058552,37.655105,0 -119.058239,37.654342,0 -119.057857,37.653872,0 -119.057579,37.653620,0 -119.057371,37.653370,0 -119.056885,37.653056,0 -119.056121,37.652432,0 -119.055739,37.652214,0 -119.055514,37.652127,0 -119.054993,37.651815,0 -119.054523,37.651407,0 -119.054263,37.651077,0 -119.054159,37.650713,0 -119.054020,37.649715,0 -119.053933,37.648595,0 -119.053690,37.647006,0 -119.053638,37.646460,0 -119.053673,37.646260,0 -119.053759,37.646042,0 -119.053933,37.645810,0 -119.054107,37.645592,0 -119.054627,37.645175,0 -119.054454,37.645061,0 -119.053325,37.644593,0 -119.052283,37.644221,0 -119.051624,37.643865,0 -119.051381,37.643639,0 -119.051086,37.643145,0 -119.050755,37.642884,0 -119.050235,37.642605,0 -119.049818,37.642050,0 -119.049280,37.641643,0 -119.049159,37.641461,0 -119.048724,37.640973,0 -119.048325,37.640383,0 -119.048065,37.640071,0 -119.047543,37.639740,0 -119.047282,37.639365,0 -119.046884,37.638934,0 -119.046346,37.638639,0 -119.045998,37.638308,0 -119.045477,37.637277,0 -119.045008,37.636903,0 -119.044800,37.636790,0 -119.044193,37.636617,0 -119.043862,37.636608,0 -119.043515,37.636529,0 -119.043220,37.636260,0 -119.042786,37.635662,0 -119.042734,37.635532,0 -119.042421,37.635226,0 -119.041883,37.634871,0 -119.041345,37.634454,0 -119.040772,37.634187,0 -119.039921,37.633890,0 -119.039088,37.633682,0 -119.038931,37.633544,0 -119.038341,37.632876,0 -119.038150,37.632763,0 -119.037247,37.632623,0 -119.035598,37.632563,0 -119.035251,37.632355,0 -119.034991,37.632155,0 -119.034470,37.631581,0 -119.034314,37.631303,0 -119.034192,37.631157,0 -119.033966,37.630992,0 -119.033671,37.630870,0 -119.033203,37.630611,0 -119.032855,37.630497,0 -119.032577,37.630567,0 -119.032473,37.630557,0 -119.032386,37.630506,0 -119.032386,37.630401,0 -119.032438,37.630297,0 -119.032421,37.630098,0 -119.032503,37.629705,0 -119.032456,37.629315,0 -119.032595,37.628890,0 -119.032525,37.628716,0 -119.031952,37.628343,0 -119.031431,37.628083,0 -119.031119,37.627770,0 -119.030980,37.627511,0 -119.030927,37.627269,0 -119.030963,37.626556,0 -119.030928,37.626226,0 -119.030962,37.626045,0 -119.030945,37.625844,0 -119.030720,37.625124,0 -119.030789,37.624942,0 -119.031518,37.624559,0 -119.032195,37.623136,0 -119.032282,37.622727,0 -119.032629,37.621894,0 -119.032750,37.621295,0 -119.032941,37.620731,0 -119.033392,37.619082,0 -119.033531,37.618396,0 -119.033548,37.617764,0 -119.033514,37.617328,0 -119.033410,37.617007,0 -119.033323,37.616878,0 -119.033010,37.616635,0 -119.032854,37.616556,0 -119.032316,37.616409,0 -119.032298,37.616375,0 -119.032125,37.616297,0 -119.031934,37.616106,0 -119.031829,37.615767,0 -119.031812,37.614699,0 -119.031847,37.614213,0 -119.031916,37.613831,0 -119.031969,37.612866,0 -119.032089,37.612087,0 -119.032402,37.611037,0 -119.032541,37.610688,0 -119.032957,37.609986,0 -119.033392,37.609422,0 -119.033739,37.608857,0 -119.034346,37.608066,0 -119.034745,37.607355,0 -119.034919,37.606946,0 -119.034936,37.606557,0 -119.035092,37.606018,0 -119.034884,37.605481,0 -119.034832,37.605169,0 -119.034815,37.604655,0 -119.034711,37.604264,0 -119.034693,37.604022,0 -119.034633,37.603922,0 -119.034242,37.603500,0 -119.034207,37.603162,0 -119.034120,37.603023,0 -119.033704,37.602573,0 -119.033460,37.602224,0 -119.033287,37.601860,0 -119.033131,37.601279,0 -119.032904,37.600818,0 -119.032384,37.600168,0 -119.032158,37.599976,0 -119.031724,37.599405,0 -119.031603,37.598883,0 -119.031464,37.598667,0 -119.030179,37.597599,0 -119.029380,37.597034,0 -119.029137,37.596818,0 -119.028807,37.596643,0 -119.028408,37.596600,0 -119.028199,37.596505,0 -119.028026,37.596384,0 -119.027852,37.596252,0 -119.027244,37.595619,0 -119.026950,37.595080,0 -119.026897,37.593970,0 -119.026637,37.593232,0 -119.026567,37.592608,0 -119.026133,37.591670,0 -119.025716,37.590917,0 -119.025334,37.590116,0 -119.025247,37.589587,0 -119.025178,37.588120,0 -119.025004,37.587729,0 -119.024831,37.587546,0 -119.024622,37.587442,0 -119.024049,37.587294,0 -119.023910,37.587217,0 -119.023684,37.587061,0 -119.023372,37.586731,0 -119.023216,37.586419,0 -119.023198,37.586236,0 -119.023147,37.586106,0 -119.023147,37.585854,0 -119.023268,37.585550,0 -119.023217,37.585210,0 -119.023094,37.585030,0 -119.022625,37.584562,0 -119.022070,37.584214,0 -119.021167,37.583823,0 -119.020715,37.583736,0 -119.019934,37.583658,0 -119.019206,37.583527,0 -119.018406,37.583536,0 -119.017834,37.583398,0 -119.016670,37.583214,0 -119.016080,37.583059,0 -119.015803,37.582946,0 -119.015438,37.582720,0 -119.015282,37.582582,0 -119.015230,37.582416,0 -119.015212,37.581974,0 -119.015160,37.581895,0 -119.014709,37.581427,0 -119.014518,37.581158,0 -119.014031,37.580673,0 -119.013996,37.580602,0 -119.013510,37.580299,0 -119.013024,37.580116,0 -119.012208,37.579699,0 -119.012034,37.579587,0 -119.011392,37.578962,0 -119.011201,37.578865,0 -119.010785,37.578736,0 -119.010333,37.578442,0 -119.010177,37.578302,0 -119.009830,37.578094,0 -119.009448,37.577982,0 -119.008892,37.577720,0 -119.008215,37.577339,0 -119.007937,37.577147,0 -119.007746,37.576843,0 -119.007590,37.576714,0 -119.007416,37.576636,0 -119.006878,37.576636,0 -119.006722,37.576574,0 -119.006617,37.576472,0 -119.006462,37.575933,0 -119.006149,37.575274,0 -119.006010,37.575152,0 -119.005385,37.574761,0 -119.005228,37.574614,0 -119.005107,37.574439,0 -119.004760,37.573684,0 -119.004430,37.572583,0 -119.004152,37.572026,0 -119.004013,37.571889,0 -119.003666,37.571645,0 -119.003301,37.571445,0 -119.003110,37.571376,0 -119.002642,37.571279,0 -119.002347,37.571244,0 -119.001999,37.571246,0 -119.001461,37.571140,0 -119.001252,37.571072,0 -119.000975,37.570768,0 -119.000767,37.570603,0 -119.000090,37.570569,0 -119.000002,37.570482,0 -119.000055,37.570333,0 -119.000037,37.570220,0 -118.999933,37.569847,0 -118.999864,37.569743,0 -118.999742,37.569701,0 -118.999534,37.569716,0 -118.999134,37.569613,0 -118.998718,37.569371,0 -118.998458,37.569171,0 -118.998180,37.569049,0 -118.997797,37.569083,0 -118.997346,37.569032,0 -118.996686,37.569163,0 -118.995957,37.568953,0 -118.994898,37.568962,0 -118.994568,37.569023,0 -118.994360,37.569275,0 -118.994221,37.569326,0 -118.993874,37.569231,0 -118.993753,37.569144,0 -118.993475,37.568736,0 -118.993370,37.568667,0 -118.993041,37.568536,0 -118.992763,37.568475,0 -118.992381,37.568467,0 -118.991808,37.568303,0 -118.991478,37.568172,0 -118.990835,37.567808,0 -118.990732,37.567737,0 -118.990506,37.567468,0 -118.990402,37.567399,0 -118.990245,37.567356,0 -118.989516,37.567261,0 -118.989169,37.567252,0 -118.988405,37.567131,0 -118.987867,37.566973,0 -118.987554,37.566931,0 -118.987172,37.566956,0 -118.986721,37.567035,0 -118.986443,37.567138,0 -118.986183,37.567296,0 -118.986044,37.567312,0 -118.985749,37.567277,0 -118.985540,37.567209,0 -118.984620,37.566757,0 -118.984221,37.566479,0 -118.983735,37.565992,0 -118.983648,37.565811,0 -118.983631,37.565619,0 -118.983527,37.565395,0 -118.983249,37.565039,0 -118.983127,37.564978,0 -118.982693,37.564961,0 -118.982589,37.564935,0 -118.982467,37.564857,0 -118.982276,37.564301,0 -118.982242,37.563919,0 -118.982120,37.563624,0 -118.981981,37.563424,0 -118.981773,37.563232,0 -118.981408,37.563120,0 -118.981234,37.563198,0 -118.980905,37.563484,0 -118.980418,37.563762,0 -118.980124,37.563867,0 -118.979794,37.563937,0 -118.979446,37.563954,0 -118.978648,37.563909,0 -118.977901,37.563753,0 -118.977398,37.563580,0 -118.976773,37.563223,0 -118.976321,37.563084,0 -118.976113,37.563068,0 -118.975436,37.562851,0 -118.975384,37.562764,0 -118.975401,37.562661,0 -118.975574,37.562505,0 -118.975575,37.562435,0 -118.975436,37.562286,0 -118.975158,37.562121,0 -118.975072,37.562017,0 -118.975002,37.561600,0 -118.974898,37.561331,0 -118.974637,37.560898,0 -118.974689,37.560430,0 -118.974598,37.560293,0 -118.974272,37.559994,0 -118.974116,37.559917,0 -118.973630,37.559788,0 -118.973369,37.559770,0 -118.972901,37.559855,0 -118.972414,37.559814,0 -118.972224,37.559726,0 -118.971998,37.559543,0 -118.971200,37.559049,0 -118.970887,37.558901,0 -118.970557,37.558867,0 -118.970314,37.558936,0 -118.969516,37.559248,0 -118.968943,37.559578,0 -118.968734,37.559613,0 -118.968248,37.559594,0 -118.967936,37.559525,0 -118.967623,37.559404,0 -118.967241,37.559204,0 -118.966981,37.559031,0 -118.966616,37.558710,0 -118.966391,37.558554,0 -118.966112,37.558389,0 -118.965575,37.558145,0 -118.965279,37.558119,0 -118.963751,37.558164,0 -118.963387,37.558241,0 -118.962814,37.558553,0 -118.962675,37.558728,0 -118.962605,37.558901,0 -118.962606,37.559102,0 -118.962449,37.559448,0 -118.962328,37.559552,0 -118.962120,37.559630,0 -118.961964,37.559787,0 -118.961703,37.560194,0 -118.961460,37.560837,0 -118.961304,37.560976,0 -118.961009,37.561062,0 -118.960384,37.561140,0 -118.960053,37.561228,0 -118.959863,37.561341,0 -118.959863,37.561852,0 -118.959811,37.562077,0 -118.959828,37.563145,0 -118.959742,37.563215,0 -118.959429,37.563084,0 -118.959220,37.562953,0 -118.958786,37.562884,0 -118.958144,37.562903,0 -118.957537,37.562808,0 -118.956720,37.562798,0 -118.956460,37.562780,0 -118.956235,37.562729,0 -118.955870,37.562712,0 -118.955575,37.562824,0 -118.954672,37.563448,0 -118.954567,37.563598,0 -118.954533,37.564040,0 -118.953821,37.564959,0 -118.953179,37.565628,0 -118.953023,37.565664,0 -118.952911,37.565639,0 -118.952658,37.565498,0 -118.952241,37.565150,0 -118.952033,37.565046,0 -118.951009,37.564777,0 -118.950366,37.564683,0 -118.949759,37.564612,0 -118.949429,37.564630,0 -118.948630,37.564603,0 -118.947311,37.564681,0 -118.946738,37.564812,0 -118.946530,37.564569,0 -118.946408,37.564326,0 -118.946113,37.563552,0 -118.945783,37.563214,0 -118.945575,37.563083,0 -118.945279,37.562920,0 -118.944742,37.562719,0 -118.943248,37.562382,0 -118.942745,37.562207,0 -118.942311,37.561955,0 -118.941634,37.561635,0 -118.941477,37.561314,0 -118.941530,37.560983,0 -118.941443,37.560437,0 -118.941338,37.560195,0 -118.941408,37.559699,0 -118.941408,37.559420,0 -118.941408,37.558823,0 -118.941338,37.558292,0 -118.941112,37.557858,0 -118.940748,37.557276,0 -118.940661,37.557068,0 -118.940522,37.556478,0 -118.940400,37.556332,0 -118.940262,37.556228,0 -118.940158,37.556218,0 -118.940019,37.556044,0 -118.939949,37.555888,0 -118.939724,37.555759,0 -118.939342,37.555471,0 -118.939185,37.555315,0 -118.939064,37.554856,0 -118.938942,37.554716,0 -118.938786,37.554578,0 -118.938438,37.554447,0 -118.938120,37.554159,0 -118.938056,37.554100,0 -118.936980,37.553640,0 -118.936286,37.553397,0 -118.935140,37.552867,0 -118.934619,37.552676,0 -118.933178,37.551826,0 -118.932813,37.551427,0 -118.932757,37.551312,0 -118.932605,37.551000,0 -118.931615,37.549951,0 -118.931060,37.549526,0 -118.930851,37.549413,0 -118.930574,37.549352,0 -118.930174,37.549108,0 -118.929949,37.548839,0 -118.929202,37.548692,0 -118.928924,37.548675,0 -118.928629,37.548717,0 -118.928352,37.548701,0 -118.927171,37.548500,0 -118.926963,37.548536,0 -118.926303,37.548796,0 -118.926060,37.548865,0 -118.925834,37.548884,0 -118.924896,37.548788,0 -118.924480,37.548814,0 -118.923230,37.549343,0 -118.923039,37.549368,0 -118.922814,37.549482,0 -118.922484,37.549594,0 -118.922049,37.549672,0 -118.921702,37.549898,0 -118.921546,37.549951,0 -118.920453,37.549950,0 -118.920053,37.550003,0 -118.919063,37.549985,0 -118.918716,37.550072,0 -118.918178,37.550116,0 -118.917779,37.550228,0 -118.917449,37.550210,0 -118.917050,37.550124,0 -118.916598,37.550088,0 -118.916285,37.550170,0 -118.916164,37.550202,0 -118.915661,37.549637,0 -118.914966,37.548753,0 -118.914775,37.548379,0 -118.914358,37.547971,0 -118.914168,37.547718,0 -118.913959,37.547250,0 -118.913751,37.546504,0 -118.913507,37.545914,0 -118.913282,37.545497,0 -118.913143,37.544985,0 -118.913109,37.544637,0 -118.913056,37.544525,0 -118.912622,37.544161,0 -118.912535,37.543987,0 -118.912327,37.543743,0 -118.912101,37.543352,0 -118.911667,37.542927,0 -118.911337,37.542529,0 -118.910851,37.542311,0 -118.910591,37.542260,0 -118.910348,37.542251,0 -118.910087,37.542321,0 -118.909949,37.542260,0 -118.909740,37.541816,0 -118.909601,37.541183,0 -118.909636,37.540749,0 -118.909601,37.540246,0 -118.909392,37.539941,0 -118.909410,37.539732,0 -118.909358,37.539550,0 -118.908907,37.539222,0 -118.908785,37.539055,0 -118.908715,37.538891,0 -118.908525,37.538709,0 -118.908125,37.538501,0 -118.907274,37.537798,0 -118.907014,37.537677,0 -118.906597,37.537624,0 -118.906371,37.537528,0 -118.906025,37.537286,0 -118.905764,37.537052,0 -118.905364,37.536513,0 -118.905191,37.536226,0 -118.905069,37.535949,0 -118.904931,37.535314,0 -118.904792,37.535082,0 -118.904566,37.534889,0 -118.904375,37.534664,0 -118.903594,37.534220,0 -118.903420,37.534099,0 -118.903177,37.533866,0 -118.903004,37.533639,0 -118.902864,37.533301,0 -118.902795,37.532981,0 -118.902552,37.532590,0 -118.902448,37.532226,0 -118.902343,37.532051,0 -118.902170,37.531842,0 -118.901806,37.531269,0 -118.901597,37.531043,0 -118.901250,37.530801,0 -118.901163,37.530697,0 -118.901267,37.530271,0 -118.901302,37.529828,0 -118.901597,37.529109,0 -118.901805,37.528839,0 -118.902222,37.528414,0 -118.902343,37.528241,0 -118.902378,37.528057,0 -118.902534,37.527876,0 -118.902847,37.527607,0 -118.903021,37.527364,0 -118.903073,37.527095,0 -118.903003,37.526946,0 -118.902842,37.526757,0 -118.902795,37.526669,0 -118.902760,37.526436,0 -118.902587,37.526069,0 -118.902344,37.525811,0 -118.901840,37.525480,0 -118.901406,37.525314,0 -118.900798,37.525124,0 -118.900329,37.525020,0 -118.899548,37.524750,0 -118.898454,37.524595,0 -118.896979,37.524665,0 -118.896580,37.524707,0 -118.895746,37.524863,0 -118.895312,37.525073,0 -118.895138,37.525263,0 -118.894930,37.525384,0 -118.894392,37.525498,0 -118.894131,37.525514,0 -118.893750,37.525401,0 -118.893281,37.525394,0 -118.893038,37.525410,0 -118.892795,37.525481,0 -118.892552,37.525594,0 -118.892135,37.525602,0 -118.891927,37.525531,0 -118.891406,37.524759,0 -118.891041,37.524334,0 -118.890781,37.523796,0 -118.890225,37.523222,0 -118.889791,37.522719,0 -118.889427,37.522364,0 -118.888992,37.522033,0 -118.888663,37.521513,0 -118.888211,37.521218,0 -118.888020,37.521053,0 -118.887655,37.520870,0 -118.887430,37.520670,0 -118.886614,37.520340,0 -118.886145,37.520089,0 -118.885885,37.519992,0 -118.885138,37.519960,0 -118.884166,37.520020,0 -118.883819,37.520001,0 -118.883766,37.519959,0 -118.883593,37.519611,0 -118.883228,37.518319,0 -118.883228,37.518024,0 -118.883107,37.517493,0 -118.883107,37.517249,0 -118.883124,37.517077,0 -118.883211,37.516938,0 -118.883332,37.516557,0 -118.883176,37.516261,0 -118.883141,37.515904,0 -118.882968,37.515610,0 -118.882777,37.515403,0 -118.881631,37.514498,0 -118.881162,37.513727,0 -118.881145,37.513562,0 -118.881336,37.513100,0 -118.881405,37.512258,0 -118.881353,37.511912,0 -118.881440,37.511444,0 -118.881665,37.510619,0 -118.881648,37.510540,0 -118.881145,37.510114,0 -118.880554,37.509524,0 -118.880381,37.509430,0 -118.880120,37.509360,0 -118.879026,37.509221,0 -118.878159,37.509048,0 -118.877412,37.508709,0 -118.876509,37.508396,0 -118.876214,37.508266,0 -118.875572,37.507823,0 -118.874808,37.507555,0 -118.873245,37.507345,0 -118.871474,37.507486,0 -118.870728,37.507432,0 -118.869947,37.507450,0 -118.869253,37.507372,0 -118.868610,37.507372,0 -118.868159,37.507432,0 -118.867725,37.507372,0 -118.867534,37.507311,0 -118.866908,37.507206,0 -118.866770,37.507154,0 -118.866666,37.507164,0 -118.866353,37.507094,0 -118.866283,37.507058,0 -118.866058,37.506661,0 -118.865936,37.505947,0 -118.865832,37.505522,0 -118.865745,37.505348,0 -118.865312,37.505054,0 -118.864495,37.504586,0 -118.864113,37.504255,0 -118.863732,37.503978,0 -118.862864,37.503484,0 -118.862187,37.502910,0 -118.861978,37.502667,0 -118.861405,37.502162,0 -118.860797,37.501504,0 -118.860589,37.501129,0 -118.859895,37.500296,0 -118.859895,37.500105,0 -118.859846,37.499989,0 -118.859825,37.499940,0 -118.859773,37.499941,0 -118.859651,37.499369,0 -118.859721,37.499230,0 -118.859825,37.498830,0 -118.859894,37.498022,0 -118.859894,37.497493,0 -118.859808,37.496652,0 -118.859686,37.496269,0 -118.859512,37.496043,0 -118.859304,37.495072,0 -118.859218,37.494855,0 -118.858870,37.494403,0 -118.858801,37.494254,0 -118.858627,37.494142,0 -118.858557,37.494057,0 -118.858714,37.492824,0 -118.858870,37.492172,0 -118.859599,37.490878,0 -118.859686,37.490523,0 -118.859720,37.489864,0 -118.859547,37.489263,0 -118.859582,37.488483,0 -118.859200,37.487787,0 -118.858696,37.487337,0 -118.858384,37.486998,0 -118.858245,37.486878,0 -118.858002,37.486739,0 -118.857811,37.486538,0 -118.857706,37.485548,0 -118.857533,37.485227,0 -118.857481,37.485002,0 -118.857446,37.484411,0 -118.857238,37.483960,0 -118.856925,37.483614,0 -118.856786,37.483388,0 -118.856370,37.483031,0 -118.855449,37.481841,0 -118.855484,37.481703,0 -118.855623,37.481478,0 -118.855918,37.481148,0 -118.856491,37.480732,0 -118.856925,37.480506,0 -118.857116,37.480324,0 -118.857220,37.480158,0 -118.857289,37.479958,0 -118.857282,37.479856,0 -118.857272,37.479707,0 -118.857064,37.479506,0 -118.856595,37.479308,0 -118.856317,37.479246,0 -118.856040,37.479126,0 -118.855762,37.478943,0 -118.855380,37.478578,0 -118.855120,37.478431,0 -118.854824,37.478327,0 -118.854512,37.478266,0 -118.854321,37.478187,0 -118.853852,37.477815,0 -118.853175,37.477579,0 -118.852967,37.477459,0 -118.852533,37.477363,0 -118.852341,37.477233,0 -118.852116,37.477128,0 -118.851873,37.477058,0 -118.851335,37.476720,0 -118.851091,37.476650,0 -118.850588,37.476669,0 -118.850345,37.476590,0 -118.850050,37.476382,0 -118.849824,37.476468,0 -118.849443,37.476721,0 -118.849164,37.476859,0 -118.848939,37.476928,0 -118.848817,37.477007,0 -118.848661,37.477188,0 -118.848592,37.477389,0 -118.848175,37.477685,0 -118.847481,37.478023,0 -118.847238,37.478291,0 -118.846908,37.478500,0 -118.846178,37.478761,0 -118.845484,37.479135,0 -118.845241,37.479306,0 -118.845016,37.479690,0 -118.844963,37.479855,0 -118.844772,37.480044,0 -118.844269,37.480071,0 -118.843870,37.480174,0 -118.843574,37.480367,0 -118.842898,37.480714,0 -118.842620,37.481060,0 -118.842464,37.481190,0 -118.842099,37.481391,0 -118.841404,37.481495,0 -118.840970,37.481408,0 -118.840519,37.481443,0 -118.840120,37.481659,0 -118.839738,37.481911,0 -118.839408,37.482008,0 -118.838158,37.482301,0 -118.837932,37.482318,0 -118.837481,37.482275,0 -118.837237,37.482363,0 -118.836856,37.482607,0 -118.836370,37.482736,0 -118.835867,37.482779,0 -118.835675,37.482761,0 -118.835450,37.482640,0 -118.835224,37.482441,0 -118.834998,37.482163,0 -118.834859,37.481903,0 -118.834234,37.480992,0 -118.834096,37.480843,0 -118.833887,37.480747,0 -118.833089,37.480739,0 -118.832742,37.480705,0 -118.831908,37.480948,0 -118.831196,37.481078,0 -118.830797,37.481086,0 -118.830380,37.481182,0 -118.830085,37.481295,0 -118.829790,37.481312,0 -118.829443,37.481417,0 -118.829113,37.481599,0 -118.828696,37.481886,0 -118.828453,37.481954,0 -118.828175,37.482077,0 -118.827655,37.482405,0 -118.827203,37.482614,0 -118.826387,37.482745,0 -118.825849,37.482917,0 -118.825624,37.482918,0 -118.825352,37.483004,0 -118.825189,37.483257,0 -118.825068,37.483604,0 -118.824895,37.483854,0 -118.824808,37.484108,0 -118.824668,37.484290,0 -118.824339,37.484645,0 -118.823957,37.484992,0 -118.823436,37.485340,0 -118.822742,37.485530,0 -118.822360,37.485712,0 -118.822134,37.485869,0 -118.821787,37.486025,0 -118.820971,37.486287,0 -118.820607,37.486337,0 -118.820294,37.486459,0 -118.819860,37.486797,0 -118.817812,37.487318,0 -118.817100,37.487579,0 -118.816683,37.487778,0 -118.815936,37.488238,0 -118.814981,37.488733,0 -118.814773,37.488708,0 -118.814652,37.487961,0 -118.814582,37.487814,0 -118.814443,37.487753,0 -118.814270,37.487699,0 -118.813679,37.487640,0 -118.813384,37.487578,0 -118.813072,37.487447,0 -118.812325,37.487232,0 -118.811943,37.487058,0 -118.811266,37.486944,0 -118.810936,37.486919,0 -118.810277,37.486936,0 -118.809044,37.487065,0 -118.808436,37.487249,0 -118.807950,37.487648,0 -118.807394,37.487968,0 -118.807100,37.488212,0 -118.806544,37.488395,0 -118.805347,37.489028,0 -118.805069,37.489331,0 -118.804860,37.489445,0 -118.804565,37.489505,0 -118.804252,37.489557,0 -118.803176,37.489653,0 -118.801406,37.489574,0 -118.801110,37.489584,0 -118.800277,37.489687,0 -118.800138,37.489766,0 -118.799253,37.489514,0 -118.798888,37.489462,0 -118.798054,37.489176,0 -118.797742,37.489210,0 -118.797221,37.489331,0 -118.797013,37.489323,0 -118.796614,37.489410,0 -118.796401,37.489391,0 -118.796336,37.489263,0 -118.795815,37.488794,0 -118.795589,37.488464,0 -118.795346,37.488221,0 -118.794669,37.487830,0 -118.794444,37.487466,0 -118.794305,37.486693,0 -118.794114,37.486119,0 -118.793992,37.485912,0 -118.793818,37.485730,0 -118.793297,37.485486,0 -118.792794,37.485070,0 -118.792499,37.484956,0 -118.792117,37.484870,0 -118.791301,37.484514,0 -118.791076,37.484452,0 -118.790659,37.483532,0 -118.790450,37.483324,0 -118.790225,37.483177,0 -118.790034,37.482933,0 -118.789635,37.482239,0 -118.788870,37.480547,0 -118.788627,37.480320,0 -118.788211,37.480026,0 -118.787968,37.479939,0 -118.787394,37.479479,0 -118.786978,37.479462,0 -118.786805,37.479366,0 -118.786631,37.479211,0 -118.786388,37.479081,0 -118.786092,37.478942,0 -118.785572,37.478792,0 -118.785364,37.478697,0 -118.785277,37.478532,0 -118.785363,37.478082,0 -118.785485,37.476796,0 -118.785519,37.476354,0 -118.785502,37.475982,0 -118.785294,37.475391,0 -118.785103,37.475096,0 -118.784686,37.474557,0 -118.784304,37.474176,0 -118.783905,37.473637,0 -118.783662,37.473428,0 -118.783089,37.473020,0 -118.782429,37.472778,0 -118.781769,37.472655,0 -118.781492,37.472499,0 -118.781231,37.472334,0 -118.780502,37.471581,0 -118.779755,37.471095,0 -118.779218,37.470668,0 -118.778887,37.470503,0 -118.777794,37.470079,0 -118.777568,37.469974,0 -118.777412,37.469835,0 -118.777359,37.469714,0 -118.777533,37.469209,0 -118.777568,37.468836,0 -118.777464,37.468238,0 -118.777325,37.467891,0 -118.777394,37.467725,0 -118.777672,37.467361,0 -118.777742,37.467127,0 -118.777672,37.467014,0 -118.777481,37.466910,0 -118.776838,37.466736,0 -118.776543,37.466597,0 -118.776405,37.466475,0 -118.776283,37.466275,0 -118.776075,37.466058,0 -118.775988,37.465886,0 -118.775901,37.465669,0 -118.775883,37.465209,0 -118.775693,37.465060,0 -118.775432,37.465042,0 -118.775345,37.465068,0 -118.775276,37.464982,0 -118.775241,37.464808,0 -118.775259,37.464662,0 -118.775172,37.464540,0 -118.774877,37.464549,0 -118.774738,37.464497,0 -118.774633,37.464331,0 -118.774564,37.463723,0 -118.774426,37.463132,0 -118.774339,37.462994,0 -118.774286,37.462785,0 -118.774009,37.462109,0 -118.773592,37.461240,0 -118.773349,37.460581,0 -118.773106,37.460268,0 -118.772759,37.460017,0 -118.772585,37.459817,0 -118.772480,37.459593,0 -118.772307,37.459402,0 -118.772012,37.459209,0 -118.771353,37.458879,0 -118.771039,37.458759,0 -118.770397,37.458653,0 -118.770137,37.458524,0 -118.769651,37.458403,0 -118.769251,37.458369,0 -118.768678,37.458202,0 -118.768331,37.457908,0 -118.767811,37.457335,0 -118.767585,37.457196,0 -118.767237,37.457083,0 -118.766734,37.456979,0 -118.765745,37.456840,0 -118.764581,37.457014,0 -118.764252,37.457032,0 -118.763609,37.456988,0 -118.762915,37.456839,0 -118.762585,37.456717,0 -118.762288,37.456562,0 -118.762220,37.456526,0 -118.762203,37.456346,0 -118.762342,37.456110,0 -118.762793,37.455745,0 -118.763053,37.455442,0 -118.763383,37.454904,0 -118.763609,37.454401,0 -118.763574,37.454244,0 -118.763349,37.454106,0 -118.763140,37.453853,0 -118.762810,37.453082,0 -118.762758,37.452803,0 -118.762620,37.452559,0 -118.762307,37.451692,0 -118.761925,37.451120,0 -118.761700,37.450085,0 -118.761404,37.449289,0 -118.761005,37.448775,0 -118.760623,37.448211,0 -118.760327,37.447604,0 -118.759547,37.446639,0 -118.759199,37.446059,0 -118.758695,37.445043,0 -118.758487,37.444426,0 -118.758556,37.443811,0 -118.758435,37.443672,0 -118.758366,37.443498,0 -118.758365,37.441780,0 -118.758400,37.441293,0 -118.758608,37.440302,0 -118.758904,37.439426,0 -118.759198,37.438993,0 -118.759529,37.438307,0 -118.759494,37.437785,0 -118.759216,37.437318,0 -118.759181,37.437152,0 -118.759251,37.436813,0 -118.759372,37.436545,0 -118.759389,37.436198,0 -118.759615,37.435355,0 -118.759720,37.435129,0 -118.760379,37.434149,0 -118.760882,37.433055,0 -118.761004,37.432881,0 -118.761195,37.432726,0 -118.761802,37.432448,0 -118.762844,37.432301,0 -118.763070,37.432221,0 -118.763677,37.432101,0 -118.764042,37.431970,0 -118.764511,37.431570,0 -118.764980,37.430946,0 -118.765275,37.430382,0 -118.765344,37.430182,0 -118.765327,37.428949,0 -118.765413,37.428741,0 -118.765656,37.428533,0 -118.765865,37.428298,0 -118.765969,37.427795,0 -118.766090,37.427475,0 -118.766212,37.427265,0 -118.766368,37.426640,0 -118.766663,37.426086,0 -118.766819,37.425251,0 -118.766976,37.425025,0 -118.767323,37.424166,0 -118.767462,37.423966,0 -118.767584,37.423862,0 -118.767861,37.423715,0 -118.768555,37.423091,0 -118.768816,37.422925,0 -118.769024,37.422899,0 -118.769320,37.422916,0 -118.770187,37.423064,0 -118.770951,37.423369,0 -118.771316,37.423438,0 -118.771524,37.423515,0 -118.771871,37.423690,0 -118.771958,37.423846,0 -118.772063,37.424365,0 -118.772219,37.424853,0 -118.772566,37.425347,0 -118.772757,37.425548,0 -118.772878,37.425624,0 -118.773468,37.425765,0 -118.773659,37.425747,0 -118.773972,37.425695,0 -118.775448,37.425131,0 -118.775777,37.424949,0 -118.777063,37.424401,0 -118.777965,37.423890,0 -118.778399,37.423586,0 -118.778572,37.423369,0 -118.778729,37.423134,0 -118.778885,37.422718,0 -118.779111,37.422535,0 -118.779406,37.422352,0 -118.779666,37.421988,0 -118.780135,37.421624,0 -118.780274,37.421467,0 -118.780413,37.421138,0 -118.780430,37.420817,0 -118.780569,37.420651,0 -118.780777,37.420505,0 -118.780968,37.420314,0 -118.781003,37.420191,0 -118.780985,37.420069,0 -118.780830,37.419827,0 -118.780760,37.419574,0 -118.781073,37.419142,0 -118.781281,37.418769,0 -118.781559,37.417831,0 -118.781888,37.417354,0 -118.782044,37.416884,0 -118.782913,37.415236,0 -118.782878,37.414879,0 -118.782947,37.414654,0 -118.783086,37.414420,0 -118.783156,37.414211,0 -118.783191,37.413942,0 -118.783607,37.413369,0 -118.783607,37.413022,0 -118.783399,37.412726,0 -118.782878,37.411330,0 -118.782860,37.411165,0 -118.782930,37.411016,0 -118.782947,37.410296,0 -118.782860,37.410000,0 -118.782600,37.409644,0 -118.782253,37.408837,0 -118.782409,37.408376,0 -118.782738,37.407866,0 -118.782877,37.407562,0 -118.783086,37.406833,0 -118.783103,37.406625,0 -118.783225,37.406363,0 -118.783659,37.405886,0 -118.783797,37.405643,0 -118.784110,37.404861,0 -118.784509,37.404540,0 -118.785030,37.404203,0 -118.785273,37.404133,0 -118.785377,37.404046,0 -118.785481,37.403769,0 -118.785412,37.403498,0 -118.785482,37.403343,0 -118.785673,37.403100,0 -118.785828,37.402961,0 -118.786020,37.402700,0 -118.786280,37.402041,0 -118.786402,37.401381,0 -118.786662,37.400931,0 -118.786957,37.400061,0 -118.786939,37.399445,0 -118.787026,37.398942,0 -118.787200,37.398570,0 -118.787356,37.398057,0 -118.787460,37.397831,0 -118.787738,37.397605,0 -118.787773,37.397476,0 -118.787738,37.396911,0 -118.787842,37.396685,0 -118.787981,37.396555,0 -118.788450,37.396277,0 -118.788624,37.396112,0 -118.788693,37.395921,0 -118.788710,37.395748,0 -118.788693,37.395419,0 -118.789023,37.395061,0 -118.789214,37.394766,0 -118.789405,37.394620,0 -118.789543,37.394454,0 -118.789769,37.394333,0 -118.789990,37.394130,0 -118.790064,37.393959,0 -118.790029,37.393674,0 -118.789578,37.392953,0 -118.789300,37.392666,0 -118.788884,37.392379,0 -118.788554,37.391633,0 -118.788380,37.391408,0 -118.787946,37.391050,0 -118.787599,37.390419,0 -118.787460,37.390011,0 -118.787009,37.390035,0 -118.786644,37.389975,0 -118.786453,37.390017,0 -118.786158,37.390000,0 -118.785915,37.389818,0 -118.785793,37.389584,0 -118.785655,37.389462,0 -118.785620,37.389350,0 -118.785689,37.389098,0 -118.785672,37.388967,0 -118.785533,37.388769,0 -118.785377,37.388655,0 -118.785168,37.388386,0 -118.785064,37.388013,0 -118.785134,37.387561,0 -118.785376,37.386964,0 -118.785359,37.386893,0 -118.785086,37.386524,0 -118.784682,37.386112,0 -118.784213,37.385747,0 -118.783085,37.384515,0 -118.782390,37.382970,0 -118.782269,37.382858,0 -118.782026,37.382761,0 -118.781852,37.382726,0 -118.781296,37.382483,0 -118.781106,37.382483,0 -118.780915,37.382406,0 -118.780689,37.382268,0 -118.780273,37.382275,0 -118.779908,37.382111,0 -118.779439,37.381998,0 -118.779421,37.381815,0 -118.779856,37.381251,0 -118.779890,37.381068,0 -118.779838,37.380929,0 -118.779699,37.380861,0 -118.779578,37.380642,0 -118.779595,37.380479,0 -118.779699,37.380401,0 -118.779699,37.380280,0 -118.779647,37.380132,0 -118.779699,37.379915,0 -118.779803,37.379775,0 -118.779768,37.379679,0 -118.779560,37.379577,0 -118.779369,37.379437,0 -118.779282,37.379342,0 -118.779195,37.379116,0 -118.779283,37.378351,0 -118.779230,37.377606,0 -118.779074,37.377179,0 -118.778814,37.376807,0 -118.778501,37.376537,0 -118.777529,37.375973,0 -118.777130,37.375677,0 -118.776922,37.375566,0 -118.776279,37.375347,0 -118.775932,37.375252,0 -118.775237,37.375193,0 -118.774855,37.375209,0 -118.774074,37.375322,0 -118.773796,37.375270,0 -118.773570,37.375286,0 -118.773154,37.374940,0 -118.773206,37.374940,0 -118.772876,37.374246,0 -118.772546,37.373941,0 -118.772424,37.373786,0 -118.772268,37.373429,0 -118.772199,37.373021,0 -118.772077,37.372684,0 -118.771348,37.371928,0 -118.770793,37.371442,0 -118.770654,37.371250,0 -118.770549,37.370956,0 -118.770150,37.370331,0 -118.769855,37.370035,0 -118.769265,37.369750,0 -118.768744,37.369290,0 -118.768640,37.369133,0 -118.768553,37.368880,0 -118.768483,37.368472,0 -118.768414,37.368353,0 -118.767980,37.368177,0 -118.767771,37.368127,0 -118.767684,37.368061,0 -118.767668,37.367986,0 -118.767997,37.367856,0 -118.768571,37.367734,0 -118.768918,37.367736,0 -118.769073,37.367649,0 -118.769421,37.367362,0 -118.769681,37.367274,0 -118.770080,37.366962,0 -118.770150,37.366868,0 -118.770133,37.366746,0 -118.769855,37.366434,0 -118.769629,37.366016,0 -118.769577,37.365834,0 -118.769838,37.365409,0 -118.769889,37.365278,0 -118.769889,37.365140,0 -118.769664,37.365044,0 -118.769542,37.364853,0 -118.769352,37.364418,0 -118.769282,37.364168,0 -118.768969,37.364002,0 -118.768518,37.363533,0 -118.768379,37.363273,0 -118.768188,37.362726,0 -118.768119,37.362422,0 -118.768101,37.361894,0 -118.768136,37.361580,0 -118.768379,37.361087,0 -118.768431,37.360843,0 -118.768518,37.359896,0 -118.768604,37.359706,0 -118.769108,37.359368,0 -118.769577,37.359315,0 -118.770445,37.358986,0 -118.770723,37.358942,0 -118.771330,37.358785,0 -118.771625,37.358751,0 -118.772824,37.358794,0 -118.773153,37.358743,0 -118.773344,37.358777,0 -118.773570,37.358863,0 -118.774073,37.358967,0 -118.774768,37.359046,0 -118.775080,37.359012,0 -118.775445,37.358863,0 -118.775740,37.358880,0 -118.776052,37.358968,0 -118.776764,37.358960,0 -118.777250,37.358786,0 -118.777702,37.358804,0 -118.778518,37.358750,0 -118.779299,37.358499,0 -118.780393,37.357831,0 -118.781018,37.357362,0 -118.781260,37.357119,0 -118.781608,37.356841,0 -118.781712,37.356590,0 -118.781695,37.356382,0 -118.781590,37.356138,0 -118.781278,37.355730,0 -118.781208,37.355358,0 -118.781573,37.354784,0 -118.781851,37.354454,0 -118.782129,37.354187,0 -118.782684,37.353821,0 -118.782996,37.353499,0 -118.783135,37.353308,0 -118.784091,37.352484,0 -118.784247,37.352240,0 -118.784316,37.351884,0 -118.784368,37.351269,0 -118.784229,37.350870,0 -118.784316,37.350479,0 -118.784524,37.349888,0 -118.785184,37.348761,0 -118.785270,37.348439,0 -118.785288,37.348075,0 -118.785357,37.347702,0 -118.785531,37.347136,0 -118.785409,37.346537,0 -118.785531,37.345819,0 -118.785913,37.345287,0 -118.786069,37.344750,0 -118.786416,37.343814,0 -118.786416,37.343673,0 -118.785809,37.343153,0 -118.785496,37.342840,0 -118.785045,37.342302,0 -118.784750,37.341764,0 -118.784350,37.341243,0 -118.783985,37.340532,0 -118.783881,37.340400,0 -118.783274,37.340097,0 -118.783100,37.339967,0 -118.782874,37.339673,0 -118.782562,37.339446,0 -118.782302,37.339324,0 -118.781972,37.339280,0 -118.781659,37.339152,0 -118.781156,37.338821,0 -118.780791,37.338490,0 -118.780739,37.338378,0 -118.780756,37.338266,0 -118.780965,37.337553,0 -118.781017,37.337024,0 -118.780947,37.336841,0 -118.780548,37.336669,0 -118.780149,37.336434,0 -118.779992,37.336296,0 -118.779888,37.335956,0 -118.779940,37.335731,0 -118.780171,37.335143,0 -118.780183,37.335037,0 -118.780131,37.334967,0 -118.780027,37.334914,0 -118.779454,37.334837,0 -118.779193,37.334862,0 -118.778777,37.334993,0 -118.778655,37.334993,0 -118.778222,37.334775,0 -118.777978,37.334742,0 -118.777509,37.334871,0 -118.777145,37.334881,0 -118.776676,37.334941,0 -118.776173,37.335044,0 -118.775218,37.335019,0 -118.774246,37.335124,0 -118.773742,37.335227,0 -118.773499,37.335237,0 -118.773378,37.335210,0 -118.773118,37.334723,0 -118.772874,37.334516,0 -118.772562,37.334410,0 -118.772006,37.334082,0 -118.771537,37.333865,0 -118.771329,37.333794,0 -118.770861,37.333699,0 -118.770565,37.333690,0 -118.770322,37.333612,0 -118.769836,37.333317,0 -118.769315,37.333074,0 -118.768030,37.332561,0 -118.767701,37.332396,0 -118.767457,37.332232,0 -118.766937,37.331702,0 -118.766572,37.331511,0 -118.766295,37.331459,0 -118.766016,37.331494,0 -118.765461,37.331676,0 -118.765287,37.331781,0 -118.764732,37.331997,0 -118.764211,37.332093,0 -118.763933,37.331867,0 -118.763603,37.331477,0 -118.763395,37.331373,0 -118.762406,37.331042,0 -118.762145,37.330999,0 -118.761694,37.330712,0 -118.761468,37.330531,0 -118.761329,37.330339,0 -118.761103,37.330140,0 -118.760322,37.329132,0 -118.760096,37.328899,0 -118.759749,37.328656,0 -118.759593,37.328613,0 -118.759402,37.328612,0 -118.758985,37.328742,0 -118.758812,37.328864,0 -118.758256,37.329098,0 -118.757995,37.329098,0 -118.757648,37.329142,0 -118.757475,37.329194,0 -118.757232,37.329012,0 -118.757076,37.328743,0 -118.756902,37.328577,0 -118.756537,37.328309,0 -118.755686,37.327787,0 -118.755079,37.327250,0 -118.754454,37.326451,0 -118.754194,37.326243,0 -118.753464,37.325931,0 -118.753117,37.325851,0 -118.752735,37.325634,0 -118.752214,37.325235,0 -118.751693,37.324583,0 -118.750964,37.324019,0 -118.750964,37.324159,0 -118.750721,37.323751,0 -118.750582,37.323429,0 -118.750443,37.323255,0 -118.750200,37.322814,0 -118.750096,37.322718,0 -118.749766,37.322519,0 -118.749505,37.322476,0 -118.748864,37.322457,0 -118.748238,37.322396,0 -118.747978,37.322265,0 -118.747596,37.321763,0 -118.747423,37.321624,0 -118.746363,37.321034,0 -118.745894,37.320738,0 -118.744367,37.319906,0 -118.743742,37.319498,0 -118.743586,37.319358,0 -118.743273,37.318795,0 -118.743151,37.318646,0 -118.742648,37.318265,0 -118.742005,37.317882,0 -118.740460,37.316581,0 -118.740165,37.316372,0 -118.739748,37.316148,0 -118.739262,37.315981,0 -118.738932,37.316060,0 -118.738585,37.316310,0 -118.738168,37.316867,0 -118.738064,37.316981,0 -118.737943,37.317048,0 -118.737769,37.317085,0 -118.736780,37.317015,0 -118.736536,37.317031,0 -118.736207,37.317170,0 -118.736103,37.317311,0 -118.735790,37.317952,0 -118.735581,37.318265,0 -118.734974,37.318968,0 -118.734245,37.319437,0 -118.733516,37.319852,0 -118.733325,37.320061,0 -118.733030,37.320521,0 -118.732752,37.320817,0 -118.732561,37.320964,0 -118.732353,37.321033,0 -118.731658,37.321077,0 -118.731207,37.321156,0 -118.730825,37.321250,0 -118.730252,37.321529,0 -118.730044,37.321746,0 -118.729696,37.322204,0 -118.729418,37.322777,0 -118.729193,37.323055,0 -118.728846,37.323378,0 -118.728533,37.323594,0 -118.728377,37.323663,0 -118.727822,37.323812,0 -118.727544,37.323941,0 -118.727335,37.324080,0 -118.727144,37.324150,0 -118.726363,37.324081,0 -118.726050,37.324106,0 -118.725807,37.324237,0 -118.725530,37.324609,0 -118.725391,37.324688,0 -118.724818,37.324748,0 -118.724558,37.324844,0 -118.723811,37.325313,0 -118.723429,37.325434,0 -118.722005,37.325990,0 -118.721693,37.326164,0 -118.721120,37.326580,0 -118.720790,37.326746,0 -118.720183,37.326910,0 -118.719523,37.327031,0 -118.719141,37.327197,0 -118.718551,37.327657,0 -118.718116,37.327934,0 -118.717527,37.328213,0 -118.716778,37.328509,0 -118.716363,37.328630,0 -118.716155,37.328647,0 -118.715946,37.328619,0 -118.715808,37.328499,0 -118.715704,37.328299,0 -118.715599,37.327969,0 -118.715425,37.327675,0 -118.715078,37.327345,0 -118.714887,37.327083,0 -118.714696,37.326901,0 -118.714054,37.326398,0 -118.713759,37.326112,0 -118.713550,37.325841,0 -118.713272,37.325173,0 -118.713151,37.324982,0 -118.712213,37.324115,0 -118.711449,37.323141,0 -118.711172,37.322908,0 -118.710686,37.322648,0 -118.710061,37.322508,0 -118.709835,37.322430,0 -118.709661,37.322327,0 -118.709470,37.322135,0 -118.709453,37.322006,0 -118.709523,37.321450,0 -118.709088,37.319853,0 -118.709054,37.319523,0 -118.708949,37.319132,0 -118.708845,37.318897,0 -118.708498,37.318359,0 -118.708134,37.317916,0 -118.708029,37.317725,0 -118.707925,37.317179,0 -118.707820,37.316918,0 -118.707665,37.316780,0 -118.707508,37.316711,0 -118.707335,37.316588,0 -118.706935,37.315780,0 -118.706727,37.314982,0 -118.706276,37.314115,0 -118.706137,37.313993,0 -118.705650,37.313759,0 -118.705442,37.313627,0 -118.705251,37.313447,0 -118.704800,37.313124,0 -118.704522,37.312491,0 -118.704157,37.311980,0 -118.703827,37.311267,0 -118.703723,37.311146,0 -118.703359,37.310998,0 -118.703220,37.310876,0 -118.703116,37.310433,0 -118.703046,37.310329,0 -118.702716,37.310182,0 -118.702317,37.310174,0 -118.702195,37.310129,0 -118.702022,37.309947,0 -118.701709,37.309281,0 -118.701414,37.308950,0 -118.700823,37.308489,0 -118.700581,37.308195,0 -118.700511,37.308055,0 -118.700286,37.307873,0 -118.700008,37.307759,0 -118.699730,37.307709,0 -118.699470,37.307587,0 -118.698966,37.307084,0 -118.698845,37.306832,0 -118.698515,37.306397,0 -118.698376,37.306171,0 -118.698358,37.305756,0 -118.698323,37.305651,0 -118.698271,37.305548,0 -118.698132,37.305442,0 -118.697716,37.305426,0 -118.697299,37.305470,0 -118.696582,37.305664,0 -118.695911,37.305946,0 -118.695615,37.306032,0 -118.695372,37.306059,0 -118.694956,37.305920,0 -118.694730,37.305739,0 -118.694539,37.305331,0 -118.694521,37.305112,0 -118.694539,37.304835,0 -118.694730,37.303984,0 -118.694816,37.303299,0 -118.694764,37.302596,0 -118.694695,37.302231,0 -118.694452,37.301563,0 -118.694330,37.301337,0 -118.694226,37.301241,0 -118.693948,37.301197,0 -118.693775,37.301128,0 -118.693584,37.300990,0 -118.693010,37.300269,0 -118.692507,37.299704,0 -118.692334,37.299470,0 -118.691882,37.298273,0 -118.691570,37.297796,0 -118.691049,37.297369,0 -118.690389,37.296944,0 -118.690163,37.296736,0 -118.690042,37.296529,0 -118.689955,37.296276,0 -118.689903,37.295868,0 -118.689868,37.294879,0 -118.689747,37.294124,0 -118.689607,37.293932,0 -118.689417,37.293533,0 -118.689122,37.293151,0 -118.688410,37.292353,0 -118.687975,37.292109,0 -118.687455,37.291944,0 -118.687212,37.291780,0 -118.686587,37.291250,0 -118.686083,37.290998,0 -118.685666,37.290624,0 -118.685527,37.290563,0 -118.685354,37.290548,0 -118.685163,37.290426,0 -118.684868,37.288767,0 -118.684851,37.288437,0 -118.684937,37.287752,0 -118.684954,37.286996,0 -118.684937,37.286815,0 -118.684798,37.286416,0 -118.684538,37.286023,0 -118.684156,37.285867,0 -118.683930,37.285825,0 -118.683704,37.285729,0 -118.683010,37.285294,0 -118.682732,37.285207,0 -118.682350,37.285209,0 -118.682298,37.284358,0 -118.682229,37.283993,0 -118.682038,37.283446,0 -118.681985,37.282890,0 -118.681986,37.282665,0 -118.682072,37.282152,0 -118.681708,37.280937,0 -118.681273,37.280103,0 -118.681065,37.279922,0 -118.680423,37.279541,0 -118.679850,37.279132,0 -118.679641,37.279028,0 -118.679138,37.278888,0 -118.678877,37.278923,0 -118.678530,37.278924,0 -118.678287,37.278836,0 -118.678131,37.278723,0 -118.677893,37.278376,0 -118.677627,37.277734,0 -118.677211,37.277239,0 -118.677159,37.277118,0 -118.677489,37.276650,0 -118.677454,37.276442,0 -118.677263,37.276077,0 -118.677141,37.275937,0 -118.677003,37.275860,0 -118.676534,37.275773,0 -118.676395,37.275608,0 -118.676326,37.275382,0 -118.676343,37.275192,0 -118.676152,37.274383,0 -118.676256,37.273862,0 -118.676239,37.273681,0 -118.676134,37.273497,0 -118.675874,37.273351,0 -118.675700,37.273169,0 -118.675561,37.272986,0 -118.675509,37.272803,0 -118.675526,37.272613,0 -118.675683,37.272292,0 -118.675701,37.272092,0 -118.675648,37.271770,0 -118.675336,37.271509,0 -118.675145,37.271405,0 -118.674763,37.271285,0 -118.674658,37.271101,0 -118.674415,37.270858,0 -118.673981,37.270782,0 -118.673721,37.270824,0 -118.673582,37.270808,0 -118.673357,37.270745,0 -118.673009,37.270582,0 -118.672037,37.270364,0 -118.671933,37.270313,0 -118.671776,37.270147,0 -118.671655,37.269706,0 -118.671464,37.269453,0 -118.671290,37.269454,0 -118.671134,37.269401,0 -118.671047,37.269341,0 -118.670960,37.269176,0 -118.670891,37.268714,0 -118.671047,37.268089,0 -118.671064,37.267786,0 -118.670891,37.267318,0 -118.670891,37.266692,0 -118.670839,37.266606,0 -118.670613,37.266562,0 -118.670387,37.266563,0 -118.670092,37.266458,0 -118.669971,37.266345,0 -118.669797,37.265798,0 -118.669450,37.265295,0 -118.669138,37.265164,0 -118.668877,37.265120,0 -118.668651,37.265027,0 -118.668374,37.264879,0 -118.668165,37.264714,0 -118.667905,37.264601,0 -118.667054,37.264488,0 -118.666690,37.264322,0 -118.666603,37.264211,0 -118.666481,37.263855,0 -118.666099,37.263480,0 -118.665647,37.262813,0 -118.665387,37.262594,0 -118.664866,37.262300,0 -118.664745,37.262188,0 -118.664537,37.261770,0 -118.664384,37.261576,0 -118.664085,37.261319,0 -118.664050,37.261189,0 -118.664953,37.260824,0 -118.665283,37.260658,0 -118.666567,37.259861,0 -118.667210,37.259653,0 -118.667557,37.259627,0 -118.667748,37.259558,0 -118.668095,37.259183,0 -118.668251,37.258941,0 -118.668217,37.258802,0 -118.668043,37.258454,0 -118.668026,37.258194,0 -118.668165,37.257952,0 -118.668304,37.257803,0 -118.668339,37.257690,0 -118.668165,37.256970,0 -118.668304,37.256770,0 -118.668634,37.256606,0 -118.668998,37.256485,0 -118.669623,37.256388,0 -118.669919,37.256284,0 -118.670161,37.256041,0 -118.670335,37.255797,0 -118.670734,37.255008,0 -118.670986,37.254655,0 -118.671047,37.254549,0 -118.671567,37.254131,0 -118.671724,37.253966,0 -118.671862,37.253714,0 -118.671967,37.253168,0 -118.672140,37.252891,0 -118.672331,37.252743,0 -118.672609,37.252665,0 -118.672939,37.252657,0 -118.673269,37.252525,0 -118.673425,37.252335,0 -118.673841,37.251659,0 -118.673963,37.251510,0 -118.674137,37.251372,0 -118.674328,37.251008,0 -118.674293,37.250790,0 -118.674067,37.250582,0 -118.673772,37.250418,0 -118.673546,37.250096,0 -118.673512,37.249940,0 -118.673477,37.249938,0 -118.673512,37.249739,0 -118.674536,37.248707,0 -118.675300,37.247742,0 -118.675543,37.247605,0 -118.676237,37.247457,0 -118.676550,37.247293,0 -118.676741,37.247248,0 -118.677314,37.246917,0 -118.677800,37.246832,0 -118.678217,37.246719,0 -118.679033,37.246875,0 -118.679450,37.246797,0 -118.679588,37.246737,0 -118.679779,37.246589,0 -118.680230,37.246146,0 -118.680560,37.245886,0 -118.680821,37.245573,0 -118.681012,37.245434,0 -118.681445,37.245339,0 -118.681654,37.245252,0 -118.682296,37.244783,0 -118.682522,37.244723,0 -118.682783,37.244609,0 -118.682921,37.244454,0 -118.683008,37.244237,0 -118.683095,37.243395,0 -118.683147,37.243255,0 -118.683581,37.242735,0 -118.683824,37.242222,0 -118.684206,37.241693,0 -118.684328,37.241389,0 -118.684345,37.241043,0 -118.684189,37.239114,0 -118.684171,37.238307,0 -118.684102,37.237951,0 -118.683772,37.237595,0 -118.683268,37.237144,0 -118.683043,37.236832,0 -118.682678,37.236172,0 -118.682469,37.235982,0 -118.682331,37.235790,0 -118.682244,37.235564,0 -118.682209,37.235313,0 -118.682244,37.235123,0 -118.682157,37.234793,0 -118.681706,37.234090,0 -118.681619,37.233812,0 -118.681618,37.233620,0 -118.681741,37.233307,0 -118.681948,37.232995,0 -118.682157,37.232701,0 -118.682435,37.232405,0 -118.682695,37.232180,0 -118.683025,37.232006,0 -118.683303,37.231989,0 -118.683564,37.231850,0 -118.683789,37.231581,0 -118.684084,37.230990,0 -118.684154,37.230599,0 -118.684361,37.229958,0 -118.684605,37.229557,0 -118.684779,37.229331,0 -118.685056,37.229089,0 -118.685230,37.228985,0 -118.685490,37.228752,0 -118.685629,37.228559,0 -118.685924,37.228317,0 -118.686011,37.228133,0 -118.685924,37.227995,0 -118.685559,37.227631,0 -118.685507,37.227136,0 -118.685143,37.226519,0 -118.684379,37.225903,0 -118.684118,37.225756,0 -118.684014,37.225581,0 -118.683997,37.225382,0 -118.684032,37.225156,0 -118.683997,37.224923,0 -118.683442,37.224340,0 -118.683250,37.223880,0 -118.683250,37.223673,0 -118.683163,37.223481,0 -118.682955,37.223309,0 -118.682608,37.223247,0 -118.682313,37.223317,0 -118.681636,37.223402,0 -118.681428,37.223404,0 -118.681219,37.223272,0 -118.680976,37.223074,0 -118.680403,37.222396,0 -118.680177,37.222023,0 -118.680056,37.221928,0 -118.679726,37.221112,0 -118.679535,37.220894,0 -118.679118,37.220520,0 -118.678406,37.220087,0 -118.678389,37.219913,0 -118.678546,37.219090,0 -118.678580,37.218377,0 -118.678528,37.217743,0 -118.678649,37.217326,0 -118.678650,37.216641,0 -118.678857,37.216293,0 -118.678875,37.215756,0 -118.679257,37.215027,0 -118.679309,37.214758,0 -118.679292,37.214496,0 -118.679170,37.214186,0 -118.678997,37.213950,0 -118.678858,37.213663,0 -118.678719,37.213507,0 -118.678545,37.213222,0 -118.678458,37.212944,0 -118.678319,37.212700,0 -118.677868,37.212197,0 -118.677694,37.211668,0 -118.677711,37.211356,0 -118.677947,37.210675,0 -118.678024,37.210453,0 -118.678580,37.209827,0 -118.678805,37.209462,0 -118.679031,37.209229,0 -118.679152,37.208995,0 -118.679135,37.208568,0 -118.679708,37.207545,0 -118.679968,37.207318,0 -118.680073,37.207153,0 -118.680090,37.207023,0 -118.679985,37.206929,0 -118.679951,37.206797,0 -118.680038,37.206451,0 -118.680003,37.205990,0 -118.680072,37.205774,0 -118.680524,37.204870,0 -118.680610,37.204646,0 -118.680646,37.204411,0 -118.680472,37.203830,0 -118.680385,37.203698,0 -118.679829,37.203126,0 -118.679760,37.202856,0 -118.679257,37.202423,0 -118.679100,37.202179,0 -118.678875,37.202076,0 -118.678649,37.201928,0 -118.678406,37.201694,0 -118.678232,37.201399,0 -118.678058,37.201199,0 -118.677347,37.200842,0 -118.677173,37.200627,0 -118.676947,37.200521,0 -118.676687,37.200332,0 -118.676253,37.199818,0 -118.676096,37.199680,0 -118.676010,37.199411,0 -118.676045,37.198838,0 -118.675992,37.198681,0 -118.675853,37.198552,0 -118.674985,37.198099,0 -118.674864,37.197916,0 -118.674846,37.197605,0 -118.674742,37.197372,0 -118.674604,37.197171,0 -118.673874,37.196824,0 -118.673631,37.196660,0 -118.673527,37.196287,0 -118.673457,37.195374,0 -118.673388,37.195052,0 -118.673319,37.194854,0 -118.673058,37.194531,0 -118.672919,37.194420,0 -118.672451,37.194297,0 -118.672207,37.194367,0 -118.671982,37.194505,0 -118.671843,37.194635,0 -118.671652,37.194689,0 -118.671461,37.194680,0 -118.671183,37.194739,0 -118.670766,37.194880,0 -118.670662,37.194880,0 -118.670575,37.194837,0 -118.670523,37.194706,0 -118.670871,37.193872,0 -118.670888,37.193587,0 -118.670853,37.193291,0 -118.670749,37.192692,0 -118.670610,37.192449,0 -118.670437,37.192267,0 -118.670054,37.191573,0 -118.669829,37.191504,0 -118.669360,37.191426,0 -118.669082,37.191303,0 -118.668249,37.190766,0 -118.667797,37.190591,0 -118.667624,37.190452,0 -118.667173,37.190235,0 -118.666634,37.190105,0 -118.666547,37.190010,0 -118.666211,37.189839,0 -118.666061,37.189749,0 -118.666044,37.189611,0 -118.666200,37.188646,0 -118.666183,37.188334,0 -118.666131,37.188065,0 -118.665974,37.187604,0 -118.665974,37.187275,0 -118.665627,37.186641,0 -118.665645,37.186441,0 -118.665766,37.186268,0 -118.665783,37.186138,0 -118.665679,37.186051,0 -118.665644,37.185878,0 -118.665992,37.185391,0 -118.666287,37.184810,0 -118.666426,37.184436,0 -118.666548,37.184324,0 -118.666772,37.183994,0 -118.666912,37.183308,0 -118.666929,37.183023,0 -118.666704,37.182641,0 -118.666339,37.181677,0 -118.665956,37.181163,0 -118.665852,37.180747,0 -118.665748,37.180514,0 -118.665748,37.180280,0 -118.665696,37.180043,0 -118.665505,37.179915,0 -118.664863,37.179774,0 -118.664759,37.179635,0 -118.664707,37.179350,0 -118.664759,37.179115,0 -118.664759,37.178856,0 -118.664689,37.178734,0 -118.664169,37.178474,0 -118.664151,37.178361,0 -118.664342,37.178188,0 -118.664446,37.177996,0 -118.664637,37.177762,0 -118.665088,37.177389,0 -118.665887,37.176571,0 -118.666043,37.176287,0 -118.666668,37.175497,0 -118.666894,37.175088,0 -118.667050,37.174662,0 -118.667067,37.174176,0 -118.667016,37.173334,0 -118.666929,37.172883,0 -118.666946,37.172683,0 -118.667015,37.172553,0 -118.667172,37.172441,0 -118.667310,37.172415,0 -118.667710,37.172441,0 -118.667849,37.172311,0 -118.667953,37.171693,0 -118.668144,37.171502,0 -118.668769,37.171052,0 -118.669411,37.170740,0 -118.669741,37.170444,0 -118.670001,37.170305,0 -118.670730,37.169559,0 -118.671008,37.169472,0 -118.671738,37.169107,0 -118.671859,37.168952,0 -118.671824,37.168752,0 -118.671911,37.168499,0 -118.672050,37.168326,0 -118.672536,37.168170,0 -118.672727,37.168074,0 -118.672901,37.167927,0 -118.673074,37.167544,0 -118.673005,37.167370,0 -118.672345,37.166929,0 -118.671720,37.166598,0 -118.671338,37.166296,0 -118.671095,37.166208,0 -118.670886,37.166052,0 -118.670678,37.165765,0 -118.670644,37.165557,0 -118.670505,37.165392,0 -118.670435,37.165166,0 -118.670453,37.165002,0 -118.670314,37.164671,0 -118.669376,37.163812,0 -118.669012,37.163578,0 -118.668629,37.163240,0 -118.668247,37.162787,0 -118.668039,37.162311,0 -118.667449,37.161911,0 -118.666998,37.161676,0 -118.666842,37.161477,0 -118.666668,37.161164,0 -118.666668,37.160790,0 -118.666737,37.160583,0 -118.666841,37.160418,0 -118.666876,37.160210,0 -118.666963,37.160020,0 -118.667137,37.159898,0 -118.667206,37.159716,0 -118.667258,37.159159,0 -118.667136,37.158760,0 -118.667136,37.158429,0 -118.667275,37.158092,0 -118.667102,37.157762,0 -118.667136,37.157526,0 -118.667119,37.157379,0 -118.666980,37.157284,0 -118.666894,37.157162,0 -118.666754,37.156677,0 -118.666720,37.156493,0 -118.666772,37.156313,0 -118.666772,37.155905,0 -118.666893,37.155844,0 -118.667171,37.155801,0 -118.667293,37.155713,0 -118.667327,37.155444,0 -118.667257,37.155027,0 -118.667102,37.154627,0 -118.666858,37.154368,0 -118.666598,37.153890,0 -118.666216,37.153343,0 -118.665921,37.153136,0 -118.665574,37.152997,0 -118.664758,37.152510,0 -118.664393,37.152179,0 -118.664185,37.152041,0 -118.664063,37.151868,0 -118.663855,37.151720,0 -118.663629,37.151685,0 -118.663438,37.151581,0 -118.662970,37.151530,0 -118.662657,37.151424,0 -118.662570,37.151322,0 -118.661962,37.150888,0 -118.661771,37.150836,0 -118.661563,37.150817,0 -118.661355,37.150879,0 -118.661233,37.150949,0 -118.660990,37.151000,0 -118.660973,37.150905,0 -118.661216,37.150522,0 -118.661303,37.150262,0 -118.661303,37.149864,0 -118.661233,37.149611,0 -118.661250,37.149420,0 -118.661355,37.149167,0 -118.661337,37.149020,0 -118.661251,37.148855,0 -118.660886,37.148596,0 -118.660608,37.148482,0 -118.660035,37.148049,0 -118.659549,37.147806,0 -118.659063,37.147624,0 -118.658490,37.147581,0 -118.657935,37.147432,0 -118.657240,37.147129,0 -118.656997,37.147060,0 -118.656840,37.146928,0 -118.656771,37.146842,0 -118.656702,37.146364,0 -118.656598,37.145973,0 -118.656476,37.145739,0 -118.656060,37.145618,0 -118.655868,37.145462,0 -118.655782,37.145322,0 -118.655521,37.145044,0 -118.655347,37.144792,0 -118.655261,37.144584,0 -118.655087,37.144384,0 -118.654827,37.143604,0 -118.654670,37.142788,0 -118.654497,37.142102,0 -118.654377,37.141355,0 -118.654323,37.141181,0 -118.654219,37.141060,0 -118.653768,37.140992,0 -118.653611,37.141017,0 -118.653194,37.140790,0 -118.653021,37.140757,0 -118.652778,37.140818,0 -118.652326,37.140844,0 -118.652083,37.140756,0 -118.651823,37.140573,0 -118.651146,37.139958,0 -118.650694,37.139924,0 -118.650555,37.140002,0 -118.650295,37.140010,0 -118.649896,37.139906,0 -118.649792,37.139828,0 -118.649600,37.139784,0 -118.649254,37.139785,0 -118.648785,37.139854,0 -118.648663,37.139905,0 -118.648490,37.140070,0 -118.648316,37.140158,0 -118.648055,37.140191,0 -118.647760,37.140210,0 -118.646823,37.140036,0 -118.646545,37.139915,0 -118.645798,37.139100,0 -118.645729,37.138872,0 -118.645503,37.138596,0 -118.644809,37.138108,0 -118.644549,37.137961,0 -118.644288,37.137884,0 -118.644097,37.137735,0 -118.643958,37.137674,0 -118.643368,37.137562,0 -118.643159,37.137494,0 -118.642951,37.137502,0 -118.642604,37.137415,0 -118.642378,37.137303,0 -118.641944,37.137293,0 -118.641614,37.137241,0 -118.641267,37.137084,0 -118.641076,37.137093,0 -118.640799,37.137033,0 -118.640225,37.137077,0 -118.640052,37.137059,0 -118.639844,37.137119,0 -118.639583,37.137240,0 -118.639357,37.137432,0 -118.639010,37.137537,0 -118.638819,37.137561,0 -118.638385,37.137718,0 -118.638212,37.137892,0 -118.638038,37.137996,0 -118.637725,37.138160,0 -118.637430,37.138273,0 -118.636788,37.138864,0 -118.636649,37.138864,0 -118.636198,37.138811,0 -118.635955,37.138707,0 -118.635347,37.138586,0 -118.634739,37.138543,0 -118.634149,37.138656,0 -118.633941,37.138646,0 -118.633385,37.138326,0 -118.633159,37.138057,0 -118.633020,37.137977,0 -118.632621,37.137978,0 -118.632396,37.137873,0 -118.632204,37.137839,0 -118.631770,37.137458,0 -118.631371,37.137259,0 -118.630798,37.137197,0 -118.630590,37.137093,0 -118.630468,37.136980,0 -118.630121,37.136771,0 -118.629896,37.136754,0 -118.629392,37.136823,0 -118.629166,37.136912,0 -118.629010,37.137041,0 -118.628784,37.137458,0 -118.628558,37.137779,0 -118.628367,37.137882,0 -118.628211,37.138029,0 -118.628072,37.138378,0 -118.627830,37.138639,0 -118.627274,37.138943,0 -118.626961,37.139012,0 -118.626666,37.139132,0 -118.626371,37.139281,0 -118.626111,37.139463,0 -118.625955,37.139497,0 -118.625954,37.139601,0 -118.625590,37.139862,0 -118.625434,37.139870,0 -118.624982,37.139765,0 -118.624843,37.139776,0 -118.624462,37.139915,0 -118.623767,37.140373,0 -118.623385,37.140521,0 -118.622292,37.140539,0 -118.621562,37.140600,0 -118.620416,37.141017,0 -118.619947,37.141146,0 -118.618958,37.141303,0 -118.618298,37.141477,0 -118.618038,37.141632,0 -118.617864,37.141677,0 -118.617448,37.141641,0 -118.617204,37.141659,0 -118.615625,37.142222,0 -118.614808,37.142692,0 -118.614513,37.142787,0 -118.613957,37.142903,0 -118.613524,37.142944,0 -118.613402,37.142831,0 -118.613298,37.142474,0 -118.613159,37.142162,0 -118.612916,37.141797,0 -118.612656,37.141529,0 -118.612344,37.141312,0 -118.612118,37.141216,0 -118.611631,37.141128,0 -118.611405,37.141068,0 -118.611232,37.140981,0 -118.610816,37.140616,0 -118.610624,37.140487,0 -118.610347,37.140373,0 -118.610069,37.140347,0 -118.609566,37.140477,0 -118.609357,37.140573,0 -118.609183,37.140600,0 -118.608576,37.140330,0 -118.608298,37.140243,0 -118.607725,37.140269,0 -118.607378,37.140252,0 -118.607222,37.140131,0 -118.606874,37.139418,0 -118.606683,37.139107,0 -118.606336,37.138786,0 -118.606058,37.138672,0 -118.605711,37.138611,0 -118.604739,37.138638,0 -118.604565,37.138681,0 -118.604114,37.138707,0 -118.603906,37.138637,0 -118.603159,37.138091,0 -118.602759,37.137900,0 -118.602238,37.137717,0 -118.601405,37.137258,0 -118.599843,37.136544,0 -118.599531,37.136492,0 -118.599322,37.136512,0 -118.599148,37.136615,0 -118.598905,37.136658,0 -118.597517,37.136546,0 -118.596805,37.136623,0 -118.596197,37.136972,0 -118.595919,37.137031,0 -118.595606,37.137161,0 -118.594686,37.137665,0 -118.593784,37.138055,0 -118.593263,37.138195,0 -118.593072,37.138220,0 -118.592881,37.138204,0 -118.592690,37.138055,0 -118.592517,37.137830,0 -118.591770,37.137084,0 -118.590850,37.136423,0 -118.590520,37.136060,0 -118.590364,37.135808,0 -118.590346,37.135486,0 -118.590207,37.135366,0 -118.589669,37.135242,0 -118.589339,37.135225,0 -118.589218,37.135192,0 -118.589252,37.135035,0 -118.589635,37.134939,0 -118.589808,37.134844,0 -118.589843,37.134706,0 -118.589825,37.133897,0 -118.589929,37.133473,0 -118.589929,37.133282,0 -118.589843,37.133064,0 -118.589356,37.132483,0 -118.589009,37.131971,0 -118.588627,37.130938,0 -118.588314,37.129628,0 -118.588176,37.129314,0 -118.588020,37.129072,0 -118.587585,37.128691,0 -118.587255,37.128577,0 -118.586978,37.128533,0 -118.586579,37.128534,0 -118.586457,37.128491,0 -118.586353,37.128343,0 -118.586457,37.127996,0 -118.586578,37.126876,0 -118.586561,37.126572,0 -118.586509,37.126320,0 -118.586023,37.124939,0 -118.586057,37.124939,0 -118.585988,37.124706,0 -118.585763,37.124315,0 -118.585467,37.123932,0 -118.585085,37.123716,0 -118.584929,37.123689,0 -118.584044,37.123334,0 -118.583401,37.123169,0 -118.581890,37.122551,0 -118.581665,37.122552,0 -118.581109,37.122709,0 -118.579876,37.123176,0 -118.579426,37.123263,0 -118.578731,37.123282,0 -118.578453,37.123342,0 -118.578106,37.123464,0 -118.577585,37.123699,0 -118.576908,37.123890,0 -118.576613,37.123914,0 -118.575554,37.123819,0 -118.575207,37.123749,0 -118.574669,37.123576,0 -118.573713,37.123369,0 -118.573366,37.123352,0 -118.573001,37.123282,0 -118.572134,37.123247,0 -118.571266,37.123115,0 -118.570762,37.123117,0 -118.570293,37.123056,0 -118.568748,37.122978,0 -118.568401,37.123012,0 -118.568123,37.123108,0 -118.568019,37.123054,0 -118.568054,37.122916,0 -118.568366,37.122257,0 -118.568575,37.121477,0 -118.568557,37.121102,0 -118.568470,37.120876,0 -118.568401,37.120529,0 -118.568384,37.119956,0 -118.568209,37.119315,0 -118.568036,37.118281,0 -118.567984,37.117708,0 -118.568019,37.117283,0 -118.568071,37.116961,0 -118.568175,37.116632,0 -118.568314,37.116407,0 -118.568713,37.116102,0 -118.568622,37.115961,0 -118.568522,37.115807,0 -118.568106,37.115469,0 -118.567098,37.114853,0 -118.565536,37.113810,0 -118.565189,37.113637,0 -118.564928,37.113560,0 -118.564615,37.113499,0 -118.564251,37.113481,0 -118.563817,37.113525,0 -118.563470,37.113638,0 -118.561578,37.114340,0 -118.560952,37.114645,0 -118.560293,37.114888,0 -118.559373,37.115131,0 -118.559182,37.115103,0 -118.558921,37.114992,0 -118.558661,37.114800,0 -118.558470,37.114556,0 -118.558227,37.114367,0 -118.558001,37.114280,0 -118.557689,37.114227,0 -118.556352,37.114272,0 -118.555883,37.114400,0 -118.555431,37.114471,0 -118.554650,37.114557,0 -118.554303,37.114566,0 -118.553921,37.114635,0 -118.553574,37.114645,0 -118.552827,37.114601,0 -118.550813,37.114374,0 -118.550362,37.114366,0 -118.549998,37.114393,0 -118.549564,37.114539,0 -118.548678,37.115113,0 -118.548331,37.115294,0 -118.547255,37.115704,0 -118.546907,37.115790,0 -118.546091,37.115876,0 -118.545276,37.115686,0 -118.545102,37.115582,0 -118.544998,37.115364,0 -118.544928,37.114661,0 -118.544859,37.114418,0 -118.544719,37.114167,0 -118.544338,37.114209,0 -118.543678,37.114488,0 -118.543209,37.114601,0 -118.542619,37.114583,0 -118.542237,37.114531,0 -118.540796,37.114202,0 -118.540483,37.114174,0 -118.539633,37.114201,0 -118.539355,37.114165,0 -118.538886,37.114053,0 -118.538314,37.114027,0 -118.538018,37.113984,0 -118.537237,37.113671,0 -118.536351,37.113142,0 -118.535657,37.112812,0 -118.534702,37.112161,0 -118.534094,37.111936,0 -118.533712,37.111858,0 -118.532984,37.111806,0 -118.532514,37.111858,0 -118.531160,37.112221,0 -118.531039,37.112230,0 -118.530917,37.112180,0 -118.530883,37.112091,0 -118.530900,37.111934,0 -118.531681,37.110964,0 -118.531924,37.110302,0 -118.532098,37.109669,0 -118.532116,37.109452,0 -118.531907,37.108993,0 -118.531594,37.108525,0 -118.531490,37.108212,0 -118.531160,37.107673,0 -118.530917,37.107456,0 -118.530639,37.107291,0 -118.530397,37.107083,0 -118.529737,37.106137,0 -118.528920,37.105485,0 -118.528556,37.105347,0 -118.527844,37.105251,0 -118.526820,37.104843,0 -118.526542,37.104765,0 -118.526195,37.104610,0 -118.525934,37.104366,0 -118.525708,37.104035,0 -118.525535,37.103664,0 -118.525379,37.103063,0 -118.525275,37.102213,0 -118.525118,37.101943,0 -118.524615,37.101422,0 -118.524371,37.101258,0 -118.523400,37.100208,0 -118.523087,37.099912,0 -118.522306,37.099401,0 -118.522132,37.099245,0 -118.521837,37.099097,0 -118.521541,37.098993,0 -118.520764,37.098818,0 -118.519979,37.098707,0 -118.519007,37.098697,0 -118.518729,37.098628,0 -118.518104,37.098307,0 -118.517531,37.097873,0 -118.517410,37.097648,0 -118.517184,37.096761,0 -118.516611,37.096059,0 -118.516212,37.095815,0 -118.515101,37.095016,0 -118.514493,37.094279,0 -118.514302,37.094157,0 -118.514041,37.094062,0 -118.513712,37.094036,0 -118.513104,37.093749,0 -118.512531,37.093394,0 -118.512183,37.093298,0 -118.511819,37.093403,0 -118.511428,37.093566,0 -118.510517,37.093993,0 -118.509735,37.094018,0 -118.509389,37.094106,0 -118.509198,37.094261,0 -118.509024,37.094522,0 -118.508781,37.094670,0 -118.508434,37.094783,0 -118.507739,37.094921,0 -118.506992,37.095165,0 -118.506090,37.095302,0 -118.505656,37.095434,0 -118.504979,37.095555,0 -118.504684,37.095634,0 -118.504354,37.095781,0 -118.503642,37.096015,0 -118.503247,37.095973,0 -118.503156,37.095963,0 -118.502878,37.095842,0 -118.502687,37.095702,0 -118.502479,37.095460,0 -118.502375,37.095251,0 -118.502322,37.094947,0 -118.502305,37.094417,0 -118.502236,37.094167,0 -118.502132,37.094001,0 -118.501871,37.093766,0 -118.501541,37.093670,0 -118.500951,37.093553,0 -118.500742,37.093151,0 -118.500464,37.092906,0 -118.500239,37.092821,0 -118.499926,37.092760,0 -118.499597,37.092585,0 -118.499111,37.092603,0 -118.498451,37.092544,0 -118.498034,37.092352,0 -118.497860,37.092195,0 -118.497756,37.091927,0 -118.497600,37.091719,0 -118.496784,37.090868,0 -118.496524,37.090311,0 -118.496419,37.090165,0 -118.496332,37.090085,0 -118.495864,37.089930,0 -118.495291,37.088992,0 -118.495187,37.088932,0 -118.494857,37.088872,0 -118.494718,37.088749,0 -118.494614,37.088601,0 -118.494336,37.088453,0 -118.493676,37.088514,0 -118.493312,37.088403,0 -118.493121,37.088403,0 -118.493016,37.088324,0 -118.492964,37.088158,0 -118.492843,37.087951,0 -118.492547,37.087622,0 -118.492496,37.087213,0 -118.492409,37.087031,0 -118.492270,37.086857,0 -118.492009,37.086728,0 -118.491784,37.086658,0 -118.491610,37.086535,0 -118.491419,37.086215,0 -118.491280,37.085867,0 -118.491228,37.085539,0 -118.491228,37.084913,0 -118.491280,37.084340,0 -118.491106,37.083985,0 -118.490812,37.083584,0 -118.490516,37.082951,0 -118.490412,37.082508,0 -118.490412,37.082101,0 -118.490377,37.081944,0 -118.490325,37.081901,0 -118.489891,37.081752,0 -118.489735,37.081597,0 -118.489301,37.081275,0 -118.488867,37.080815,0 -118.488450,37.080443,0 -118.488224,37.080338,0 -118.487825,37.080216,0 -118.487651,37.080007,0 -118.487113,37.078958,0 -118.486974,37.078585,0 -118.486853,37.078479,0 -118.486661,37.078150,0 -118.486540,37.078013,0 -118.485915,37.077698,0 -118.485464,37.077422,0 -118.485394,37.077334,0 -118.485151,37.077327,0 -118.484908,37.077387,0 -118.484440,37.077388,0 -118.484144,37.077300,0 -118.483328,37.076917,0 -118.482322,37.076570,0 -118.481870,37.076353,0 -118.481523,37.076249,0 -118.481141,37.076224,0 -118.480985,37.076146,0 -118.480863,37.076015,0 -118.480741,37.075945,0 -118.480637,37.075851,0 -118.480533,37.075669,0 -118.480307,37.075417,0 -118.480029,37.075242,0 -118.479578,37.075173,0 -118.479301,37.075165,0 -118.478033,37.075225,0 -118.477495,37.074990,0 -118.476557,37.074670,0 -118.475654,37.074731,0 -118.474786,37.074549,0 -118.474283,37.074496,0 -118.473710,37.074341,0 -118.473189,37.074096,0 -118.473033,37.074063,0 -118.472304,37.073785,0 -118.471453,37.073316,0 -118.471297,37.073064,0 -118.471106,37.072933,0 -118.470342,37.072517,0 -118.470081,37.072412,0 -118.469960,37.072299,0 -118.469856,37.072160,0 -118.469665,37.071579,0 -118.468953,37.070018,0 -118.468814,37.069558,0 -118.468623,37.069384,0 -118.468432,37.069314,0 -118.468102,37.069123,0 -118.467911,37.068819,0 -118.467651,37.068662,0 -118.467547,37.068341,0 -118.467546,37.068064,0 -118.467199,37.067882,0 -118.466904,37.067787,0 -118.466574,37.067491,0 -118.466297,37.067395,0 -118.465549,37.067413,0 -118.465046,37.067491,0 -118.464439,37.067326,0 -118.464109,37.067196,0 -118.463692,37.067205,0 -118.463032,37.067134,0 -118.462268,37.066945,0 -118.462060,37.066953,0 -118.461713,37.067032,0 -118.461036,37.067049,0 -118.460602,37.067023,0 -118.460289,37.066928,0 -118.460133,37.066926,0 -118.459577,37.067083,0 -118.459143,37.067127,0 -118.458137,37.067352,0 -118.457980,37.067431,0 -118.457911,37.067562,0 -118.457928,37.067639,0 -118.457894,37.067716,0 -118.457529,37.067837,0 -118.457060,37.067891,0 -118.456800,37.067994,0 -118.456001,37.068089,0 -118.455775,37.068090,0 -118.455567,37.068030,0 -118.455254,37.067795,0 -118.454682,37.067604,0 -118.454386,37.067543,0 -118.454178,37.067542,0 -118.454022,37.067586,0 -118.453449,37.067847,0 -118.453015,37.067664,0 -118.452702,37.067605,0 -118.452459,37.067638,0 -118.452286,37.067577,0 -118.451869,37.067534,0 -118.451591,37.067708,0 -118.451123,37.068316,0 -118.450775,37.068402,0 -118.450271,37.068750,0 -118.449942,37.068906,0 -118.449456,37.068993,0 -118.449248,37.068976,0 -118.448987,37.069011,0 -118.448640,37.069340,0 -118.448466,37.069331,0 -118.448015,37.069149,0 -118.447789,37.069140,0 -118.447025,37.069253,0 -118.446960,37.069215,0 -118.446782,37.069054,0 -118.446730,37.068870,0 -118.446626,37.068688,0 -118.446626,37.068567,0 -118.446435,37.068289,0 -118.446331,37.067986,0 -118.445844,37.067273,0 -118.445688,37.067110,0 -118.445254,37.066787,0 -118.444838,37.066537,0 -118.444351,37.066189,0 -118.443657,37.065876,0 -118.443101,37.065756,0 -118.442580,37.065468,0 -118.442320,37.065260,0 -118.441817,37.064999,0 -118.440966,37.064706,0 -118.440810,37.064609,0 -118.440445,37.064262,0 -118.439681,37.063827,0 -118.439386,37.063447,0 -118.438813,37.062900,0 -118.438275,37.062109,0 -118.438101,37.061961,0 -118.437893,37.061840,0 -118.437754,37.061797,0 -118.437216,37.061415,0 -118.436730,37.060737,0 -118.436521,37.060607,0 -118.436400,37.060477,0 -118.436261,37.060269,0 -118.436209,37.060053,0 -118.436104,37.059844,0 -118.435879,37.059522,0 -118.435983,37.058880,0 -118.435861,37.058497,0 -118.435640,37.058000,0 -118.435619,37.057952,0 -118.435913,37.057569,0 -118.436243,37.057282,0 -118.436869,37.057101,0 -118.436937,37.056667,0 -118.437407,37.056327,0 -118.437250,37.056103,0 -118.437216,37.055998,0 -118.437285,37.055764,0 -118.437181,37.055355,0 -118.437233,37.055078,0 -118.437198,37.054869,0 -118.437059,37.054695,0 -118.436834,37.054531,0 -118.436365,37.054263,0 -118.436174,37.054098,0 -118.436017,37.054011,0 -118.435792,37.053698,0 -118.435202,37.052692,0 -118.434941,37.052179,0 -118.434785,37.051989,0 -118.434750,37.051501,0 -118.434576,37.050920,0 -118.434160,37.050008,0 -118.434906,37.049888,0 -118.435341,37.049488,0 -118.435549,37.048967,0 -118.435740,37.048759,0 -118.436104,37.048637,0 -118.436260,37.048673,0 -118.436538,37.048611,0 -118.436781,37.048515,0 -118.437163,37.048221,0 -118.437562,37.048063,0 -118.438136,37.047777,0 -118.438274,37.047647,0 -118.438448,37.047212,0 -118.438795,37.046789,0 -118.438917,37.046692,0 -118.439438,37.046841,0 -118.439646,37.046709,0 -118.440097,37.046641,0 -118.440306,37.046485,0 -118.440601,37.046381,0 -118.440693,37.046303,0 -118.440948,37.046086,0 -118.440201,37.045607,0 -118.440045,37.045477,0 -118.439993,37.045374,0 -118.440080,37.045114,0 -118.439941,37.044714,0 -118.439264,37.044150,0 -118.439108,37.044176,0 -118.439021,37.044132,0 -118.438726,37.043864,0 -118.438656,37.043760,0 -118.438673,37.043481,0 -118.438621,37.042995,0 -118.438899,37.042195,0 -118.438708,37.041789,0 -118.438691,37.041667,0 -118.438760,37.041519,0 -118.438795,37.041284,0 -118.438760,37.041163,0 -118.438812,37.040713,0 -118.438795,37.040581,0 -118.438482,37.039991,0 -118.438326,37.039818,0 -118.438222,37.039791,0 -118.438118,37.039637,0 -118.437996,37.039341,0 -118.437857,37.039185,0 -118.437788,37.039036,0 -118.437614,37.038915,0 -118.437580,37.038742,0 -118.437475,37.038612,0 -118.437423,37.038482,0 -118.437267,37.038386,0 -118.437024,37.038291,0 -118.436746,37.038221,0 -118.436520,37.038012,0 -118.436069,37.037788,0 -118.435878,37.037717,0 -118.435565,37.037674,0 -118.435427,37.037596,0 -118.435079,37.037162,0 -118.434559,37.036701,0 -118.434003,37.036416,0 -118.433552,37.036058,0 -118.433274,37.036016,0 -118.432510,37.035730,0 -118.432180,37.035488,0 -118.431833,37.035069,0 -118.431676,37.034957,0 -118.431381,37.034853,0 -118.430999,37.034827,0 -118.429628,37.034871,0 -118.429142,37.034706,0 -118.428760,37.034817,0 -118.428725,37.034523,0 -118.428603,37.034368,0 -118.428482,37.034298,0 -118.428360,37.034298,0 -118.428274,37.034220,0 -118.428256,37.034125,0 -118.428152,37.034028,0 -118.427874,37.033880,0 -118.427840,37.033775,0 -118.427926,37.033682,0 -118.427944,37.033595,0 -118.427822,37.033446,0 -118.427701,37.033187,0 -118.427874,37.033074,0 -118.428048,37.033029,0 -118.428187,37.032875,0 -118.427996,37.032683,0 -118.428013,37.032118,0 -118.427892,37.031954,0 -118.427371,37.031780,0 -118.426780,37.031111,0 -118.425912,37.030434,0 -118.425721,37.030217,0 -118.425409,37.029991,0 -118.425114,37.029818,0 -118.424940,37.029775,0 -118.424750,37.029644,0 -118.424419,37.029219,0 -118.423847,37.028872,0 -118.423846,37.028785,0 -118.423725,37.028663,0 -118.423656,37.028534,0 -118.423846,37.028526,0 -118.424141,37.028456,0 -118.424211,37.028256,0 -118.424124,37.028109,0 -118.423777,37.027883,0 -118.423708,37.027752,0 -118.423377,37.027431,0 -118.423187,37.027361,0 -118.422874,37.026961,0 -118.422822,37.026806,0 -118.423013,37.025877,0 -118.422978,37.025660,0 -118.422909,37.025452,0 -118.422212,37.024359,0 -118.421954,37.024003,0 -118.421815,37.023716,0 -118.421780,37.023551,0 -118.422006,37.023377,0 -118.422197,37.023326,0 -118.422630,37.022883,0 -118.422561,37.022683,0 -118.422110,37.021875,0 -118.422041,37.021624,0 -118.422041,37.021458,0 -118.422231,37.021267,0 -118.422353,37.021051,0 -118.422510,37.020877,0 -118.422509,37.020755,0 -118.422614,37.020651,0 -118.422665,37.020331,0 -118.422440,37.020028,0 -118.422214,37.019897,0 -118.422128,37.019723,0 -118.422232,37.019637,0 -118.422145,37.019219,0 -118.422179,37.019097,0 -118.422336,37.018873,0 -118.422388,37.018733,0 -118.422214,37.018238,0 -118.422232,37.018074,0 -118.422336,37.017952,0 -118.422405,37.017734,0 -118.422387,37.017502,0 -118.422162,37.016910,0 -118.422231,37.016798,0 -118.422440,37.016668,0 -118.422717,37.016650,0 -118.422804,37.016712,0 -118.422978,37.016615,0 -118.423169,37.016424,0 -118.423238,37.016285,0 -118.423482,37.016103,0 -118.423655,37.016085,0 -118.423776,37.015963,0 -118.423776,37.015227,0 -118.423811,37.015053,0 -118.424072,37.014957,0 -118.424193,37.014809,0 -118.424314,37.014462,0 -118.424436,37.014246,0 -118.424454,37.014071,0 -118.424558,37.013924,0 -118.424905,37.013717,0 -118.425269,37.013195,0 -118.425460,37.013065,0 -118.426207,37.012788,0 -118.426693,37.012476,0 -118.426884,37.012465,0 -118.426971,37.012396,0 -118.426919,37.012293,0 -118.426884,37.011790,0 -118.426832,37.011581,0 -118.426641,37.011382,0 -118.426468,37.011285,0 -118.425894,37.011060,0 -118.425634,37.010989,0 -118.425061,37.010488,0 -118.424627,37.009924,0 -118.424453,37.009809,0 -118.423811,37.009115,0 -118.423499,37.008829,0 -118.423064,37.008551,0 -118.422179,37.008352,0 -118.421936,37.008334,0 -118.421728,37.008386,0 -118.421432,37.008352,0 -118.421033,37.008231,0 -118.420530,37.008023,0 -118.420391,37.007769,0 -118.420096,37.007456,0 -118.419922,37.007328,0 -118.419627,37.007033,0 -118.419540,37.006798,0 -118.419401,37.006563,0 -118.419106,37.006407,0 -118.418359,37.005842,0 -118.418099,37.005722,0 -118.417891,37.005583,0 -118.417387,37.005028,0 -118.416971,37.004672,0 -118.416797,37.004420,0 -118.416623,37.003821,0 -118.416311,37.003084,0 -118.416085,37.002406,0 -118.415842,37.001910,0 -118.415790,37.001737,0 -118.415651,37.001660,0 -118.415287,37.001562,0 -118.415165,37.001571,0 -118.415043,37.001512,0 -118.414853,37.001181,0 -118.414470,37.000668,0 -118.413933,37.000296,0 -118.413776,37.000313,0 -118.413533,37.000279,0 -118.413376,37.000183,0 -118.412769,36.999549,0 -118.412844,36.999416,0 -118.412995,36.999332,0 -118.413846,36.999037,0 -118.413950,36.998960,0 -118.414019,36.998802,0 -118.414054,36.998576,0 -118.414036,36.998465,0 -118.414088,36.998361,0 -118.414574,36.997831,0 -118.414939,36.997188,0 -118.415252,36.996902,0 -118.415616,36.996703,0 -118.415981,36.996546,0 -118.416588,36.996346,0 -118.417144,36.996311,0 -118.417856,36.996355,0 -118.417916,36.996318,0 -118.418012,36.996259,0 -118.418186,36.996077,0 -118.418620,36.995513,0 -118.418793,36.995373,0 -118.419175,36.995201,0 -118.419314,36.995035,0 -118.419453,36.994696,0 -118.420495,36.993620,0 -118.420807,36.993118,0 -118.420894,36.992856,0 -118.420894,36.992579,0 -118.420807,36.992389,0 -118.420547,36.992032,0 -118.420460,36.991842,0 -118.420460,36.991702,0 -118.420860,36.991207,0 -118.420824,36.990940,0 -118.420738,36.990713,0 -118.420269,36.989880,0 -118.419835,36.989203,0 -118.419557,36.988891,0 -118.418498,36.987535,0 -118.417543,36.986485,0 -118.416606,36.985661,0 -118.416085,36.985305,0 -118.414158,36.984775,0 -118.412856,36.984455,0 -118.412404,36.984349,0 -118.411675,36.984238,0 -118.411362,36.984143,0 -118.410547,36.983778,0 -118.410112,36.983542,0 -118.409800,36.983307,0 -118.409314,36.982822,0 -118.408359,36.981407,0 -118.408133,36.981025,0 -118.407907,36.980347,0 -118.407647,36.978752,0 -118.408688,36.977032,0 -118.409001,36.976008,0 -118.409210,36.975530,0 -118.409192,36.975322,0 -118.408914,36.974575,0 -118.408637,36.974350,0 -118.408116,36.974281,0 -118.407942,36.974220,0 -118.407439,36.973959,0 -118.406744,36.973716,0 -118.406275,36.973430,0 -118.405824,36.973257,0 -118.404748,36.972423,0 -118.403932,36.971912,0 -118.403671,36.971667,0 -118.403689,36.971364,0 -118.403880,36.970878,0 -118.403793,36.970503,0 -118.403880,36.970374,0 -118.403984,36.970069,0 -118.404140,36.969940,0 -118.404487,36.969558,0 -118.404644,36.969289,0 -118.404782,36.968560,0 -118.404834,36.967475,0 -118.404800,36.966424,0 -118.404678,36.965998,0 -118.404522,36.965799,0 -118.404227,36.965661,0 -118.403898,36.965564,0 -118.403914,36.965435,0 -118.403880,36.965218,0 -118.403724,36.964896,0 -118.403758,36.963943,0 -118.403914,36.963247,0 -118.403915,36.962717,0 -118.403897,36.962014,0 -118.403740,36.961017,0 -118.403723,36.960591,0 -118.404088,36.959385,0 -118.404401,36.958526,0 -118.404452,36.958048,0 -118.404383,36.957856,0 -118.404261,36.957813,0 -118.404192,36.957752,0 -118.404105,36.957346,0 -118.403917,36.957264,0 -118.403844,36.957232,0 -118.402056,36.957257,0 -118.401449,36.957328,0 -118.401050,36.957457,0 -118.400286,36.957632,0 -118.398931,36.958135,0 -118.398636,36.958205,0 -118.397994,36.958308,0 -118.397734,36.958316,0 -118.397004,36.958178,0 -118.396761,36.957909,0 -118.396761,36.957691,0 -118.396675,36.957467,0 -118.396519,36.957319,0 -118.396101,36.957051,0 -118.395859,36.956710,0 -118.395772,36.956441,0 -118.395668,36.955800,0 -118.395563,36.955600,0 -118.395199,36.955270,0 -118.395043,36.954983,0 -118.394904,36.954802,0 -118.394487,36.954410,0 -118.393966,36.954108,0 -118.393584,36.953559,0 -118.392751,36.953029,0 -118.392543,36.952805,0 -118.392438,36.952423,0 -118.392647,36.951920,0 -118.392543,36.951632,0 -118.392247,36.951276,0 -118.391970,36.951051,0 -118.391866,36.950869,0 -118.391796,36.950705,0 -118.391900,36.950495,0 -118.391882,36.950323,0 -118.391796,36.950191,0 -118.391309,36.949940,0 -118.390980,36.949592,0 -118.390962,36.949497,0 -118.391084,36.949002,0 -118.390997,36.948733,0 -118.390858,36.948561,0 -118.390389,36.948220,0 -118.390216,36.947901,0 -118.390007,36.947717,0 -118.389539,36.947458,0 -118.389313,36.947266,0 -118.389122,36.946989,0 -118.389001,36.946736,0 -118.388914,36.946537,0 -118.388879,36.946311,0 -118.388723,36.946104,0 -118.388081,36.945721,0 -118.387959,36.945523,0 -118.387751,36.944697,0 -118.387629,36.944037,0 -118.387386,36.943724,0 -118.387178,36.943178,0 -118.386743,36.942519,0 -118.386536,36.942371,0 -118.386136,36.941971,0 -118.385910,36.941825,0 -118.385650,36.941556,0 -118.385529,36.941337,0 -118.385476,36.940817,0 -118.385546,36.940696,0 -118.385493,36.940331,0 -118.385580,36.939983,0 -118.385598,36.939757,0 -118.385528,36.939524,0 -118.384799,36.938447,0 -118.384729,36.938212,0 -118.384470,36.937639,0 -118.384191,36.937405,0 -118.383931,36.937042,0 -118.383757,36.936859,0 -118.383410,36.936555,0 -118.383227,36.936090,0 -118.382959,36.935668,0 -118.382924,36.934766,0 -118.382959,36.934462,0 -118.383497,36.933030,0 -118.383584,36.932649,0 -118.383601,36.932406,0 -118.383549,36.931841,0 -118.383115,36.930590,0 -118.382838,36.930035,0 -118.382420,36.929419,0 -118.381900,36.928525,0 -118.381831,36.928334,0 -118.381726,36.928194,0 -118.381691,36.928031,0 -118.381500,36.927605,0 -118.381535,36.927181,0 -118.381483,36.927005,0 -118.381553,36.926503,0 -118.381518,36.926329,0 -118.381535,36.925618,0 -118.381500,36.925434,0 -118.381101,36.924887,0 -118.381119,36.924627,0 -118.380979,36.924124,0 -118.380667,36.923594,0 -118.380285,36.923169,0 -118.379469,36.922554,0 -118.379452,36.922450,0 -118.379555,36.922163,0 -118.379417,36.921694,0 -118.379435,36.921008,0 -118.379226,36.919888,0 -118.379070,36.919611,0 -118.378896,36.919420,0 -118.378671,36.919289,0 -118.378479,36.919088,0 -118.377872,36.918785,0 -118.377750,36.918603,0 -118.377698,36.918421,0 -118.377577,36.918213,0 -118.377126,36.918281,0 -118.376292,36.918602,0 -118.376216,36.918583,0 -118.375945,36.918517,0 -118.375754,36.918005,0 -118.375667,36.917493,0 -118.375476,36.916850,0 -118.375094,36.916189,0 -118.374955,36.916069,0 -118.374469,36.915505,0 -118.374208,36.915062,0 -118.374017,36.914271,0 -118.373862,36.913810,0 -118.373358,36.912892,0 -118.373219,36.912682,0 -118.372333,36.911693,0 -118.371466,36.910373,0 -118.371171,36.910105,0 -118.370840,36.909896,0 -118.370666,36.909689,0 -118.370545,36.909193,0 -118.370528,36.908551,0 -118.370458,36.908274,0 -118.370372,36.908004,0 -118.370180,36.907761,0 -118.369868,36.907552,0 -118.369538,36.907474,0 -118.369416,36.907483,0 -118.368826,36.907388,0 -118.368288,36.907040,0 -118.367889,36.906928,0 -118.367350,36.906945,0 -118.367212,36.906980,0 -118.366934,36.907136,0 -118.366795,36.906849,0 -118.366708,36.906459,0 -118.366448,36.905721,0 -118.366396,36.905269,0 -118.366448,36.904775,0 -118.366657,36.904340,0 -118.367038,36.903742,0 -118.367403,36.902944,0 -118.367715,36.902127,0 -118.367872,36.901953,0 -118.368566,36.901789,0 -118.368878,36.901624,0 -118.369417,36.901217,0 -118.369695,36.900921,0 -118.369764,36.900800,0 -118.369833,36.900452,0 -118.369782,36.900017,0 -118.369782,36.899601,0 -118.369729,36.899515,0 -118.369434,36.899288,0 -118.369330,36.899072,0 -118.369139,36.898463,0 -118.369156,36.898291,0 -118.369104,36.898005,0 -118.368965,36.897518,0 -118.368878,36.897327,0 -118.368670,36.897162,0 -118.368358,36.896981,0 -118.367819,36.896329,0 -118.367473,36.895998,0 -118.367055,36.895739,0 -118.366884,36.895520,0 -118.366777,36.895383,0 -118.366673,36.895131,0 -118.366639,36.894653,0 -118.366448,36.893855,0 -118.366274,36.892274,0 -118.366170,36.891885,0 -118.365875,36.891146,0 -118.365649,36.890748,0 -118.365458,36.890486,0 -118.365094,36.890044,0 -118.364225,36.889299,0 -118.364069,36.889202,0 -118.363600,36.888810,0 -118.363045,36.888586,0 -118.362559,36.888351,0 -118.362246,36.888239,0 -118.361952,36.888194,0 -118.361291,36.887986,0 -118.361361,36.886719,0 -118.361344,36.886511,0 -118.361465,36.886207,0 -118.361483,36.885861,0 -118.361344,36.885417,0 -118.361343,36.885304,0 -118.361708,36.884584,0 -118.362072,36.884236,0 -118.362351,36.883864,0 -118.362715,36.883552,0 -118.363496,36.883195,0 -118.364469,36.882909,0 -118.364711,36.882752,0 -118.365719,36.881832,0 -118.366222,36.881460,0 -118.366431,36.881310,0 -118.366917,36.881095,0 -118.367246,36.880869,0 -118.367299,36.880748,0 -118.367281,36.880191,0 -118.367437,36.878031,0 -118.367524,36.877710,0 -118.367785,36.877232,0 -118.367889,36.876972,0 -118.368132,36.876241,0 -118.368201,36.875678,0 -118.368357,36.875097,0 -118.368531,36.874741,0 -118.368965,36.874098,0 -118.369156,36.873838,0 -118.369746,36.873221,0 -118.370076,36.872744,0 -118.370267,36.872222,0 -118.370423,36.871433,0 -118.370423,36.871156,0 -118.370353,36.870764,0 -118.370267,36.870522,0 -118.370111,36.870295,0 -118.369972,36.870166,0 -118.369799,36.870069,0 -118.369555,36.870026,0 -118.368010,36.869923,0 -118.367698,36.869870,0 -118.367211,36.869731,0 -118.367038,36.869637,0 -118.366864,36.869479,0 -118.366638,36.869202,0 -118.366187,36.868993,0 -118.366239,36.867458,0 -118.366500,36.866711,0 -118.366569,36.866147,0 -118.366655,36.865790,0 -118.366725,36.864930,0 -118.366690,36.864706,0 -118.366221,36.863481,0 -118.366054,36.863225,0 -118.365614,36.862630,0 -118.365302,36.862118,0 -118.365058,36.861841,0 -118.364885,36.861762,0 -118.364555,36.861745,0 -118.364017,36.861634,0 -118.363635,36.861589,0 -118.362975,36.861624,0 -118.362714,36.861562,0 -118.362246,36.861519,0 -118.362185,36.861489,0 -118.362263,36.860383,0 -118.362385,36.859645,0 -118.362246,36.858880,0 -118.362281,36.858602,0 -118.362402,36.857779,0 -118.362593,36.856980,0 -118.362628,36.856545,0 -118.362697,36.856277,0 -118.363044,36.855572,0 -118.363079,36.855295,0 -118.362975,36.854687,0 -118.362714,36.854229,0 -118.362697,36.854115,0 -118.362732,36.853977,0 -118.363010,36.853500,0 -118.363028,36.853316,0 -118.362992,36.853039,0 -118.363079,36.852743,0 -118.362992,36.852578,0 -118.362957,36.852171,0 -118.363148,36.851564,0 -118.363184,36.851050,0 -118.363166,36.850799,0 -118.363010,36.850183,0 -118.362767,36.849705,0 -118.362420,36.848741,0 -118.362055,36.848360,0 -118.362020,36.848124,0 -118.362020,36.847510,0 -118.361707,36.846763,0 -118.361551,36.846093,0 -118.361360,36.845773,0 -118.361395,36.845175,0 -118.361465,36.845036,0 -118.361569,36.844932,0 -118.361638,36.844583,0 -118.361708,36.844471,0 -118.362020,36.844202,0 -118.362280,36.844055,0 -118.362558,36.843829,0 -118.362697,36.843672,0 -118.362923,36.843283,0 -118.363062,36.843117,0 -118.363809,36.842597,0 -118.364711,36.841781,0 -118.365075,36.841381,0 -118.365805,36.840903,0 -118.366273,36.840392,0 -118.366725,36.840130,0 -118.367003,36.840035,0 -118.367576,36.839662,0 -118.367801,36.839470,0 -118.367957,36.839201,0 -118.368392,36.838698,0 -118.368964,36.837822,0 -118.369745,36.837353,0 -118.370666,36.836720,0 -118.370996,36.836571,0 -118.371795,36.836321,0 -118.372367,36.835989,0 -118.373148,36.835729,0 -118.374190,36.835444,0 -118.375075,36.835390,0 -118.375370,36.835305,0 -118.375943,36.835305,0 -118.375943,36.835269,0 -118.377020,36.835547,0 -118.377958,36.835460,0 -118.378600,36.835451,0 -118.380006,36.835564,0 -118.380666,36.835523,0 -118.381256,36.835426,0 -118.382558,36.835391,0 -118.383791,36.835408,0 -118.384607,36.835487,0 -118.385527,36.835635,0 -118.386065,36.835773,0 -118.386655,36.835738,0 -118.387367,36.835592,0 -118.388600,36.835408,0 -118.389572,36.835322,0 -118.389780,36.835245,0 -118.389936,36.835113,0 -118.390406,36.834566,0 -118.390596,36.834403,0 -118.390857,36.834289,0 -118.391118,36.834220,0 -118.391742,36.833734,0 -118.392506,36.832944,0 -118.393062,36.832161,0 -118.393235,36.831738,0 -118.393201,36.830852,0 -118.393131,36.830392,0 -118.393044,36.830199,0 -118.392680,36.829758,0 -118.392159,36.828821,0 -118.392037,36.828656,0 -118.391829,36.828473,0 -118.391534,36.828274,0 -118.390805,36.827458,0 -118.390701,36.827292,0 -118.390527,36.826711,0 -118.390318,36.826399,0 -118.390405,36.826269,0 -118.390666,36.826086,0 -118.390822,36.825921,0 -118.391135,36.825478,0 -118.391239,36.825270,0 -118.391256,36.825028,0 -118.391447,36.824646,0 -118.391534,36.824359,0 -118.391551,36.824168,0 -118.391499,36.823986,0 -118.391048,36.823047,0 -118.390909,36.822830,0 -118.390579,36.822536,0 -118.390457,36.822387,0 -118.390388,36.822249,0 -118.390371,36.821859,0 -118.390284,36.821694,0 -118.389937,36.821329,0 -118.389867,36.821164,0 -118.389780,36.820661,0 -118.389658,36.820487,0 -118.389033,36.820193,0 -118.388895,36.820027,0 -118.388357,36.819705,0 -118.388096,36.819602,0 -118.387975,36.819498,0 -118.387524,36.819323,0 -118.387020,36.818804,0 -118.386899,36.818576,0 -118.386152,36.817944,0 -118.385752,36.817543,0 -118.385318,36.816893,0 -118.385075,36.816753,0 -118.384537,36.816320,0 -118.384415,36.816156,0 -118.384155,36.815963,0 -118.383895,36.815557,0 -118.383704,36.815392,0 -118.383496,36.815287,0 -118.383356,36.815149,0 -118.383461,36.814385,0 -118.383444,36.814177,0 -118.383496,36.813161,0 -118.383478,36.812580,0 -118.383426,36.812179,0 -118.383426,36.811702,0 -118.383565,36.810852,0 -118.383547,36.810696,0 -118.383461,36.810521,0 -118.383287,36.810375,0 -118.382957,36.810288,0 -118.382627,36.810261,0 -118.382141,36.810132,0 -118.381516,36.810036,0 -118.381221,36.809941,0 -118.380839,36.809611,0 -118.380631,36.809481,0 -118.380336,36.809359,0 -118.379763,36.809193,0 -118.378916,36.808997,0 -118.378530,36.808951,0 -118.378356,36.807839,0 -118.378287,36.807656,0 -118.378148,36.807457,0 -118.377871,36.807223,0 -118.377749,36.806833,0 -118.377732,36.806623,0 -118.377836,36.806294,0 -118.377801,36.805514,0 -118.377888,36.805244,0 -118.378148,36.804870,0 -118.378166,36.804740,0 -118.378114,36.804585,0 -118.377975,36.804428,0 -118.377402,36.804133,0 -118.377193,36.803934,0 -118.377089,36.803689,0 -118.376759,36.803395,0 -118.376134,36.803231,0 -118.375943,36.803221,0 -118.375735,36.802900,0 -118.375596,36.802753,0 -118.375509,36.802587,0 -118.375318,36.802023,0 -118.375214,36.801875,0 -118.374849,36.801580,0 -118.374745,36.801459,0 -118.374659,36.800982,0 -118.374572,36.800842,0 -118.374207,36.800661,0 -118.373981,36.800409,0 -118.373981,36.800278,0 -118.374155,36.799922,0 -118.374190,36.799748,0 -118.374051,36.799454,0 -118.374016,36.798933,0 -118.373894,36.798577,0 -118.373895,36.798352,0 -118.373825,36.798005,0 -118.373790,36.797587,0 -118.373912,36.797310,0 -118.373512,36.796493,0 -118.373408,36.796059,0 -118.373443,36.795781,0 -118.373408,36.795687,0 -118.372922,36.795297,0 -118.372731,36.794965,0 -118.372696,36.794844,0 -118.372714,36.794688,0 -118.373287,36.794593,0 -118.373652,36.794427,0 -118.374276,36.794098,0 -118.374780,36.793689,0 -118.374902,36.793507,0 -118.374988,36.793038,0 -118.375109,36.792813,0 -118.375665,36.792118,0 -118.375857,36.791667,0 -118.375943,36.791346,0 -118.376273,36.790721,0 -118.376307,36.790574,0 -118.376186,36.790097,0 -118.376100,36.789992,0 -118.375943,36.789880,0 -118.376099,36.789229,0 -118.376655,36.787874,0 -118.376776,36.787483,0 -118.377175,36.786746,0 -118.377193,36.786571,0 -118.377141,36.786459,0 -118.376776,36.786078,0 -118.376776,36.785929,0 -118.377054,36.785764,0 -118.377540,36.785729,0 -118.377662,36.785687,0 -118.378130,36.785183,0 -118.378148,36.785062,0 -118.378269,36.784965,0 -118.378513,36.784853,0 -118.378669,36.784828,0 -118.378894,36.784584,0 -118.379242,36.784341,0 -118.379919,36.784012,0 -118.380318,36.783525,0 -118.380248,36.783047,0 -118.380162,36.782726,0 -118.379867,36.782170,0 -118.379502,36.781798,0 -118.379329,36.781676,0 -118.379189,36.781632,0 -118.379016,36.781416,0 -118.378877,36.780817,0 -118.378426,36.780157,0 -118.377957,36.779862,0 -118.377870,36.779705,0 -118.377714,36.779585,0 -118.377540,36.779497,0 -118.377262,36.779409,0 -118.377106,36.779297,0 -118.376759,36.778863,0 -118.376603,36.778465,0 -118.376654,36.778161,0 -118.376776,36.777839,0 -118.376828,36.777562,0 -118.376915,36.776475,0 -118.376898,36.776189,0 -118.376724,36.775416,0 -118.376603,36.774194,0 -118.376603,36.773959,0 -118.376672,36.773543,0 -118.376672,36.772996,0 -118.376377,36.771546,0 -118.376256,36.771172,0 -118.375804,36.770391,0 -118.375161,36.769731,0 -118.374988,36.769393,0 -118.374953,36.769203,0 -118.374779,36.768950,0 -118.374276,36.768751,0 -118.373963,36.768491,0 -118.373391,36.768196,0 -118.372574,36.767387,0 -118.372523,36.767284,0 -118.372610,36.767161,0 -118.372661,36.766884,0 -118.372904,36.766623,0 -118.373182,36.766441,0 -118.373200,36.766320,0 -118.372939,36.766120,0 -118.372905,36.765991,0 -118.372887,36.765850,0 -118.373061,36.765470,0 -118.373165,36.765314,0 -118.373460,36.765130,0 -118.373807,36.764774,0 -118.374189,36.764575,0 -118.374328,36.764333,0 -118.374571,36.763369,0 -118.374519,36.763178,0 -118.373929,36.762682,0 -118.373460,36.762335,0 -118.373026,36.762154,0 -118.372852,36.761972,0 -118.372783,36.761771,0 -118.372696,36.761641,0 -118.372575,36.761502,0 -118.372401,36.761389,0 -118.372297,36.761146,0 -118.372244,36.760946,0 -118.372349,36.760173,0 -118.372436,36.759897,0 -118.372453,36.759698,0 -118.372401,36.759419,0 -118.372401,36.759176,0 -118.372418,36.758933,0 -118.372557,36.758542,0 -118.372540,36.758265,0 -118.372367,36.758116,0 -118.372106,36.757986,0 -118.371880,36.757926,0 -118.371637,36.757761,0 -118.371342,36.757171,0 -118.371012,36.756710,0 -118.370821,36.756615,0 -118.370665,36.756467,0 -118.370595,36.756259,0 -118.370491,36.756095,0 -118.370283,36.756078,0 -118.370092,36.756007,0 -118.370040,36.755807,0 -118.370161,36.755722,0 -118.370213,36.755609,0 -118.370178,36.755477,0 -118.370040,36.755373,0 -118.369953,36.755191,0 -118.370022,36.754739,0 -118.370022,36.754575,0 -118.369936,36.754166,0 -118.369988,36.753211,0 -118.369919,36.753022,0 -118.369553,36.752753,0 -118.369432,36.752586,0 -118.369432,36.752458,0 -118.369502,36.752267,0 -118.369953,36.751442,0 -118.369970,36.751243,0 -118.369884,36.751102,0 -118.369606,36.750816,0 -118.369467,36.750557,0 -118.369432,36.750400,0 -118.369432,36.750008,0 -118.369189,36.749940,0 -118.369120,36.749696,0 -118.369032,36.749592,0 -118.368616,36.749296,0 -118.368373,36.748967,0 -118.368164,36.748767,0 -118.367922,36.748594,0 -118.367748,36.748524,0 -118.367193,36.748455,0 -118.366568,36.748291,0 -118.366272,36.748248,0 -118.365144,36.748168,0 -118.364710,36.748202,0 -118.364067,36.748448,0 -118.363911,36.748482,0 -118.363773,36.748463,0 -118.363304,36.748213,0 -118.363164,36.748108,0 -118.362939,36.748012,0 -118.362522,36.747926,0 -118.362279,36.747934,0 -118.361845,36.748021,0 -118.361810,36.747909,0 -118.361846,36.747501,0 -118.361793,36.747291,0 -118.361376,36.746442,0 -118.361255,36.746311,0 -118.360890,36.746268,0 -118.360804,36.746242,0 -118.360699,36.746154,0 -118.360682,36.745980,0 -118.360717,36.745842,0 -118.360300,36.745547,0 -118.359918,36.744957,0 -118.359814,36.744879,0 -118.359762,36.744713,0 -118.359640,36.744505,0 -118.359519,36.744435,0 -118.359362,36.744463,0 -118.359206,36.744540,0 -118.358981,36.744714,0 -118.358894,36.744731,0 -118.358685,36.744653,0 -118.358408,36.744367,0 -118.358199,36.744228,0 -118.357574,36.743976,0 -118.357470,36.743810,0 -118.357192,36.743594,0 -118.357019,36.743281,0 -118.356724,36.743151,0 -118.356602,36.743038,0 -118.356429,36.742779,0 -118.356324,36.742725,0 -118.356046,36.742656,0 -118.354727,36.742717,0 -118.354293,36.742657,0 -118.354171,36.742614,0 -118.354085,36.742223,0 -118.353998,36.742109,0 -118.353685,36.742014,0 -118.353373,36.742049,0 -118.353043,36.742032,0 -118.352105,36.741763,0 -118.351758,36.741693,0 -118.351081,36.741727,0 -118.350960,36.741693,0 -118.350977,36.741503,0 -118.350681,36.741077,0 -118.350255,36.740226,0 -118.349779,36.739767,0 -118.349640,36.739575,0 -118.349032,36.738256,0 -118.348876,36.737761,0 -118.348737,36.737621,0 -118.348442,36.737404,0 -118.348268,36.736997,0 -118.347956,36.736624,0 -118.347678,36.736093,0 -118.346897,36.735581,0 -118.346689,36.735338,0 -118.346515,36.735019,0 -118.346307,36.734844,0 -118.346168,36.734782,0 -118.345994,36.734775,0 -118.345873,36.734723,0 -118.345699,36.734480,0 -118.345508,36.734036,0 -118.345299,36.733775,0 -118.344727,36.733325,0 -118.344275,36.733055,0 -118.344154,36.732951,0 -118.344085,36.732829,0 -118.344032,36.732422,0 -118.343946,36.732144,0 -118.343789,36.731910,0 -118.343512,36.731744,0 -118.343442,36.731579,0 -118.343286,36.731397,0 -118.343094,36.731302,0 -118.342817,36.731224,0 -118.342748,36.731162,0 -118.342695,36.730955,0 -118.342695,36.730730,0 -118.342609,36.730522,0 -118.342470,36.730381,0 -118.342192,36.730348,0 -118.342070,36.730260,0 -118.342036,36.730112,0 -118.342123,36.729992,0 -118.342192,36.729810,0 -118.342140,36.729740,0 -118.342001,36.729645,0 -118.341810,36.729626,0 -118.341028,36.729721,0 -118.340855,36.729715,0 -118.340630,36.729645,0 -118.340127,36.729378,0 -118.339692,36.729252,0 -118.339275,36.728914,0 -118.339189,36.728776,0 -118.338789,36.728638,0 -118.338720,36.728559,0 -118.338668,36.728359,0 -118.338737,36.728177,0 -118.338945,36.727926,0 -118.338980,36.727770,0 -118.338841,36.727249,0 -118.338719,36.726954,0 -118.338737,36.726468,0 -118.338876,36.726111,0 -118.338910,36.725781,0 -118.338685,36.724298,0 -118.338529,36.723897,0 -118.338112,36.723194,0 -118.337522,36.722352,0 -118.337348,36.722162,0 -118.337157,36.721371,0 -118.336983,36.721006,0 -118.337018,36.720582,0 -118.336862,36.720103,0 -118.336879,36.719532,0 -118.336775,36.719175,0 -118.336515,36.718732,0 -118.336028,36.716858,0 -118.335629,36.715903,0 -118.335577,36.715444,0 -118.335299,36.714298,0 -118.335299,36.713949,0 -118.335473,36.713620,0 -118.335681,36.713090,0 -118.335889,36.711754,0 -118.335872,36.711450,0 -118.335716,36.711016,0 -118.335594,36.710365,0 -118.335473,36.710112,0 -118.335420,36.709887,0 -118.335386,36.709645,0 -118.335437,36.709159,0 -118.335195,36.708733,0 -118.334691,36.708143,0 -118.334743,36.707821,0 -118.335004,36.707266,0 -118.334969,36.707161,0 -118.334795,36.707039,0 -118.334483,36.706971,0 -118.334448,36.706866,0 -118.334500,36.706753,0 -118.334535,36.706363,0 -118.334413,36.706277,0 -118.333979,36.706372,0 -118.333958,36.706354,0 -118.333927,36.706328,0 -118.333997,36.706197,0 -118.335594,36.704887,0 -118.336219,36.704263,0 -118.336600,36.704046,0 -118.337538,36.703637,0 -118.337868,36.703395,0 -118.338198,36.702994,0 -118.338528,36.702795,0 -118.338841,36.702666,0 -118.339084,36.702621,0 -118.340212,36.702596,0 -118.340716,36.702708,0 -118.341062,36.702848,0 -118.341184,36.702821,0 -118.341358,36.702657,0 -118.341670,36.702223,0 -118.342642,36.701381,0 -118.342937,36.701050,0 -118.343146,36.700772,0 -118.343215,36.700608,0 -118.343250,36.700331,0 -118.343337,36.700192,0 -118.343527,36.700044,0 -118.344153,36.700105,0 -118.344396,36.700087,0 -118.344604,36.699974,0 -118.345333,36.699185,0 -118.345663,36.698968,0 -118.346236,36.698689,0 -118.346392,36.698585,0 -118.346635,36.698135,0 -118.346704,36.697926,0 -118.346983,36.697440,0 -118.347694,36.696911,0 -118.348007,36.696597,0 -118.348250,36.696163,0 -118.348406,36.696068,0 -118.349014,36.695842,0 -118.349674,36.695843,0 -118.350125,36.695590,0 -118.350628,36.695410,0 -118.351045,36.695219,0 -118.351462,36.695086,0 -118.352121,36.694793,0 -118.352416,36.694732,0 -118.352955,36.694715,0 -118.353180,36.694654,0 -118.353441,36.694637,0 -118.354396,36.694670,0 -118.355628,36.694592,0 -118.356479,36.694506,0 -118.356774,36.694506,0 -118.356965,36.694568,0 -118.357069,36.694705,0 -118.357156,36.695122,0 -118.357260,36.695253,0 -118.357434,36.695365,0 -118.357695,36.695461,0 -118.357955,36.695487,0 -118.358476,36.695478,0 -118.359118,36.695652,0 -118.359621,36.695617,0 -118.359882,36.695555,0 -118.360889,36.695210,0 -118.361479,36.695080,0 -118.363076,36.694863,0 -118.363563,36.694913,0 -118.363806,36.694905,0 -118.364135,36.694749,0 -118.364274,36.694644,0 -118.364865,36.694088,0 -118.365837,36.693048,0 -118.366132,36.692595,0 -118.366248,36.692493,0 -118.366670,36.692119,0 -118.366618,36.691970,0 -118.366618,36.691842,0 -118.366340,36.691460,0 -118.366340,36.691181,0 -118.366097,36.690696,0 -118.366045,36.690469,0 -118.365663,36.689959,0 -118.365350,36.689687,0 -118.365125,36.689377,0 -118.365004,36.689271,0 -118.364899,36.689080,0 -118.364882,36.688881,0 -118.364829,36.688751,0 -118.364604,36.688447,0 -118.364309,36.688188,0 -118.363961,36.688030,0 -118.363771,36.687865,0 -118.363701,36.687709,0 -118.363580,36.687596,0 -118.363389,36.687501,0 -118.362399,36.687458,0 -118.362017,36.687276,0 -118.361514,36.687119,0 -118.361340,36.687016,0 -118.361010,36.686719,0 -118.360229,36.686268,0 -118.359482,36.686024,0 -118.357833,36.685262,0 -118.357243,36.684930,0 -118.357104,36.684783,0 -118.357000,36.684540,0 -118.356826,36.684385,0 -118.356479,36.684221,0 -118.356080,36.684106,0 -118.355732,36.684054,0 -118.355437,36.683941,0 -118.355194,36.683794,0 -118.355020,36.683664,0 -118.354812,36.683412,0 -118.354656,36.683082,0 -118.353944,36.683056,0 -118.353649,36.683135,0 -118.352955,36.683160,0 -118.352659,36.683022,0 -118.352208,36.682743,0 -118.351913,36.682292,0 -118.351739,36.681903,0 -118.350767,36.680651,0 -118.350489,36.680192,0 -118.350020,36.679566,0 -118.349882,36.679236,0 -118.349586,36.678220,0 -118.349482,36.678047,0 -118.348892,36.677630,0 -118.348475,36.677076,0 -118.347729,36.676243,0 -118.347555,36.675982,0 -118.347416,36.675704,0 -118.347416,36.675478,0 -118.347554,36.674671,0 -118.347520,36.673569,0 -118.347364,36.673013,0 -118.347120,36.672623,0 -118.346947,36.672450,0 -118.346652,36.672283,0 -118.346374,36.672222,0 -118.345627,36.672189,0 -118.344656,36.672326,0 -118.344395,36.672397,0 -118.343735,36.672684,0 -118.343440,36.672778,0 -118.342068,36.672900,0 -118.341165,36.673178,0 -118.340923,36.673213,0 -118.339152,36.673238,0 -118.337607,36.673403,0 -118.337068,36.673413,0 -118.336548,36.673057,0 -118.336114,36.672849,0 -118.335853,36.672753,0 -118.335194,36.672578,0 -118.334325,36.672657,0 -118.333735,36.672821,0 -118.333562,36.672839,0 -118.333371,36.672804,0 -118.333180,36.672623,0 -118.333058,36.672441,0 -118.332763,36.671814,0 -118.332363,36.671206,0 -118.332225,36.670904,0 -118.332155,36.670635,0 -118.332034,36.670417,0 -118.331583,36.669861,0 -118.331408,36.669575,0 -118.331287,36.669306,0 -118.331096,36.668637,0 -118.330870,36.668317,0 -118.330715,36.668203,0 -118.330471,36.668117,0 -118.330176,36.668065,0 -118.329533,36.668046,0 -118.329290,36.667987,0 -118.328926,36.667725,0 -118.328961,36.667222,0 -118.329012,36.667049,0 -118.329134,36.666858,0 -118.329551,36.666460,0 -118.329985,36.666146,0 -118.330228,36.665818,0 -118.330749,36.664949,0 -118.331044,36.664654,0 -118.331634,36.664297,0 -118.331929,36.664176,0 -118.332259,36.663959,0 -118.333162,36.663499,0 -118.333526,36.663281,0 -118.334447,36.662536,0 -118.334863,36.662388,0 -118.335193,36.662354,0 -118.335749,36.662144,0 -118.336148,36.661919,0 -118.336270,36.661703,0 -118.336460,36.661138,0 -118.336513,36.660861,0 -118.336478,36.660556,0 -118.336131,36.660148,0 -118.335975,36.659879,0 -118.335801,36.659437,0 -118.335729,36.659041,0 -118.335697,36.658863,0 -118.335714,36.658706,0 -118.335836,36.658351,0 -118.336130,36.658090,0 -118.336391,36.657787,0 -118.336547,36.657397,0 -118.336617,36.657067,0 -118.336738,36.656842,0 -118.336912,36.656608,0 -118.337294,36.656233,0 -118.337487,36.655976,0 -118.337415,36.655799,0 -118.336946,36.655582,0 -118.336894,36.655391,0 -118.336946,36.655026,0 -118.336842,36.654844,0 -118.337016,36.654288,0 -118.337033,36.654021,0 -118.336999,36.653873,0 -118.336859,36.653656,0 -118.336738,36.653595,0 -118.336495,36.653552,0 -118.335974,36.653552,0 -118.335454,36.653473,0 -118.335332,36.653387,0 -118.335245,36.653212,0 -118.335106,36.653065,0 -118.334672,36.653014,0 -118.334030,36.652786,0 -118.333752,36.652717,0 -118.333578,36.652597,0 -118.333266,36.651910,0 -118.332728,36.651650,0 -118.332589,36.651511,0 -118.332224,36.651303,0 -118.331755,36.651364,0 -118.331686,36.651294,0 -118.331633,36.651120,0 -118.331564,36.650694,0 -118.331460,36.650582,0 -118.330748,36.650244,0 -118.330610,36.650148,0 -118.330436,36.649950,0 -118.330141,36.649740,0 -118.329168,36.649238,0 -118.328769,36.648934,0 -118.328544,36.648707,0 -118.328005,36.648490,0 -118.327120,36.648029,0 -118.326859,36.647936,0 -118.326217,36.647735,0 -118.325870,36.647710,0 -118.325696,36.647735,0 -118.325592,36.647683,0 -118.325314,36.647276,0 -118.324898,36.646476,0 -118.324724,36.646251,0 -118.324481,36.646129,0 -118.324151,36.646026,0 -118.323943,36.645799,0 -118.323839,36.645599,0 -118.323786,36.645401,0 -118.323803,36.644992,0 -118.323734,36.644854,0 -118.323457,36.644515,0 -118.323457,36.644384,0 -118.323248,36.643968,0 -118.323178,36.643734,0 -118.323161,36.643231,0 -118.323196,36.642719,0 -118.323179,36.642596,0 -118.323074,36.642354,0 -118.322154,36.641894,0 -118.321894,36.641458,0 -118.321755,36.641311,0 -118.321147,36.641208,0 -118.320904,36.641111,0 -118.320348,36.640765,0 -118.320089,36.640651,0 -118.319515,36.640487,0 -118.319290,36.640392,0 -118.318178,36.640096,0 -118.317987,36.640010,0 -118.318074,36.639817,0 -118.318578,36.639637,0 -118.318891,36.639489,0 -118.319185,36.639314,0 -118.319481,36.638986,0 -118.319619,36.638725,0 -118.319741,36.638395,0 -118.320054,36.637804,0 -118.320696,36.636181,0 -118.320835,36.635531,0 -118.320852,36.634976,0 -118.320696,36.634663,0 -118.320644,36.634454,0 -118.320974,36.633213,0 -118.320956,36.632561,0 -118.321113,36.631840,0 -118.321130,36.631199,0 -118.321095,36.630878,0 -118.321113,36.630712,0 -118.321043,36.630462,0 -118.321060,36.630287,0 -118.321355,36.629931,0 -118.321390,36.629784,0 -118.321372,36.629455,0 -118.321442,36.629064,0 -118.321651,36.628552,0 -118.321635,36.628475,0 -118.321599,36.628291,0 -118.321425,36.628178,0 -118.319984,36.627779,0 -118.319393,36.627492,0 -118.318734,36.627396,0 -118.318525,36.627336,0 -118.318404,36.627275,0 -118.318074,36.627015,0 -118.317762,36.626910,0 -118.317484,36.626910,0 -118.317154,36.626859,0 -118.316511,36.626892,0 -118.316408,36.626841,0 -118.316182,36.626537,0 -118.315991,36.626460,0 -118.315400,36.626493,0 -118.314723,36.626572,0 -118.314185,36.626564,0 -118.313977,36.626520,0 -118.313629,36.626337,0 -118.312987,36.626199,0 -118.311789,36.626085,0 -118.310973,36.626050,0 -118.310695,36.625956,0 -118.310487,36.625720,0 -118.310469,36.625357,0 -118.310644,36.624941,0 -118.310713,36.624939,0 -118.310782,36.624331,0 -118.310660,36.623964,0 -118.310331,36.623546,0 -118.309410,36.622721,0 -118.308647,36.622106,0 -118.308360,36.621971,0 -118.308047,36.621922,0 -118.307127,36.621864,0 -118.306780,36.621803,0 -118.305348,36.621390,0 -118.304905,36.621224,0 -118.303889,36.620686,0 -118.302735,36.620132,0 -118.302535,36.619971,0 -118.302362,36.619732,0 -118.302301,36.619523,0 -118.302570,36.618982,0 -118.302622,36.618574,0 -118.302744,36.618146,0 -118.303056,36.617380,0 -118.303152,36.616771,0 -118.303099,36.616406,0 -118.302926,36.616037,0 -118.302361,36.615062,0 -118.301632,36.613833,0 -118.301441,36.613578,0 -118.301112,36.612831,0 -118.300738,36.612357,0 -118.300547,36.612167,0 -118.300070,36.611946,0 -118.299080,36.611593,0 -118.298863,36.611425,0 -118.298698,36.611234,0 -118.298551,36.610852,0 -118.298473,36.610230,0 -118.298317,36.610043,0 -118.297813,36.609776,0 -118.297674,36.609667,0 -118.297613,36.609554,0 -118.297735,36.609093,0 -118.297682,36.608773,0 -118.297613,36.608642,0 -118.297075,36.608308,0 -118.296840,36.608213,0 -118.296580,36.607860,0 -118.296233,36.607561,0 -118.295729,36.607309,0 -118.295504,36.607239,0 -118.295009,36.607015,0 -118.294557,36.606754,0 -118.294323,36.606434,0 -118.294193,36.606120,0 -118.294098,36.605990,0 -118.293959,36.605877,0 -118.293342,36.605517,0 -118.291988,36.604819,0 -118.291172,36.604186,0 -118.290955,36.604085,0 -118.290304,36.603895,0 -118.289618,36.603755,0 -118.289115,36.603550,0 -118.288767,36.603446,0 -118.288099,36.603400,0 -118.287778,36.603434,0 -118.286866,36.603641,0 -118.286493,36.603694,0 -118.286267,36.603816,0 -118.286059,36.603985,0 -118.285798,36.604038,0 -118.285069,36.604007,0 -118.284271,36.604099,0 -118.283950,36.604163,0 -118.283680,36.604303,0 -118.282977,36.604854,0 -118.282726,36.604954,0 -118.282370,36.604911,0 -118.282305,36.604880,0 -118.281884,36.604680,0 -118.281137,36.604067,0 -118.280860,36.603720,0 -118.280495,36.602947,0 -118.280121,36.602322,0 -118.279931,36.602128,0 -118.279592,36.601880,0 -118.278186,36.601072,0 -118.277543,36.600542,0 -118.276458,36.599511,0 -118.276310,36.599302,0 -118.276058,36.598785,0 -118.275423,36.598037,0 -118.275034,36.597578,0 -118.274817,36.597079,0 -118.275034,36.596493,0 -118.275711,36.595712,0 -118.276171,36.595431,0 -118.276337,36.595304,0 -118.276510,36.595104,0 -118.276614,36.594849,0 -118.276727,36.594293,0 -118.276901,36.593877,0 -118.277630,36.592773,0 -118.277734,36.592458,0 -118.277821,36.592319,0 -118.278029,36.592174,0 -118.278307,36.592107,0 -118.278602,36.592080,0 -118.279548,36.592041,0 -118.282213,36.591102,0 -118.284444,36.590617,0 -118.285920,36.590331,0 -118.287144,36.590278,0 -118.287534,36.590309,0 -118.288011,36.590483,0 -118.288532,36.590596,0 -118.288749,36.590596,0 -118.288993,36.590509,0 -118.289105,36.590365,0 -118.289157,36.590153,0 -118.289131,36.589940,0 -118.288871,36.589520,0 -118.288897,36.589341,0 -118.289322,36.588468,0 -118.289409,36.588213,0 -118.289383,36.587762,0 -118.289175,36.587362,0 -118.289114,36.586871,0 -118.289010,36.586641,0 -118.288619,36.586207,0 -118.288211,36.585504,0 -118.287899,36.584814,0 -118.287916,36.584596,0 -118.287994,36.584372,0 -118.288289,36.583906,0 -118.288853,36.583282,0 -118.289019,36.583021,0 -118.289617,36.582396,0 -118.290016,36.582119,0 -118.290147,36.581981,0 -118.290720,36.581659,0 -118.291223,36.581134,0 -118.291788,36.580388,0 -118.293706,36.579102,0 -118.293697,36.578960,0 -118.293628,36.578777,0 -118.293489,36.578587,0 -118.293307,36.578503,0 -118.292933,36.578468,0 -118.292551,36.578390,0 -118.292421,36.578308,0 -118.292360,36.578214,0 -118.292421,36.578065,0 -118.292768,36.577748,0 -118.293306,36.577407,0 -118.294079,36.576663,0 -118.294270,36.576247,0 -118.294261,36.576039,0 -118.294165,36.575878,0 -118.294027,36.575792,0 -118.293637,36.575634,0 -118.293506,36.575591,0 -118.292039,36.575503,0 -118.291805,36.575404,0 -118.291735,36.575309,0 -118.291744,36.575217,0 -118.292421,36.574879,0 -118.292490,36.574801,0 -118.292542,36.574627,0 -118.292490,36.574537,0 -118.291492,36.574311,0 -118.291145,36.574349,0 -118.290789,36.574303,0 -118.290685,36.574180,0 -118.290667,36.574085,0 -118.290763,36.574012,0 -118.291032,36.573561,0 -118.290980,36.573318,0 -118.290841,36.573209,0 -118.290121,36.573057,0 -118.290546,36.572567,0 -118.290624,36.572363,0 -118.290633,36.572131,0 -118.290277,36.571989,0 -118.290285,36.571840,0 -118.290425,36.571720,0 -118.290702,36.571598,0 -118.291232,36.571468,0 -118.291657,36.571199,0 -118.291752,36.570908,0 -118.291744,36.570691,0 -118.291674,36.570617,0 -118.291683,36.570466,0 -118.291883,36.570222,0 -118.291952,36.570015,0 -118.291978,36.569246,0 -118.292091,36.568976,0 -118.292420,36.568665,0 -118.292473,36.568543,0 -118.292568,36.568000,0 -118.292629,36.566863,0 -118.292690,36.566656,0 -118.292403,36.564267,0 -118.292438,36.563993,0 -118.292403,36.563521,0 -118.292342,36.563260,0 -118.292481,36.563018,0 -118.292160,36.562645,0 -118.292021,36.562331,0 -118.292039,36.561845,0 -118.291778,36.561313,0 -118.291865,36.560578,0 -118.291830,36.560209,0 -118.291683,36.559841,0 -118.291544,36.559198,0 -118.291440,36.558917,0 -118.291101,36.558498,0 -118.290528,36.558296,0 -118.290094,36.558182,0 -118.289078,36.557984,0 -118.288106,36.557684,0 -118.287290,36.557219,0 -118.286943,36.556962,0 -118.286544,36.556728,0 -118.286092,36.556550,0 -118.285554,36.556376,0 -118.285094,36.556324,0 -118.284174,36.556112,0 -118.281934,36.555708,0 -118.281465,36.555588,0 -118.280293,36.555188,0 -118.278461,36.554345,0 -118.277811,36.553781,0 -118.277671,36.553526,0 -118.277585,36.553040,0 -118.277481,36.552795,0 -118.277281,36.552553,0 -118.276734,36.552041,0 -118.276639,36.551751,0 -118.276673,36.551142,0 -118.276622,36.551030,0 -118.276413,36.550918,0 -118.276118,36.550908,0 -118.275858,36.550986,0 -118.275623,36.551008,0 -118.274260,36.550778,0 -118.273375,36.550991,0 -118.272454,36.551317,0 -118.272047,36.551400,0 -118.271517,36.551403,0 -118.269712,36.551545,0 -118.268036,36.551533,0 -118.266352,36.551772,0 -118.265719,36.551758,0 -118.265467,36.551689,0 -118.265172,36.551507,0 -118.264590,36.550860,0 -118.264364,36.550526,0 -118.263236,36.549680,0 -118.263079,36.549446,0 -118.262793,36.549111,0 -118.262663,36.549006,0 -118.262150,36.548907,0 -118.261734,36.548733,0 -118.261621,36.548512,0 -118.261526,36.548178,0 -118.261569,36.547914,0 -118.261604,36.547177,0 -118.261734,36.546902,0 -118.261725,36.546754,0 -118.261551,36.546485,0 -118.261326,36.545587,0 -118.260753,36.544542,0 -118.260492,36.544246,0 -118.260250,36.544042,0 -118.259824,36.543830,0 -118.258010,36.543404,0 -118.257532,36.543340,0 -118.256691,36.543108,0 -118.255952,36.542986,0 -118.255423,36.542726,0 -118.255290,36.542700,0 -118.254155,36.542471,0 -118.253001,36.542044,0 -118.252827,36.541842,0 -118.252749,36.541620,0 -118.252298,36.541116,0 -118.252089,36.540362,0 -118.251960,36.540091,0 -118.252003,36.539523,0 -118.251838,36.539154,0 -118.251534,36.538881,0 -118.250935,36.538612,0 -118.250501,36.538594,0 -118.250431,36.538551,0 -118.250397,36.538482,0 -118.250397,36.538056,0 -118.250362,36.537909,0 -118.250240,36.537665,0 -118.249928,36.537509,0 -118.249772,36.537466,0 -118.249598,36.537439,0 -118.249285,36.537458,0 -118.249216,36.537415,0 -118.249216,36.537293,0 -118.249268,36.537136,0 -118.249563,36.536580,0 -118.249598,36.536424,0 -118.249580,36.536252,0 -118.249407,36.536024,0 -118.249129,36.535392,0 -118.248748,36.535104,0 -118.248660,36.534966,0 -118.248626,36.534827,0 -118.248834,36.534115,0 -118.248817,36.533916,0 -118.248695,36.533578,0 -118.248608,36.533394,0 -118.248400,36.533143,0 -118.248122,36.533057,0 -118.248018,36.532997,0 -118.248018,36.532848,0 -118.248070,36.532717,0 -118.248191,36.532596,0 -118.248365,36.532518,0 -118.248660,36.532457,0 -118.248799,36.532310,0 -118.248973,36.531902,0 -118.249302,36.531513,0 -118.249841,36.531217,0 -118.250049,36.531043,0 -118.250813,36.529810,0 -118.250934,36.528169,0 -118.251004,36.528095,0 -118.251039,36.527991,0 -118.251021,36.527540,0 -118.251091,36.526971,0 -118.251047,36.526746,0 -118.250934,36.526620,0 -118.250882,36.526172,0 -118.250778,36.525922,0 -118.250483,36.525764,0 -118.250205,36.525521,0 -118.250032,36.525235,0 -118.249945,36.524844,0 -118.249441,36.524376,0 -118.249129,36.524186,0 -118.248625,36.523648,0 -118.248521,36.523491,0 -118.248400,36.522934,0 -118.248243,36.522770,0 -118.247549,36.522457,0 -118.247167,36.522320,0 -118.246056,36.522059,0 -118.245691,36.522033,0 -118.245170,36.522042,0 -118.244650,36.522084,0 -118.243955,36.522250,0 -118.243660,36.522249,0 -118.243417,36.522197,0 -118.243000,36.522205,0 -118.242201,36.522058,0 -118.241837,36.522059,0 -118.241489,36.522093,0 -118.240344,36.522466,0 -118.240049,36.522648,0 -118.239910,36.522822,0 -118.239753,36.523196,0 -118.239598,36.523386,0 -118.239511,36.523439,0 -118.239430,36.523370,0 -118.239389,36.523335,0 -118.239285,36.523031,0 -118.238173,36.521546,0 -118.238069,36.521312,0 -118.237931,36.520834,0 -118.237792,36.520677,0 -118.237635,36.520574,0 -118.237496,36.520384,0 -118.237410,36.520176,0 -118.237427,36.520037,0 -118.237687,36.519489,0 -118.237722,36.519254,0 -118.237687,36.518707,0 -118.237722,36.518326,0 -118.238226,36.516989,0 -118.238174,36.516442,0 -118.238312,36.516182,0 -118.238347,36.515940,0 -118.238347,36.515670,0 -118.238017,36.514481,0 -118.237965,36.514159,0 -118.237965,36.513682,0 -118.238052,36.513474,0 -118.238347,36.513040,0 -118.238520,36.512545,0 -118.238451,36.512301,0 -118.238208,36.512059,0 -118.237982,36.511947,0 -118.237653,36.511868,0 -118.237218,36.511581,0 -118.237167,36.511425,0 -118.237236,36.511286,0 -118.237409,36.511104,0 -118.238260,36.510393,0 -118.238607,36.510209,0 -118.238781,36.510072,0 -118.239128,36.509732,0 -118.239215,36.509551,0 -118.239302,36.509255,0 -118.239301,36.508838,0 -118.238972,36.507413,0 -118.238902,36.506625,0 -118.238729,36.506026,0 -118.238746,36.505732,0 -118.238850,36.505382,0 -118.239701,36.504047,0 -118.240274,36.502987,0 -118.240413,36.502268,0 -118.240621,36.501851,0 -118.241246,36.501079,0 -118.241732,36.500391,0 -118.241975,36.500124,0 -118.242227,36.499940,0 -118.241975,36.499264,0 -118.241637,36.498899,0 -118.241211,36.498729,0 -118.240578,36.498352,0 -118.239935,36.498056,0 -118.239136,36.497779,0 -118.239050,36.497735,0 -118.238972,36.497644,0 -118.238920,36.497523,0 -118.238980,36.497255,0 -118.239171,36.497055,0 -118.239284,36.496884,0 -118.239345,36.496720,0 -118.239353,36.496516,0 -118.239275,36.496294,0 -118.239145,36.496190,0 -118.238884,36.496078,0 -118.238138,36.495909,0 -118.237869,36.495783,0 -118.237618,36.495636,0 -118.237079,36.495240,0 -118.236723,36.495037,0 -118.235795,36.494545,0 -118.235213,36.494290,0 -118.235117,36.494198,0 -118.235004,36.493959,0 -118.234961,36.493586,0 -118.234987,36.493479,0 -118.235030,36.493370,0 -118.235230,36.493113,0 -118.235786,36.492806,0 -118.236063,36.492714,0 -118.237183,36.492624,0 -118.237409,36.492540,0 -118.237721,36.492229,0 -118.237930,36.492068,0 -118.238364,36.491908,0 -118.238529,36.491811,0 -118.238754,36.491507,0 -118.238876,36.491061,0 -118.238989,36.490940,0 -118.239145,36.490840,0 -118.239475,36.490732,0 -118.240126,36.490609,0 -118.240525,36.490497,0 -118.241324,36.490222,0 -118.241671,36.490072,0 -118.241975,36.489996,0 -118.242652,36.489902,0 -118.242973,36.489775,0 -118.243416,36.489415,0 -118.243902,36.488948,0 -118.244284,36.488726,0 -118.245134,36.488634,0 -118.246089,36.488373,0 -118.246905,36.487935,0 -118.248286,36.487123,0 -118.249041,36.486498,0 -118.249735,36.485761,0 -118.250222,36.485000,0 -118.250352,36.484749,0 -118.250421,36.484408,0 -118.250421,36.484160,0 -118.250248,36.483514,0 -118.249570,36.482477,0 -118.248902,36.481456,0 -118.248355,36.480887,0 -118.248121,36.480727,0 -118.247105,36.480292,0 -118.246419,36.479916,0 -118.245004,36.479454,0 -118.243494,36.479016,0 -118.242981,36.478822,0 -118.242426,36.478462,0 -118.241410,36.477620,0 -118.241124,36.477462,0 -118.239900,36.476999,0 -118.238234,36.476813,0 -118.237513,36.476815,0 -118.236818,36.476772,0 -118.237079,36.476516,0 -118.237253,36.476204,0 -118.237417,36.475600,0 -118.237635,36.475055,0 -118.237687,36.474728,0 -118.237573,36.474382,0 -118.237209,36.473700,0 -118.237044,36.473027,0 -118.236645,36.472293,0 -118.236323,36.471855,0 -118.235404,36.470917,0 -118.234379,36.469937,0 -118.234075,36.469669,0 -118.233659,36.469395,0 -118.233320,36.469103,0 -118.233164,36.468921,0 -118.232912,36.468240,0 -118.232817,36.466932,0 -118.232573,36.466105,0 -118.232227,36.465591,0 -118.231983,36.465345,0 -118.231766,36.465183,0 -118.231427,36.464976,0 -118.230429,36.464268,0 -118.230186,36.464163,0 -118.229613,36.464025,0 -118.229231,36.464042,0 -118.228954,36.464112,0 -118.228797,36.464195,0 -118.228407,36.464191,0 -118.227348,36.464121,0 -118.226610,36.464029,0 -118.225534,36.463965,0 -118.224335,36.463848,0 -118.223754,36.463743,0 -118.223112,36.463438,0 -118.222971,36.463326,0 -118.222704,36.463023,0 -118.222391,36.462511,0 -118.221618,36.460800,0 -118.221454,36.460289,0 -118.221393,36.459794,0 -118.221427,36.459226,0 -118.221367,36.459000,0 -118.221228,36.458718,0 -118.220733,36.458232,0 -118.220438,36.458044,0 -118.220239,36.457958,0 -118.219656,36.457894,0 -118.219413,36.457837,0 -118.218050,36.457372,0 -118.217478,36.457207,0 -118.216835,36.456952,0 -118.216558,36.456808,0 -118.215864,36.456404,0 -118.215768,36.456299,0 -118.215690,36.456095,0 -118.215681,36.455978,0 -118.215724,36.455615,0 -118.215212,36.452996,0 -118.215169,36.452424,0 -118.215204,36.452059,0 -118.215064,36.451481,0 -118.214926,36.451300,0 -118.214856,36.451057,0 -118.215090,36.450483,0 -118.215142,36.450237,0 -118.215152,36.449949,0 -118.215065,36.449428,0 -118.215108,36.449004,0 -118.215073,36.448816,0 -118.214873,36.448504,0 -118.214700,36.448387,0 -118.214552,36.448234,0 -118.213485,36.446881,0 -118.213328,36.446278,0 -118.213241,36.446126,0 -118.213094,36.445974,0 -118.211410,36.445107,0 -118.210646,36.444542,0 -118.210325,36.444241,0 -118.210099,36.443969,0 -118.209908,36.443621,0 -118.209535,36.442685,0 -118.209465,36.442237,0 -118.209500,36.442051,0 -118.209587,36.441886,0 -118.209735,36.441763,0 -118.210516,36.441525,0 -118.210628,36.441392,0 -118.210689,36.441126,0 -118.210855,36.440762,0 -118.210872,36.440609,0 -118.210811,36.440328,0 -118.210585,36.439882,0 -118.210551,36.439295,0 -118.210472,36.439100,0 -118.210403,36.438674,0 -118.210412,36.438263,0 -118.210602,36.437980,0 -118.211444,36.437771,0 -118.211783,36.437611,0 -118.212096,36.437421,0 -118.212330,36.437164,0 -118.212521,36.437060,0 -118.212999,36.436885,0 -118.213658,36.436930,0 -118.214223,36.436874,0 -118.215031,36.436875,0 -118.215177,36.436716,0 -118.215125,36.436543,0 -118.215125,36.436257,0 -118.215039,36.435792,0 -118.214865,36.435323,0 -118.214726,36.435153,0 -118.214613,36.435097,0 -118.214430,36.435081,0 -118.214213,36.435007,0 -118.213988,36.434975,0 -118.213536,36.434745,0 -118.213007,36.434303,0 -118.212564,36.433695,0 -118.212235,36.433157,0 -118.212130,36.432840,0 -118.212096,36.432449,0 -118.211948,36.431768,0 -118.211705,36.431348,0 -118.210261,36.430658,0 -118.209891,36.430481,0 -118.209327,36.430397,0 -118.208988,36.430302,0 -118.208727,36.430301,0 -118.208389,36.430240,0 -118.208068,36.430263,0 -118.207182,36.430396,0 -118.205629,36.430771,0 -118.205012,36.431061,0 -118.202321,36.430966,0 -118.200351,36.430310,0 -118.199916,36.430081,0 -118.199543,36.429924,0 -118.199205,36.429719,0 -118.198884,36.429411,0 -118.198215,36.428443,0 -118.197590,36.427693,0 -118.197347,36.427506,0 -118.197052,36.427354,0 -118.196358,36.427085,0 -118.196028,36.427002,0 -118.194795,36.427000,0 -118.194578,36.426916,0 -118.194196,36.426712,0 -118.193736,36.426396,0 -118.193571,36.426317,0 -118.193389,36.426292,0 -118.189751,36.427129,0 -118.189144,36.427129,0 -118.188492,36.427369,0 -118.187911,36.427260,0 -118.186314,36.426729,0 -118.185620,36.426552,0 -118.185524,36.426465,0 -118.185134,36.426305,0 -118.184986,36.426164,0 -118.184795,36.426053,0 -118.184647,36.426031,0 -118.184422,36.426040,0 -118.184326,36.426070,0 -118.184144,36.426313,0 -118.183988,36.426412,0 -118.182043,36.427338,0 -118.181513,36.427541,0 -118.179856,36.427672,0 -118.179526,36.427772,0 -118.178788,36.427807,0 -118.178345,36.427724,0 -118.176930,36.427363,0 -118.176140,36.427033,0 -118.175680,36.426808,0 -118.175003,36.426548,0 -118.174613,36.426494,0 -118.174213,36.426543,0 -118.173918,36.426660,0 -118.173614,36.426839,0 -118.173137,36.427198,0 -118.172790,36.427505,0 -118.172668,36.427694,0 -118.172468,36.428262,0 -118.172365,36.428868,0 -118.171826,36.428851,0 -118.171114,36.428955,0 -118.170359,36.429111,0 -118.169665,36.429342,0 -118.169170,36.429437,0 -118.168484,36.429456,0 -118.167842,36.429426,0 -118.166800,36.429581,0 -118.165333,36.429677,0 -118.164378,36.429873,0 -118.163936,36.430019,0 -118.163614,36.430215,0 -118.162529,36.431000,0 -118.162216,36.431157,0 -118.160672,36.431742,0 -118.160367,36.431934,0 -118.160203,36.432094,0 -118.160124,36.432233,0 -118.159699,36.432393,0 -118.159508,36.432307,0 -118.158189,36.432294,0 -118.157790,36.432334,0 -118.157026,36.432499,0 -118.156409,36.432541,0 -118.156348,36.431573,0 -118.156166,36.430982,0 -118.156210,36.430761,0 -118.156400,36.430233,0 -118.156400,36.430089,0 -118.156314,36.429907,0 -118.156010,36.429710,0 -118.155689,36.429551,0 -118.155489,36.429306,0 -118.155307,36.428856,0 -118.155289,36.427824,0 -118.155237,36.427394,0 -118.155185,36.427221,0 -118.155038,36.426985,0 -118.154760,36.426811,0 -118.154422,36.426726,0 -118.153805,36.426968,0 -118.153501,36.427129,0 -118.153327,36.427138,0 -118.153067,36.427076,0 -118.152980,36.426885,0 -118.152868,36.426390,0 -118.152885,36.425814,0 -118.152841,36.425419,0 -118.152546,36.425154,0 -118.152095,36.424967,0 -118.151791,36.425166,0 -118.151365,36.425271,0 -118.150012,36.425337,0 -118.149404,36.425292,0 -118.148813,36.425306,0 -118.147312,36.424959,0 -118.147121,36.424855,0 -118.147069,36.424762,0 -118.147008,36.424190,0 -118.146808,36.423775,0 -118.146296,36.423310,0 -118.146175,36.423235,0 -118.145888,36.422846,0 -118.145845,36.421864,0 -118.145758,36.421543,0 -118.145663,36.421456,0 -118.145506,36.421373,0 -118.145280,36.421308,0 -118.145107,36.421308,0 -118.144924,36.421253,0 -118.144438,36.421039,0 -118.143727,36.420941,0 -118.143475,36.420971,0 -118.143119,36.420952,0 -118.142885,36.420897,0 -118.141166,36.419715,0 -118.140298,36.418912,0 -118.139717,36.418465,0 -118.139134,36.417896,0 -118.138918,36.417529,0 -118.138961,36.417090,0 -118.139169,36.416355,0 -118.139178,36.416144,0 -118.139039,36.415767,0 -118.138883,36.415549,0 -118.138640,36.415393,0 -118.138483,36.415177,0 -118.138457,36.415045,0 -118.138492,36.414869,0 -118.138718,36.414439,0 -118.138874,36.414225,0 -118.139369,36.413162,0 -118.139916,36.412290,0 -118.140037,36.412030,0 -118.140124,36.411686,0 -118.140202,36.411165,0 -118.140185,36.410910,0 -118.140090,36.410327,0 -118.139838,36.409207,0 -118.139612,36.408536,0 -118.139698,36.408296,0 -118.139794,36.408174,0 -118.140002,36.407757,0 -118.140228,36.406940,0 -118.140280,36.406449,0 -118.140558,36.405209,0 -118.140749,36.404726,0 -118.141061,36.404153,0 -118.141591,36.403524,0 -118.142648,36.402407,0 -118.144022,36.400955,0 -118.144820,36.400452,0 -118.145064,36.400336,0 -118.145411,36.399758,0 -118.145723,36.399500,0 -118.146044,36.399329,0 -118.146391,36.399248,0 -118.147268,36.398937,0 -118.148110,36.398537,0 -118.148970,36.397998,0 -118.149586,36.397708,0 -118.149820,36.397564,0 -118.150445,36.397603,0 -118.150784,36.397662,0 -118.151504,36.397640,0 -118.151773,36.397606,0 -118.152580,36.397233,0 -118.152928,36.397162,0 -118.153371,36.397200,0 -118.154412,36.397391,0 -118.154846,36.397508,0 -118.155341,36.397836,0 -118.156270,36.398324,0 -118.156635,36.398296,0 -118.157502,36.398136,0 -118.157936,36.397897,0 -118.158700,36.396998,0 -118.158961,36.396864,0 -118.159238,36.396786,0 -118.159638,36.396919,0 -118.159829,36.397199,0 -118.160141,36.397448,0 -118.160246,36.397471,0 -118.160333,36.397249,0 -118.160359,36.397045,0 -118.160793,36.396369,0 -118.160853,36.396106,0 -118.160845,36.395874,0 -118.160627,36.395253,0 -118.160619,36.395088,0 -118.160662,36.394844,0 -118.160905,36.394440,0 -118.161079,36.394265,0 -118.161678,36.393485,0 -118.161834,36.393082,0 -118.161878,36.392879,0 -118.162580,36.391772,0 -118.163275,36.390310,0 -118.163683,36.389550,0 -118.163750,36.389360,0 -118.163796,36.389230,0 -118.163796,36.388915,0 -118.163457,36.388672,0 -118.163180,36.388789,0 -118.162911,36.388944,0 -118.162520,36.389068,0 -118.162269,36.389049,0 -118.161756,36.388841,0 -118.161261,36.388697,0 -118.160688,36.388751,0 -118.160376,36.388722,0 -118.159994,36.388736,0 -118.159612,36.388691,0 -118.158813,36.388517,0 -118.157928,36.388429,0 -118.156738,36.388074,0 -118.156452,36.387937,0 -118.156322,36.387837,0 -118.156209,36.387567,0 -118.156157,36.387098,0 -118.156018,36.386755,0 -118.156036,36.385961,0 -118.155992,36.385786,0 -118.155584,36.384977,0 -118.154959,36.384364,0 -118.154872,36.383842,0 -118.155011,36.382893,0 -118.154976,36.382500,0 -118.154863,36.382160,0 -118.154673,36.381889,0 -118.153752,36.380892,0 -118.153249,36.380194,0 -118.153075,36.379726,0 -118.152928,36.379560,0 -118.152702,36.379384,0 -118.152207,36.379281,0 -118.151548,36.379342,0 -118.150757,36.379282,0 -118.150323,36.379305,0 -118.149681,36.379511,0 -118.149456,36.379549,0 -118.148908,36.379473,0 -118.148188,36.379419,0 -118.147928,36.379293,0 -118.147390,36.378859,0 -118.147251,36.378565,0 -118.147268,36.378231,0 -118.147094,36.377861,0 -118.146617,36.377718,0 -118.145983,36.377625,0 -118.145792,36.377509,0 -118.145167,36.377350,0 -118.144664,36.377132,0 -118.144282,36.376801,0 -118.144021,36.376619,0 -118.143735,36.376283,0 -118.143622,36.376096,0 -118.143379,36.375287,0 -118.143344,36.374655,0 -118.142971,36.374523,0 -118.141617,36.374173,0 -118.141409,36.374009,0 -118.141409,36.373831,0 -118.141504,36.373709,0 -118.142033,36.373323,0 -118.142179,36.373176,0 -118.142355,36.372976,0 -118.142372,36.372862,0 -118.142329,36.372750,0 -118.141990,36.372421,0 -118.141764,36.371991,0 -118.141443,36.371667,0 -118.141191,36.371524,0 -118.140618,36.371338,0 -118.139942,36.371241,0 -118.139203,36.371058,0 -118.138796,36.370989,0 -118.137580,36.370636,0 -118.137398,36.370565,0 -118.136695,36.369902,0 -118.136538,36.369807,0 -118.136339,36.369741,0 -118.135879,36.369708,0 -118.135635,36.369746,0 -118.134794,36.370121,0 -118.133908,36.370621,0 -118.133118,36.370868,0 -118.132832,36.370926,0 -118.132138,36.370904,0 -118.131886,36.370831,0 -118.131652,36.370652,0 -118.131530,36.370501,0 -118.131417,36.370276,0 -118.131356,36.370046,0 -118.131365,36.369799,0 -118.131643,36.369054,0 -118.131669,36.368625,0 -118.131582,36.368094,0 -118.131356,36.367290,0 -118.131286,36.366792,0 -118.131104,36.366251,0 -118.130818,36.365789,0 -118.130609,36.365305,0 -118.130028,36.364262,0 -118.129924,36.364136,0 -118.129750,36.364005,0 -118.128960,36.363745,0 -118.128552,36.363560,0 -118.128361,36.363435,0 -118.127562,36.362306,0 -118.127475,36.362136,0 -118.127407,36.361777,0 -118.127432,36.361535,0 -118.127407,36.361435,0 -118.127311,36.361325,0 -118.127111,36.361198,0 -118.127007,36.361090,0 -118.126903,36.360930,0 -118.125592,36.359436,0 -118.125470,36.358978,0 -118.125306,36.358661,0 -118.125141,36.358395,0 -118.124698,36.357834,0 -118.124568,36.357442,0 -118.124421,36.357184,0 -118.123778,36.356270,0 -118.123699,36.355927,0 -118.123691,36.355625,0 -118.123639,36.355508,0 -118.123492,36.355378,0 -118.123153,36.355202,0 -118.122753,36.354871,0 -118.122476,36.354767,0 -118.122614,36.354552,0 -118.123022,36.354294,0 -118.123326,36.354230,0 -118.123482,36.354047,0 -118.123656,36.353543,0 -118.123760,36.353385,0 -118.124029,36.353156,0 -118.124177,36.352955,0 -118.124220,36.352895,0 -118.124220,36.352659,0 -118.123673,36.352351,0 -118.123266,36.351834,0 -118.123057,36.351080,0 -118.122857,36.350622,0 -118.122571,36.350225,0 -118.122293,36.349955,0 -118.122137,36.349883,0 -118.121789,36.349862,0 -118.121313,36.349753,0 -118.120575,36.349248,0 -118.120306,36.349011,0 -118.119932,36.348897,0 -118.119776,36.348958,0 -118.119438,36.349165,0 -118.119133,36.349454,0 -118.119038,36.349504,0 -118.118882,36.349509,0 -118.118595,36.349394,0 -118.118448,36.349282,0 -118.118335,36.349095,0 -118.118344,36.348920,0 -118.118396,36.348782,0 -118.118370,36.348441,0 -118.118230,36.348352,0 -118.118083,36.348342,0 -118.117858,36.348429,0 -118.117527,36.348877,0 -118.117233,36.349032,0 -118.116833,36.349202,0 -118.116452,36.349205,0 -118.115731,36.349067,0 -118.115236,36.349029,0 -118.114680,36.348909,0 -118.113283,36.348240,0 -118.112935,36.348147,0 -118.112745,36.348118,0 -118.111920,36.348114,0 -118.111599,36.348080,0 -118.111303,36.348005,0 -118.110722,36.347725,0 -118.110600,36.347603,0 -118.110418,36.347487,0 -118.109637,36.347219,0 -118.109428,36.347176,0 -118.108916,36.347254,0 -118.108664,36.347519,0 -118.108430,36.347683,0 -118.107814,36.347984,0 -118.107215,36.348220,0 -118.106859,36.348291,0 -118.106078,36.348250,0 -118.105550,36.348037,0 -118.104958,36.347799,0 -118.104750,36.347644,0 -118.104559,36.347429,0 -118.104455,36.347215,0 -118.104437,36.347100,0 -118.104359,36.346989,0 -118.104151,36.346946,0 -118.103161,36.346876,0 -118.102961,36.346805,0 -118.102779,36.346725,0 -118.102475,36.346497,0 -118.101893,36.346185,0 -118.101364,36.345841,0 -118.101624,36.345561,0 -118.102163,36.345250,0 -118.102224,36.345068,0 -118.102163,36.344678,0 -118.102232,36.344479,0 -118.102432,36.344291,0 -118.102736,36.343898,0 -118.102857,36.343372,0 -118.102857,36.343111,0 -118.102788,36.342968,0 -118.102553,36.342731,0 -118.102484,36.342560,0 -118.102484,36.342433,0 -118.102510,36.342268,0 -118.102927,36.340977,0 -118.103022,36.340549,0 -118.102762,36.340157,0 -118.102562,36.340136,0 -118.102441,36.340059,0 -118.102388,36.339953,0 -118.102380,36.339534,0 -118.102510,36.339226,0 -118.102449,36.338697,0 -118.102822,36.337760,0 -118.102840,36.337549,0 -118.102753,36.337298,0 -118.102640,36.337214,0 -118.102527,36.337072,0 -118.102423,36.336631,0 -118.102362,36.336525,0 -118.101876,36.336183,0 -118.101694,36.336009,0 -118.101572,36.335826,0 -118.101521,36.335610,0 -118.101442,36.334675,0 -118.101364,36.334487,0 -118.100774,36.333745,0 -118.100678,36.333491,0 -118.100896,36.333090,0 -118.100930,36.332896,0 -118.100878,36.332603,0 -118.100809,36.332521,0 -118.100652,36.332438,0 -118.100496,36.332405,0 -118.100349,36.332406,0 -118.100096,36.332467,0 -118.099888,36.332466,0 -118.099437,36.332379,0 -118.099090,36.332451,0 -118.098786,36.332436,0 -118.098508,36.332310,0 -118.098465,36.332182,0 -118.098473,36.332072,0 -118.098369,36.331843,0 -118.098226,36.331648,0 -118.098196,36.331509,0 -118.098326,36.331285,0 -118.098769,36.330947,0 -118.099185,36.330451,0 -118.099576,36.330143,0 -118.100462,36.328954,0 -118.100652,36.328773,0 -118.101025,36.328271,0 -118.101824,36.327984,0 -118.101954,36.327895,0 -118.102423,36.327353,0 -118.102814,36.327209,0 -118.102917,36.327128,0 -118.103013,36.326968,0 -118.103074,36.326648,0 -118.103013,36.326511,0 -118.102658,36.326269,0 -118.102354,36.326015,0 -118.102241,36.325961,0 -118.101902,36.325882,0 -118.101738,36.325546,0 -118.101720,36.325404,0 -118.101885,36.325019,0 -118.102319,36.324465,0 -118.102892,36.325110,0 -118.103187,36.325293,0 -118.103308,36.325303,0 -118.103708,36.325121,0 -118.103951,36.325086,0 -118.104454,36.325185,0 -118.104758,36.325024,0 -118.104897,36.325001,0 -118.105748,36.325232,0 -118.106216,36.325249,0 -118.106876,36.325125,0 -118.107666,36.324756,0 -118.108057,36.324484,0 -118.108369,36.323934,0 -118.108526,36.323824,0 -118.108795,36.323783,0 -118.109446,36.323771,0 -118.110062,36.323517,0 -118.111095,36.322909,0 -118.112510,36.322548,0 -118.112978,36.322327,0 -118.113169,36.322019,0 -118.113187,36.321198,0 -118.113300,36.320994,0 -118.113586,36.320789,0 -118.114003,36.320732,0 -118.114793,36.320490,0 -118.115001,36.320280,0 -118.115036,36.320137,0 -118.114940,36.319949,0 -118.114732,36.319719,0 -118.114671,36.319571,0 -118.114845,36.319332,0 -118.114888,36.319167,0 -118.114853,36.318815,0 -118.114793,36.318711,0 -118.114784,36.318549,0 -118.114931,36.318302,0 -118.114940,36.318147,0 -118.114784,36.317873,0 -118.114289,36.317497,0 -118.114124,36.317288,0 -118.113803,36.316651,0 -118.113664,36.316533,0 -118.113135,36.316502,0 -118.112823,36.316435,0 -118.112536,36.316099,0 -118.112432,36.315858,0 -118.112336,36.315337,0 -118.112935,36.314159,0 -118.112926,36.313823,0 -118.112805,36.313228,0 -118.112380,36.312513,0 -118.112266,36.312409,0 -118.111781,36.311622,0 -118.111373,36.310689,0 -118.111112,36.309935,0 -118.111008,36.309719,0 -118.110904,36.309593,0 -118.110331,36.309182,0 -118.110270,36.309043,0 -118.111060,36.308535,0 -118.111442,36.308413,0 -118.112640,36.308313,0 -118.112996,36.308125,0 -118.113482,36.307742,0 -118.113847,36.307638,0 -118.114775,36.307478,0 -118.115496,36.307145,0 -118.116503,36.306797,0 -118.117545,36.306596,0 -118.118283,36.306325,0 -118.118682,36.306093,0 -118.118917,36.305874,0 -118.119463,36.305364,0 -118.120018,36.304966,0 -118.120340,36.304799,0 -118.120956,36.304624,0 -118.121529,36.304382,0 -118.121694,36.304280,0 -118.121876,36.304103,0 -118.121841,36.303928,0 -118.121685,36.303701,0 -118.121529,36.303569,0 -118.121208,36.303378,0 -118.121095,36.303241,0 -118.121017,36.303075,0 -118.121034,36.302853,0 -118.121364,36.302263,0 -118.121511,36.301679,0 -118.122119,36.301393,0 -118.122397,36.301308,0 -118.123412,36.300757,0 -118.123647,36.300690,0 -118.124090,36.300630,0 -118.124359,36.300623,0 -118.124689,36.300639,0 -118.125010,36.300706,0 -118.125288,36.300726,0 -118.126329,36.300629,0 -118.126520,36.300572,0 -118.126911,36.300601,0 -118.127076,36.300511,0 -118.127276,36.300289,0 -118.127371,36.300032,0 -118.127510,36.299822,0 -118.128144,36.299424,0 -118.127822,36.299497,0 -118.127501,36.299513,0 -118.127328,36.299474,0 -118.126928,36.299217,0 -118.126746,36.298980,0 -118.126486,36.298717,0 -118.126199,36.298503,0 -118.125808,36.298305,0 -118.125765,36.298215,0 -118.125739,36.298000,0 -118.125808,36.297728,0 -118.125860,36.297618,0 -118.125939,36.297567,0 -118.126268,36.296369,0 -118.126242,36.296188,0 -118.126138,36.296006,0 -118.126069,36.295929,0 -118.125930,36.295851,0 -118.125809,36.295580,0 -118.125730,36.295365,0 -118.125765,36.295058,0 -118.125808,36.294921,0 -118.125930,36.294743,0 -118.126477,36.294354,0 -118.126720,36.294237,0 -118.126937,36.294071,0 -118.126963,36.293673,0 -118.126702,36.293273,0 -118.126572,36.292849,0 -118.126173,36.292297,0 -118.125930,36.291895,0 -118.125565,36.291642,0 -118.125435,36.291582,0 -118.124688,36.290993,0 -118.124567,36.290822,0 -118.124402,36.290221,0 -118.124446,36.290002,0 -118.124636,36.289829,0 -118.124845,36.289527,0 -118.124957,36.289352,0 -118.124975,36.289208,0 -118.124914,36.288717,0 -118.124506,36.287769,0 -118.124463,36.287461,0 -118.124749,36.287168,0 -118.125270,36.286915,0 -118.125505,36.286731,0 -118.126355,36.286514,0 -118.126572,36.286315,0 -118.126711,36.286028,0 -118.126737,36.285671,0 -118.126711,36.285179,0 -118.126572,36.284899,0 -118.126520,36.284557,0 -118.126538,36.284378,0 -118.126668,36.283984,0 -118.126833,36.283235,0 -118.126884,36.283120,0 -118.127518,36.282409,0 -118.127796,36.281833,0 -118.127727,36.281560,0 -118.127631,36.281455,0 -118.127179,36.281119,0 -118.127093,36.280976,0 -118.126997,36.280630,0 -118.126894,36.280486,0 -118.125392,36.279229,0 -118.122935,36.277938,0 -118.122597,36.277712,0 -118.122049,36.277228,0 -118.121798,36.276948,0 -118.121450,36.276634,0 -118.121190,36.276151,0 -118.121008,36.275301,0 -118.120808,36.274667,0 -118.120591,36.274156,0 -118.120530,36.273874,0 -118.120565,36.273455,0 -118.120443,36.273108,0 -118.120027,36.272631,0 -118.119541,36.272172,0 -118.119020,36.271831,0 -118.118620,36.271495,0 -118.118230,36.270935,0 -118.117786,36.269834,0 -118.117683,36.269354,0 -118.117691,36.268819,0 -118.117753,36.268472,0 -118.117735,36.267942,0 -118.117631,36.267314,0 -118.117770,36.266712,0 -118.117848,36.266157,0 -118.117983,36.265828,0 -118.118091,36.265235,0 -118.118126,36.264354,0 -118.118108,36.263362,0 -118.118334,36.262458,0 -118.118534,36.262198,0 -118.118594,36.261989,0 -118.118603,36.261719,0 -118.118672,36.261492,0 -118.119202,36.261018,0 -118.119463,36.260525,0 -118.119567,36.260070,0 -118.119697,36.259902,0 -118.119819,36.259810,0 -118.119871,36.259688,0 -118.119888,36.259407,0 -118.119688,36.258778,0 -118.119671,36.258593,0 -118.119931,36.256982,0 -118.119931,36.256194,0 -118.119879,36.255861,0 -118.119697,36.255361,0 -118.119020,36.254171,0 -118.118802,36.253181,0 -118.118525,36.252413,0 -118.118108,36.251815,0 -118.117127,36.249992,0 -118.114800,36.249347,0 -118.114618,36.248851,0 -118.114532,36.248431,0 -118.114488,36.248051,0 -118.114479,36.246999,0 -118.114419,36.246679,0 -118.114245,36.246265,0 -118.114245,36.246028,0 -118.114375,36.245484,0 -118.114393,36.245235,0 -118.114228,36.243848,0 -118.114002,36.243136,0 -118.113464,36.242074,0 -118.113221,36.241436,0 -118.112891,36.241006,0 -118.112587,36.240269,0 -118.112406,36.239955,0 -118.112005,36.239414,0 -118.111371,36.239003,0 -118.111138,36.238885,0 -118.110695,36.238534,0 -118.109627,36.237869,0 -118.109037,36.237367,0 -118.108758,36.237176,0 -118.108542,36.237077,0 -118.108342,36.237049,0 -118.108090,36.237081,0 -118.107717,36.237045,0 -118.107622,36.236951,0 -118.107604,36.236476,0 -118.107544,36.236124,0 -118.107378,36.235820,0 -118.106771,36.235160,0 -118.106545,36.234714,0 -118.106397,36.234499,0 -118.106033,36.234119,0 -118.105364,36.233306,0 -118.105260,36.233081,0 -118.105373,36.232908,0 -118.105469,36.232556,0 -118.105443,36.231306,0 -118.105477,36.230954,0 -118.105443,36.230385,0 -118.105347,36.229944,0 -118.105130,36.229658,0 -118.104974,36.229310,0 -118.104930,36.229024,0 -118.105026,36.228684,0 -118.105278,36.228440,0 -118.105413,36.228415,0 -118.105521,36.228396,0 -118.106293,36.228461,0 -118.106640,36.228439,0 -118.106962,36.228349,0 -118.107751,36.228034,0 -118.108490,36.227786,0 -118.109557,36.227332,0 -118.109757,36.227200,0 -118.109922,36.226989,0 -118.110017,36.226797,0 -118.110061,36.226519,0 -118.109939,36.226064,0 -118.108967,36.224302,0 -118.108915,36.223899,0 -118.108941,36.223357,0 -118.108811,36.222814,0 -118.108533,36.222476,0 -118.107968,36.221978,0 -118.107821,36.221767,0 -118.107778,36.221603,0 -118.107743,36.221305,0 -118.107943,36.220610,0 -118.108012,36.220197,0 -118.107951,36.219805,0 -118.107821,36.219498,0 -118.107795,36.219204,0 -118.107864,36.219029,0 -118.108160,36.218665,0 -118.108351,36.218346,0 -118.108455,36.217959,0 -118.108507,36.217558,0 -118.108472,36.217282,0 -118.108185,36.216262,0 -118.107639,36.215607,0 -118.107326,36.215360,0 -118.107005,36.215047,0 -118.106492,36.214342,0 -118.106197,36.213884,0 -118.105781,36.213020,0 -118.105451,36.212210,0 -118.105251,36.211891,0 -118.103333,36.209898,0 -118.102803,36.209266,0 -118.102430,36.208758,0 -118.102109,36.208461,0 -118.101493,36.207977,0 -118.100859,36.207647,0 -118.100651,36.207620,0 -118.100260,36.207498,0 -118.100077,36.207495,0 -118.099340,36.207298,0 -118.098880,36.207088,0 -118.098506,36.206852,0 -118.097630,36.206118,0 -118.097239,36.205942,0 -118.097057,36.205946,0 -118.096388,36.205824,0 -118.095755,36.205566,0 -118.095416,36.205462,0 -118.094783,36.205139,0 -118.094548,36.204933,0 -118.094140,36.204462,0 -118.093931,36.204113,0 -118.093194,36.202345,0 -118.092725,36.201382,0 -118.092022,36.200325,0 -118.091580,36.199293,0 -118.091180,36.197685,0 -118.090902,36.196926,0 -118.090763,36.196752,0 -118.090424,36.196447,0 -118.090068,36.196433,0 -118.088098,36.196728,0 -118.086978,36.196513,0 -118.086380,36.196254,0 -118.085260,36.195962,0 -118.084583,36.195856,0 -118.084053,36.195739,0 -118.083063,36.195449,0 -118.082152,36.195434,0 -118.081804,36.195534,0 -118.081518,36.195738,0 -118.081267,36.195737,0 -118.080971,36.195561,0 -118.080320,36.195027,0 -118.079600,36.194293,0 -118.079443,36.193982,0 -118.079357,36.193603,0 -118.079114,36.193208,0 -118.078575,36.192882,0 -118.077942,36.192414,0 -118.077221,36.191979,0 -118.076917,36.191755,0 -118.074704,36.189714,0 -118.074276,36.189192,0 -118.073176,36.187848,0 -118.072247,36.186414,0 -118.071656,36.185320,0 -118.071327,36.184183,0 -118.071196,36.183304,0 -118.071205,36.182906,0 -118.071136,36.181813,0 -118.071023,36.181523,0 -118.070814,36.181183,0 -118.070624,36.180736,0 -118.070346,36.179941,0 -118.070190,36.179126,0 -118.070268,36.178781,0 -118.070259,36.178670,0 -118.070172,36.178520,0 -118.069756,36.178273,0 -118.069530,36.178228,0 -118.069209,36.178098,0 -118.069061,36.177956,0 -118.068879,36.177674,0 -118.068827,36.177519,0 -118.068844,36.177277,0 -118.068722,36.176986,0 -118.068627,36.176892,0 -118.068384,36.176864,0 -118.067316,36.176590,0 -118.066631,36.176447,0 -118.066066,36.176158,0 -118.065493,36.175745,0 -118.064061,36.175084,0 -118.063636,36.174819,0 -118.062299,36.174205,0 -118.061526,36.173908,0 -118.061153,36.173694,0 -118.060814,36.173415,0 -118.060572,36.173112,0 -118.060458,36.172704,0 -118.060545,36.171557,0 -118.060363,36.171187,0 -118.059539,36.170566,0 -118.059113,36.170390,0 -118.058679,36.170039,0 -118.058523,36.169720,0 -118.058558,36.169426,0 -118.059226,36.169585,0 -118.059374,36.169690,0 -118.059764,36.169823,0 -118.060120,36.169518,0 -118.060276,36.169322,0 -118.060502,36.168730,0 -118.060537,36.168058,0 -118.060510,36.167683,0 -118.060415,36.167319,0 -118.060242,36.167001,0 -118.059625,36.166145,0 -118.059521,36.165799,0 -118.059565,36.165596,0 -118.059695,36.165347,0 -118.060181,36.164691,0 -118.060996,36.163984,0 -118.061353,36.163454,0 -118.061639,36.163162,0 -118.062177,36.162797,0 -118.062438,36.162731,0 -118.062672,36.162597,0 -118.062907,36.162440,0 -118.063080,36.162278,0 -118.063218,36.162048,0 -118.063332,36.161717,0 -118.063115,36.161359,0 -118.062863,36.161148,0 -118.062351,36.160996,0 -118.061812,36.160886,0 -118.061544,36.160776,0 -118.061335,36.160727,0 -118.061006,36.160529,0 -118.060823,36.160348,0 -118.060554,36.159686,0 -118.060189,36.159192,0 -118.059860,36.158640,0 -118.059709,36.158315,0 -118.059668,36.158227,0 -118.059217,36.157764,0 -118.059061,36.157400,0 -118.058991,36.156933,0 -118.058887,36.155058,0 -118.058869,36.153914,0 -118.058930,36.153259,0 -118.059521,36.150649,0 -118.059625,36.150259,0 -118.059740,36.149989,0 -118.060007,36.149544,0 -118.060502,36.149188,0 -118.061674,36.148597,0 -118.062229,36.148264,0 -118.064954,36.147164,0 -118.066162,36.146772,0 -118.066639,36.146528,0 -118.067194,36.146049,0 -118.067741,36.145691,0 -118.068158,36.145475,0 -118.069634,36.144921,0 -118.070033,36.144717,0 -118.070458,36.144552,0 -118.070840,36.144259,0 -118.071370,36.143718,0 -118.071595,36.143437,0 -118.071942,36.142785,0 -118.072394,36.142162,0 -118.072889,36.141214,0 -118.073279,36.140728,0 -118.073549,36.140287,0 -118.073696,36.139967,0 -118.073809,36.139525,0 -118.073670,36.138016,0 -118.073539,36.137409,0 -118.072846,36.136678,0 -118.072133,36.135654,0 -118.071674,36.134608,0 -118.071309,36.134023,0 -118.071153,36.133632,0 -118.071126,36.133158,0 -118.071517,36.131560,0 -118.071604,36.129846,0 -118.071821,36.129211,0 -118.072003,36.129074,0 -118.072264,36.128770,0 -118.072281,36.128642,0 -118.072237,36.128523,0 -118.072090,36.128434,0 -118.071690,36.128451,0 -118.071535,36.128402,0 -118.070988,36.128051,0 -118.070232,36.127671,0 -118.069260,36.127011,0 -118.068878,36.126554,0 -118.068357,36.126053,0 -118.068071,36.125573,0 -118.067958,36.125134,0 -118.067489,36.124451,0 -118.067376,36.124081,0 -118.067316,36.123559,0 -118.067411,36.122441,0 -118.067576,36.121903,0 -118.067714,36.121598,0 -118.067932,36.120824,0 -118.068010,36.120613,0 -118.068175,36.120343,0 -118.068175,36.120125,0 -118.068131,36.120008,0 -118.067932,36.119914,0 -118.067472,36.119796,0 -118.066604,36.119745,0 -118.066048,36.119641,0 -118.065883,36.119560,0 -118.066821,36.118936,0 -118.066890,36.118782,0 -118.066985,36.118677,0 -118.067264,36.118491,0 -118.067350,36.118314,0 -118.067377,36.117939,0 -118.067263,36.117345,0 -118.067003,36.116724,0 -118.067046,36.116361,0 -118.067116,36.116161,0 -118.067081,36.115800,0 -118.066803,36.115399,0 -118.066708,36.115206,0 -118.066604,36.114875,0 -118.066517,36.114302,0 -118.066135,36.113275,0 -118.065952,36.113072,0 -118.065527,36.112786,0 -118.065483,36.112674,0 -118.065510,36.112461,0 -118.065579,36.112325,0 -118.065562,36.112004,0 -118.065518,36.111806,0 -118.065292,36.111306,0 -118.065267,36.111042,0 -118.065380,36.110668,0 -118.065475,36.110557,0 -118.066100,36.110381,0 -118.066456,36.110085,0 -118.066760,36.109944,0 -118.067636,36.109913,0 -118.067862,36.109877,0 -118.068082,36.109539,0 -118.068244,36.109289,0 -118.068262,36.108952,0 -118.068227,36.108597,0 -118.068079,36.108053,0 -118.067428,36.107448,0 -118.067150,36.107132,0 -118.066942,36.106788,0 -118.066795,36.106375,0 -118.066820,36.105989,0 -118.066890,36.105802,0 -118.067011,36.105632,0 -118.067081,36.105416,0 -118.067020,36.105103,0 -118.066924,36.104878,0 -118.066820,36.104208,0 -118.066742,36.103029,0 -118.066690,36.102611,0 -118.066586,36.102165,0 -118.066577,36.101917,0 -118.066646,36.101402,0 -118.066855,36.100976,0 -118.067159,36.100547,0 -118.068227,36.100189,0 -118.068504,36.100123,0 -118.068695,36.099996,0 -118.068669,36.099615,0 -118.068513,36.099367,0 -118.068253,36.099145,0 -118.068079,36.099066,0 -118.067601,36.098933,0 -118.067410,36.098820,0 -118.067228,36.098610,0 -118.067150,36.098390,0 -118.067176,36.097554,0 -118.067341,36.096971,0 -118.067480,36.096767,0 -118.067984,36.096221,0 -118.068105,36.096027,0 -118.068235,36.095612,0 -118.068140,36.095099,0 -118.067810,36.094608,0 -118.067298,36.094126,0 -118.067055,36.093791,0 -118.066915,36.093214,0 -118.066916,36.093000,0 -118.067072,36.092299,0 -118.067043,36.092190,0 -118.067011,36.092067,0 -118.066829,36.091893,0 -118.066473,36.091842,0 -118.066082,36.091738,0 -118.065605,36.091559,0 -118.065388,36.091446,0 -118.065145,36.091261,0 -118.064988,36.091063,0 -118.064841,36.090663,0 -118.064624,36.090379,0 -118.064285,36.090232,0 -118.063964,36.090215,0 -118.063339,36.090243,0 -118.062975,36.090320,0 -118.062550,36.090332,0 -118.061178,36.091004,0 -118.060874,36.091127,0 -118.060240,36.091592,0 -118.059989,36.091813,0 -118.059763,36.091858,0 -118.059418,36.091817,0 -118.059268,36.091774,0 -118.058956,36.091622,0 -118.058800,36.091512,0 -118.058235,36.090980,0 -118.057992,36.090652,0 -118.057645,36.089758,0 -118.056985,36.088827,0 -118.056803,36.088520,0 -118.056569,36.087979,0 -118.056377,36.087710,0 -118.056038,36.087442,0 -118.055509,36.087107,0 -118.054468,36.086132,0 -118.053564,36.085484,0 -118.053313,36.085220,0 -118.052974,36.084688,0 -118.052228,36.084126,0 -118.052037,36.083850,0 -118.051976,36.083591,0 -118.051993,36.083240,0 -118.052150,36.081765,0 -118.052037,36.081380,0 -118.051082,36.080188,0 -118.050874,36.079785,0 -118.050735,36.079388,0 -118.050830,36.078041,0 -118.050553,36.077435,0 -118.050327,36.077115,0 -118.050196,36.076846,0 -118.050196,36.076495,0 -118.050266,36.076165,0 -118.050404,36.075819,0 -118.050864,36.075010,0 -118.051455,36.074370,0 -118.051611,36.074133,0 -118.051698,36.073808,0 -118.051724,36.073557,0 -118.051542,36.072885,0 -118.051238,36.072049,0 -118.051151,36.071509,0 -118.051390,36.071302,0 -118.051985,36.070783,0 -118.052097,36.070646,0 -118.052175,36.070293,0 -118.052019,36.070035,0 -118.051863,36.069963,0 -118.051533,36.069611,0 -118.051411,36.068643,0 -118.051472,36.068400,0 -118.051507,36.067334,0 -118.051455,36.066463,0 -118.051654,36.065863,0 -118.051680,36.065561,0 -118.051846,36.064989,0 -118.051880,36.064610,0 -118.051793,36.063789,0 -118.051811,36.063080,0 -118.051854,36.062754,0 -118.051854,36.061621,0 -118.051794,36.060894,0 -118.051871,36.060604,0 -118.051741,36.060009,0 -118.051481,36.059343,0 -118.050951,36.058371,0 -118.050396,36.057479,0 -118.050057,36.057035,0 -118.049345,36.056600,0 -118.049007,36.056489,0 -118.048512,36.056271,0 -118.048130,36.055967,0 -118.048061,36.055818,0 -118.048026,36.055620,0 -118.048034,36.055357,0 -118.048217,36.054791,0 -118.048191,36.054531,0 -118.048121,36.054289,0 -118.048121,36.054127,0 -118.048208,36.054002,0 -118.048295,36.053941,0 -118.048590,36.053784,0 -118.049050,36.053600,0 -118.049171,36.053473,0 -118.049189,36.053397,0 -118.049050,36.053265,0 -118.048868,36.053248,0 -118.048660,36.053276,0 -118.048251,36.053203,0 -118.047878,36.053183,0 -118.047384,36.053034,0 -118.046837,36.052784,0 -118.046585,36.052611,0 -118.046307,36.052352,0 -118.045778,36.051731,0 -118.045673,36.051495,0 -118.045283,36.051159,0 -118.044953,36.050965,0 -118.044423,36.050579,0 -118.043608,36.049703,0 -118.043260,36.049511,0 -118.042296,36.049270,0 -118.042123,36.049164,0 -118.042062,36.049081,0 -118.043077,36.047826,0 -118.043503,36.047188,0 -118.043677,36.047094,0 -118.043825,36.046968,0 -118.043955,36.046748,0 -118.044015,36.046516,0 -118.044024,36.046276,0 -118.043972,36.045801,0 -118.043989,36.045212,0 -118.044302,36.044466,0 -118.044449,36.044227,0 -118.044657,36.044015,0 -118.045022,36.043820,0 -118.045569,36.043764,0 -118.045873,36.043702,0 -118.046186,36.043571,0 -118.046906,36.043054,0 -118.047027,36.042796,0 -118.047019,36.042377,0 -118.046949,36.042063,0 -118.046819,36.041754,0 -118.046159,36.040970,0 -118.045595,36.040557,0 -118.044701,36.040052,0 -118.044293,36.039643,0 -118.044137,36.039540,0 -118.043954,36.039467,0 -118.042817,36.039165,0 -118.042618,36.039018,0 -118.042522,36.038824,0 -118.042349,36.038038,0 -118.042105,36.037335,0 -118.041845,36.036631,0 -118.041507,36.035979,0 -118.041194,36.035525,0 -118.040985,36.035298,0 -118.040326,36.034809,0 -118.039822,36.034280,0 -118.039449,36.033391,0 -118.039258,36.032752,0 -118.039249,36.032428,0 -118.039310,36.032306,0 -118.040056,36.032051,0 -118.040369,36.031981,0 -118.040777,36.031793,0 -118.041150,36.031556,0 -118.041506,36.031123,0 -118.042027,36.030643,0 -118.042253,36.030346,0 -118.042244,36.030159,0 -118.041853,36.029967,0 -118.041610,36.029891,0 -118.041020,36.029845,0 -118.039857,36.029911,0 -118.038859,36.030041,0 -118.038624,36.030002,0 -118.038260,36.029816,0 -118.038068,36.029682,0 -118.037470,36.029143,0 -118.037340,36.028941,0 -118.037253,36.028743,0 -118.037244,36.028594,0 -118.037322,36.028379,0 -118.037652,36.027739,0 -118.037956,36.026689,0 -118.037973,36.026442,0 -118.037947,36.026311,0 -118.037851,36.026122,0 -118.037565,36.025876,0 -118.037444,36.025567,0 -118.037443,36.025407,0 -118.037635,36.024490,0 -118.037539,36.024317,0 -118.037392,36.024252,0 -118.036966,36.023845,0 -118.036714,36.023515,0 -118.036593,36.023267,0 -118.036540,36.023004,0 -118.036514,36.022338,0 -118.036810,36.021849,0 -118.036819,36.021613,0 -118.036714,36.020215,0 -118.036506,36.019907,0 -118.036419,36.019709,0 -118.036384,36.019330,0 -118.036445,36.018718,0 -118.036385,36.018508,0 -118.036228,36.018240,0 -118.036055,36.017650,0 -118.035707,36.016785,0 -118.035455,36.016340,0 -118.035621,36.016157,0 -118.035907,36.016043,0 -118.036141,36.016010,0 -118.036784,36.016010,0 -118.037513,36.015851,0 -118.037643,36.015773,0 -118.037756,36.015674,0 -118.037868,36.015510,0 -118.037973,36.015294,0 -118.038060,36.014640,0 -118.038034,36.014288,0 -118.037895,36.013973,0 -118.037765,36.013797,0 -118.036879,36.013353,0 -118.036150,36.013077,0 -118.035941,36.012962,0 -118.035837,36.012841,0 -118.035360,36.011752,0 -118.034961,36.011362,0 -118.034735,36.010960,0 -118.034534,36.010259,0 -118.034405,36.009810,0 -118.034266,36.009514,0 -118.034032,36.009198,0 -118.033520,36.008868,0 -118.032938,36.008578,0 -118.032608,36.008380,0 -118.032383,36.008204,0 -118.031818,36.007618,0 -118.031731,36.007468,0 -118.031610,36.006769,0 -118.031523,36.006561,0 -118.031289,36.006240,0 -118.031063,36.006114,0 -118.030785,36.006033,0 -118.030482,36.006015,0 -118.030351,36.006044,0 -118.030125,36.006192,0 -118.029882,36.006477,0 -118.029778,36.006538,0 -118.029640,36.006550,0 -118.028919,36.006491,0 -118.028745,36.006434,0 -118.028198,36.006513,0 -118.027929,36.006472,0 -118.027617,36.006308,0 -118.027052,36.005902,0 -118.026931,36.005780,0 -118.026844,36.005556,0 -118.026853,36.004597,0 -118.026810,36.004476,0 -118.026748,36.004444,0 -118.026627,36.004417,0 -118.026193,36.004565,0 -118.025872,36.004716,0 -118.025334,36.004730,0 -118.024231,36.004499,0 -118.023519,36.004281,0 -118.023190,36.004274,0 -118.022790,36.004192,0 -118.022330,36.004188,0 -118.021688,36.004022,0 -118.021566,36.003880,0 -118.021349,36.003736,0 -118.021037,36.003605,0 -118.020733,36.003431,0 -118.020047,36.003195,0 -118.019683,36.002991,0 -118.019466,36.002763,0 -118.019292,36.002499,0 -118.018467,36.001720,0 -118.017964,36.001318,0 -118.017183,36.000908,0 -118.017035,36.000850,0 -118.016566,36.000756,0 -118.016410,36.000691,0 -118.016158,36.000485,0 -118.015654,36.000207,0 -118.015081,35.999683,0 -118.014925,35.999413,0 -118.014882,35.999171,0 -118.014890,35.998977,0 -118.014795,35.998798,0 -118.014535,35.998564,0 -118.014222,35.998364,0 -118.014032,35.998284,0 -118.013276,35.998248,0 -118.013085,35.998265,0 -118.012920,35.998233,0 -118.012737,35.998101,0 -118.012538,35.997886,0 -118.012451,35.997527,0 -118.012356,35.997303,0 -118.012251,35.996533,0 -118.012130,35.996174,0 -118.011887,35.995757,0 -118.011583,35.994765,0 -118.011618,35.994485,0 -118.011765,35.993962,0 -118.011757,35.993725,0 -118.011548,35.993428,0 -118.011306,35.993213,0 -118.011184,35.993055,0 -118.011062,35.992627,0 -118.011019,35.991949,0 -118.010897,35.991629,0 -118.010706,35.991470,0 -118.010099,35.991274,0 -118.009752,35.991025,0 -118.009396,35.990947,0 -118.009048,35.990922,0 -118.008901,35.990873,0 -118.007911,35.990226,0 -118.007668,35.990121,0 -118.007069,35.989950,0 -118.006713,35.989791,0 -118.006514,35.989533,0 -118.006705,35.988800,0 -118.006739,35.988230,0 -118.006696,35.987633,0 -118.006514,35.987121,0 -118.006410,35.986969,0 -118.006132,35.986725,0 -118.005749,35.985962,0 -118.005437,35.985494,0 -118.005255,35.985279,0 -118.004760,35.984907,0 -118.004187,35.984681,0 -118.003962,35.984444,0 -118.003944,35.984121,0 -118.004031,35.983961,0 -118.004525,35.983414,0 -118.004830,35.982886,0 -118.005402,35.982100,0 -118.005550,35.981833,0 -118.005741,35.981425,0 -118.005819,35.980919,0 -118.005715,35.980766,0 -118.005567,35.980688,0 -118.004934,35.980491,0 -118.004769,35.980403,0 -118.004474,35.980156,0 -118.004230,35.979831,0 -118.004065,35.979518,0 -118.003935,35.979001,0 -118.003649,35.978532,0 -118.003588,35.978363,0 -118.003562,35.978142,0 -118.003588,35.977647,0 -118.003658,35.977443,0 -118.003800,35.977355,0 -118.004022,35.977217,0 -118.004274,35.977163,0 -118.004986,35.977183,0 -118.005672,35.977034,0 -118.005828,35.977027,0 -118.006244,35.977153,0 -118.006444,35.977274,0 -118.006956,35.977504,0 -118.007260,35.977582,0 -118.007694,35.977839,0 -118.008831,35.978334,0 -118.009153,35.978404,0 -118.009630,35.978345,0 -118.009977,35.978002,0 -118.010359,35.977164,0 -118.010584,35.976757,0 -118.011045,35.976497,0 -118.011514,35.976386,0 -118.011774,35.976100,0 -118.011930,35.975589,0 -118.011939,35.975357,0 -118.011843,35.974993,0 -118.012434,35.974002,0 -118.012729,35.973776,0 -118.013476,35.973384,0 -118.013745,35.973280,0 -118.013936,35.973257,0 -118.014604,35.973057,0 -118.014864,35.972865,0 -118.014864,35.972764,0 -118.014439,35.972577,0 -118.014265,35.972442,0 -118.014144,35.972239,0 -118.014057,35.971699,0 -118.013936,35.971588,0 -118.013249,35.971127,0 -118.012728,35.970385,0 -118.012433,35.969245,0 -118.012408,35.968762,0 -118.012303,35.968310,0 -118.013119,35.968085,0 -118.013432,35.968067,0 -118.013579,35.968016,0 -118.013805,35.967884,0 -118.013979,35.967659,0 -118.014708,35.967046,0 -118.014899,35.966793,0 -118.015072,35.966111,0 -118.015125,35.965631,0 -118.016227,35.964353,0 -118.016531,35.964161,0 -118.018085,35.963436,0 -118.018788,35.961619,0 -118.018762,35.961305,0 -118.018094,35.959854,0 -118.017755,35.959721,0 -118.017407,35.959630,0 -118.016878,35.959189,0 -118.016982,35.958401,0 -118.017121,35.957961,0 -118.017225,35.957790,0 -118.017338,35.957312,0 -118.017052,35.956756,0 -118.016869,35.956514,0 -118.016887,35.955725,0 -118.017190,35.955314,0 -118.017451,35.955163,0 -118.017468,35.955060,0 -118.017409,35.955041,0 -118.017069,35.954933,0 -118.016800,35.954908,0 -118.016565,35.954835,0 -118.016435,35.954825,0 -118.015931,35.954561,0 -118.015663,35.954485,0 -118.015359,35.954456,0 -118.015020,35.954512,0 -118.014717,35.954745,0 -118.014335,35.954963,0 -118.013961,35.954945,0 -118.013640,35.954844,0 -118.013145,35.954819,0 -118.012243,35.954907,0 -118.011912,35.954975,0 -118.011557,35.954964,0 -118.011062,35.954892,0 -118.010897,35.954793,0 -118.010740,35.954624,0 -118.010498,35.953446,0 -118.010159,35.952587,0 -118.009907,35.951746,0 -118.010124,35.950249,0 -118.010167,35.949605,0 -118.010029,35.949439,0 -118.009690,35.949256,0 -118.009187,35.948350,0 -118.008909,35.947981,0 -118.008214,35.947438,0 -118.007468,35.947259,0 -118.006713,35.947025,0 -118.006166,35.946741,0 -118.005836,35.946369,0 -118.005437,35.946280,0 -118.004968,35.946468,0 -118.004421,35.946501,0 -118.003813,35.946442,0 -118.003301,35.946436,0 -118.002884,35.946685,0 -118.002389,35.947033,0 -118.001921,35.947198,0 -118.001591,35.947099,0 -118.001391,35.947100,0 -118.000923,35.946981,0 -118.000506,35.947083,0 -118.000280,35.947204,0 -118.000133,35.947232,0 -117.999829,35.947178,0 -117.999707,35.947081,0 -117.999369,35.946680,0 -117.998440,35.945229,0 -117.998128,35.944942,0 -117.997702,35.944701,0 -117.997459,35.944626,0 -117.996600,35.944488,0 -117.996104,35.944483,0 -117.995897,35.944517,0 -117.995749,35.944568,0 -117.995592,35.944777,0 -117.995462,35.945031,0 -117.995202,35.945168,0 -117.995063,35.945124,0 -117.994837,35.944982,0 -117.994473,35.944640,0 -117.994290,35.944558,0 -117.993257,35.944245,0 -117.992893,35.944054,0 -117.992615,35.943748,0 -117.991635,35.942383,0 -117.991365,35.942151,0 -117.991148,35.942009,0 -117.990844,35.941629,0 -117.990749,35.941427,0 -117.990680,35.941044,0 -117.990705,35.940633,0 -117.990671,35.940211,0 -117.990636,35.939934,0 -117.990549,35.939730,0 -117.990115,35.939330,0 -117.989751,35.938828,0 -117.989351,35.938453,0 -117.988709,35.937733,0 -117.987398,35.936030,0 -117.987129,35.935589,0 -117.986851,35.934841,0 -117.986790,35.934499,0 -117.986799,35.934164,0 -117.986877,35.933480,0 -117.987129,35.932737,0 -117.987302,35.932048,0 -117.987328,35.931799,0 -117.987294,35.931634,0 -117.987198,35.931443,0 -117.986521,35.930622,0 -117.986122,35.929984,0 -117.985245,35.928866,0 -117.985062,35.928422,0 -117.985071,35.928114,0 -117.984915,35.927673,0 -117.984541,35.927239,0 -117.984412,35.927003,0 -117.984342,35.926737,0 -117.984347,35.926506,0 -117.984533,35.926144,0 -117.984680,35.925614,0 -117.984863,35.925122,0 -117.985019,35.924859,0 -117.985392,35.924516,0 -117.986018,35.924140,0 -117.986339,35.923811,0 -117.986468,35.923600,0 -117.986608,35.922834,0 -117.986590,35.921937,0 -117.986625,35.921794,0 -117.986720,35.921634,0 -117.987051,35.921301,0 -117.987415,35.920862,0 -117.987762,35.920194,0 -117.988022,35.918989,0 -117.988058,35.918430,0 -117.988101,35.918294,0 -117.988370,35.917925,0 -117.988518,35.917785,0 -117.988726,35.917654,0 -117.989324,35.917107,0 -117.989585,35.916821,0 -117.989967,35.916574,0 -117.990245,35.916345,0 -117.990444,35.916020,0 -117.990540,35.915794,0 -117.990661,35.915221,0 -117.990731,35.914539,0 -117.990853,35.914197,0 -117.991191,35.913831,0 -117.991235,35.913727,0 -117.991234,35.913592,0 -117.991217,35.913470,0 -117.990835,35.913161,0 -117.990610,35.912931,0 -117.990575,35.912430,0 -117.990410,35.912094,0 -117.989958,35.910733,0 -117.989871,35.910327,0 -117.989958,35.909705,0 -117.990002,35.909589,0 -117.990271,35.909204,0 -117.990340,35.908989,0 -117.990349,35.908807,0 -117.990288,35.908449,0 -117.990244,35.908255,0 -117.990132,35.908037,0 -117.990001,35.907876,0 -117.989316,35.907809,0 -117.988977,35.907680,0 -117.988725,35.907483,0 -117.988257,35.906981,0 -117.987858,35.906679,0 -117.987398,35.906437,0 -117.986764,35.906300,0 -117.986668,35.906253,0 -117.986460,35.906069,0 -117.986225,35.905719,0 -117.986234,35.905537,0 -117.986278,35.905431,0 -117.986512,35.905056,0 -117.987024,35.904681,0 -117.987840,35.903787,0 -117.988995,35.901864,0 -117.989072,35.901599,0 -117.989047,35.901328,0 -117.988968,35.901180,0 -117.988621,35.900763,0 -117.988179,35.900049,0 -117.988022,35.899650,0 -117.987770,35.898584,0 -117.987597,35.898252,0 -117.987510,35.898154,0 -117.987345,35.898044,0 -117.986841,35.897825,0 -117.986095,35.897442,0 -117.985531,35.897034,0 -117.984880,35.896750,0 -117.984498,35.896531,0 -117.984029,35.896194,0 -117.983543,35.895732,0 -117.983231,35.895276,0 -117.983152,35.895029,0 -117.983152,35.894467,0 -117.983587,35.893017,0 -117.983795,35.892526,0 -117.983968,35.892279,0 -117.984819,35.891324,0 -117.985635,35.890685,0 -117.985722,35.890425,0 -117.985722,35.890319,0 -117.985435,35.889832,0 -117.985235,35.889313,0 -117.985218,35.889026,0 -117.985296,35.888788,0 -117.985435,35.888553,0 -117.985644,35.888292,0 -117.985843,35.888122,0 -117.986025,35.887907,0 -117.986330,35.887461,0 -117.986511,35.887344,0 -117.986798,35.887244,0 -117.987180,35.887019,0 -117.987389,35.886825,0 -117.987493,35.886631,0 -117.987640,35.886016,0 -117.987770,35.885844,0 -117.989081,35.884829,0 -117.989437,35.884650,0 -117.989741,35.884447,0 -117.990105,35.884143,0 -117.990157,35.883985,0 -117.990053,35.883082,0 -117.989914,35.882818,0 -117.989619,35.882384,0 -117.989619,35.882107,0 -117.989637,35.881968,0 -117.989845,35.881678,0 -117.990132,35.881413,0 -117.990305,35.881127,0 -117.990357,35.880823,0 -117.990244,35.880497,0 -117.989819,35.880092,0 -117.989602,35.879740,0 -117.989550,35.879563,0 -117.989376,35.879229,0 -117.989142,35.878956,0 -117.987136,35.878588,0 -117.986972,35.878478,0 -117.986694,35.878180,0 -117.986590,35.877971,0 -117.986164,35.877426,0 -117.985418,35.876729,0 -117.984975,35.875864,0 -117.984714,35.875517,0 -117.984080,35.874953,0 -117.983444,35.874593,0 -117.983404,35.874364,0 -117.983439,35.874142,0 -117.983482,35.872618,0 -117.983413,35.872370,0 -117.983135,35.871786,0 -117.982891,35.870880,0 -117.982492,35.869922,0 -117.982258,35.869500,0 -117.982040,35.869014,0 -117.980799,35.867066,0 -117.980921,35.866916,0 -117.981103,35.866863,0 -117.981425,35.866834,0 -117.981633,35.866730,0 -117.982839,35.866530,0 -117.983716,35.866590,0 -117.984107,35.866694,0 -117.984515,35.866733,0 -117.984827,35.866731,0 -117.985157,35.866681,0 -117.985513,35.866582,0 -117.986641,35.866030,0 -117.986945,35.865957,0 -117.987718,35.865924,0 -117.988082,35.865840,0 -117.988768,35.865570,0 -117.989072,35.865553,0 -117.989471,35.865612,0 -117.990826,35.866029,0 -117.991129,35.866155,0 -117.991355,35.866376,0 -117.992180,35.867932,0 -117.993187,35.869395,0 -117.993335,35.869527,0 -117.993517,35.869600,0 -117.993821,35.869626,0 -117.994003,35.869582,0 -117.994229,35.869483,0 -117.994428,35.869345,0 -117.994750,35.869010,0 -117.994880,35.868963,0 -117.995131,35.869030,0 -117.995548,35.869360,0 -117.995739,35.869429,0 -117.995982,35.869469,0 -117.996234,35.869425,0 -117.996555,35.869315,0 -117.996859,35.869143,0 -117.997450,35.868728,0 -117.998152,35.868289,0 -117.998968,35.867283,0 -117.999298,35.866617,0 -117.999515,35.866289,0 -117.999697,35.866127,0 -117.999966,35.865963,0 -118.000201,35.865869,0 -118.000921,35.865742,0 -118.001425,35.865407,0 -118.001659,35.865295,0 -118.002050,35.865284,0 -118.002232,35.864993,0 -118.002180,35.864437,0 -118.002267,35.864233,0 -118.002510,35.864007,0 -118.004046,35.863418,0 -118.006242,35.862848,0 -118.006511,35.862845,0 -118.007110,35.862742,0 -118.007441,35.862603,0 -118.007953,35.862160,0 -118.008170,35.861895,0 -118.008308,35.861594,0 -118.008352,35.861297,0 -118.008283,35.860988,0 -118.007935,35.860460,0 -118.007814,35.860151,0 -118.007744,35.858743,0 -118.007711,35.858597,0 -118.007640,35.858279,0 -118.007224,35.857335,0 -118.007093,35.856879,0 -118.007033,35.856415,0 -118.006833,35.855495,0 -118.006468,35.854428,0 -118.006112,35.853547,0 -118.006016,35.853124,0 -118.005947,35.852326,0 -118.005938,35.851594,0 -118.005835,35.850890,0 -118.005678,35.850300,0 -118.005591,35.850103,0 -118.005301,35.849729,0 -118.005210,35.849355,0 -118.005218,35.848975,0 -118.005279,35.848809,0 -118.005514,35.848445,0 -118.005947,35.847625,0 -118.006017,35.847349,0 -118.006051,35.846930,0 -118.005956,35.846626,0 -118.005956,35.846451,0 -118.006008,35.846192,0 -118.006216,35.845779,0 -118.006251,35.845488,0 -118.006121,35.845251,0 -118.005878,35.845114,0 -118.005322,35.844988,0 -118.005097,35.844972,0 -118.004853,35.844995,0 -118.004029,35.845134,0 -118.003846,35.845091,0 -118.003769,35.845047,0 -118.003690,35.844922,0 -118.003491,35.844391,0 -118.003369,35.844226,0 -118.003204,35.844105,0 -118.002518,35.843867,0 -118.002197,35.843601,0 -118.002076,35.843344,0 -118.002206,35.842978,0 -118.002536,35.842555,0 -118.002978,35.841668,0 -118.002996,35.841183,0 -118.003039,35.840953,0 -118.003456,35.839689,0 -118.003716,35.839319,0 -118.003881,35.838957,0 -118.003890,35.838257,0 -118.003846,35.837988,0 -118.003933,35.837591,0 -118.003933,35.837433,0 -118.003734,35.836787,0 -118.003733,35.836628,0 -118.003811,35.836451,0 -118.004237,35.835951,0 -118.004445,35.835502,0 -118.004558,35.835030,0 -118.004489,35.834378,0 -118.004506,35.834192,0 -118.004567,35.833709,0 -118.004688,35.833207,0 -118.005166,35.832115,0 -118.005496,35.831593,0 -118.005808,35.830665,0 -118.005812,35.830539,0 -118.005817,35.830352,0 -118.005513,35.829964,0 -118.005183,35.829666,0 -118.004862,35.829202,0 -118.004463,35.827988,0 -118.004324,35.827658,0 -118.003881,35.827153,0 -118.003186,35.826546,0 -118.002883,35.826195,0 -118.002553,35.825686,0 -118.002492,35.825256,0 -118.002344,35.825034,0 -118.002040,35.824866,0 -118.001798,35.824646,0 -118.001684,35.824513,0 -118.001615,35.824342,0 -118.001511,35.824245,0 -118.001341,35.824194,0 -118.001251,35.824212,0 -118.000921,35.823968,0 -117.998678,35.822989,0 -117.999055,35.822803,0 -117.999384,35.822499,0 -118.000078,35.821346,0 -118.000469,35.820183,0 -118.000704,35.819864,0 -118.000921,35.819754,0 -118.001355,35.819643,0 -118.001746,35.819612,0 -118.002162,35.819688,0 -118.002483,35.819677,0 -118.002848,35.819505,0 -118.003395,35.819094,0 -118.003768,35.818882,0 -118.005226,35.818184,0 -118.005721,35.817991,0 -118.006155,35.817858,0 -118.006580,35.817797,0 -118.007891,35.817401,0 -118.008325,35.817135,0 -118.008455,35.816988,0 -118.008499,35.816866,0 -118.008395,35.816702,0 -118.007431,35.816031,0 -118.007309,35.815891,0 -118.007249,35.815756,0 -118.007258,35.815612,0 -118.007370,35.815441,0 -118.008169,35.814864,0 -118.008551,35.814499,0 -118.008672,35.814257,0 -118.008768,35.813889,0 -118.008768,35.813563,0 -118.008464,35.812855,0 -118.008169,35.811622,0 -118.007761,35.811099,0 -118.007666,35.810933,0 -118.007579,35.810643,0 -118.007605,35.810257,0 -118.007848,35.809832,0 -118.008273,35.809278,0 -118.008568,35.808737,0 -118.008603,35.808133,0 -118.009054,35.807174,0 -118.009185,35.806727,0 -118.009497,35.806018,0 -118.009541,35.805562,0 -118.009515,35.805028,0 -118.009575,35.804803,0 -118.009757,35.804592,0 -118.010070,35.804526,0 -118.010513,35.804527,0 -118.010755,35.804478,0 -118.010652,35.803706,0 -118.010330,35.803306,0 -118.010105,35.802742,0 -118.009905,35.802453,0 -118.009245,35.801754,0 -118.008681,35.800826,0 -118.008082,35.800224,0 -118.007865,35.799911,0 -118.007535,35.799324,0 -118.007379,35.798853,0 -118.007492,35.798338,0 -118.007761,35.797847,0 -118.008551,35.797038,0 -118.009028,35.796455,0 -118.009193,35.796189,0 -118.009340,35.795828,0 -118.009393,35.795585,0 -118.009332,35.794884,0 -118.009254,35.794451,0 -118.009037,35.793693,0 -118.008733,35.792860,0 -118.008169,35.791574,0 -118.007848,35.790689,0 -118.007509,35.789907,0 -118.007231,35.789065,0 -118.006953,35.787827,0 -118.006337,35.786984,0 -118.006224,35.786707,0 -118.006115,35.786662,0 -118.005303,35.786065,0 -118.004605,35.785393,0 -118.003242,35.784290,0 -118.002126,35.783621,0 -118.001878,35.783434,0 -118.001703,35.783197,0 -118.001470,35.782651,0 -118.001404,35.782410,0 -118.001717,35.781767,0 -118.002105,35.781149,0 -118.002328,35.780920,0 -118.002619,35.780711,0 -118.004219,35.780365,0 -118.004625,35.780205,0 -118.004957,35.779983,0 -118.005152,35.779784,0 -118.005322,35.779506,0 -118.005452,35.779203,0 -118.005479,35.779088,0 -118.005469,35.778502,0 -118.005552,35.778222,0 -118.006141,35.777669,0 -118.006184,35.777382,0 -118.006049,35.777152,0 -118.005834,35.776953,0 -118.005398,35.776451,0 -118.005184,35.776126,0 -118.004677,35.775218,0 -118.004570,35.774971,0 -118.004375,35.774751,0 -118.004106,35.774573,0 -118.003865,35.774352,0 -118.002965,35.773747,0 -118.002226,35.773281,0 -118.001876,35.773115,0 -118.001076,35.772629,0 -118.000962,35.772420,0 -118.000910,35.771992,0 -118.000987,35.771558,0 -118.001198,35.771279,0 -118.001375,35.770964,0 -118.001417,35.770520,0 -118.001874,35.769550,0 -118.001862,35.769182,0 -118.001675,35.768830,0 -118.001569,35.768407,0 -118.001841,35.768001,0 -118.001910,35.767704,0 -118.001777,35.767446,0 -118.002775,35.767081,0 -118.003142,35.766845,0 -118.003500,35.766550,0 -118.005198,35.765496,0 -118.005319,35.765282,0 -118.005276,35.764643,0 -118.005426,35.764101,0 -118.005766,35.763657,0 -118.006612,35.762820,0 -118.007006,35.762359,0 -118.007406,35.762025,0 -118.007784,35.761747,0 -118.008777,35.761238,0 -118.009177,35.760993,0 -118.009495,35.760775,0 -118.009936,35.760297,0 -118.010112,35.760034,0 -118.010057,35.758946,0 -118.010132,35.758551,0 -118.010370,35.758085,0 -118.010588,35.757756,0 -118.011259,35.756950,0 -118.011538,35.756414,0 -118.011634,35.756002,0 -118.011529,35.755672,0 -118.011352,35.755451,0 -118.011215,35.755275,0 -118.011026,35.754886,0 -118.010922,35.754307,0 -118.010799,35.753262,0 -118.010454,35.751992,0 -118.009972,35.751487,0 -118.009717,35.751299,0 -118.009529,35.751066,0 -118.008898,35.750560,0 -118.007976,35.749995,0 -118.006617,35.749283,0 -118.006157,35.749138,0 -118.005798,35.748931,0 -118.005558,35.748681,0 -118.005461,35.748391,0 -118.005147,35.748031,0 -118.004657,35.747672,0 -118.003839,35.746892,0 -118.003505,35.746636,0 -118.003198,35.746304,0 -118.002620,35.745259,0 -118.002283,35.744750,0 -118.001820,35.744227,0 -118.001516,35.743713,0 -118.001317,35.743297,0 -118.000815,35.741660,0 -118.000660,35.741302,0 -117.999273,35.739772,0 -117.998752,35.739348,0 -117.996854,35.738198,0 -117.997424,35.737373,0 -117.998286,35.736683,0 -117.998581,35.736336,0 -117.998782,35.735896,0 -117.999062,35.735031,0 -117.999672,35.733712,0 -118.000243,35.733060,0 -118.000458,35.732901,0 -118.001016,35.732059,0 -118.001497,35.731219,0 -118.001922,35.730634,0 -118.002076,35.730052,0 -118.002247,35.729626,0 -118.002485,35.728749,0 -118.002742,35.728242,0 -118.003031,35.727544,0 -118.003161,35.727119,0 -118.003174,35.726564,0 -118.003125,35.725873,0 -118.003032,35.725346,0 -118.003047,35.724896,0 -118.003371,35.723892,0 -118.003434,35.723443,0 -118.003415,35.723335,0 -118.003257,35.723284,0 -118.002760,35.722925,0 -118.001732,35.721938,0 -118.001037,35.721420,0 -118.000724,35.720799,0 -118.000399,35.720581,0 -117.999522,35.720214,0 -117.998922,35.719896,0 -117.995927,35.717298,0 -117.995500,35.716841,0 -117.995168,35.716192,0 -117.994923,35.715386,0 -117.994860,35.714615,0 -117.994717,35.713933,0 -117.994369,35.712952,0 -117.994009,35.712028,0 -117.993637,35.711253,0 -117.993027,35.710195,0 -117.992822,35.709551,0 -117.992793,35.709055,0 -117.992568,35.708050,0 -117.992499,35.707595,0 -117.992408,35.706528,0 -117.992137,35.705977,0 -117.991792,35.705430,0 -117.991028,35.704635,0 -117.990263,35.703640,0 -117.989783,35.703310,0 -117.988609,35.702813,0 -117.987084,35.702255,0 -117.986517,35.701948,0 -117.986166,35.701652,0 -117.985807,35.701197,0 -117.985604,35.700642,0 -117.985582,35.700042,0 -117.985613,35.699520,0 -117.985740,35.699052,0 -117.986182,35.697995,0 -117.986349,35.697287,0 -117.986400,35.696506,0 -117.986365,35.695824,0 -117.986098,35.694505,0 -117.985832,35.693434,0 -117.985898,35.693044,0 -117.986267,35.692470,0 -117.986993,35.691601,0 -117.987166,35.691228,0 -117.987246,35.690754,0 -117.987811,35.690709,0 -117.988513,35.690581,0 -117.989739,35.690413,0 -117.990358,35.690268,0 -117.990937,35.689994,0 -117.992536,35.688522,0 -117.993222,35.688004,0 -117.994256,35.686749,0 -117.994504,35.686346,0 -117.994671,35.685966,0 -117.995021,35.685460,0 -117.995432,35.685455,0 -117.996106,35.685573,0 -117.997852,35.685773,0 -117.998728,35.685822,0 -117.999610,35.685743,0 -118.000588,35.685580,0 -118.000932,35.685608,0 -118.002239,35.685538,0 -118.002897,35.685400,0 -118.003390,35.684963,0 -118.004337,35.683033,0 -118.004695,35.682617,0 -118.005163,35.682279,0 -118.005748,35.681686,0 -118.006788,35.680194,0 -118.006977,35.679681,0 -118.007038,35.679221,0 -118.007202,35.678724,0 -118.007492,35.678254,0 -118.008552,35.677329,0 -118.008932,35.677080,0 -118.009484,35.677047,0 -118.010404,35.677353,0 -118.011622,35.677837,0 -118.012756,35.678114,0 -118.014284,35.678684,0 -118.014777,35.678791,0 -118.015267,35.678672,0 -118.015674,35.678328,0 -118.015945,35.677875,0 -118.016210,35.677566,0 -118.017406,35.676796,0 -118.018404,35.676351,0 -118.018931,35.675907,0 -118.019438,35.674951,0 -118.019751,35.674692,0 -118.020414,35.674300,0 -118.020530,35.673916,0 -118.020351,35.673636,0 -118.020144,35.673205,0 -118.019962,35.672622,0 -118.019894,35.671938,0 -118.019850,35.670613,0 -118.019992,35.670046,0 -118.020282,35.669550,0 -118.020699,35.668992,0 -118.021345,35.668383,0 -118.022140,35.667799,0 -118.024138,35.666535,0 -118.024931,35.665958,0 -118.025423,35.665438,0 -118.026144,35.664293,0 -118.026467,35.663842,0 -118.026691,35.663379,0 -118.026946,35.662245,0 -118.027316,35.661622,0 -118.027762,35.661178,0 -118.028335,35.660700,0 -118.028884,35.660420,0 -118.029360,35.660274,0 -118.029837,35.660247,0 -118.031667,35.660586,0 -118.032211,35.660608,0 -118.032672,35.660309,0 -118.033063,35.659706,0 -118.033968,35.657775,0 -118.034298,35.657252,0 -118.034691,35.656870,0 -118.035407,35.656544,0 -118.035941,35.656184,0 -118.036292,35.655741,0 -118.035756,35.654867,0 -118.035666,35.654015,0 -118.035482,35.653347,0 -118.035183,35.652563,0 -118.034917,35.651725,0 -118.034697,35.650201,0 -118.034665,35.649771,0 -118.034649,35.649117,0 -118.034708,35.648348,0 -118.034692,35.647602,0 -118.034542,35.646909,0 -118.034303,35.646081,0 -118.034160,35.645368,0 -118.034135,35.645024,0 -118.034035,35.644470,0 -118.033908,35.644013,0 -118.033828,35.643555,0 -118.033993,35.642201,0 -118.034031,35.641409,0 -118.033862,35.640752,0 -118.033681,35.640224,0 -118.033485,35.639727,0 -118.033168,35.639147,0 -118.032924,35.638296,0 -118.032343,35.637693,0 -118.032219,35.637369,0 -118.032280,35.636891,0 -118.032561,35.636174,0 -118.032685,35.635316,0 -118.032738,35.634662,0 -118.032623,35.634080,0 -118.032475,35.633625,0 -118.032256,35.633242,0 -118.031568,35.632502,0 -118.030938,35.631705,0 -118.030827,35.631485,0 -118.031330,35.631285,0 -118.031730,35.630950,0 -118.032528,35.630663,0 -118.033517,35.630750,0 -118.034302,35.630984,0 -118.036195,35.631139,0 -118.036430,35.631198,0 -118.037757,35.631786,0 -118.040806,35.633481,0 -118.041522,35.633766,0 -118.042176,35.633826,0 -118.042895,35.633754,0 -118.043727,35.633490,0 -118.044471,35.633330,0 -118.045143,35.633260,0 -118.045716,35.633259,0 -118.046028,35.632977,0 -118.046496,35.632633,0 -118.047252,35.632286,0 -118.047768,35.632121,0 -118.048102,35.631976,0 -118.048328,35.631729,0 -118.048685,35.631191,0 -118.048784,35.630954,0 -118.048927,35.631108,0 -118.049963,35.631669,0 -118.050645,35.631918,0 -118.051320,35.632070,0 -118.051939,35.632076,0 -118.053455,35.631675,0 -118.054128,35.631680,0 -118.054992,35.631871,0 -118.055669,35.632210,0 -118.056348,35.632617,0 -118.056968,35.632816,0 -118.057589,35.632921,0 -118.059103,35.633397,0 -118.059375,35.633620,0 -118.059618,35.634261,0 -118.059671,35.634733,0 -118.060228,35.635688,0 -118.060873,35.636117,0 -118.061426,35.636227,0 -118.062340,35.636051,0 -118.063062,35.635699,0 -118.064573,35.635476,0 -118.065172,35.635471,0 -118.066037,35.635279,0 -118.066970,35.634995,0 -118.067991,35.634910,0 -118.069071,35.635160,0 -118.069772,35.635198,0 -118.070173,35.635008,0 -118.070444,35.634658,0 -118.070747,35.634123,0 -118.070934,35.633484,0 -118.071451,35.632321,0 -118.071605,35.631720,0 -118.071657,35.631027,0 -118.071726,35.630605,0 -118.072065,35.630239,0 -118.072912,35.630227,0 -118.074855,35.630605,0 -118.076175,35.630753,0 -118.077562,35.630769,0 -118.078510,35.630669,0 -118.081048,35.630263,0 -118.081951,35.630259,0 -118.082807,35.630484,0 -118.083477,35.630764,0 -118.084420,35.631375,0 -118.085413,35.632131,0 -118.087281,35.633022,0 -118.088082,35.633538,0 -118.088687,35.633993,0 -118.089297,35.634357,0 -118.090686,35.635020,0 -118.091112,35.635262,0 -118.090793,35.634487,0 -118.090708,35.633618,0 -118.090642,35.632065,0 -118.090437,35.631357,0 -118.090042,35.630477,0 -118.089546,35.629568,0 -118.088799,35.628025,0 -118.088588,35.627308,0 -118.088701,35.626708,0 -118.089133,35.626259,0 -118.089940,35.625709,0 -118.090112,35.625488,0 -118.090062,35.625318,0 -118.089630,35.625096,0 -118.089354,35.624864,0 -118.089033,35.624791,0 -118.088584,35.624554,0 -118.087631,35.624190,0 -118.087557,35.623981,0 -118.087599,35.623683,0 -118.087802,35.623312,0 -118.088112,35.622950,0 -118.088356,35.622522,0 -118.088500,35.621935,0 -118.088804,35.621409,0 -118.089303,35.620981,0 -118.090615,35.620721,0 -118.091934,35.620560,0 -118.093392,35.620636,0 -118.094885,35.620771,0 -118.096100,35.621201,0 -118.098654,35.621620,0 -118.098956,35.621725,0 -118.099419,35.622077,0 -118.099782,35.622132,0 -118.099635,35.621676,0 -118.099113,35.620978,0 -118.098861,35.620374,0 -118.098896,35.619891,0 -118.099219,35.619584,0 -118.099630,35.619431,0 -118.099980,35.619383,0 -118.100666,35.619210,0 -118.102196,35.618213,0 -118.103085,35.617754,0 -118.104324,35.617220,0 -118.105609,35.616976,0 -118.107694,35.616979,0 -118.108427,35.616833,0 -118.109463,35.616681,0 -118.110418,35.616772,0 -118.111466,35.616818,0 -118.112186,35.616562,0 -118.112880,35.616246,0 -118.113419,35.616093,0 -118.113893,35.615999,0 -118.112977,35.615290,0 -118.112804,35.614741,0 -118.114303,35.612884,0 -118.115085,35.612271,0 -118.115633,35.611465,0 -118.116559,35.609732,0 -118.116992,35.609206,0 -118.118731,35.607875,0 -118.119230,35.607301,0 -118.119474,35.606592,0 -118.119241,35.605839,0 -118.118981,35.605219,0 -118.118915,35.604691,0 -118.118985,35.604352,0 -118.118898,35.603853,0 -118.118726,35.603275,0 -118.118741,35.602785,0 -118.118936,35.602380,0 -118.119026,35.601924,0 -118.118954,35.601570,0 -118.118349,35.601308,0 -118.117041,35.600527,0 -118.116357,35.600172,0 -118.115833,35.599804,0 -118.115445,35.599408,0 -118.115272,35.598902,0 -118.116237,35.597647,0 -118.116086,35.596747,0 -118.115726,35.595851,0 -118.115661,35.595164,0 -118.115800,35.593738,0 -118.115513,35.593281,0 -118.114727,35.592813,0 -118.114205,35.592241,0 -118.113689,35.591849,0 -118.113295,35.591293,0 -118.113586,35.590515,0 -118.113893,35.589281,0 -118.114291,35.588640,0 -118.115457,35.587763,0 -118.115381,35.587644,0 -118.115163,35.587302,0 -118.114930,35.586621,0 -118.115035,35.585584,0 -118.115648,35.584859,0 -118.116799,35.584605,0 -118.117740,35.584787,0 -118.118498,35.584866,0 -118.119339,35.584747,0 -118.120758,35.584173,0 -118.121607,35.583714,0 -118.122301,35.583404,0 -118.122826,35.582926,0 -118.123157,35.582686,0 -118.124221,35.581712,0 -118.124278,35.581019,0 -118.124494,35.580460,0 -118.125296,35.579857,0 -118.125613,35.579485,0 -118.125877,35.578763,0 -118.126116,35.578466,0 -118.126329,35.578081,0 -118.127024,35.576517,0 -118.126988,35.576308,0 -118.126717,35.575832,0 -118.126652,35.575391,0 -118.126957,35.574791,0 -118.127285,35.574378,0 -118.127543,35.573976,0 -118.127754,35.573377,0 -118.127630,35.572981,0 -118.127532,35.572367,0 -118.127786,35.571289,0 -118.127986,35.570925,0 -118.128137,35.570552,0 -118.128337,35.569742,0 -118.128344,35.569418,0 -118.128094,35.569227,0 -118.127836,35.568821,0 -118.127772,35.568481,0 -118.127587,35.568032,0 -118.127322,35.567615,0 -118.127058,35.567275,0 -118.126355,35.566757,0 -118.126043,35.566320,0 -118.126006,35.565952,0 -118.126337,35.564248,0 -118.126507,35.563626,0 -118.126679,35.563235,0 -118.127411,35.562220,0 -118.128029,35.561189,0 -118.128401,35.560694,0 -118.128944,35.560378,0 -118.129943,35.560056,0 -118.130352,35.559871,0 -118.130632,35.559452,0 -118.130796,35.559033,0 -118.130928,35.558577,0 -118.131240,35.558170,0 -118.131663,35.557875,0 -118.132266,35.557609,0 -118.132774,35.557266,0 -118.132974,35.557067,0 -118.133133,35.556809,0 -118.133283,35.556082,0 -118.133279,35.554610,0 -118.133334,35.554005,0 -118.133743,35.552828,0 -118.134015,35.552327,0 -118.134275,35.552002,0 -118.134629,35.551786,0 -118.135092,35.551717,0 -118.135973,35.551659,0 -118.136881,35.551664,0 -118.137540,35.551728,0 -118.138225,35.551615,0 -118.139115,35.551226,0 -118.140688,35.550247,0 -118.141557,35.549609,0 -118.141690,35.549421,0 -118.141855,35.548987,0 -118.142121,35.548529,0 -118.142527,35.548034,0 -118.143343,35.547381,0 -118.143696,35.547017,0 -118.143928,35.546593,0 -118.143998,35.546142,0 -118.144183,35.545596,0 -118.144555,35.544865,0 -118.144671,35.544375,0 -118.144517,35.541613,0 -118.144401,35.540625,0 -118.144446,35.540288,0 -118.144605,35.539920,0 -118.144500,35.539447,0 -118.144229,35.539152,0 -118.144094,35.539005,0 -118.143567,35.538633,0 -118.142319,35.538090,0 -118.140936,35.537256,0 -118.140590,35.536940,0 -118.140318,35.536453,0 -118.140012,35.536048,0 -118.139607,35.535709,0 -118.138698,35.535423,0 -118.138090,35.535193,0 -118.137545,35.535130,0 -118.136817,35.534860,0 -118.136494,35.534690,0 -118.135848,35.534590,0 -118.135170,35.534768,0 -118.134493,35.535009,0 -118.133956,35.535115,0 -118.133304,35.535119,0 -118.132623,35.534765,0 -118.132116,35.534323,0 -118.131614,35.533623,0 -118.131293,35.533085,0 -118.131155,35.532463,0 -118.130863,35.532077,0 -118.130350,35.531908,0 -118.129879,35.531635,0 -118.129545,35.531016,0 -118.129420,35.530512,0 -118.128773,35.530164,0 -118.128164,35.529733,0 -118.127846,35.529377,0 -118.127649,35.529071,0 -118.127558,35.528576,0 -118.127639,35.527757,0 -118.127921,35.526717,0 -118.127939,35.526354,0 -118.127672,35.525802,0 -118.127184,35.525239,0 -118.126785,35.524877,0 -118.126632,35.524099,0 -118.126848,35.522388,0 -118.127024,35.521679,0 -118.127255,35.521133,0 -118.127318,35.520596,0 -118.127168,35.520145,0 -118.126585,35.519532,0 -118.126099,35.519133,0 -118.125774,35.518953,0 -118.125471,35.518589,0 -118.125203,35.518219,0 -118.125060,35.517802,0 -118.125390,35.516733,0 -118.125318,35.515969,0 -118.124669,35.515150,0 -118.124833,35.514398,0 -118.125311,35.513988,0 -118.125689,35.513493,0 -118.125270,35.512302,0 -118.125124,35.511621,0 -118.125111,35.511285,0 -118.125469,35.511002,0 -118.125758,35.510932,0 -118.126174,35.511008,0 -118.126934,35.510984,0 -118.128933,35.510535,0 -118.129867,35.510496,0 -118.130570,35.510377,0 -118.132079,35.509965,0 -118.132843,35.509608,0 -118.133544,35.508962,0 -118.133869,35.508318,0 -118.133865,35.507824,0 -118.133460,35.506650,0 -118.133395,35.505958,0 -118.133489,35.505116,0 -118.133395,35.504223,0 -118.133192,35.503108,0 -118.133300,35.502201,0 -118.134030,35.501005,0 -118.134197,35.500496,0 -118.134198,35.500350,0 -118.133997,35.500062,0 -118.133325,35.499359,0 -118.133111,35.498865,0 -118.133032,35.498232,0 -118.133032,35.497353,0 -118.133060,35.496650,0 -118.133132,35.496359,0 -118.133161,35.496243,0 -118.133323,35.495949,0 -118.133726,35.495733,0 -118.134801,35.495420,0 -118.136037,35.494884,0 -118.137005,35.494505,0 -118.138853,35.493408,0 -118.139693,35.492875,0 -118.140546,35.492437,0 -118.141252,35.491953,0 -118.141804,35.491498,0 -118.142220,35.491097,0 -118.142670,35.490570,0 -118.142859,35.490417,0 -118.143477,35.490330,0 -118.144565,35.490232,0 -118.145405,35.489956,0 -118.146964,35.488221,0 -118.147160,35.487694,0 -118.146724,35.486777,0 -118.146564,35.486282,0 -118.146531,35.484937,0 -118.146015,35.483427,0 -118.145619,35.482719,0 -118.145405,35.481970,0 -118.145412,35.481465,0 -118.145803,35.480966,0 -118.146401,35.480459,0 -118.146912,35.479807,0 -118.147161,35.479138,0 -118.147235,35.478369,0 -118.147760,35.477022,0 -118.147989,35.476155,0 -118.148077,35.475484,0 -118.148292,35.474885,0 -118.148696,35.474335,0 -118.148964,35.473887,0 -118.149590,35.473058,0 -118.149698,35.472453,0 -118.148987,35.471068,0 -118.148853,35.470338,0 -118.148928,35.469810,0 -118.148928,35.469316,0 -118.148412,35.468388,0 -118.148110,35.467590,0 -118.148057,35.466849,0 -118.148293,35.466065,0 -118.148683,35.465165,0 -118.149342,35.464473,0 -118.150981,35.463384,0 -118.151733,35.462820,0 -118.152512,35.462303,0 -118.153494,35.461908,0 -118.153997,35.461751,0 -118.154581,35.461630,0 -118.155400,35.461521,0 -118.155971,35.461294,0 -118.156475,35.460865,0 -118.157100,35.460175,0 -118.157362,35.459608,0 -118.157564,35.459016,0 -118.157579,35.458873,0 -118.157632,35.458379,0 -118.157458,35.457412,0 -118.157082,35.456807,0 -118.156042,35.455868,0 -118.155573,35.455000,0 -118.155077,35.454593,0 -118.154533,35.454314,0 -118.153909,35.454060,0 -118.153795,35.453703,0 -118.154191,35.453373,0 -118.154930,35.453072,0 -118.155487,35.452682,0 -118.155750,35.452088,0 -118.156006,35.451297,0 -118.156402,35.450628,0 -118.156651,35.450040,0 -118.156330,35.449601,0 -118.155792,35.449056,0 -118.155316,35.448067,0 -118.154741,35.447596,0 -118.155210,35.447766,0 -118.155927,35.447781,0 -118.156734,35.447580,0 -118.158546,35.446828,0 -118.159070,35.446532,0 -118.159809,35.446026,0 -118.160327,35.445181,0 -118.160972,35.444548,0 -118.161683,35.444336,0 -118.163603,35.444363,0 -118.166791,35.444025,0 -118.167624,35.443787,0 -118.169255,35.443653,0 -118.169819,35.443487,0 -118.170947,35.442708,0 -118.171383,35.442180,0 -118.171572,35.441638,0 -118.171787,35.441182,0 -118.172634,35.439891,0 -118.174340,35.437963,0 -118.174904,35.437485,0 -118.176179,35.436717,0 -118.176556,35.436366,0 -118.177341,35.435321,0 -118.177644,35.434785,0 -118.177779,35.434163,0 -118.177973,35.433664,0 -118.178255,35.433284,0 -118.178671,35.432884,0 -118.179417,35.432247,0 -118.179665,35.431895,0 -118.179933,35.431620,0 -118.180364,35.431467,0 -118.180765,35.431411,0 -118.181121,35.431308,0 -118.181906,35.431517,0 -118.182356,35.431599,0 -118.182739,35.431600,0 -118.183249,35.431522,0 -118.183646,35.431408,0 -118.184075,35.431390,0 -118.185545,35.431622,0 -118.185920,35.431798,0 -118.186162,35.432013,0 -118.186477,35.432160,0 -118.186799,35.432365,0 -118.187000,35.432613,0 -118.187530,35.432952,0 -118.187913,35.433100,0 -118.188383,35.433327,0 -118.188644,35.433561,0 -118.188893,35.433865,0 -118.189289,35.434199,0 -118.190034,35.434727,0 -118.190563,35.435206,0 -118.190879,35.435431,0 -118.191295,35.435591,0 -118.191690,35.435792,0 -118.192388,35.436216,0 -118.193026,35.436480,0 -118.193644,35.436584,0 -118.194308,35.436595,0 -118.194899,35.436559,0 -118.195623,35.436581,0 -118.196879,35.437069,0 -118.197979,35.437317,0 -118.199328,35.437902,0 -118.200020,35.437948,0 -118.200745,35.437932,0 -118.201510,35.438129,0 -118.201959,35.438427,0 -118.202637,35.438722,0 -118.204046,35.439558,0 -118.204966,35.439805,0 -118.205691,35.439920,0 -118.206456,35.440003,0 -118.206959,35.439975,0 -118.207469,35.439586,0 -118.207899,35.439129,0 -118.208288,35.438656,0 -118.208597,35.438459,0 -118.208786,35.438523,0 -118.209114,35.438806,0 -118.210026,35.439311,0 -118.210376,35.439756,0 -118.210510,35.440201,0 -118.210469,35.441701,0 -118.210524,35.442178,0 -118.210684,35.442618,0 -118.210886,35.442777,0 -118.211859,35.443388,0 -118.212274,35.443530,0 -118.212537,35.443553,0 -118.213054,35.443827,0 -118.213396,35.444112,0 -118.214047,35.444469,0 -118.214745,35.444712,0 -118.215174,35.444739,0 -118.215639,35.444651,0 -118.216067,35.444507,0 -118.216524,35.444498,0 -118.217195,35.444596,0 -118.217745,35.444718,0 -118.219021,35.444876,0 -118.219739,35.444891,0 -118.220256,35.444805,0 -118.220652,35.444931,0 -118.220592,35.445193,0 -118.220410,35.445616,0 -118.220168,35.446052,0 -118.220135,35.446519,0 -118.221034,35.447820,0 -118.221357,35.448073,0 -118.221700,35.448293,0 -118.222069,35.448979,0 -118.222371,35.449319,0 -118.222808,35.449705,0 -118.223358,35.450054,0 -118.223727,35.450403,0 -118.223942,35.450698,0 -118.224472,35.450906,0 -118.225023,35.450940,0 -118.225573,35.450846,0 -118.226251,35.450815,0 -118.227747,35.450957,0 -118.228587,35.451100,0 -118.229205,35.451364,0 -118.229661,35.451637,0 -118.230171,35.452028,0 -118.231414,35.452637,0 -118.231991,35.452708,0 -118.232527,35.452833,0 -118.233024,35.452912,0 -118.233937,35.452817,0 -118.234482,35.452795,0 -118.235159,35.452658,0 -118.235797,35.452657,0 -118.236234,35.453201,0 -118.236777,35.453746,0 -118.237604,35.454217,0 -118.238153,35.454394,0 -118.238496,35.454377,0 -118.238845,35.454223,0 -118.239422,35.454036,0 -118.240100,35.454085,0 -118.241269,35.454310,0 -118.241658,35.454338,0 -118.242249,35.454289,0 -118.242638,35.454190,0 -118.243538,35.453827,0 -118.244276,35.453607,0 -118.245155,35.453271,0 -118.245524,35.453178,0 -118.246142,35.453453,0 -118.246606,35.453530,0 -118.247283,35.453529,0 -118.248263,35.453474,0 -118.249028,35.453518,0 -118.249774,35.453726,0 -118.250627,35.454072,0 -118.250838,35.454211,0 -118.251577,35.454905,0 -118.252138,35.455255,0 -118.252767,35.455451,0 -118.253438,35.455505,0 -118.254224,35.455482,0 -118.254883,35.455371,0 -118.255396,35.455181,0 -118.256301,35.454450,0 -118.257403,35.454473,0 -118.258515,35.454616,0 -118.259611,35.454501,0 -118.260329,35.454539,0 -118.261035,35.454389,0 -118.261589,35.454041,0 -118.262064,35.453477,0 -118.262270,35.452929,0 -118.262633,35.452218,0 -118.263228,35.451682,0 -118.264140,35.450997,0 -118.264727,35.450582,0 -118.265133,35.450364,0 -118.265838,35.450329,0 -118.266737,35.450374,0 -118.268280,35.450563,0 -118.268799,35.450406,0 -118.269379,35.450047,0 -118.270364,35.449554,0 -118.270475,35.449424,0 -118.270825,35.449017,0 -118.271151,35.448524,0 -118.271606,35.448039,0 -118.272354,35.447603,0 -118.272660,35.447188,0 -118.272733,35.446445,0 -118.272524,35.444935,0 -118.272439,35.443960,0 -118.272580,35.443176,0 -118.273259,35.442180,0 -118.274173,35.441383,0 -118.275009,35.440948,0 -118.275797,35.440629,0 -118.276606,35.440195,0 -118.277114,35.439745,0 -118.277393,35.439242,0 -118.277553,35.437687,0 -118.277746,35.437162,0 -118.278047,35.436544,0 -118.278448,35.435963,0 -118.278995,35.435580,0 -118.279634,35.435481,0 -118.280386,35.435484,0 -118.281144,35.435433,0 -118.281532,35.435600,0 -118.282647,35.436393,0 -118.282980,35.436685,0 -118.283487,35.437029,0 -118.284344,35.437315,0 -118.285464,35.437502,0 -118.286233,35.437818,0 -118.286788,35.438130,0 -118.287438,35.438276,0 -118.288489,35.438677,0 -118.289186,35.438785,0 -118.289931,35.438795,0 -118.290414,35.438776,0 -118.290866,35.438664,0 -118.291063,35.438342,0 -118.291256,35.437775,0 -118.291602,35.437240,0 -118.292227,35.437083,0 -118.292988,35.437004,0 -118.293700,35.436855,0 -118.294219,35.436511,0 -118.294644,35.436355,0 -118.295047,35.436301,0 -118.295612,35.436155,0 -118.295869,35.435992,0 -118.296025,35.435835,0 -118.296590,35.435552,0 -118.297109,35.435385,0 -118.297352,35.435199,0 -118.297275,35.434754,0 -118.296980,35.433988,0 -118.296798,35.433273,0 -118.296443,35.433007,0 -118.295993,35.433059,0 -118.295402,35.433064,0 -118.294954,35.432933,0 -118.294586,35.432723,0 -118.294204,35.432632,0 -118.293882,35.432758,0 -118.293066,35.433149,0 -118.292447,35.433289,0 -118.291074,35.433801,0 -118.290476,35.433844,0 -118.289994,35.433577,0 -118.289676,35.433052,0 -118.289547,35.432508,0 -118.289531,35.432035,0 -118.289687,35.431756,0 -118.289914,35.431202,0 -118.290031,35.430774,0 -118.290124,35.430049,0 -118.290144,35.429303,0 -118.290216,35.428644,0 -118.290572,35.427883,0 -118.290929,35.426906,0 -118.291035,35.426326,0 -118.290863,35.425171,0 -118.290839,35.424790,0 -118.290695,35.424312,0 -118.290357,35.423880,0 -118.289883,35.423484,0 -118.289585,35.423135,0 -118.289419,35.422739,0 -118.289297,35.422249,0 -118.288833,35.421494,0 -118.288557,35.420816,0 -118.288124,35.420336,0 -118.287965,35.420083,0 -118.287955,35.419774,0 -118.288617,35.419125,0 -118.288923,35.418709,0 -118.289007,35.418488,0 -118.289205,35.418715,0 -118.289820,35.419015,0 -118.290482,35.419290,0 -118.291189,35.419836,0 -118.291836,35.420395,0 -118.292292,35.420481,0 -118.292768,35.420493,0 -118.294051,35.420396,0 -118.294647,35.420433,0 -118.296395,35.420975,0 -118.297078,35.421117,0 -118.297488,35.421119,0 -118.297979,35.420994,0 -118.298605,35.420702,0 -118.299341,35.420107,0 -118.299944,35.419571,0 -118.300659,35.419016,0 -118.301934,35.418323,0 -118.302479,35.418135,0 -118.303318,35.418194,0 -118.304309,35.418370,0 -118.305248,35.418387,0 -118.306256,35.418304,0 -118.307156,35.418269,0 -118.307429,35.418497,0 -118.307528,35.418804,0 -118.307791,35.419394,0 -118.308156,35.419995,0 -118.309709,35.421316,0 -118.310079,35.421923,0 -118.310256,35.422451,0 -118.310542,35.422804,0 -118.311307,35.422837,0 -118.311985,35.422806,0 -118.313018,35.423009,0 -118.313681,35.423204,0 -118.314190,35.423296,0 -118.314908,35.423361,0 -118.315685,35.423504,0 -118.316590,35.423610,0 -118.318743,35.423936,0 -118.319629,35.423891,0 -118.321748,35.423297,0 -118.322647,35.423249,0 -118.323111,35.423185,0 -118.323676,35.423023,0 -118.324819,35.422804,0 -118.325540,35.422566,0 -118.326395,35.422104,0 -118.326719,35.421857,0 -118.327279,35.421499,0 -118.328213,35.421409,0 -118.328958,35.421469,0 -118.329401,35.421383,0 -118.330291,35.420897,0 -118.331319,35.420668,0 -118.332985,35.420577,0 -118.333643,35.420493,0 -118.334330,35.420272,0 -118.334742,35.419976,0 -118.335323,35.419413,0 -118.335876,35.419110,0 -118.335717,35.418696,0 -118.335251,35.418282,0 -118.334529,35.417921,0 -118.334002,35.417573,0 -118.333623,35.416921,0 -118.333523,35.416120,0 -118.333595,35.415350,0 -118.333781,35.414890,0 -118.334127,35.414299,0 -118.334373,35.413793,0 -118.334323,35.413304,0 -118.333817,35.412747,0 -118.333661,35.412059,0 -118.333707,35.411357,0 -118.333471,35.410690,0 -118.332767,35.409627,0 -118.332503,35.408987,0 -118.332156,35.407085,0 -118.331967,35.406508,0 -118.331749,35.406000,0 -118.331148,35.405529,0 -118.329897,35.405079,0 -118.329154,35.404877,0 -118.328356,35.404769,0 -118.326500,35.404397,0 -118.325911,35.404228,0 -118.324141,35.403142,0 -118.323593,35.402975,0 -118.321891,35.402563,0 -118.321330,35.402308,0 -118.320288,35.401655,0 -118.319097,35.401187,0 -118.318644,35.400849,0 -118.318258,35.400446,0 -118.317727,35.399593,0 -118.317159,35.399304,0 -118.315845,35.399242,0 -118.314874,35.399054,0 -118.314144,35.398782,0 -118.313724,35.398571,0 -118.313308,35.398487,0 -118.312073,35.398511,0 -118.311765,35.398380,0 -118.311065,35.397760,0 -118.310498,35.397384,0 -118.309434,35.397048,0 -118.308651,35.396757,0 -118.308077,35.396364,0 -118.307665,35.395945,0 -118.307341,35.395329,0 -118.307148,35.394397,0 -118.306573,35.394043,0 -118.305836,35.393918,0 -118.305058,35.393865,0 -118.304488,35.393757,0 -118.304154,35.393595,0 -118.303948,35.393413,0 -118.303737,35.392886,0 -118.303661,35.392440,0 -118.303398,35.391812,0 -118.303037,35.391590,0 -118.302246,35.391515,0 -118.301844,35.391425,0 -118.301402,35.391252,0 -118.300388,35.390555,0 -118.300094,35.390409,0 -118.299424,35.390324,0 -118.298282,35.390580,0 -118.297321,35.390608,0 -118.296986,35.390662,0 -118.296725,35.390617,0 -118.296598,35.390356,0 -118.296942,35.389463,0 -118.297708,35.387771,0 -118.297955,35.387047,0 -118.298025,35.386625,0 -118.297916,35.386020,0 -118.297470,35.385632,0 -118.296171,35.385268,0 -118.295663,35.385018,0 -118.295089,35.384672,0 -118.294122,35.384005,0 -118.293663,35.383530,0 -118.293265,35.382873,0 -118.293009,35.382245,0 -118.292802,35.381413,0 -118.292706,35.380743,0 -118.292697,35.380204,0 -118.292784,35.378661,0 -118.293083,35.378246,0 -118.293536,35.377803,0 -118.293822,35.377270,0 -118.293668,35.376474,0 -118.293101,35.375126,0 -118.292719,35.374550,0 -118.292556,35.374144,0 -118.292592,35.373727,0 -118.292831,35.373397,0 -118.293177,35.373010,0 -118.293415,35.372591,0 -118.293526,35.372210,0 -118.293504,35.371927,0 -118.293636,35.371624,0 -118.293895,35.371298,0 -118.293904,35.370764,0 -118.293800,35.370303,0 -118.293494,35.369888,0 -118.292849,35.369579,0 -118.292130,35.369451,0 -118.291573,35.369387,0 -118.291061,35.369138,0 -118.290845,35.368836,0 -118.290752,35.368276,0 -118.290580,35.367735,0 -118.289334,35.366923,0 -118.289009,35.366496,0 -118.288858,35.366074,0 -118.288927,35.365462,0 -118.289030,35.364951,0 -118.289039,35.364358,0 -118.288760,35.363778,0 -118.288648,35.363251,0 -118.288633,35.362997,0 -118.288885,35.361761,0 -118.288894,35.361238,0 -118.288945,35.360843,0 -118.289075,35.360370,0 -118.289078,35.359859,0 -118.288995,35.359584,0 -118.288899,35.359261,0 -118.288883,35.358986,0 -118.288948,35.358673,0 -118.289119,35.358215,0 -118.289398,35.357862,0 -118.289958,35.357454,0 -118.290410,35.356901,0 -118.290332,35.356374,0 -118.290095,35.356102,0 -118.289945,35.355761,0 -118.290187,35.354931,0 -118.290289,35.354375,0 -118.290283,35.353523,0 -118.290360,35.353036,0 -118.290505,35.352781,0 -118.290806,35.352582,0 -118.291360,35.352342,0 -118.291740,35.352083,0 -118.291763,35.351709,0 -118.291678,35.350973,0 -118.291680,35.350484,0 -118.291744,35.349908,0 -118.291752,35.349412,0 -118.291998,35.349064,0 -118.292311,35.348730,0 -118.292354,35.348245,0 -118.291933,35.347528,0 -118.291339,35.346268,0 -118.290764,35.345550,0 -118.288669,35.344205,0 -118.288311,35.343942,0 -118.287663,35.343266,0 -118.287048,35.342698,0 -118.286064,35.342108,0 -118.285740,35.341819,0 -118.285537,35.341501,0 -118.285413,35.340997,0 -118.285551,35.339860,0 -118.285605,35.339068,0 -118.285618,35.338056,0 -118.286361,35.337043,0 -118.286469,35.336389,0 -118.286404,35.335747,0 -118.286252,35.335153,0 -118.286360,35.333465,0 -118.286249,35.333001,0 -118.286110,35.332674,0 -118.285547,35.332345,0 -118.284378,35.332003,0 -118.283692,35.331756,0 -118.282279,35.330998,0 -118.281398,35.330719,0 -118.280814,35.330495,0 -118.280187,35.330091,0 -118.278488,35.328743,0 -118.277997,35.328516,0 -118.276566,35.328236,0 -118.275094,35.327695,0 -118.274522,35.327270,0 -118.274135,35.326706,0 -118.273575,35.326199,0 -118.272694,35.325719,0 -118.272343,35.325358,0 -118.271957,35.324877,0 -118.271768,35.324746,0 -118.271479,35.324621,0 -118.270976,35.324536,0 -118.270954,35.324295,0 -118.271215,35.323348,0 -118.271272,35.323002,0 -118.271176,35.320047,0 -118.271036,35.319191,0 -118.270845,35.318801,0 -118.270319,35.318283,0 -118.269913,35.317762,0 -118.269478,35.317095,0 -118.269078,35.316399,0 -118.268777,35.315592,0 -118.268631,35.314940,0 -118.268744,35.313868,0 -118.268646,35.313216,0 -118.268769,35.312747,0 -118.269736,35.312138,0 -118.270249,35.311752,0 -118.270476,35.311481,0 -118.270405,35.310947,0 -118.269771,35.310408,0 -118.269365,35.309937,0 -118.269161,35.309500,0 -118.269058,35.309165,0 -118.269048,35.308741,0 -118.269157,35.308197,0 -118.269333,35.306586,0 -118.269174,35.305884,0 -118.268451,35.305025,0 -118.268090,35.304466,0 -118.267831,35.303709,0 -118.267772,35.302991,0 -118.268014,35.302346,0 -118.268466,35.301751,0 -118.269184,35.300941,0 -118.270142,35.299953,0 -118.270398,35.299352,0 -118.270435,35.298863,0 -118.270627,35.297729,0 -118.270568,35.296973,0 -118.270657,35.296219,0 -118.271002,35.295832,0 -118.271461,35.295441,0 -118.271513,35.295121,0 -118.271393,35.294446,0 -118.271060,35.293801,0 -118.270942,35.293229,0 -118.271238,35.292437,0 -118.271528,35.291880,0 -118.271806,35.291451,0 -118.272132,35.291037,0 -118.272417,35.290579,0 -118.272471,35.289865,0 -118.272145,35.289285,0 -118.271699,35.288692,0 -118.271048,35.287704,0 -118.270917,35.287121,0 -118.271180,35.286487,0 -118.271530,35.285958,0 -118.271554,35.285530,0 -118.271531,35.285040,0 -118.271919,35.283991,0 -118.271981,35.283467,0 -118.271931,35.283121,0 -118.271609,35.283009,0 -118.270870,35.282665,0 -118.269942,35.282120,0 -118.268260,35.281284,0 -118.267769,35.281066,0 -118.266856,35.280768,0 -118.266139,35.280695,0 -118.265551,35.280913,0 -118.264895,35.281021,0 -118.263475,35.281004,0 -118.262832,35.281075,0 -118.262216,35.280935,0 -118.261543,35.280680,0 -118.261186,35.280512,0 -118.260945,35.280440,0 -118.260410,35.280531,0 -118.259822,35.280731,0 -118.259005,35.280834,0 -118.258307,35.280752,0 -118.256725,35.280419,0 -118.256135,35.280439,0 -118.255453,35.280689,0 -118.254548,35.280555,0 -118.254278,35.280298,0 -118.253854,35.280093,0 -118.253243,35.279914,0 -118.252839,35.279657,0 -118.252489,35.279286,0 -118.251140,35.278067,0 -118.250663,35.277761,0 -118.250083,35.277769,0 -118.249566,35.277910,0 -118.248889,35.277827,0 -118.247918,35.277512,0 -118.246419,35.276783,0 -118.245770,35.276432,0 -118.245289,35.275860,0 -118.243961,35.273363,0 -118.243140,35.272368,0 -118.242866,35.271865,0 -118.242499,35.271426,0 -118.242285,35.271188,0 -118.241676,35.270705,0 -118.241443,35.270452,0 -118.241302,35.270209,0 -118.241457,35.269820,0 -118.241961,35.269425,0 -118.242505,35.268876,0 -118.242741,35.268202,0 -118.242750,35.267404,0 -118.242885,35.266927,0 -118.243160,35.266327,0 -118.243523,35.266053,0 -118.244307,35.265961,0 -118.244784,35.265765,0 -118.245241,35.265205,0 -118.245658,35.264475,0 -118.246155,35.263847,0 -118.246278,35.263035,0 -118.246225,35.262299,0 -118.246571,35.261096,0 -118.246578,35.260816,0 -118.246358,35.260156,0 -118.246353,35.259789,0 -118.246400,35.259425,0 -118.246214,35.258744,0 -118.245760,35.258068,0 -118.245347,35.257373,0 -118.244639,35.255923,0 -118.244414,35.255269,0 -118.244407,35.254877,0 -118.244617,35.254341,0 -118.245504,35.252979,0 -118.245780,35.252457,0 -118.245802,35.251786,0 -118.245609,35.251104,0 -118.245097,35.250319,0 -118.245420,35.249795,0 -118.245715,35.249194,0 -118.245993,35.248873,0 -118.246337,35.248548,0 -118.246675,35.248114,0 -118.246851,35.247668,0 -118.246875,35.247377,0 -118.246842,35.246674,0 -118.246952,35.246278,0 -118.247137,35.246069,0 -118.247428,35.245825,0 -118.247014,35.245838,0 -118.246456,35.245616,0 -118.245845,35.245280,0 -118.245361,35.245118,0 -118.244872,35.245029,0 -118.243366,35.244913,0 -118.242809,35.244772,0 -118.242063,35.244394,0 -118.241680,35.244297,0 -118.240906,35.243793,0 -118.240396,35.243593,0 -118.240019,35.243304,0 -118.239675,35.242956,0 -118.239524,35.242572,0 -118.239500,35.242225,0 -118.239401,35.241683,0 -118.239250,35.241310,0 -118.238808,35.240568,0 -118.238787,35.240402,0 -118.238886,35.240209,0 -118.238911,35.240024,0 -118.238464,35.239533,0 -118.238227,35.239184,0 -118.238002,35.238706,0 -118.237849,35.238149,0 -118.237893,35.237089,0 -118.237605,35.236481,0 -118.236970,35.235782,0 -118.236471,35.234579,0 -118.236280,35.234245,0 -118.236203,35.233867,0 -118.236542,35.233541,0 -118.237101,35.233240,0 -118.237545,35.232914,0 -118.237841,35.232374,0 -118.238287,35.231416,0 -118.238423,35.231031,0 -118.238474,35.230679,0 -118.238609,35.230157,0 -118.238800,35.229717,0 -118.239064,35.228739,0 -118.239045,35.228201,0 -118.238849,35.227276,0 -118.238847,35.226336,0 -118.238981,35.225600,0 -118.239320,35.224765,0 -118.239717,35.224317,0 -118.239835,35.223986,0 -118.239506,35.223226,0 -118.239582,35.222769,0 -118.239933,35.222443,0 -118.240720,35.222054,0 -118.241339,35.221547,0 -118.241641,35.221329,0 -118.242036,35.221114,0 -118.242509,35.220745,0 -118.242960,35.220733,0 -118.243344,35.220919,0 -118.243873,35.221085,0 -118.245004,35.221085,0 -118.246436,35.221162,0 -118.247191,35.221163,0 -118.248046,35.221058,0 -118.248677,35.221263,0 -118.249824,35.221727,0 -118.250220,35.221752,0 -118.250381,35.221850,0 -118.250702,35.222130,0 -118.250801,35.222532,0 -118.251008,35.223087,0 -118.251374,35.223674,0 -118.251915,35.224097,0 -118.252583,35.224218,0 -118.253180,35.224160,0 -118.254511,35.223776,0 -118.255455,35.223674,0 -118.256364,35.223945,0 -118.257226,35.223979,0 -118.257943,35.223655,0 -118.258787,35.223139,0 -118.260032,35.222834,0 -118.260721,35.222632,0 -118.261304,35.222369,0 -118.262166,35.222453,0 -118.263216,35.222838,0 -118.264446,35.223378,0 -118.264966,35.223560,0 -118.265602,35.223659,0 -118.266767,35.223694,0 -118.267415,35.223935,0 -118.268444,35.224227,0 -118.268635,35.224184,0 -118.268952,35.224113,0 -118.269509,35.223877,0 -118.269977,35.223742,0 -118.270612,35.223444,0 -118.271624,35.222710,0 -118.272013,35.222361,0 -118.272697,35.221844,0 -118.273305,35.221522,0 -118.274135,35.221397,0 -118.275259,35.221349,0 -118.276536,35.221596,0 -118.277813,35.221696,0 -118.279305,35.221939,0 -118.280281,35.222222,0 -118.281565,35.222657,0 -118.282802,35.223031,0 -118.285690,35.223720,0 -118.286439,35.223825,0 -118.287149,35.223777,0 -118.287483,35.223366,0 -118.287418,35.222471,0 -118.287553,35.221685,0 -118.287889,35.220971,0 -118.288458,35.220364,0 -118.289095,35.219881,0 -118.289724,35.219135,0 -118.289879,35.218421,0 -118.290188,35.217812,0 -118.290838,35.217297,0 -118.291487,35.217045,0 -118.292511,35.216674,0 -118.293922,35.216390,0 -118.295052,35.216495,0 -118.297441,35.216645,0 -118.298825,35.216806,0 -118.299693,35.216967,0 -118.301619,35.217592,0 -118.302509,35.217705,0 -118.303057,35.217859,0 -118.303772,35.218117,0 -118.304689,35.218326,0 -118.306647,35.218668,0 -118.307025,35.218660,0 -118.307043,35.218783,0 -118.307230,35.219249,0 -118.307717,35.219838,0 -118.308244,35.220217,0 -118.308974,35.220257,0 -118.309763,35.220192,0 -118.310559,35.220055,0 -118.311355,35.219994,0 -118.312299,35.220045,0 -118.313282,35.219995,0 -118.313857,35.219881,0 -118.315202,35.219530,0 -118.315777,35.219493,0 -118.316807,35.219549,0 -118.317462,35.219770,0 -118.318198,35.220115,0 -118.318879,35.220482,0 -118.319469,35.220853,0 -118.320364,35.221325,0 -118.320985,35.221715,0 -118.321648,35.221940,0 -118.322871,35.221951,0 -118.323326,35.222018,0 -118.324743,35.222485,0 -118.326288,35.222843,0 -118.326783,35.222998,0 -118.327386,35.223295,0 -118.327927,35.223668,0 -118.328475,35.223822,0 -118.328864,35.223714,0 -118.329358,35.223476,0 -118.329693,35.223220,0 -118.330999,35.222006,0 -118.334098,35.219402,0 -118.334648,35.218755,0 -118.335330,35.218129,0 -118.336194,35.217788,0 -118.336976,35.217433,0 -118.337753,35.216890,0 -118.338175,35.216671,0 -118.339499,35.216287,0 -118.342470,35.215537,0 -118.343513,35.215422,0 -118.346215,35.215737,0 -118.347064,35.215728,0 -118.347706,35.215562,0 -118.348269,35.215166,0 -118.348818,35.214837,0 -118.349547,35.214158,0 -118.349962,35.213916,0 -118.350457,35.213780,0 -118.350972,35.213889,0 -118.351246,35.214114,0 -118.351453,35.214355,0 -118.351567,35.214741,0 -118.351553,35.215022,0 -118.351680,35.215300,0 -118.351933,35.215504,0 -118.352563,35.215674,0 -118.353471,35.215818,0 -118.354716,35.216077,0 -118.356495,35.216675,0 -118.357230,35.216839,0 -118.358126,35.216949,0 -118.358969,35.216901,0 -118.359778,35.216818,0 -118.360340,35.216654,0 -118.360815,35.216326,0 -118.361826,35.215393,0 -118.362449,35.215053,0 -118.363152,35.214783,0 -118.363652,35.214543,0 -118.363980,35.214487,0 -118.364235,35.214405,0 -118.364642,35.214065,0 -118.364871,35.213720,0 -118.365373,35.212666,0 -118.365720,35.211688,0 -118.365802,35.211163,0 -118.365662,35.210400,0 -118.365642,35.209983,0 -118.365695,35.209500,0 -118.365984,35.208746,0 -118.366432,35.207914,0 -118.366887,35.207294,0 -118.367442,35.206981,0 -118.368138,35.206745,0 -118.368734,35.206586,0 -118.369469,35.206537,0 -118.370318,35.206581,0 -118.371135,35.206752,0 -118.372445,35.207526,0 -118.373822,35.208531,0 -118.374331,35.208848,0 -118.375838,35.209636,0 -118.376714,35.209836,0 -118.377350,35.209914,0 -118.378146,35.209916,0 -118.378689,35.209829,0 -118.379298,35.209686,0 -118.380270,35.209547,0 -118.381794,35.209710,0 -118.382590,35.209660,0 -118.383147,35.209475,0 -118.384454,35.208803,0 -118.385037,35.208572,0 -118.385632,35.208503,0 -118.386215,35.208494,0 -118.386709,35.208529,0 -118.386957,35.208952,0 -118.387850,35.209844,0 -118.388692,35.210278,0 -118.390430,35.210979,0 -118.391411,35.211623,0 -118.392426,35.212367,0 -118.393308,35.212803,0 -118.394210,35.213136,0 -118.394877,35.213188,0 -118.395442,35.213067,0 -118.396419,35.213009,0 -118.397363,35.212906,0 -118.398695,35.212689,0 -118.399854,35.212313,0 -118.400725,35.212082,0 -118.401549,35.212046,0 -118.402590,35.212493,0 -118.403320,35.212562,0 -118.404017,35.212486,0 -118.405423,35.212147,0 -118.405866,35.211863,0 -118.406249,35.211419,0 -118.406604,35.210920,0 -118.407415,35.210549,0 -118.408212,35.210417,0 -118.408995,35.210359,0 -118.409584,35.210079,0 -118.410068,35.209751,0 -118.411289,35.208709,0 -118.412072,35.208608,0 -118.412775,35.208394,0 -118.413578,35.208225,0 -118.414155,35.207979,0 -118.414563,35.207618,0 -118.415321,35.207113,0 -118.416079,35.207024,0 -118.416707,35.207156,0 -118.417891,35.207258,0 -118.418245,35.207135,0 -118.418386,35.207006,0 -118.418488,35.206511,0 -118.418724,35.206094,0 -118.419448,35.205623,0 -118.419602,35.205454,0 -118.419256,35.205068,0 -118.419164,35.204397,0 -118.419038,35.203853,0 -118.419006,35.203250,0 -118.419182,35.202612,0 -118.419505,35.202015,0 -118.420693,35.200852,0 -118.421143,35.200245,0 -118.421613,35.199800,0 -118.422041,35.199597,0 -118.422871,35.199396,0 -118.423207,35.199028,0 -118.423267,35.198744,0 -118.423256,35.198469,0 -118.423303,35.197963,0 -118.423425,35.197464,0 -118.423634,35.197058,0 -118.424324,35.196802,0 -118.425341,35.196650,0 -118.426211,35.196365,0 -118.427646,35.195604,0 -118.429903,35.194734,0 -118.430325,35.194687,0 -118.430846,35.194714,0 -118.431468,35.194858,0 -118.432478,35.194910,0 -118.433335,35.194856,0 -118.435571,35.194491,0 -118.437157,35.194277,0 -118.438013,35.194190,0 -118.438802,35.194273,0 -118.439859,35.194297,0 -118.441024,35.193985,0 -118.442333,35.193466,0 -118.442036,35.193340,0 -118.441770,35.193032,0 -118.441697,35.192493,0 -118.441833,35.191807,0 -118.442121,35.191303,0 -118.442625,35.190639,0 -118.442741,35.190056,0 -118.442527,35.189595,0 -118.442234,35.189237,0 -118.441754,35.188842,0 -118.440993,35.188005,0 -118.440559,35.187576,0 -118.439797,35.187041,0 -118.438889,35.186628,0 -118.437085,35.185949,0 -118.436029,35.185421,0 -118.435375,35.184734,0 -118.434881,35.184309,0 -118.434361,35.183962,0 -118.434194,35.183705,0 -118.434167,35.183617,0 -118.434194,35.183452,0 -118.433761,35.183067,0 -118.433474,35.182654,0 -118.432913,35.182107,0 -118.432340,35.181779,0 -118.431824,35.181552,0 -118.431384,35.181012,0 -118.431406,35.180717,0 -118.431547,35.180267,0 -118.431669,35.179645,0 -118.431544,35.179063,0 -118.430670,35.177996,0 -118.430284,35.177453,0 -118.429992,35.176677,0 -118.429966,35.176034,0 -118.430062,35.175443,0 -118.429910,35.174820,0 -118.429703,35.174534,0 -118.429464,35.173980,0 -118.429499,35.173612,0 -118.429734,35.173195,0 -118.429614,35.172344,0 -118.429235,35.172166,0 -118.428393,35.171687,0 -118.427879,35.171197,0 -118.427346,35.170604,0 -118.426658,35.170037,0 -118.426452,35.169620,0 -118.425981,35.168476,0 -118.425695,35.167959,0 -118.425489,35.167301,0 -118.425470,35.166744,0 -118.425572,35.166157,0 -118.425364,35.166256,0 -118.424622,35.166354,0 -118.424073,35.166297,0 -118.423399,35.166012,0 -118.422618,35.165570,0 -118.422143,35.165343,0 -118.420988,35.164836,0 -118.420280,35.164312,0 -118.419687,35.163460,0 -118.418709,35.161757,0 -118.417126,35.161029,0 -118.416625,35.160747,0 -118.416379,35.160438,0 -118.416153,35.159724,0 -118.415099,35.158821,0 -118.414367,35.158036,0 -118.413844,35.157812,0 -118.413498,35.157543,0 -118.413010,35.157252,0 -118.412337,35.156784,0 -118.411903,35.156449,0 -118.411396,35.155860,0 -118.410651,35.154629,0 -118.410012,35.153787,0 -118.409692,35.153238,0 -118.409320,35.152429,0 -118.409210,35.151028,0 -118.409333,35.150226,0 -118.409603,35.149447,0 -118.410257,35.147668,0 -118.410681,35.146742,0 -118.411197,35.146035,0 -118.411694,35.145425,0 -118.411990,35.144898,0 -118.412139,35.144294,0 -118.411917,35.142456,0 -118.412177,35.140620,0 -118.412064,35.140105,0 -118.411758,35.139698,0 -118.411372,35.139284,0 -118.411273,35.138841,0 -118.411327,35.138444,0 -118.411456,35.137951,0 -118.411813,35.136896,0 -118.411595,35.136227,0 -118.410742,35.135615,0 -118.410611,35.135627,0 -118.410165,35.135433,0 -118.409687,35.134893,0 -118.409507,35.134398,0 -118.409468,35.133860,0 -118.409684,35.133175,0 -118.410142,35.132454,0 -118.410887,35.131398,0 -118.411449,35.130805,0 -118.412088,35.129977,0 -118.412738,35.129325,0 -118.413463,35.128485,0 -118.414033,35.127575,0 -118.414451,35.126625,0 -118.414720,35.125644,0 -118.414795,35.124801,0 -118.414827,35.123817,0 -118.415047,35.121570,0 -118.415247,35.118907,0 -118.415672,35.116497,0 -118.416501,35.113810,0 -118.417688,35.111533,0 -118.418719,35.109391,0 -118.419539,35.107506,0 -118.421620,35.103062,0 -118.422115,35.102040,0 -118.423026,35.099956,0 -118.423747,35.098208,0 -118.424447,35.096324,0 -118.425204,35.094697,0 -118.426074,35.093037,0 -118.426722,35.091334,0 -118.427463,35.089542,0 -118.427980,35.088763,0 -118.428634,35.087879,0 -118.429174,35.086873,0 -118.429522,35.086074,0 -118.430007,35.084631,0 -118.430130,35.084372,0 -118.430687,35.083657,0 -118.431681,35.082649,0 -118.432038,35.082052,0 -118.432422,35.080934,0 -118.432622,35.080526,0 -118.432918,35.080156,0 -118.433273,35.079780,0 -118.433767,35.079340,0 -118.434718,35.079126,0 -118.436471,35.079263,0 -118.437166,35.079343,0 -118.438375,35.079374,0 -118.438961,35.079265,0 -118.439232,35.079098,0 -118.439617,35.078922,0 -118.440549,35.078771,0 -118.441251,35.078780,0 -118.441922,35.078624,0 -118.442698,35.078261,0 -118.443227,35.077915,0 -118.443714,35.077480,0 -118.444040,35.076913,0 -118.444355,35.076129,0 -118.444859,35.074620,0 -118.444964,35.074082,0 -118.445200,35.073283,0 -118.445345,35.071936,0 -118.445218,35.071043,0 -118.445330,35.070460,0 -118.445720,35.069804,0 -118.445836,35.069467,0 -118.446050,35.069085,0 -118.446313,35.068412,0 -118.446641,35.067126,0 -118.447072,35.066051,0 -118.447618,35.065079,0 -118.447850,35.064567,0 -118.448311,35.064144,0 -118.449684,35.063143,0 -118.450325,35.062719,0 -118.452039,35.061725,0 -118.452543,35.061461,0 -118.453100,35.061229,0 -118.454425,35.060201,0 -118.454959,35.059656,0 -118.455422,35.059015,0 -118.455844,35.058252,0 -118.456161,35.057124,0 -118.456414,35.054898,0 -118.456445,35.053900,0 -118.456340,35.052715,0 -118.456574,35.051889,0 -118.456987,35.051391,0 -118.457280,35.050938,0 -118.457929,35.049779,0 -118.458103,35.049322,0 -118.458369,35.048814,0 -118.459092,35.048494,0 -118.459698,35.048005,0 -118.460463,35.046954,0 -118.460858,35.046219,0 -118.460956,35.045615,0 -118.462585,35.046089,0 -118.463168,35.046204,0 -118.464036,35.046211,0 -118.466370,35.046062,0 -118.468426,35.046095,0 -118.469548,35.046176,0 -118.470470,35.046183,0 -118.472571,35.045701,0 -118.474239,35.045687,0 -118.475079,35.045591,0 -118.475431,35.045499,0 -118.476165,35.045447,0 -118.477087,35.045522,0 -118.477764,35.045655,0 -118.478057,35.045686,0 -118.478831,35.045644,0 -118.479720,35.045740,0 -118.481534,35.046507,0 -118.482600,35.046757,0 -118.484612,35.046961,0 -118.484778,35.046931,0 -118.485091,35.046873,0 -118.485582,35.046675,0 -118.486163,35.046324,0 -118.486696,35.045831,0 -118.487199,35.045074,0 -118.487665,35.044563,0 -118.488162,35.044381,0 -118.488730,35.044387,0 -118.489560,35.044537,0 -118.490768,35.044564,0 -118.491498,35.044325,0 -118.492152,35.043899,0 -118.492644,35.043341,0 -118.492937,35.042844,0 -118.493202,35.042240,0 -118.492478,35.041664,0 -118.492165,35.041287,0 -118.491956,35.040750,0 -118.491820,35.040215,0 -118.491788,35.039792,0 -118.491831,35.039634,0 -118.492002,35.039445,0 -118.492279,35.039243,0 -118.492554,35.038956,0 -118.492821,35.038530,0 -118.493043,35.038154,0 -118.493023,35.037793,0 -118.492725,35.037472,0 -118.492163,35.037006,0 -118.491829,35.036571,0 -118.491613,35.036000,0 -118.491347,35.035610,0 -118.490869,35.035314,0 -118.489969,35.034977,0 -118.489276,35.034670,0 -118.488262,35.033797,0 -118.487758,35.033585,0 -118.487195,35.033451,0 -118.486732,35.033243,0 -118.485815,35.032661,0 -118.485497,35.032417,0 -118.485378,35.032060,0 -118.485295,35.031030,0 -118.484660,35.030131,0 -118.483550,35.029150,0 -118.482438,35.028371,0 -118.481940,35.028155,0 -118.481364,35.028025,0 -118.480952,35.027683,0 -118.480965,35.027228,0 -118.481154,35.026574,0 -118.481158,35.025905,0 -118.480817,35.025079,0 -118.480388,35.023683,0 -118.480212,35.023060,0 -118.480195,35.022361,0 -118.479968,35.021569,0 -118.479698,35.020918,0 -118.479547,35.020223,0 -118.479329,35.019512,0 -118.479059,35.018911,0 -118.478648,35.018174,0 -118.478467,35.017714,0 -118.478418,35.017190,0 -118.478454,35.016518,0 -118.478409,35.015750,0 -118.478287,35.015165,0 -118.478251,35.014627,0 -118.478322,35.014017,0 -118.478524,35.013619,0 -118.479219,35.013393,0 -118.479851,35.013255,0 -118.480430,35.013079,0 -118.481065,35.012363,0 -118.481594,35.011667,0 -118.482148,35.011189,0 -118.482806,35.011105,0 -118.484323,35.011253,0 -118.485417,35.011181,0 -118.486185,35.010815,0 -118.487521,35.010089,0 -118.488357,35.009826,0 -118.489942,35.009633,0 -118.490885,35.009310,0 -118.491426,35.008959,0 -118.492129,35.008276,0 -118.492620,35.007707,0 -118.493406,35.007161,0 -118.494136,35.006949,0 -118.494757,35.006612,0 -118.495199,35.006251,0 -118.495683,35.005658,0 -118.496511,35.004442,0 -118.497043,35.003927,0 -118.498167,35.003261,0 -118.498941,35.001985,0 -118.499361,35.001173,0 -118.499564,35.000501,0 -118.499872,34.999719,0 -118.505386,34.999675,0 -118.508347,34.999868,0 -118.509160,34.999464,0 -118.510267,34.999059,0 -118.511512,34.998486,0 -118.512876,34.997960,0 -118.513783,34.997540,0 -118.516179,34.996674,0 -118.519069,34.995541,0 -118.519911,34.995049,0 -118.521136,34.994178,0 -118.521894,34.994070,0 -118.523828,34.994032,0 -118.525161,34.993912,0 -118.526087,34.993780,0 -118.527199,34.993711,0 -118.528238,34.993580,0 -118.529846,34.993454,0 -118.530592,34.993279,0 -118.532393,34.992672,0 -118.532901,34.992664,0 -118.533754,34.992756,0 -118.535607,34.992727,0 -118.536286,34.992860,0 -118.537160,34.993183,0 -118.537839,34.993283,0 -118.538374,34.993276,0 -118.538966,34.993143,0 -118.539293,34.992890,0 -118.540186,34.991683,0 -118.540528,34.991370,0 -118.541764,34.990879,0 -118.542340,34.990597,0 -118.543879,34.990007,0 -118.545262,34.989755,0 -118.545683,34.989509,0 -118.546426,34.988944,0 -118.547316,34.988651,0 -118.548432,34.988395,0 -118.549028,34.988058,0 -118.549507,34.987885,0 -118.549876,34.987858,0 -118.550062,34.987889,0 -118.550247,34.987986,0 -118.550753,34.988859,0 -118.550891,34.988976,0 -118.551089,34.989051,0 -118.552039,34.989299,0 -118.552299,34.989325,0 -118.553637,34.989299,0 -118.554950,34.989442,0 -118.557074,34.989258,0 -118.557343,34.989202,0 -118.558199,34.988919,0 -118.560132,34.988055,0 -118.560785,34.987890,0 -118.561288,34.987832,0 -118.561481,34.987852,0 -118.561998,34.988043,0 -118.563234,34.988322,0 -118.564300,34.988731,0 -118.565456,34.989020,0 -118.566628,34.989475,0 -118.567286,34.989629,0 -118.568076,34.989740,0 -118.568359,34.989780,0 -118.569048,34.989753,0 -118.569938,34.989168,0 -118.570510,34.989001,0 -118.570851,34.988765,0 -118.571263,34.987489,0 -118.571454,34.987102,0 -118.571860,34.986624,0 -118.572301,34.986362,0 -118.572827,34.986156,0 -118.573755,34.985941,0 -118.575602,34.985317,0 -118.576680,34.984999,0 -118.577009,34.984928,0 -118.577926,34.984872,0 -118.579114,34.984424,0 -118.580232,34.984085,0 -118.581131,34.983693,0 -118.582041,34.983361,0 -118.582964,34.983355,0 -118.584237,34.983486,0 -118.585226,34.983514,0 -118.586911,34.983757,0 -118.588654,34.983813,0 -118.589286,34.983956,0 -118.590693,34.984656,0 -118.591649,34.984904,0 -118.592570,34.985249,0 -118.592917,34.985272,0 -118.593774,34.985214,0 -118.595407,34.985418,0 -118.596068,34.985159,0 -118.597022,34.984415,0 -118.597387,34.984273,0 -118.597595,34.984243,0 -118.598208,34.984287,0 -118.599417,34.984620,0 -118.601844,34.984881,0 -118.603272,34.984960,0 -118.604137,34.984847,0 -118.604839,34.984584,0 -118.605214,34.984306,0 -118.605479,34.984110,0 -118.605897,34.983666,0 -118.606368,34.982732,0 -118.606662,34.982462,0 -118.606582,34.982185,0 -118.605865,34.980605,0 -118.605660,34.979715,0 -118.605642,34.979346,0 -118.605742,34.978539,0 -118.606052,34.977630,0 -118.606418,34.976045,0 -118.607135,34.973779,0 -118.607218,34.973384,0 -118.607236,34.972927,0 -118.607129,34.972111,0 -118.606983,34.971778,0 -118.606648,34.971288,0 -118.606501,34.970735,0 -118.606548,34.969608,0 -118.606688,34.968817,0 -118.606863,34.967125,0 -118.606714,34.966682,0 -118.605453,34.964658,0 -118.604855,34.963409,0 -118.604698,34.962746,0 -118.604739,34.962163,0 -118.604855,34.961521,0 -118.604870,34.961180,0 -118.604816,34.960937,0 -118.604428,34.960386,0 -118.603740,34.959824,0 -118.603266,34.959265,0 -118.603036,34.958821,0 -118.602412,34.957044,0 -118.602107,34.956676,0 -118.601496,34.956253,0 -118.601020,34.956047,0 -118.600203,34.955840,0 -118.599456,34.955784,0 -118.598231,34.955868,0 -118.596836,34.955806,0 -118.595748,34.956030,0 -118.594679,34.956023,0 -118.594460,34.955970,0 -118.594043,34.955782,0 -118.592722,34.954906,0 -118.592259,34.954689,0 -118.590695,34.954438,0 -118.589898,34.954501,0 -118.589347,34.954382,0 -118.588857,34.954192,0 -118.587631,34.953506,0 -118.586689,34.953215,0 -118.585926,34.953026,0 -118.585440,34.952951,0 -118.585261,34.952877,0 -118.584892,34.952689,0 -118.584355,34.952212,0 -118.584656,34.951942,0 -118.584852,34.951852,0 -118.585200,34.951560,0 -118.585582,34.950806,0 -118.591598,34.948147,0 -118.594319,34.946981,0 -118.597913,34.945293,0 -118.602561,34.943422,0 -118.606465,34.941952,0 -118.606910,34.941784,0 -118.610308,34.940053,0 -118.613720,34.937934,0 -118.617101,34.935698,0 -118.625747,34.930103,0 -118.626467,34.929214,0 -118.626991,34.928765,0 -118.627494,34.928546,0 -118.629309,34.927915,0 -118.629947,34.927548,0 -118.630819,34.926930,0 -118.631302,34.926739,0 -118.632132,34.926494,0 -118.634194,34.926183,0 -118.635063,34.926219,0 -118.636602,34.926148,0 -118.637417,34.926311,0 -118.637885,34.926307,0 -118.639671,34.926115,0 -118.640421,34.925920,0 -118.641653,34.925743,0 -118.642288,34.925850,0 -118.643001,34.926249,0 -118.643768,34.926546,0 -118.643962,34.926621,0 -118.644691,34.926607,0 -118.645248,34.926395,0 -118.645718,34.925885,0 -118.646692,34.925057,0 -118.646921,34.924689,0 -118.647023,34.924354,0 -118.647100,34.923748,0 -118.647174,34.923617,0 -118.647295,34.923529,0 -118.647650,34.923371,0 -118.648166,34.923224,0 -118.649491,34.923003,0 -118.651688,34.922290,0 -118.653445,34.921311,0 -118.653947,34.921109,0 -118.654577,34.920968,0 -118.654697,34.920871,0 -118.654738,34.920787,0 -118.654802,34.920011,0 -118.654654,34.918783,0 -118.654679,34.917826,0 -118.654903,34.917150,0 -118.655789,34.915215,0 -118.655898,34.914753,0 -118.655950,34.913642,0 -118.656200,34.913147,0 -118.656421,34.913016,0 -118.656682,34.912934,0 -118.657732,34.912943,0 -118.658428,34.912836,0 -118.660611,34.912211,0 -118.661703,34.911730,0 -118.662179,34.911424,0 -118.662482,34.911122,0 -118.663317,34.909732,0 -118.663506,34.909502,0 -118.664324,34.908916,0 -118.665041,34.908577,0 -118.665276,34.908495,0 -118.666881,34.908336,0 -118.668206,34.908087,0 -118.669666,34.907580,0 -118.670557,34.907352,0 -118.670891,34.907221,0 -118.670979,34.907100,0 -118.671040,34.906853,0 -118.670856,34.906197,0 -118.670765,34.905580,0 -118.670903,34.904744,0 -118.671099,34.904294,0 -118.671520,34.902891,0 -118.671737,34.902369,0 -118.671878,34.902122,0 -118.672355,34.901744,0 -118.672642,34.901706,0 -118.673972,34.901782,0 -118.675678,34.901656,0 -118.676602,34.901302,0 -118.678304,34.900421,0 -118.678572,34.900350,0 -118.679107,34.900303,0 -118.681741,34.900361,0 -118.683988,34.900259,0 -118.685558,34.900390,0 -118.686387,34.900377,0 -118.687235,34.900671,0 -118.688222,34.901170,0 -118.688656,34.901325,0 -118.689578,34.901488,0 -118.690468,34.901693,0 -118.690914,34.901795,0 -118.691214,34.901901,0 -118.692381,34.902609,0 -118.692600,34.902968,0 -118.692785,34.903464,0 -118.693112,34.903476,0 -118.694718,34.903244,0 -118.696224,34.902902,0 -118.697397,34.902235,0 -118.698308,34.901819,0 -118.698737,34.901551,0 -118.699005,34.901315,0 -118.699456,34.900656,0 -118.699684,34.900453,0 -118.701739,34.899915,0 -118.704260,34.899691,0 -118.705076,34.899551,0 -118.705398,34.899453,0 -118.706376,34.898999,0 -118.707105,34.898770,0 -118.708920,34.897994,0 -118.710788,34.897367,0 -118.711472,34.896984,0 -118.712875,34.895623,0 -118.713739,34.895081,0 -118.714027,34.894966,0 -118.714301,34.894917,0 -118.714956,34.894941,0 -118.715873,34.894856,0 -118.716268,34.894670,0 -118.717898,34.893354,0 -118.719404,34.892731,0 -118.722296,34.891799,0 -118.723253,34.891576,0 -118.723621,34.891390,0 -118.723876,34.891198,0 -118.724026,34.890400,0 -118.724001,34.890081,0 -118.723762,34.889618,0 -118.723796,34.889442,0 -118.724171,34.889201,0 -118.724867,34.889032,0 -118.725062,34.888890,0 -118.725250,34.888670,0 -118.725391,34.888362,0 -118.725562,34.887543,0 -118.726239,34.886978,0 -118.726728,34.886638,0 -118.727131,34.886226,0 -118.728793,34.885251,0 -118.730084,34.884848,0 -118.731758,34.884071,0 -118.732622,34.883809,0 -118.734006,34.883670,0 -118.734722,34.883419,0 -118.735198,34.882991,0 -118.735561,34.882519,0 -118.735817,34.882030,0 -118.735958,34.881860,0 -118.736695,34.881311,0 -118.737057,34.881114,0 -118.737913,34.880852,0 -118.739566,34.880516,0 -118.740990,34.880338,0 -118.741478,34.880213,0 -118.742636,34.879787,0 -118.743131,34.879711,0 -118.743453,34.879525,0 -118.743862,34.879047,0 -118.744331,34.878867,0 -118.745106,34.878770,0 -118.745754,34.878833,0 -118.746623,34.878989,0 -118.747117,34.879007,0 -118.748180,34.878872,0 -118.748903,34.878561,0 -118.749487,34.878050,0 -118.749527,34.877935,0 -118.749616,34.877412,0 -118.749405,34.876564,0 -118.749473,34.876179,0 -118.749816,34.875833,0 -118.750378,34.875526,0 -118.750628,34.874918,0 -118.750590,34.874634,0 -118.750697,34.874570,0 -118.751241,34.873816,0 -118.751374,34.873693,0 -118.751757,34.873170,0 -118.752006,34.872661,0 -118.752083,34.872118,0 -118.752255,34.871465,0 -118.752800,34.870460,0 -118.753142,34.870013,0 -118.754538,34.868798,0 -118.755178,34.868443,0 -118.755792,34.868000,0 -118.756330,34.867742,0 -118.757819,34.867272,0 -118.758041,34.867142,0 -118.759470,34.865945,0 -118.759908,34.865713,0 -118.760159,34.865480,0 -118.760426,34.865093,0 -118.760712,34.864392,0 -118.760953,34.863961,0 -118.761669,34.863106,0 -118.762480,34.862516,0 -118.763151,34.862239,0 -118.763303,34.862204,0 -118.764115,34.862020,0 -118.764378,34.861880,0 -118.764805,34.861506,0 -118.764930,34.861238,0 -118.764972,34.860765,0 -118.764863,34.859443,0 -118.764986,34.858531,0 -118.765867,34.856298,0 -118.765943,34.855061,0 -118.766116,34.854313,0 -118.766135,34.853280,0 -118.766265,34.852726,0 -118.766444,34.851364,0 -118.766672,34.850542,0 -118.767013,34.850139,0 -118.767263,34.849911,0 -118.768452,34.849453,0 -118.769477,34.849130,0 -118.769825,34.849074,0 -118.770538,34.849066,0 -118.771486,34.848974,0 -118.773345,34.848667,0 -118.773802,34.848452,0 -118.774854,34.847761,0 -118.776277,34.847603,0 -118.776965,34.847474,0 -118.777181,34.847350,0 -118.777952,34.846727,0 -118.778732,34.846374,0 -118.779237,34.846089,0 -118.779488,34.845839,0 -118.779534,34.845692,0 -118.779622,34.845638,0 -118.779731,34.845399,0 -118.780120,34.844888,0 -118.780489,34.844229,0 -118.781160,34.843304,0 -118.781944,34.842359,0 -118.782740,34.841604,0 -118.783182,34.841011,0 -118.783590,34.839112,0 -118.784215,34.838066,0 -118.785397,34.837332,0 -118.786352,34.836908,0 -118.787114,34.836245,0 -118.787920,34.834696,0 -118.788396,34.833994,0 -118.788864,34.833677,0 -118.789792,34.833197,0 -118.790362,34.832600,0 -118.790810,34.832035,0 -118.791231,34.831713,0 -118.791712,34.831570,0 -118.792225,34.831640,0 -118.793149,34.832124,0 -118.793868,34.832154,0 -118.795406,34.832338,0 -118.796379,34.832632,0 -118.798089,34.833087,0 -118.799709,34.832845,0 -118.801384,34.832207,0 -118.802966,34.831668,0 -118.803867,34.831193,0 -118.804676,34.830601,0 -118.805717,34.830110,0 -118.806665,34.829751,0 -118.807727,34.829253,0 -118.808675,34.828711,0 -118.810938,34.827575,0 -118.812708,34.826613,0 -118.813375,34.826214,0 -118.813810,34.825874,0 -118.814171,34.825409,0 -118.814467,34.824617,0 -118.814766,34.823173,0 -118.815116,34.822264,0 -118.815759,34.821501,0 -118.816194,34.821085,0 -118.816581,34.820800,0 -118.817116,34.820307,0 -118.817466,34.819587,0 -118.817141,34.818983,0 -118.816496,34.818623,0 -118.816125,34.818194,0 -118.816007,34.817650,0 -118.816569,34.816867,0 -118.817232,34.816100,0 -118.818206,34.814265,0 -118.818601,34.813416,0 -118.818785,34.812659,0 -118.818780,34.812170,0 -118.818656,34.811482,0 -118.818686,34.810587,0 -118.819003,34.809577,0 -118.819533,34.808588,0 -118.819609,34.807771,0 -118.819366,34.807133,0 -118.818988,34.806604,0 -118.818671,34.805928,0 -118.818500,34.805137,0 -118.818484,34.804290,0 -118.818599,34.803653,0 -118.818649,34.803634,0</coordinates></LinearRing></outerBoundaryIs></Polygon></Placemark><Placemark><name>Colorado River Basin RWQCB (Region 7)</name><styleUrl>#svcArea</styleUrl><Polygon><outerBoundaryIs><LinearRing><coordinates>-115.137086,35.406035,0 -115.137490,35.405721,0 -115.137871,35.405346,0 -115.138146,35.404874,0 -115.138300,35.404499,0 -115.138241,35.403871,0 -115.137511,35.402871,0 -115.137003,35.402277,0 -115.135983,35.401366,0 -115.135529,35.400742,0 -115.135619,35.400044,0 -115.135869,35.399464,0 -115.136509,35.398801,0 -115.136785,35.398297,0 -115.137269,35.397764,0 -115.138200,35.397405,0 -115.139198,35.396969,0 -115.139796,35.396502,0 -115.140691,35.395874,0 -115.141870,35.395523,0 -115.142827,35.395720,0 -115.143393,35.395961,0 -115.143817,35.395812,0 -115.144099,35.395385,0 -115.144358,35.394641,0 -115.144500,35.394037,0 -115.144709,35.393612,0 -115.145115,35.393269,0 -115.146577,35.392926,0 -115.146930,35.392528,0 -115.147155,35.391853,0 -115.147544,35.390940,0 -115.148346,35.390185,0 -115.149707,35.389352,0 -115.150235,35.388511,0 -115.150553,35.387833,0 -115.151056,35.387437,0 -115.151711,35.387145,0 -115.152265,35.386746,0 -115.152836,35.386272,0 -115.153635,35.385747,0 -115.155485,35.385319,0 -115.156142,35.384952,0 -115.156351,35.384349,0 -115.156440,35.383719,0 -115.156711,35.383156,0 -115.157494,35.382773,0 -115.158194,35.382659,0 -115.158646,35.382405,0 -115.159232,35.382241,0 -115.159745,35.382037,0 -115.160045,35.381671,0 -115.159819,35.381091,0 -115.159054,35.380595,0 -115.156824,35.379405,0 -115.156592,35.379144,0 -115.156579,35.378643,0 -115.156843,35.377983,0 -115.156972,35.377488,0 -115.157005,35.377061,0 -115.156901,35.376712,0 -115.156866,35.376367,0 -115.156911,35.376081,0 -115.157076,35.375798,0 -115.157592,35.375314,0 -115.157945,35.374780,0 -115.158232,35.374433,0 -115.159020,35.373627,0 -115.159834,35.371972,0 -115.160228,35.371597,0 -115.160709,35.371246,0 -115.161139,35.370705,0 -115.161442,35.370067,0 -115.161462,35.369605,0 -115.161719,35.368489,0 -115.162158,35.367768,0 -115.162410,35.367451,0 -115.163015,35.366871,0 -115.163136,35.366383,0 -115.163041,35.365915,0 -115.163166,35.365658,0 -115.163404,35.365429,0 -115.163760,35.365324,0 -115.164481,35.365045,0 -115.165877,35.364410,0 -115.166570,35.363742,0 -115.166952,35.363256,0 -115.167220,35.362798,0 -115.167462,35.362164,0 -115.167576,35.361697,0 -115.167594,35.361445,0 -115.168211,35.361429,0 -115.168904,35.361228,0 -115.170073,35.360498,0 -115.170793,35.360305,0 -115.171457,35.360219,0 -115.172931,35.359689,0 -115.173574,35.359344,0 -115.174720,35.358235,0 -115.175208,35.357958,0 -115.175915,35.358158,0 -115.177425,35.359011,0 -115.177920,35.359011,0 -115.178375,35.358553,0 -115.179164,35.358160,0 -115.180680,35.358015,0 -115.181228,35.357741,0 -115.181827,35.357511,0 -115.182506,35.357413,0 -115.183059,35.357121,0 -115.183530,35.355983,0 -115.183859,35.355443,0 -115.184258,35.355183,0 -115.184863,35.355079,0 -115.185682,35.355348,0 -115.186225,35.355893,0 -115.186775,35.356385,0 -115.187168,35.356549,0 -115.187810,35.356104,0 -115.188607,35.355678,0 -115.189221,35.355311,0 -115.189675,35.354903,0 -115.190098,35.354342,0 -115.190408,35.353697,0 -115.190208,35.353155,0 -115.189574,35.352553,0 -115.188993,35.351839,0 -115.188964,35.351032,0 -115.189676,35.350452,0 -115.190450,35.350173,0 -115.191299,35.349757,0 -115.192086,35.349111,0 -115.193419,35.347653,0 -115.194204,35.347150,0 -115.195423,35.346612,0 -115.196312,35.345833,0 -115.197318,35.345206,0 -115.199330,35.344587,0 -115.200388,35.344022,0 -115.201598,35.343295,0 -115.203378,35.342499,0 -115.206627,35.341463,0 -115.207611,35.340980,0 -115.209100,35.340416,0 -115.210465,35.339990,0 -115.211626,35.339886,0 -115.212692,35.339833,0 -115.213488,35.339423,0 -115.213878,35.339256,0 -115.214361,35.339207,0 -115.215271,35.339308,0 -115.215850,35.339077,0 -115.216445,35.338650,0 -115.217329,35.338185,0 -115.218513,35.337778,0 -115.219282,35.337456,0 -115.219790,35.337003,0 -115.219944,35.336539,0 -115.219771,35.335905,0 -115.219554,35.334593,0 -115.219166,35.334044,0 -115.218941,35.333374,0 -115.218991,35.332572,0 -115.218920,35.331847,0 -115.218662,35.331197,0 -115.218087,35.329523,0 -115.217945,35.328590,0 -115.218055,35.327909,0 -115.218217,35.327367,0 -115.218441,35.325996,0 -115.218967,35.325803,0 -115.220244,35.326014,0 -115.221161,35.326081,0 -115.222259,35.326086,0 -115.223193,35.325897,0 -115.223975,35.325415,0 -115.224425,35.324854,0 -115.224418,35.323859,0 -115.224508,35.322668,0 -115.224930,35.321602,0 -115.225730,35.319891,0 -115.226140,35.319246,0 -115.226655,35.318781,0 -115.227303,35.318403,0 -115.227416,35.317953,0 -115.227208,35.317434,0 -115.226709,35.316748,0 -115.226115,35.316014,0 -115.225511,35.315636,0 -115.224792,35.315320,0 -115.223796,35.314609,0 -115.222965,35.313702,0 -115.222094,35.312195,0 -115.221588,35.311428,0 -115.220647,35.309158,0 -115.220278,35.308179,0 -115.219795,35.307240,0 -115.219246,35.305743,0 -115.219010,35.305307,0 -115.218893,35.304582,0 -115.219148,35.304074,0 -115.219536,35.303522,0 -115.219998,35.303054,0 -115.220652,35.302703,0 -115.221525,35.302508,0 -115.222292,35.302240,0 -115.222662,35.301689,0 -115.222912,35.300933,0 -115.223529,35.300351,0 -115.224293,35.299804,0 -115.225046,35.299015,0 -115.226042,35.298116,0 -115.227472,35.297394,0 -115.228630,35.296906,0 -115.229580,35.296442,0 -115.230077,35.296330,0 -115.230369,35.296560,0 -115.230674,35.297269,0 -115.231026,35.297975,0 -115.231675,35.298523,0 -115.232729,35.298852,0 -115.234130,35.298711,0 -115.235267,35.298769,0 -115.236490,35.298988,0 -115.238547,35.299413,0 -115.240160,35.299998,0 -115.241027,35.300779,0 -115.241881,35.301483,0 -115.242463,35.302086,0 -115.244473,35.303017,0 -115.245434,35.303792,0 -115.245810,35.304258,0 -115.245975,35.304401,0 -115.246539,35.304819,0 -115.247900,35.305724,0 -115.248005,35.305408,0 -115.247270,35.304730,0 -115.247035,35.304224,0 -115.246859,35.303433,0 -115.246330,35.302314,0 -115.246100,35.301488,0 -115.246207,35.300978,0 -115.246461,35.300508,0 -115.247147,35.300211,0 -115.248155,35.299946,0 -115.248891,35.299520,0 -115.249878,35.299291,0 -115.250544,35.299024,0 -115.251057,35.298709,0 -115.251447,35.298753,0 -115.252193,35.299214,0 -115.252822,35.299493,0 -115.253565,35.299505,0 -115.254814,35.299114,0 -115.255560,35.298719,0 -115.256149,35.298486,0 -115.257032,35.298231,0 -115.257839,35.298092,0 -115.258467,35.297875,0 -115.258728,35.297347,0 -115.258955,35.296523,0 -115.259126,35.296129,0 -115.259433,35.295903,0 -115.259999,35.295727,0 -115.261699,35.296056,0 -115.262366,35.296167,0 -115.262755,35.296199,0 -115.263089,35.296166,0 -115.263348,35.296000,0 -115.263598,35.295629,0 -115.263815,35.295216,0 -115.263871,35.294877,0 -115.262994,35.294303,0 -115.262608,35.293912,0 -115.262380,35.293343,0 -115.262295,35.292722,0 -115.262623,35.292188,0 -115.263467,35.291603,0 -115.263833,35.291132,0 -115.264016,35.290779,0 -115.264405,35.290422,0 -115.264850,35.290094,0 -115.265451,35.289566,0 -115.265809,35.289159,0 -115.266221,35.288771,0 -115.266553,35.288316,0 -115.266715,35.286517,0 -115.267101,35.285524,0 -115.268113,35.284391,0 -115.268590,35.283740,0 -115.268906,35.283163,0 -115.268898,35.282608,0 -115.268527,35.281933,0 -115.268158,35.281409,0 -115.268118,35.281037,0 -115.270463,35.279960,0 -115.271526,35.279695,0 -115.272401,35.279539,0 -115.273469,35.279086,0 -115.274196,35.278931,0 -115.275097,35.278804,0 -115.275963,35.278706,0 -115.277372,35.279125,0 -115.278206,35.279270,0 -115.278978,35.279211,0 -115.279680,35.278969,0 -115.280420,35.278821,0 -115.281968,35.278753,0 -115.283479,35.278854,0 -115.284182,35.278839,0 -115.284975,35.278758,0 -115.285770,35.278818,0 -115.286529,35.278793,0 -115.287945,35.278903,0 -115.288661,35.278614,0 -115.290195,35.277506,0 -115.290902,35.277325,0 -115.291558,35.277352,0 -115.291844,35.277421,0 -115.292885,35.277285,0 -115.293495,35.277278,0 -115.294313,35.277488,0 -115.295070,35.277730,0 -115.295813,35.277754,0 -115.296372,35.277625,0 -115.296692,35.277406,0 -115.297207,35.276611,0 -115.297759,35.275918,0 -115.298113,35.275681,0 -115.298985,35.275306,0 -115.299679,35.275119,0 -115.300126,35.274923,0 -115.300573,35.274666,0 -115.301050,35.274602,0 -115.301555,35.274479,0 -115.301788,35.274291,0 -115.302277,35.273693,0 -115.302791,35.273443,0 -115.305121,35.273221,0 -115.305924,35.272906,0 -115.306673,35.272362,0 -115.306971,35.271956,0 -115.307036,35.271490,0 -115.307226,35.271081,0 -115.307475,35.270751,0 -115.307636,35.270444,0 -115.307555,35.270164,0 -115.307289,35.269824,0 -115.307084,35.269415,0 -115.307048,35.268930,0 -115.307086,35.268509,0 -115.306993,35.268172,0 -115.307069,35.267213,0 -115.307036,35.266892,0 -115.307367,35.266453,0 -115.307770,35.265828,0 -115.308278,35.265276,0 -115.308510,35.264555,0 -115.308604,35.263980,0 -115.308875,35.263517,0 -115.309236,35.263260,0 -115.310839,35.262872,0 -115.311108,35.262838,0 -115.311225,35.262693,0 -115.311317,35.262463,0 -115.311858,35.261949,0 -115.312211,35.261154,0 -115.312565,35.260659,0 -115.312537,35.260424,0 -115.312949,35.260490,0 -115.313655,35.260671,0 -115.314145,35.260942,0 -115.314822,35.261150,0 -115.315906,35.261174,0 -115.316720,35.261307,0 -115.317142,35.261324,0 -115.317537,35.261314,0 -115.318767,35.261123,0 -115.321045,35.261293,0 -115.321744,35.261209,0 -115.322182,35.261094,0 -115.322692,35.261038,0 -115.323060,35.261054,0 -115.323673,35.261147,0 -115.324032,35.261294,0 -115.325010,35.261798,0 -115.325291,35.261868,0 -115.325934,35.262109,0 -115.326674,35.262286,0 -115.327288,35.262332,0 -115.327864,35.262316,0 -115.328625,35.262425,0 -115.329113,35.262450,0 -115.329719,35.262309,0 -115.330232,35.262154,0 -115.330551,35.261961,0 -115.330879,35.261944,0 -115.331706,35.262132,0 -115.332342,35.262335,0 -115.333350,35.262499,0 -115.333949,35.262668,0 -115.334536,35.262781,0 -115.335012,35.262754,0 -115.335343,35.262640,0 -115.335819,35.262592,0 -115.336233,35.262632,0 -115.336696,35.262821,0 -115.338271,35.263081,0 -115.339002,35.263075,0 -115.339656,35.262866,0 -115.340333,35.262503,0 -115.340857,35.262456,0 -115.341655,35.262665,0 -115.342297,35.262681,0 -115.342628,35.262565,0 -115.343381,35.262132,0 -115.343834,35.261974,0 -115.344433,35.261813,0 -115.345249,35.261842,0 -115.346484,35.262022,0 -115.347187,35.261988,0 -115.347747,35.261793,0 -115.348262,35.261566,0 -115.348858,35.261547,0 -115.349698,35.261714,0 -115.350149,35.261884,0 -115.350822,35.262317,0 -115.352084,35.262424,0 -115.352663,35.262638,0 -115.353900,35.262711,0 -115.354478,35.262621,0 -115.354757,35.262416,0 -115.354875,35.262210,0 -115.354915,35.261947,0 -115.354543,35.261220,0 -115.354209,35.260328,0 -115.354208,35.259751,0 -115.354445,35.259387,0 -115.355787,35.259510,0 -115.356999,35.259502,0 -115.357571,35.259368,0 -115.358050,35.259161,0 -115.358535,35.259075,0 -115.359054,35.258925,0 -115.359610,35.258586,0 -115.360266,35.258366,0 -115.361508,35.258155,0 -115.363065,35.257716,0 -115.363601,35.257669,0 -115.364404,35.257699,0 -115.365165,35.257810,0 -115.365892,35.257612,0 -115.366356,35.257256,0 -115.366924,35.256353,0 -115.367557,35.255622,0 -115.368131,35.255125,0 -115.368639,35.254891,0 -115.369068,35.254575,0 -115.369302,35.254291,0 -115.369810,35.253394,0 -115.370159,35.253074,0 -115.370559,35.252876,0 -115.371099,35.252348,0 -115.371312,35.252098,0 -115.371576,35.251366,0 -115.371832,35.251007,0 -115.372030,35.250532,0 -115.372087,35.249861,0 -115.372019,35.248733,0 -115.372165,35.248084,0 -115.372948,35.246611,0 -115.373127,35.246082,0 -115.372948,35.245347,0 -115.372532,35.244821,0 -115.372282,35.244288,0 -115.371818,35.243436,0 -115.371360,35.242972,0 -115.370800,35.242570,0 -115.370083,35.241961,0 -115.369912,35.241496,0 -115.369568,35.241012,0 -115.369124,35.240496,0 -115.368913,35.240054,0 -115.368993,35.239434,0 -115.369488,35.238892,0 -115.370226,35.238458,0 -115.370973,35.237967,0 -115.372006,35.236738,0 -115.372248,35.236344,0 -115.372493,35.235831,0 -115.373083,35.235505,0 -115.373740,35.235460,0 -115.373761,35.235108,0 -115.373105,35.234512,0 -115.372729,35.233923,0 -115.372286,35.233022,0 -115.372074,35.232332,0 -115.371793,35.231713,0 -115.371802,35.230360,0 -115.371603,35.229409,0 -115.371353,35.228542,0 -115.371455,35.227247,0 -115.371352,35.226158,0 -115.371401,35.225444,0 -115.371748,35.224829,0 -115.372516,35.224356,0 -115.373672,35.224131,0 -115.374843,35.223538,0 -115.375348,35.223382,0 -115.375746,35.222971,0 -115.375883,35.222866,0 -115.375930,35.222543,0 -115.376073,35.222190,0 -115.376432,35.221456,0 -115.376661,35.221074,0 -115.376850,35.220864,0 -115.377218,35.220860,0 -115.377967,35.220914,0 -115.378283,35.220785,0 -115.378700,35.220533,0 -115.379330,35.220282,0 -115.380080,35.220132,0 -115.380616,35.220144,0 -115.381359,35.220274,0 -115.382043,35.220064,0 -115.382632,35.219847,0 -115.383123,35.219608,0 -115.383726,35.219455,0 -115.384562,35.219431,0 -115.385259,35.219340,0 -115.386103,35.219304,0 -115.386997,35.219616,0 -115.387627,35.219658,0 -115.388564,35.219562,0 -115.389047,35.219396,0 -115.389644,35.219133,0 -115.391460,35.218779,0 -115.392859,35.218603,0 -115.393765,35.218303,0 -115.394482,35.218235,0 -115.395063,35.218287,0 -115.395460,35.217882,0 -115.395424,35.217244,0 -115.395352,35.216822,0 -115.395411,35.216070,0 -115.395338,35.215911,0 -115.395053,35.215641,0 -115.394720,35.215222,0 -115.394623,35.214605,0 -115.394834,35.214108,0 -115.395224,35.213849,0 -115.395487,35.213560,0 -115.396130,35.213359,0 -115.396766,35.213230,0 -115.397236,35.213023,0 -115.397920,35.212774,0 -115.398717,35.212672,0 -115.399354,35.212484,0 -115.400255,35.211943,0 -115.400557,35.211670,0 -115.400740,35.211242,0 -115.400767,35.210691,0 -115.400858,35.210339,0 -115.400808,35.210116,0 -115.400782,35.209654,0 -115.400532,35.209132,0 -115.400253,35.208818,0 -115.399625,35.208496,0 -115.399260,35.208083,0 -115.399052,35.206989,0 -115.398934,35.206730,0 -115.398620,35.206515,0 -115.398252,35.206437,0 -115.397817,35.206502,0 -115.396845,35.206861,0 -115.396596,35.206892,0 -115.395935,35.206725,0 -115.395254,35.206441,0 -115.394607,35.206103,0 -115.394175,35.205756,0 -115.393910,35.205228,0 -115.393674,35.204590,0 -115.393282,35.204055,0 -115.392120,35.203519,0 -115.391574,35.203004,0 -115.391190,35.202465,0 -115.390904,35.202184,0 -115.390325,35.201736,0 -115.390034,35.201149,0 -115.390094,35.200072,0 -115.389776,35.199527,0 -115.389296,35.199205,0 -115.388856,35.199008,0 -115.388301,35.198852,0 -115.387793,35.198838,0 -115.386567,35.199090,0 -115.385904,35.199088,0 -115.385237,35.198800,0 -115.384177,35.198159,0 -115.383462,35.197946,0 -115.382982,35.197669,0 -115.382837,35.197235,0 -115.382839,35.196950,0 -115.382743,35.196334,0 -115.382585,35.195719,0 -115.381894,35.193866,0 -115.381616,35.192457,0 -115.381494,35.191600,0 -115.381456,35.190157,0 -115.381217,35.188661,0 -115.381289,35.187952,0 -115.381633,35.187420,0 -115.382124,35.187044,0 -115.382616,35.186575,0 -115.382869,35.185602,0 -115.382896,35.184510,0 -115.383016,35.183413,0 -115.382887,35.182445,0 -115.382552,35.181658,0 -115.382427,35.181153,0 -115.382466,35.180242,0 -115.382368,35.179796,0 -115.381964,35.179387,0 -115.381623,35.179227,0 -115.381217,35.178940,0 -115.381012,35.178652,0 -115.381220,35.178451,0 -115.381534,35.178353,0 -115.382374,35.177819,0 -115.382878,35.177634,0 -115.383259,35.177401,0 -115.383603,35.177072,0 -115.383712,35.176748,0 -115.383758,35.175814,0 -115.383834,35.175546,0 -115.384022,35.175332,0 -115.384138,35.174953,0 -115.384147,35.174513,0 -115.384070,35.174103,0 -115.383865,35.173628,0 -115.383769,35.172892,0 -115.383847,35.172234,0 -115.384213,35.171460,0 -115.384805,35.170765,0 -115.385225,35.169932,0 -115.385519,35.168990,0 -115.386290,35.167591,0 -115.388648,35.165734,0 -115.390424,35.165175,0 -115.392620,35.164799,0 -115.396876,35.164267,0 -115.398014,35.164304,0 -115.399510,35.164586,0 -115.400557,35.165068,0 -115.401819,35.165369,0 -115.402649,35.165186,0 -115.403642,35.164712,0 -115.404387,35.164303,0 -115.405335,35.163564,0 -115.406759,35.162534,0 -115.408276,35.161577,0 -115.409549,35.160983,0 -115.411146,35.160299,0 -115.412834,35.159820,0 -115.414186,35.159540,0 -115.415210,35.159506,0 -115.416319,35.159643,0 -115.417480,35.159964,0 -115.418363,35.160122,0 -115.419347,35.160023,0 -115.420058,35.159673,0 -115.420228,35.159004,0 -115.420274,35.158042,0 -115.420533,35.157056,0 -115.421025,35.156343,0 -115.421858,35.155648,0 -115.422804,35.155082,0 -115.424827,35.153474,0 -115.426629,35.151669,0 -115.427777,35.150755,0 -115.428248,35.150295,0 -115.428470,35.150032,0 -115.429002,35.149545,0 -115.429104,35.149130,0 -115.429094,35.148530,0 -115.428705,35.147490,0 -115.428695,35.146931,0 -115.428913,35.146068,0 -115.429205,35.145520,0 -115.429346,35.145116,0 -115.429415,35.144724,0 -115.429318,35.144209,0 -115.429255,35.143597,0 -115.429466,35.142913,0 -115.429709,35.142441,0 -115.429795,35.141493,0 -115.430004,35.141054,0 -115.430234,35.140708,0 -115.430390,35.140297,0 -115.430499,35.139721,0 -115.430591,35.138852,0 -115.430573,35.138546,0 -115.430066,35.137259,0 -115.429967,35.136703,0 -115.430216,35.135496,0 -115.430310,35.134156,0 -115.430420,35.133553,0 -115.430610,35.133075,0 -115.431199,35.132862,0 -115.432382,35.133026,0 -115.433529,35.133454,0 -115.434057,35.133620,0 -115.434551,35.133667,0 -115.435067,35.133395,0 -115.435497,35.133044,0 -115.435766,35.132874,0 -115.436061,35.132589,0 -115.436331,35.132052,0 -115.436630,35.131330,0 -115.436994,35.130771,0 -115.437499,35.130254,0 -115.438256,35.129709,0 -115.438661,35.129248,0 -115.438770,35.128580,0 -115.438680,35.127899,0 -115.438638,35.127240,0 -115.438868,35.126519,0 -115.439306,35.125950,0 -115.439869,35.125666,0 -115.440852,35.125620,0 -115.442049,35.125674,0 -115.444082,35.125594,0 -115.444523,35.125665,0 -115.444635,35.125475,0 -115.444661,35.124773,0 -115.444576,35.124194,0 -115.444333,35.123091,0 -115.444270,35.121997,0 -115.444421,35.121363,0 -115.444971,35.120565,0 -115.445657,35.119689,0 -115.446328,35.118899,0 -115.446941,35.118240,0 -115.447911,35.117747,0 -115.449661,35.117324,0 -115.450435,35.116619,0 -115.450382,35.115881,0 -115.449146,35.114162,0 -115.448714,35.113614,0 -115.448225,35.113151,0 -115.447675,35.112492,0 -115.447428,35.111745,0 -115.447655,35.110811,0 -115.447810,35.109814,0 -115.447654,35.108915,0 -115.447438,35.108262,0 -115.447262,35.107853,0 -115.447006,35.107431,0 -115.446911,35.107017,0 -115.447206,35.106254,0 -115.447561,35.105492,0 -115.447732,35.104868,0 -115.447714,35.104094,0 -115.447240,35.103310,0 -115.445868,35.101693,0 -115.445553,35.100800,0 -115.445322,35.099720,0 -115.444819,35.098787,0 -115.443059,35.096943,0 -115.441846,35.095849,0 -115.440613,35.095255,0 -115.439713,35.094716,0 -115.439226,35.094162,0 -115.438728,35.092835,0 -115.438433,35.092148,0 -115.438446,35.091463,0 -115.439361,35.091024,0 -115.440310,35.091014,0 -115.441067,35.090929,0 -115.441749,35.090690,0 -115.442400,35.090317,0 -115.443287,35.089928,0 -115.443765,35.089771,0 -115.444623,35.089694,0 -115.445031,35.089453,0 -115.445400,35.089147,0 -115.446005,35.088770,0 -115.446726,35.088558,0 -115.447495,35.088281,0 -115.448211,35.087788,0 -115.448633,35.087259,0 -115.448956,35.086700,0 -115.449328,35.086272,0 -115.449625,35.085674,0 -115.450021,35.085158,0 -115.450600,35.084769,0 -115.451309,35.083782,0 -115.451478,35.083240,0 -115.451527,35.082666,0 -115.451860,35.081715,0 -115.452332,35.080847,0 -115.452985,35.080176,0 -115.453373,35.079689,0 -115.453670,35.079081,0 -115.453971,35.078597,0 -115.454432,35.078353,0 -115.455214,35.078115,0 -115.455736,35.077810,0 -115.456741,35.076748,0 -115.457355,35.076280,0 -115.458199,35.075709,0 -115.459054,35.075259,0 -115.459872,35.074933,0 -115.460989,35.074399,0 -115.461717,35.073897,0 -115.462379,35.073380,0 -115.462895,35.072863,0 -115.463554,35.072475,0 -115.464636,35.072229,0 -115.465384,35.072212,0 -115.466257,35.072063,0 -115.467167,35.071795,0 -115.468011,35.071481,0 -115.468665,35.071278,0 -115.469027,35.070978,0 -115.468750,35.070109,0 -115.468504,35.068859,0 -115.468022,35.067888,0 -115.467797,35.067566,0 -115.467511,35.067252,0 -115.467533,35.066956,0 -115.468284,35.066652,0 -115.468787,35.066315,0 -115.469383,35.065766,0 -115.469668,35.065135,0 -115.469805,35.064272,0 -115.469807,35.063713,0 -115.469644,35.063074,0 -115.469582,35.061892,0 -115.469306,35.061237,0 -115.469072,35.060531,0 -115.469101,35.059950,0 -115.469502,35.059484,0 -115.470076,35.059026,0 -115.470639,35.058438,0 -115.471320,35.056976,0 -115.471761,35.056505,0 -115.471900,35.056045,0 -115.471816,35.055699,0 -115.471062,35.054937,0 -115.470969,35.054413,0 -115.471262,35.053974,0 -115.471428,35.053516,0 -115.471459,35.053136,0 -115.471420,35.052592,0 -115.471274,35.052086,0 -115.470893,35.051610,0 -115.470650,35.051210,0 -115.470521,35.050780,0 -115.470557,35.050681,0 -115.470742,35.050530,0 -115.470958,35.050914,0 -115.471272,35.051184,0 -115.471899,35.051426,0 -115.472745,35.051518,0 -115.473451,35.051635,0 -115.474189,35.051705,0 -115.474853,35.051623,0 -115.477115,35.050962,0 -115.478005,35.050923,0 -115.479154,35.050922,0 -115.479923,35.050607,0 -115.480693,35.050527,0 -115.481315,35.050320,0 -115.481581,35.050094,0 -115.481974,35.049666,0 -115.483043,35.048699,0 -115.483440,35.048260,0 -115.483524,35.047939,0 -115.483414,35.047536,0 -115.483410,35.046948,0 -115.483545,35.046422,0 -115.483633,35.045848,0 -115.483648,35.045325,0 -115.483763,35.044761,0 -115.484192,35.043951,0 -115.484631,35.043552,0 -115.485338,35.043340,0 -115.486240,35.043114,0 -115.487159,35.042698,0 -115.488713,35.041760,0 -115.489967,35.041131,0 -115.490601,35.040640,0 -115.490676,35.040094,0 -115.490672,35.039516,0 -115.490753,35.039199,0 -115.491017,35.038589,0 -115.491407,35.038013,0 -115.491921,35.037489,0 -115.492365,35.036927,0 -115.492444,35.036473,0 -115.492038,35.035669,0 -115.492007,35.035112,0 -115.492441,35.034324,0 -115.492637,35.033768,0 -115.492884,35.032262,0 -115.493169,35.031360,0 -115.493279,35.030505,0 -115.493302,35.029919,0 -115.493532,35.029307,0 -115.493922,35.028721,0 -115.494631,35.027965,0 -115.494972,35.027429,0 -115.495407,35.026925,0 -115.495788,35.026366,0 -115.496044,35.025822,0 -115.496510,35.025352,0 -115.497161,35.025231,0 -115.497831,35.025174,0 -115.498361,35.025073,0 -115.498907,35.024863,0 -115.499324,35.024564,0 -115.499757,35.024060,0 -115.500604,35.023324,0 -115.500869,35.023049,0 -115.500911,35.022618,0 -115.501080,35.021741,0 -115.501083,35.021231,0 -115.501208,35.020595,0 -115.501649,35.019519,0 -115.501715,35.019145,0 -115.502479,35.017173,0 -115.502853,35.016860,0 -115.503150,35.016677,0 -115.503390,35.016301,0 -115.503536,35.015665,0 -115.503865,35.014789,0 -115.504312,35.014114,0 -115.505258,35.013105,0 -115.506153,35.011980,0 -115.506361,35.011586,0 -115.506673,35.010587,0 -115.507212,35.009538,0 -115.507832,35.008547,0 -115.507947,35.008109,0 -115.508171,35.007528,0 -115.508427,35.006682,0 -115.508842,35.005834,0 -115.508944,35.005408,0 -115.508905,35.004963,0 -115.508705,35.004273,0 -115.508867,35.003774,0 -115.509100,35.003427,0 -115.509268,35.002995,0 -115.509435,35.002312,0 -115.509484,35.001064,0 -115.509540,35.000577,0 -115.509608,35.000127,0 -115.509740,34.999839,0 -115.510341,34.998540,0 -115.510661,34.998026,0 -115.511087,34.997456,0 -115.512003,34.996584,0 -115.512423,34.996124,0 -115.512699,34.995763,0 -115.513069,34.994847,0 -115.514364,34.992878,0 -115.514870,34.992370,0 -115.515326,34.992148,0 -115.515902,34.992008,0 -115.516764,34.991970,0 -115.517608,34.991745,0 -115.518378,34.991617,0 -115.520022,34.992139,0 -115.520417,34.991944,0 -115.520676,34.991596,0 -115.521367,34.990466,0 -115.521773,34.989871,0 -115.522172,34.989404,0 -115.522829,34.989207,0 -115.524497,34.989273,0 -115.525121,34.989123,0 -115.525617,34.988856,0 -115.526070,34.988359,0 -115.526286,34.987976,0 -115.526445,34.987531,0 -115.526648,34.986592,0 -115.526702,34.985839,0 -115.526940,34.985320,0 -115.527239,34.984888,0 -115.528001,34.984095,0 -115.528319,34.983596,0 -115.528533,34.982988,0 -115.529150,34.981954,0 -115.529504,34.981203,0 -115.530044,34.980617,0 -115.530867,34.980392,0 -115.531929,34.980448,0 -115.533186,34.980341,0 -115.534290,34.980084,0 -115.535299,34.980019,0 -115.535975,34.979897,0 -115.536593,34.979471,0 -115.537024,34.979096,0 -115.537356,34.978544,0 -115.537250,34.977805,0 -115.537016,34.977133,0 -115.536874,34.976545,0 -115.536880,34.975880,0 -115.537080,34.975226,0 -115.537346,34.974695,0 -115.537650,34.974235,0 -115.537909,34.973710,0 -115.538122,34.973133,0 -115.538201,34.972639,0 -115.538121,34.971765,0 -115.538320,34.971249,0 -115.538536,34.970878,0 -115.538731,34.970159,0 -115.538900,34.969928,0 -115.539182,34.969711,0 -115.539526,34.969361,0 -115.539677,34.968905,0 -115.539698,34.968119,0 -115.539812,34.967313,0 -115.539882,34.966268,0 -115.539777,34.965482,0 -115.539859,34.964404,0 -115.540034,34.963558,0 -115.540287,34.962912,0 -115.540680,34.962414,0 -115.541559,34.961183,0 -115.541818,34.960625,0 -115.541871,34.959998,0 -115.541394,34.959578,0 -115.540110,34.959107,0 -115.539292,34.958701,0 -115.538729,34.958351,0 -115.538417,34.958079,0 -115.538195,34.957682,0 -115.537889,34.956695,0 -115.537560,34.956250,0 -115.536995,34.955955,0 -115.536409,34.955758,0 -115.536117,34.955531,0 -115.535948,34.955078,0 -115.535947,34.954546,0 -115.536439,34.951911,0 -115.536415,34.950849,0 -115.536467,34.950349,0 -115.536761,34.948786,0 -115.536871,34.947874,0 -115.537617,34.945855,0 -115.538004,34.944500,0 -115.538345,34.943756,0 -115.538843,34.943279,0 -115.539201,34.942860,0 -115.539174,34.942233,0 -115.538774,34.941432,0 -115.538633,34.940844,0 -115.538557,34.940316,0 -115.538362,34.939781,0 -115.538215,34.939131,0 -115.538142,34.937696,0 -115.538267,34.937170,0 -115.538740,34.935760,0 -115.538986,34.935211,0 -115.539192,34.934625,0 -115.539795,34.933618,0 -115.539936,34.932837,0 -115.540094,34.932348,0 -115.540506,34.931895,0 -115.540982,34.931540,0 -115.541309,34.930888,0 -115.541325,34.930571,0 -115.541072,34.929760,0 -115.541050,34.929404,0 -115.541175,34.928804,0 -115.541586,34.927560,0 -115.541974,34.926798,0 -115.542432,34.925777,0 -115.542557,34.925240,0 -115.542761,34.924759,0 -115.543027,34.924189,0 -115.543359,34.923614,0 -115.543965,34.922990,0 -115.544450,34.922626,0 -115.544854,34.922236,0 -115.545079,34.921743,0 -115.545016,34.921309,0 -115.544865,34.920963,0 -115.544817,34.920417,0 -115.545002,34.919842,0 -115.545496,34.919268,0 -115.546718,34.918291,0 -115.547184,34.917799,0 -115.547130,34.917174,0 -115.546509,34.916443,0 -115.546182,34.915821,0 -115.545955,34.915016,0 -115.546123,34.914227,0 -115.546421,34.913733,0 -115.546826,34.913196,0 -115.547146,34.912528,0 -115.547300,34.911786,0 -115.547226,34.911122,0 -115.547105,34.910460,0 -115.546310,34.909027,0 -115.546050,34.908388,0 -115.545795,34.907045,0 -115.545499,34.906564,0 -115.545031,34.906033,0 -115.544604,34.905355,0 -115.544384,34.904628,0 -115.544266,34.902945,0 -115.543868,34.901876,0 -115.543846,34.900683,0 -115.543772,34.900052,0 -115.543925,34.898717,0 -115.543937,34.897436,0 -115.543688,34.896290,0 -115.543675,34.895472,0 -115.543581,34.894740,0 -115.543308,34.894014,0 -115.542887,34.893389,0 -115.541995,34.892316,0 -115.541873,34.891875,0 -115.542303,34.891702,0 -115.543064,34.891550,0 -115.543907,34.891323,0 -115.544585,34.890910,0 -115.545163,34.890298,0 -115.545439,34.889382,0 -115.545698,34.888860,0 -115.546223,34.888264,0 -115.547180,34.887275,0 -115.548218,34.886072,0 -115.548816,34.885615,0 -115.549493,34.885225,0 -115.550339,34.884680,0 -115.550836,34.884253,0 -115.551190,34.883525,0 -115.551591,34.881983,0 -115.551710,34.881319,0 -115.551692,34.880517,0 -115.552091,34.879732,0 -115.552477,34.879250,0 -115.552935,34.878776,0 -115.554050,34.877865,0 -115.554435,34.877389,0 -115.554793,34.876825,0 -115.555032,34.876287,0 -115.555151,34.875662,0 -115.555154,34.875321,0 -115.555055,34.874499,0 -115.555153,34.874104,0 -115.555444,34.873627,0 -115.555853,34.873333,0 -115.558006,34.872261,0 -115.558796,34.872002,0 -115.559290,34.871899,0 -115.560141,34.872103,0 -115.561859,34.872389,0 -115.562406,34.872447,0 -115.562961,34.872321,0 -115.563537,34.872010,0 -115.564021,34.871630,0 -115.564492,34.871191,0 -115.565254,34.870358,0 -115.565431,34.869979,0 -115.565522,34.869572,0 -115.565541,34.869078,0 -115.565466,34.868589,0 -115.565523,34.868100,0 -115.566100,34.867147,0 -115.566305,34.866626,0 -115.566616,34.865480,0 -115.566877,34.864750,0 -115.567276,34.864219,0 -115.568216,34.863617,0 -115.568599,34.863206,0 -115.568891,34.862718,0 -115.569022,34.862269,0 -115.568826,34.861212,0 -115.568784,34.860646,0 -115.568958,34.859949,0 -115.569251,34.859395,0 -115.570157,34.858082,0 -115.570921,34.856888,0 -115.571396,34.856107,0 -115.571641,34.855603,0 -115.571938,34.855268,0 -115.572209,34.854897,0 -115.572565,34.854563,0 -115.573783,34.854153,0 -115.574587,34.853847,0 -115.576111,34.853394,0 -115.576901,34.853037,0 -115.578024,34.852758,0 -115.578772,34.852654,0 -115.579580,34.852468,0 -115.580502,34.852390,0 -115.581258,34.852176,0 -115.581495,34.851814,0 -115.581636,34.850879,0 -115.581774,34.850507,0 -115.582467,34.849710,0 -115.582685,34.849386,0 -115.582843,34.848903,0 -115.583081,34.848345,0 -115.583453,34.847873,0 -115.584041,34.847664,0 -115.584930,34.847547,0 -115.585731,34.847406,0 -115.586341,34.847053,0 -115.586939,34.846528,0 -115.587505,34.845962,0 -115.587884,34.845457,0 -115.588269,34.844784,0 -115.588762,34.844159,0 -115.588932,34.843864,0 -115.588874,34.843628,0 -115.588604,34.843292,0 -115.588161,34.842935,0 -115.587977,34.842665,0 -115.587914,34.842209,0 -115.588397,34.841310,0 -115.588494,34.840849,0 -115.588345,34.840464,0 -115.587969,34.840000,0 -115.587826,34.839581,0 -115.588118,34.839105,0 -115.588897,34.838460,0 -115.589027,34.838060,0 -115.588911,34.837630,0 -115.588749,34.837239,0 -115.588607,34.836694,0 -115.588385,34.835532,0 -115.588325,34.834863,0 -115.588318,34.834163,0 -115.588033,34.833310,0 -115.587640,34.831901,0 -115.587546,34.831263,0 -115.587676,34.829641,0 -115.587669,34.828906,0 -115.587556,34.828145,0 -115.587415,34.827573,0 -115.587393,34.827000,0 -115.587661,34.826201,0 -115.587966,34.825773,0 -115.588489,34.825484,0 -115.589777,34.825251,0 -115.590302,34.825366,0 -115.590943,34.825369,0 -115.592150,34.825218,0 -115.592971,34.825201,0 -115.593691,34.825091,0 -115.594155,34.824736,0 -115.594474,34.824160,0 -115.595017,34.823874,0 -115.595876,34.823829,0 -115.596664,34.823647,0 -115.597195,34.823293,0 -115.597711,34.822868,0 -115.598124,34.822271,0 -115.598547,34.821237,0 -115.598957,34.820930,0 -115.599479,34.820682,0 -115.599849,34.820332,0 -115.599974,34.819837,0 -115.600251,34.819361,0 -115.600926,34.818403,0 -115.601132,34.817794,0 -115.601264,34.817219,0 -115.601323,34.816559,0 -115.601198,34.815809,0 -115.600955,34.814736,0 -115.600855,34.814027,0 -115.600913,34.813428,0 -115.601081,34.813276,0 -115.601428,34.813344,0 -115.602628,34.814038,0 -115.603538,34.814335,0 -115.604482,34.814551,0 -115.605362,34.814600,0 -115.606311,34.814327,0 -115.608128,34.813127,0 -115.608965,34.812715,0 -115.609523,34.812258,0 -115.610189,34.811546,0 -115.611005,34.811190,0 -115.611810,34.811310,0 -115.612669,34.811502,0 -115.613247,34.811576,0 -115.613919,34.811773,0 -115.614637,34.812025,0 -115.615196,34.812074,0 -115.615524,34.811900,0 -115.615694,34.811577,0 -115.615744,34.811224,0 -115.615942,34.810741,0 -115.616297,34.810452,0 -115.616792,34.810341,0 -115.617338,34.810318,0 -115.617859,34.810237,0 -115.618267,34.809999,0 -115.618472,34.809555,0 -115.618489,34.809148,0 -115.618651,34.808858,0 -115.619034,34.808666,0 -115.619613,34.808632,0 -115.620007,34.808543,0 -115.621046,34.807970,0 -115.621955,34.807673,0 -115.622908,34.807635,0 -115.623510,34.807452,0 -115.623751,34.807410,0 -115.624637,34.807404,0 -115.624923,34.807340,0 -115.625393,34.807096,0 -115.625487,34.806877,0 -115.625512,34.806350,0 -115.625888,34.806043,0 -115.626502,34.805899,0 -115.626811,34.805776,0 -115.627431,34.805376,0 -115.628063,34.805169,0 -115.628503,34.805114,0 -115.628981,34.805172,0 -115.629735,34.805386,0 -115.630399,34.805454,0 -115.630844,34.805193,0 -115.631258,34.804835,0 -115.631640,34.804429,0 -115.632051,34.804210,0 -115.632446,34.804077,0 -115.632843,34.803901,0 -115.633566,34.803384,0 -115.633964,34.803139,0 -115.634456,34.802909,0 -115.634885,34.802772,0 -115.635804,34.802730,0 -115.636116,34.802779,0 -115.637008,34.803071,0 -115.638178,34.803819,0 -115.639392,34.804373,0 -115.641220,34.804872,0 -115.641871,34.804931,0 -115.642457,34.804933,0 -115.643342,34.804638,0 -115.643956,34.804246,0 -115.644504,34.803815,0 -115.645241,34.803314,0 -115.646388,34.802578,0 -115.647132,34.802012,0 -115.647730,34.801756,0 -115.648385,34.801638,0 -115.649240,34.801530,0 -115.649916,34.801331,0 -115.650486,34.801109,0 -115.651290,34.800872,0 -115.651529,34.800650,0 -115.651708,34.800317,0 -115.651709,34.799950,0 -115.651498,34.799204,0 -115.651473,34.798787,0 -115.651756,34.798346,0 -115.652282,34.798018,0 -115.653080,34.797745,0 -115.653633,34.797383,0 -115.654002,34.796954,0 -115.654367,34.796598,0 -115.654861,34.796308,0 -115.655855,34.795866,0 -115.656612,34.795625,0 -115.657330,34.795635,0 -115.657941,34.795752,0 -115.659458,34.795838,0 -115.662117,34.795364,0 -115.662839,34.795188,0 -115.663506,34.794852,0 -115.664230,34.794312,0 -115.665226,34.793789,0 -115.666756,34.793513,0 -115.667608,34.793180,0 -115.669085,34.792249,0 -115.669626,34.792136,0 -115.670396,34.792284,0 -115.671096,34.792551,0 -115.671648,34.792547,0 -115.672327,34.792316,0 -115.672973,34.791958,0 -115.673879,34.791240,0 -115.674258,34.790991,0 -115.674772,34.790893,0 -115.675668,34.791016,0 -115.677132,34.791345,0 -115.677734,34.791293,0 -115.678495,34.791147,0 -115.679009,34.791113,0 -115.679991,34.791257,0 -115.681074,34.791712,0 -115.681710,34.792116,0 -115.682062,34.792571,0 -115.682533,34.792934,0 -115.683188,34.793146,0 -115.683809,34.793078,0 -115.684333,34.792823,0 -115.684769,34.792685,0 -115.685655,34.792625,0 -115.686225,34.792480,0 -115.687179,34.792344,0 -115.688105,34.792313,0 -115.689233,34.792538,0 -115.690495,34.792671,0 -115.691627,34.792654,0 -115.692559,34.792689,0 -115.693671,34.792955,0 -115.695611,34.793843,0 -115.696439,34.794048,0 -115.697400,34.794241,0 -115.698890,34.794349,0 -115.699622,34.794436,0 -115.700357,34.794607,0 -115.701153,34.794737,0 -115.703173,34.794968,0 -115.704564,34.794988,0 -115.705346,34.794800,0 -115.705965,34.794518,0 -115.706976,34.794170,0 -115.707774,34.793967,0 -115.708610,34.793714,0 -115.709611,34.793649,0 -115.711175,34.793705,0 -115.713172,34.794071,0 -115.716056,34.794264,0 -115.717804,34.794121,0 -115.718856,34.794154,0 -115.719166,34.793922,0 -115.719956,34.792355,0 -115.720065,34.791923,0 -115.720062,34.791402,0 -115.719919,34.790850,0 -115.719910,34.790361,0 -115.720081,34.789396,0 -115.720122,34.788704,0 -115.720264,34.788239,0 -115.720439,34.787815,0 -115.720624,34.787148,0 -115.720750,34.786527,0 -115.720776,34.785918,0 -115.720762,34.784626,0 -115.720965,34.784065,0 -115.721268,34.783548,0 -115.721684,34.783085,0 -115.722018,34.782640,0 -115.722301,34.781813,0 -115.722307,34.781159,0 -115.722208,34.780433,0 -115.722262,34.779726,0 -115.722594,34.779116,0 -115.723114,34.778468,0 -115.723861,34.777315,0 -115.724436,34.776211,0 -115.724923,34.775082,0 -115.725433,34.773275,0 -115.725871,34.772629,0 -115.726426,34.772114,0 -115.727317,34.771555,0 -115.728137,34.770809,0 -115.729863,34.769023,0 -115.730457,34.768235,0 -115.731023,34.767551,0 -115.731784,34.767088,0 -115.732915,34.766762,0 -115.733569,34.766629,0 -115.734287,34.766370,0 -115.735064,34.765808,0 -115.735861,34.764840,0 -115.736614,34.763776,0 -115.737660,34.762686,0 -115.739256,34.761438,0 -115.741003,34.760202,0 -115.742660,34.759516,0 -115.744672,34.758745,0 -115.745527,34.758251,0 -115.746281,34.757488,0 -115.747162,34.756322,0 -115.748192,34.755376,0 -115.749276,34.754660,0 -115.749872,34.754162,0 -115.751266,34.753105,0 -115.751945,34.752783,0 -115.753130,34.752480,0 -115.754489,34.752388,0 -115.756060,34.752327,0 -115.757231,34.752346,0 -115.757838,34.752264,0 -115.758433,34.752137,0 -115.759079,34.752092,0 -115.760171,34.752293,0 -115.761147,34.752370,0 -115.762127,34.752311,0 -115.763331,34.752557,0 -115.764577,34.752721,0 -115.765664,34.753128,0 -115.766596,34.753627,0 -115.767344,34.753788,0 -115.769934,34.754195,0 -115.772163,34.754711,0 -115.774286,34.754902,0 -115.775316,34.755187,0 -115.776528,34.755680,0 -115.777777,34.756271,0 -115.779228,34.756780,0 -115.783297,34.757914,0 -115.784508,34.758156,0 -115.785354,34.758130,0 -115.786468,34.757963,0 -115.788866,34.758098,0 -115.789772,34.758041,0 -115.791154,34.758118,0 -115.792239,34.758334,0 -115.793541,34.758676,0 -115.794675,34.758789,0 -115.795421,34.758543,0 -115.795961,34.758168,0 -115.796281,34.757642,0 -115.795852,34.756679,0 -115.795474,34.756057,0 -115.795636,34.755719,0 -115.796057,34.755375,0 -115.796421,34.755168,0 -115.796695,34.754860,0 -115.796579,34.754457,0 -115.796026,34.753958,0 -115.795154,34.753712,0 -115.791721,34.753495,0 -115.790435,34.753309,0 -115.789502,34.752842,0 -115.788914,34.752163,0 -115.788546,34.751169,0 -115.788452,34.750657,0 -115.788292,34.750161,0 -115.788591,34.749172,0 -115.788766,34.748820,0 -115.789079,34.748515,0 -115.789540,34.748278,0 -115.790600,34.747858,0 -115.790987,34.747595,0 -115.791475,34.746926,0 -115.791898,34.746137,0 -115.792312,34.745803,0 -115.792819,34.745524,0 -115.793272,34.745130,0 -115.794384,34.743671,0 -115.794684,34.743205,0 -115.795065,34.742809,0 -115.795559,34.742522,0 -115.795966,34.742230,0 -115.796328,34.741742,0 -115.796523,34.741129,0 -115.796777,34.740574,0 -115.797085,34.740155,0 -115.797534,34.739371,0 -115.797170,34.739003,0 -115.796398,34.738792,0 -115.795781,34.738554,0 -115.795369,34.738302,0 -115.795017,34.737911,0 -115.794759,34.737460,0 -115.794477,34.736705,0 -115.793775,34.735962,0 -115.793469,34.735537,0 -115.793132,34.735225,0 -115.792893,34.734812,0 -115.792750,34.734207,0 -115.792208,34.733045,0 -115.792065,34.732426,0 -115.792246,34.731756,0 -115.792968,34.730995,0 -115.796592,34.728141,0 -115.798268,34.726908,0 -115.800592,34.724766,0 -115.801567,34.723710,0 -115.802284,34.722288,0 -115.802752,34.721542,0 -115.803394,34.720797,0 -115.804069,34.720135,0 -115.804583,34.719680,0 -115.804951,34.719192,0 -115.805046,34.718613,0 -115.804589,34.718129,0 -115.803944,34.717821,0 -115.803480,34.717561,0 -115.803161,34.717182,0 -115.803118,34.716588,0 -115.803508,34.715436,0 -115.803704,34.714434,0 -115.803647,34.713765,0 -115.803517,34.713050,0 -115.803872,34.712448,0 -115.804605,34.712038,0 -115.806524,34.711417,0 -115.806818,34.710910,0 -115.806727,34.710345,0 -115.806463,34.709867,0 -115.806352,34.709152,0 -115.806427,34.708640,0 -115.807044,34.707174,0 -115.807325,34.706830,0 -115.807677,34.707172,0 -115.808040,34.707732,0 -115.808863,34.708477,0 -115.809753,34.708678,0 -115.810572,34.708706,0 -115.811355,34.709099,0 -115.812032,34.709579,0 -115.813054,34.710091,0 -115.813513,34.710355,0 -115.813883,34.711033,0 -115.814821,34.712986,0 -115.815225,34.713289,0 -115.815564,34.713398,0 -115.816190,34.713407,0 -115.817160,34.713705,0 -115.817910,34.714262,0 -115.818255,34.714603,0 -115.818478,34.715296,0 -115.819034,34.716220,0 -115.819211,34.716935,0 -115.818953,34.718215,0 -115.819090,34.718864,0 -115.819327,34.719627,0 -115.819677,34.720359,0 -115.820148,34.720932,0 -115.820838,34.721434,0 -115.822008,34.721964,0 -115.823471,34.722275,0 -115.824502,34.722139,0 -115.825015,34.721756,0 -115.825277,34.721351,0 -115.825578,34.720736,0 -115.825939,34.720115,0 -115.826128,34.719452,0 -115.826864,34.718361,0 -115.828066,34.717198,0 -115.828733,34.716936,0 -115.830028,34.717296,0 -115.830428,34.717187,0 -115.830835,34.716886,0 -115.831162,34.716453,0 -115.831451,34.715833,0 -115.831752,34.715356,0 -115.832019,34.715146,0 -115.832417,34.715121,0 -115.833228,34.715562,0 -115.834091,34.716228,0 -115.834702,34.716554,0 -115.835599,34.716837,0 -115.836815,34.717158,0 -115.838511,34.717504,0 -115.840425,34.718201,0 -115.841395,34.718674,0 -115.842180,34.718900,0 -115.843164,34.719028,0 -115.844807,34.719121,0 -115.845819,34.718838,0 -115.846684,34.718773,0 -115.847774,34.719352,0 -115.849051,34.719461,0 -115.849623,34.719620,0 -115.850026,34.720474,0 -115.850077,34.720803,0 -115.850089,34.721342,0 -115.850167,34.721868,0 -115.850671,34.722738,0 -115.851671,34.724003,0 -115.852176,34.724450,0 -115.853099,34.724930,0 -115.853764,34.725189,0 -115.854262,34.725290,0 -115.854947,34.725259,0 -115.855466,34.725488,0 -115.855837,34.725990,0 -115.856448,34.726508,0 -115.857079,34.726757,0 -115.858116,34.727078,0 -115.858269,34.727462,0 -115.858352,34.728033,0 -115.858537,34.728694,0 -115.859073,34.729677,0 -115.859670,34.730285,0 -115.860620,34.731098,0 -115.861163,34.731363,0 -115.861881,34.731899,0 -115.862385,34.732526,0 -115.862747,34.733767,0 -115.863177,34.734465,0 -115.863815,34.735051,0 -115.864386,34.735484,0 -115.865456,34.735931,0 -115.866067,34.736235,0 -115.866518,34.736600,0 -115.866744,34.736952,0 -115.867094,34.737897,0 -115.867379,34.738344,0 -115.867743,34.738777,0 -115.868054,34.739279,0 -115.868751,34.740110,0 -115.869375,34.740632,0 -115.869926,34.741275,0 -115.870489,34.742009,0 -115.871327,34.742465,0 -115.872424,34.742782,0 -115.873050,34.742788,0 -115.874534,34.742621,0 -115.875053,34.742676,0 -115.876040,34.743318,0 -115.876131,34.743473,0 -115.876300,34.743618,0 -115.876810,34.743769,0 -115.877083,34.743709,0 -115.877482,34.743421,0 -115.877782,34.743136,0 -115.878262,34.742802,0 -115.878874,34.742542,0 -115.879718,34.742340,0 -115.881097,34.742323,0 -115.881954,34.742150,0 -115.882608,34.742071,0 -115.883243,34.742307,0 -115.884058,34.742753,0 -115.884994,34.743202,0 -115.885880,34.743512,0 -115.886870,34.743830,0 -115.888027,34.743952,0 -115.888942,34.744115,0 -115.891083,34.745191,0 -115.892011,34.745968,0 -115.893195,34.747201,0 -115.894281,34.748078,0 -115.894427,34.748750,0 -115.894465,34.749152,0 -115.894760,34.749639,0 -115.895433,34.749925,0 -115.896234,34.749844,0 -115.897989,34.749409,0 -115.899036,34.749281,0 -115.899639,34.749158,0 -115.900119,34.749172,0 -115.900610,34.749255,0 -115.901065,34.749142,0 -115.901425,34.748762,0 -115.901666,34.748441,0 -115.901882,34.748022,0 -115.902192,34.747267,0 -115.902483,34.747047,0 -115.903122,34.747068,0 -115.903746,34.747153,0 -115.904320,34.747118,0 -115.904899,34.746836,0 -115.905504,34.746290,0 -115.905839,34.746180,0 -115.906159,34.746194,0 -115.908725,34.747581,0 -115.910991,34.748764,0 -115.911636,34.749065,0 -115.912400,34.749348,0 -115.912912,34.749936,0 -115.913055,34.750146,0 -115.914276,34.750971,0 -115.914946,34.751593,0 -115.915323,34.751871,0 -115.915740,34.751996,0 -115.916034,34.751983,0 -115.916427,34.751915,0 -115.916734,34.751913,0 -115.917549,34.752162,0 -115.918340,34.752362,0 -115.919075,34.752667,0 -115.919709,34.753001,0 -115.920445,34.753328,0 -115.921088,34.753471,0 -115.921575,34.753494,0 -115.922898,34.753632,0 -115.923468,34.753835,0 -115.925014,34.754284,0 -115.926158,34.754931,0 -115.927443,34.755390,0 -115.928092,34.755692,0 -115.929175,34.756302,0 -115.929852,34.756522,0 -115.930398,34.756538,0 -115.931254,34.756361,0 -115.931933,34.756344,0 -115.932651,34.756400,0 -115.934045,34.756820,0 -115.934818,34.756800,0 -115.935406,34.756695,0 -115.936193,34.756643,0 -115.936652,34.756739,0 -115.937054,34.757036,0 -115.938501,34.758340,0 -115.938862,34.758702,0 -115.939131,34.759045,0 -115.939639,34.759396,0 -115.940218,34.759516,0 -115.940949,34.759611,0 -115.941689,34.759525,0 -115.942178,34.759288,0 -115.943818,34.758303,0 -115.944105,34.758227,0 -115.944225,34.758300,0 -115.944331,34.758714,0 -115.944293,34.759576,0 -115.944486,34.760067,0 -115.944778,34.760646,0 -115.944878,34.761155,0 -115.944759,34.761576,0 -115.944572,34.762031,0 -115.944640,34.762456,0 -115.945253,34.763462,0 -115.945515,34.763805,0 -115.945902,34.764210,0 -115.946010,34.764689,0 -115.945691,34.765610,0 -115.945635,34.766191,0 -115.945349,34.767185,0 -115.945526,34.767917,0 -115.945966,34.768367,0 -115.946308,34.768639,0 -115.946699,34.768836,0 -115.947050,34.768943,0 -115.947709,34.769005,0 -115.948982,34.769065,0 -115.949552,34.769235,0 -115.949973,34.769580,0 -115.950220,34.770034,0 -115.950359,34.771112,0 -115.950581,34.771960,0 -115.950159,34.773117,0 -115.950215,34.773416,0 -115.950477,34.773796,0 -115.950706,34.774028,0 -115.950951,34.774191,0 -115.951252,34.774082,0 -115.952111,34.773091,0 -115.952454,34.772935,0 -115.953174,34.772871,0 -115.953684,34.772604,0 -115.954291,34.772043,0 -115.954606,34.771859,0 -115.955025,34.771942,0 -115.955433,34.772308,0 -115.955846,34.772774,0 -115.956324,34.773459,0 -115.956661,34.774149,0 -115.956828,34.775136,0 -115.956949,34.775554,0 -115.957257,34.775969,0 -115.958216,34.776978,0 -115.958657,34.777372,0 -115.959133,34.777613,0 -115.959678,34.777750,0 -115.960208,34.778036,0 -115.960850,34.778795,0 -115.961221,34.778952,0 -115.962085,34.779147,0 -115.962478,34.779152,0 -115.962858,34.779094,0 -115.963287,34.778972,0 -115.963763,34.778762,0 -115.964885,34.778067,0 -115.965204,34.778059,0 -115.967273,34.778343,0 -115.968058,34.778415,0 -115.968978,34.778414,0 -115.969563,34.778473,0 -115.969852,34.778734,0 -115.970256,34.779448,0 -115.970514,34.779679,0 -115.970951,34.779882,0 -115.971175,34.780060,0 -115.971539,34.780207,0 -115.971932,34.780188,0 -115.972151,34.780305,0 -115.971902,34.780512,0 -115.971680,34.780630,0 -115.971565,34.780827,0 -115.971280,34.781650,0 -115.971231,34.782357,0 -115.971092,34.782791,0 -115.971069,34.783044,0 -115.971085,34.783330,0 -115.971195,34.783541,0 -115.971420,34.783703,0 -115.971825,34.783814,0 -115.972314,34.784012,0 -115.972625,34.784290,0 -115.973029,34.784920,0 -115.973285,34.785242,0 -115.973615,34.785482,0 -115.974204,34.785832,0 -115.974659,34.786171,0 -115.975479,34.786667,0 -115.976078,34.787196,0 -115.977042,34.788331,0 -115.977634,34.788920,0 -115.979172,34.789611,0 -115.979476,34.789783,0 -115.979592,34.790036,0 -115.979739,34.791056,0 -115.979987,34.791448,0 -115.980356,34.791765,0 -115.981058,34.792035,0 -115.982079,34.792555,0 -115.983269,34.792770,0 -115.984208,34.792789,0 -115.985929,34.792688,0 -115.986474,34.792750,0 -115.986977,34.792961,0 -115.987346,34.793323,0 -115.987402,34.793675,0 -115.987398,34.794006,0 -115.987454,34.794279,0 -115.987652,34.794441,0 -115.987944,34.794978,0 -115.988327,34.795283,0 -115.988784,34.795485,0 -115.989274,34.795742,0 -115.989730,34.796027,0 -115.990134,34.796218,0 -115.990468,34.796221,0 -115.991202,34.796095,0 -115.992134,34.795675,0 -115.992615,34.795623,0 -115.994801,34.796110,0 -115.995458,34.796309,0 -115.995877,34.796394,0 -115.996416,34.796432,0 -115.996930,34.796398,0 -115.997545,34.796277,0 -115.997979,34.796127,0 -116.000491,34.795911,0 -116.002189,34.796822,0 -116.002354,34.797084,0 -116.003652,34.796484,0 -116.004512,34.796237,0 -116.006033,34.795936,0 -116.007027,34.795601,0 -116.007991,34.795172,0 -116.009536,34.794666,0 -116.011114,34.794368,0 -116.012309,34.794326,0 -116.013588,34.794327,0 -116.014417,34.794108,0 -116.015295,34.793613,0 -116.015828,34.792596,0 -116.016524,34.791439,0 -116.016943,34.790331,0 -116.017343,34.789545,0 -116.017595,34.788485,0 -116.017908,34.787540,0 -116.018634,34.786451,0 -116.020069,34.784821,0 -116.020886,34.784075,0 -116.022360,34.782905,0 -116.022635,34.782763,0 -116.023545,34.782450,0 -116.024348,34.782301,0 -116.025563,34.781937,0 -116.026645,34.781829,0 -116.027644,34.781766,0 -116.028527,34.781478,0 -116.029546,34.781049,0 -116.030694,34.780204,0 -116.030991,34.779832,0 -116.032057,34.779013,0 -116.033134,34.778722,0 -116.034351,34.778494,0 -116.035847,34.778266,0 -116.036703,34.777977,0 -116.037946,34.777635,0 -116.039055,34.777503,0 -116.040665,34.777408,0 -116.042027,34.777433,0 -116.042553,34.777333,0 -116.042802,34.777236,0 -116.042980,34.776570,0 -116.043078,34.775971,0 -116.042804,34.774988,0 -116.042510,34.774238,0 -116.041720,34.772597,0 -116.041560,34.771682,0 -116.041638,34.770259,0 -116.042661,34.768821,0 -116.043299,34.767641,0 -116.043830,34.766553,0 -116.044403,34.764917,0 -116.044668,34.761952,0 -116.044808,34.760804,0 -116.044818,34.760046,0 -116.045076,34.758023,0 -116.045311,34.757356,0 -116.045925,34.756290,0 -116.045996,34.755760,0 -116.046011,34.755188,0 -116.046169,34.754841,0 -116.046304,34.754679,0 -116.047085,34.754827,0 -116.047479,34.754981,0 -116.048042,34.755293,0 -116.048997,34.755760,0 -116.050203,34.756178,0 -116.051375,34.756410,0 -116.052265,34.756464,0 -116.052984,34.756269,0 -116.053995,34.755541,0 -116.055775,34.754435,0 -116.056541,34.753896,0 -116.057029,34.753361,0 -116.057671,34.752272,0 -116.058209,34.751530,0 -116.059049,34.750621,0 -116.059561,34.749924,0 -116.059996,34.749574,0 -116.060429,34.749038,0 -116.061026,34.748457,0 -116.061212,34.748086,0 -116.061241,34.747966,0 -116.060657,34.746314,0 -116.060701,34.745947,0 -116.060880,34.745516,0 -116.061196,34.745229,0 -116.061645,34.744908,0 -116.062208,34.743883,0 -116.062597,34.743550,0 -116.063361,34.743240,0 -116.064094,34.743007,0 -116.064812,34.742679,0 -116.065241,34.742560,0 -116.065629,34.742517,0 -116.065922,34.742331,0 -116.066218,34.741990,0 -116.066369,34.741624,0 -116.066396,34.741155,0 -116.066321,34.740747,0 -116.065902,34.739763,0 -116.065818,34.739411,0 -116.065973,34.738911,0 -116.066218,34.738519,0 -116.067054,34.737709,0 -116.067935,34.737495,0 -116.068564,34.737166,0 -116.068796,34.736802,0 -116.068410,34.736480,0 -116.067810,34.736231,0 -116.067450,34.735976,0 -116.066524,34.735491,0 -116.066040,34.735174,0 -116.065670,34.734754,0 -116.065029,34.733645,0 -116.064255,34.732721,0 -116.064012,34.732358,0 -116.063760,34.731825,0 -116.063588,34.731314,0 -116.063628,34.730831,0 -116.063817,34.730294,0 -116.063846,34.729749,0 -116.063923,34.729168,0 -116.064088,34.728709,0 -116.064394,34.728103,0 -116.064882,34.727579,0 -116.065415,34.727153,0 -116.065895,34.726662,0 -116.066198,34.725835,0 -116.065986,34.724659,0 -116.065470,34.723801,0 -116.063406,34.720852,0 -116.061887,34.718963,0 -116.060537,34.717608,0 -116.059865,34.716169,0 -116.059754,34.714662,0 -116.059906,34.713129,0 -116.059953,34.711681,0 -116.060239,34.710273,0 -116.060423,34.708067,0 -116.061175,34.704166,0 -116.061654,34.703024,0 -116.062479,34.702143,0 -116.063688,34.701592,0 -116.064692,34.701272,0 -116.065300,34.700947,0 -116.065970,34.700404,0 -116.067029,34.699031,0 -116.067475,34.698357,0 -116.068524,34.696190,0 -116.068868,34.695807,0 -116.069079,34.695647,0 -116.069533,34.695384,0 -116.069938,34.695242,0 -116.070615,34.695151,0 -116.071287,34.694692,0 -116.072135,34.693924,0 -116.073349,34.693458,0 -116.074831,34.692970,0 -116.075955,34.692071,0 -116.076819,34.691010,0 -116.077556,34.689718,0 -116.078922,34.687894,0 -116.079825,34.686817,0 -116.080799,34.685871,0 -116.081474,34.685107,0 -116.082678,34.683281,0 -116.083121,34.682723,0 -116.083673,34.682296,0 -116.084667,34.681093,0 -116.085771,34.680024,0 -116.086456,34.679130,0 -116.087135,34.678481,0 -116.087756,34.678422,0 -116.088634,34.678979,0 -116.089491,34.679116,0 -116.090981,34.679172,0 -116.091461,34.678985,0 -116.091888,34.678695,0 -116.093008,34.678491,0 -116.094041,34.678262,0 -116.095021,34.677994,0 -116.095736,34.677941,0 -116.096669,34.677970,0 -116.097867,34.677790,0 -116.099022,34.677967,0 -116.099869,34.677971,0 -116.100405,34.678136,0 -116.100775,34.678463,0 -116.101462,34.679654,0 -116.101871,34.680031,0 -116.102306,34.680226,0 -116.102882,34.680381,0 -116.103577,34.680494,0 -116.104318,34.680475,0 -116.104889,34.680596,0 -116.106357,34.681031,0 -116.107086,34.681183,0 -116.108208,34.681606,0 -116.108787,34.681579,0 -116.109300,34.681395,0 -116.109916,34.681319,0 -116.110542,34.681562,0 -116.111209,34.682016,0 -116.111514,34.682072,0 -116.111842,34.681819,0 -116.112037,34.681519,0 -116.112600,34.680892,0 -116.113054,34.680640,0 -116.113867,34.680678,0 -116.114531,34.680775,0 -116.115001,34.680878,0 -116.115534,34.680932,0 -116.116183,34.680844,0 -116.116692,34.680732,0 -116.117171,34.680549,0 -116.117831,34.680533,0 -116.118661,34.680642,0 -116.119074,34.680641,0 -116.119577,34.680545,0 -116.120204,34.680552,0 -116.120906,34.680445,0 -116.121305,34.680292,0 -116.121657,34.680051,0 -116.122218,34.680050,0 -116.123028,34.680126,0 -116.123677,34.680310,0 -116.124090,34.680576,0 -116.124643,34.680846,0 -116.125825,34.681232,0 -116.126170,34.681304,0 -116.127136,34.681250,0 -116.128538,34.680888,0 -116.129358,34.680785,0 -116.129945,34.680789,0 -116.130556,34.681005,0 -116.131140,34.681312,0 -116.131745,34.681715,0 -116.132712,34.682485,0 -116.133112,34.682541,0 -116.134146,34.682298,0 -116.134605,34.682354,0 -116.135083,34.682632,0 -116.135884,34.683384,0 -116.136807,34.684064,0 -116.137782,34.684718,0 -116.138229,34.684846,0 -116.138727,34.684854,0 -116.139302,34.684702,0 -116.139629,34.684571,0 -116.139963,34.684513,0 -116.140923,34.684477,0 -116.141215,34.684560,0 -116.141454,34.684821,0 -116.141842,34.685493,0 -116.142319,34.685968,0 -116.142599,34.686107,0 -116.143042,34.686665,0 -116.143526,34.687020,0 -116.144612,34.687118,0 -116.146175,34.687557,0 -116.146628,34.687599,0 -116.147588,34.687565,0 -116.147881,34.687433,0 -116.148036,34.687235,0 -116.148050,34.687058,0 -116.148152,34.686872,0 -116.148185,34.686685,0 -116.148100,34.686508,0 -116.147900,34.686453,0 -116.147728,34.686287,0 -116.147657,34.685902,0 -116.147321,34.685268,0 -116.147295,34.685080,0 -116.147335,34.684971,0 -116.148138,34.684496,0 -116.149187,34.684086,0 -116.149400,34.683954,0 -116.149609,34.683724,0 -116.149962,34.683550,0 -116.150343,34.683502,0 -116.152422,34.683478,0 -116.152982,34.683341,0 -116.153410,34.683090,0 -116.153965,34.682648,0 -116.154394,34.682411,0 -116.155108,34.682139,0 -116.155843,34.681767,0 -116.156953,34.681151,0 -116.158136,34.680264,0 -116.160010,34.679010,0 -116.160839,34.678319,0 -116.161355,34.677957,0 -116.161928,34.677747,0 -116.162742,34.677717,0 -116.163493,34.677808,0 -116.164207,34.677833,0 -116.165201,34.677687,0 -116.165928,34.677459,0 -116.166608,34.677347,0 -116.167501,34.677310,0 -116.168726,34.677315,0 -116.170182,34.676782,0 -116.171402,34.676626,0 -116.172602,34.676427,0 -116.172956,34.676308,0 -116.173444,34.675957,0 -116.175168,34.675099,0 -116.175909,34.674651,0 -116.176711,34.674214,0 -116.178142,34.673246,0 -116.178893,34.672591,0 -116.180519,34.671025,0 -116.181511,34.670185,0 -116.182321,34.669434,0 -116.183130,34.668624,0 -116.183579,34.668246,0 -116.183960,34.667855,0 -116.184906,34.666741,0 -116.185402,34.666325,0 -116.185817,34.665921,0 -116.186039,34.665498,0 -116.186180,34.665053,0 -116.186319,34.664157,0 -116.186564,34.663308,0 -116.186701,34.662439,0 -116.186775,34.662171,0 -116.186877,34.661889,0 -116.187106,34.661555,0 -116.187453,34.661330,0 -116.187996,34.660819,0 -116.188421,34.660746,0 -116.188875,34.660742,0 -116.189421,34.660793,0 -116.190113,34.661026,0 -116.190732,34.661149,0 -116.190960,34.660860,0 -116.191022,34.660441,0 -116.191124,34.660049,0 -116.191385,34.659642,0 -116.191719,34.659354,0 -116.191955,34.659008,0 -116.192183,34.658595,0 -116.192560,34.658068,0 -116.193084,34.657052,0 -116.193521,34.656442,0 -116.194368,34.655995,0 -116.195696,34.655648,0 -116.196418,34.655199,0 -116.197047,34.654644,0 -116.197800,34.654290,0 -116.198554,34.654133,0 -116.199409,34.653789,0 -116.199622,34.653662,0 -116.200137,34.653268,0 -116.200540,34.652615,0 -116.200653,34.651422,0 -116.200876,34.650904,0 -116.201311,34.650422,0 -116.201705,34.650071,0 -116.202237,34.649065,0 -116.202726,34.648686,0 -116.203266,34.648591,0 -116.203852,34.648421,0 -116.204380,34.648109,0 -116.205149,34.648729,0 -116.205508,34.648973,0 -116.205752,34.649205,0 -116.205838,34.649464,0 -116.205830,34.650955,0 -116.206007,34.651422,0 -116.206320,34.651716,0 -116.206658,34.651954,0 -116.206910,34.652231,0 -116.207275,34.652540,0 -116.207965,34.652833,0 -116.209056,34.653097,0 -116.209461,34.653438,0 -116.209752,34.653997,0 -116.209903,34.654514,0 -116.210060,34.656134,0 -116.210205,34.656479,0 -116.210763,34.656664,0 -116.211456,34.656841,0 -116.212387,34.657032,0 -116.212945,34.657270,0 -116.213716,34.657703,0 -116.214539,34.658272,0 -116.216039,34.659197,0 -116.216437,34.659660,0 -116.216822,34.660025,0 -116.217345,34.660423,0 -116.217690,34.660836,0 -116.217966,34.661410,0 -116.218284,34.661945,0 -116.218729,34.662238,0 -116.219215,34.662455,0 -116.219426,34.662703,0 -116.219207,34.663759,0 -116.219031,34.664325,0 -116.218684,34.664787,0 -116.217104,34.666180,0 -116.216775,34.666734,0 -116.216599,34.667302,0 -116.216563,34.667691,0 -116.216750,34.667923,0 -116.217122,34.668123,0 -116.217420,34.668249,0 -116.217833,34.668371,0 -116.218192,34.668538,0 -116.218861,34.669131,0 -116.219585,34.669645,0 -116.219810,34.669919,0 -116.220328,34.670323,0 -116.220671,34.670996,0 -116.221962,34.672564,0 -116.223430,34.673509,0 -116.223888,34.673875,0 -116.225430,34.674468,0 -116.225704,34.674452,0 -116.226071,34.674268,0 -116.226506,34.673916,0 -116.226973,34.673809,0 -116.227412,34.673885,0 -116.228018,34.674108,0 -116.229872,34.674884,0 -116.232704,34.676254,0 -116.233594,34.676714,0 -116.235009,34.677582,0 -116.235501,34.678039,0 -116.236142,34.678930,0 -116.236240,34.679314,0 -116.236245,34.679683,0 -116.236337,34.680002,0 -116.236746,34.680956,0 -116.236822,34.681495,0 -116.236820,34.682025,0 -116.237004,34.682438,0 -116.237356,34.682801,0 -116.237501,34.683172,0 -116.237506,34.683646,0 -116.237731,34.683942,0 -116.238575,34.684403,0 -116.241890,34.686410,0 -116.242946,34.687136,0 -116.243890,34.687739,0 -116.244740,34.688121,0 -116.245959,34.688527,0 -116.247743,34.688883,0 -116.249141,34.689086,0 -116.250835,34.689489,0 -116.251088,34.689659,0 -116.251674,34.690393,0 -116.252044,34.690594,0 -116.252201,34.690847,0 -116.252245,34.691211,0 -116.252347,34.691551,0 -116.252500,34.691593,0 -116.252806,34.691565,0 -116.253319,34.691571,0 -116.253850,34.691628,0 -116.254216,34.691734,0 -116.254407,34.691934,0 -116.254470,34.692187,0 -116.254407,34.692576,0 -116.254438,34.692870,0 -116.255315,34.693660,0 -116.255644,34.694031,0 -116.255614,34.694315,0 -116.255407,34.694546,0 -116.255018,34.694724,0 -116.254410,34.695076,0 -116.254374,34.695370,0 -116.254531,34.695623,0 -116.254847,34.695938,0 -116.255230,34.696198,0 -116.255642,34.696371,0 -116.256186,34.696485,0 -116.257027,34.696898,0 -116.257378,34.697038,0 -116.257810,34.697095,0 -116.258622,34.697061,0 -116.259028,34.697190,0 -116.259318,34.697444,0 -116.259541,34.697793,0 -116.259676,34.698119,0 -116.259876,34.698224,0 -116.260162,34.698225,0 -116.260642,34.698091,0 -116.260910,34.697907,0 -116.261234,34.697447,0 -116.261622,34.697251,0 -116.262057,34.697066,0 -116.262415,34.696992,0 -116.262995,34.696953,0 -116.263577,34.696665,0 -116.263893,34.696331,0 -116.264336,34.695944,0 -116.264884,34.695565,0 -116.265478,34.695408,0 -116.266024,34.695418,0 -116.266828,34.695527,0 -116.267434,34.695541,0 -116.268160,34.695388,0 -116.268739,34.695402,0 -116.269348,34.695713,0 -116.269981,34.696328,0 -116.270384,34.696560,0 -116.270769,34.696695,0 -116.271235,34.696671,0 -116.271675,34.696547,0 -116.272723,34.696179,0 -116.273217,34.696074,0 -116.273775,34.696132,0 -116.274172,34.696409,0 -116.274521,34.696828,0 -116.275094,34.697370,0 -116.275749,34.697733,0 -116.276271,34.698198,0 -116.276479,34.698720,0 -116.276654,34.699283,0 -116.277003,34.699682,0 -116.277395,34.699754,0 -116.278007,34.699730,0 -116.279935,34.699255,0 -116.281492,34.699248,0 -116.282645,34.699018,0 -116.283807,34.698624,0 -116.284834,34.698379,0 -116.286112,34.698326,0 -116.287934,34.698463,0 -116.289312,34.698275,0 -116.290396,34.697738,0 -116.291044,34.697329,0 -116.291510,34.697255,0 -116.291983,34.697258,0 -116.292407,34.697425,0 -116.292838,34.697703,0 -116.293736,34.698391,0 -116.294509,34.699033,0 -116.295503,34.699510,0 -116.295941,34.699558,0 -116.296682,34.699343,0 -116.298120,34.698483,0 -116.298693,34.698404,0 -116.299130,34.698666,0 -116.300649,34.700659,0 -116.302488,34.702560,0 -116.302751,34.702986,0 -116.302834,34.703380,0 -116.302990,34.703878,0 -116.303252,34.704224,0 -116.303448,34.704687,0 -116.303307,34.705455,0 -116.303384,34.705879,0 -116.303646,34.706304,0 -116.304345,34.707008,0 -116.305925,34.708924,0 -116.307177,34.710998,0 -116.307559,34.711532,0 -116.307740,34.712149,0 -116.307561,34.712809,0 -116.307269,34.713393,0 -116.306794,34.713677,0 -116.306192,34.713941,0 -116.305131,34.714336,0 -116.304224,34.714611,0 -116.303466,34.715272,0 -116.302144,34.717210,0 -116.300890,34.718082,0 -116.300072,34.718911,0 -116.299712,34.719761,0 -116.299785,34.720481,0 -116.300388,34.720775,0 -116.301258,34.721017,0 -116.301806,34.721466,0 -116.302487,34.722640,0 -116.302797,34.723032,0 -116.303273,34.723355,0 -116.303634,34.723869,0 -116.303902,34.724513,0 -116.304090,34.724996,0 -116.304282,34.725807,0 -116.304361,34.726763,0 -116.304435,34.728923,0 -116.304584,34.730051,0 -116.304683,34.731650,0 -116.304700,34.733436,0 -116.304581,34.734822,0 -116.303787,34.737299,0 -116.303672,34.738108,0 -116.303635,34.739327,0 -116.303356,34.740099,0 -116.302758,34.741349,0 -116.302435,34.742544,0 -116.302574,34.744128,0 -116.304184,34.747072,0 -116.304890,34.747752,0 -116.305620,34.748165,0 -116.306657,34.749038,0 -116.307300,34.749401,0 -116.308567,34.749958,0 -116.308685,34.750119,0 -116.308766,34.750348,0 -116.309042,34.752046,0 -116.308855,34.752913,0 -116.308736,34.754148,0 -116.309102,34.755455,0 -116.309641,34.756340,0 -116.310386,34.756947,0 -116.311515,34.757960,0 -116.312323,34.758756,0 -116.312838,34.759498,0 -116.313030,34.760390,0 -116.313008,34.761352,0 -116.312207,34.763669,0 -116.312058,34.764632,0 -116.312299,34.765446,0 -116.312581,34.765567,0 -116.312188,34.765699,0 -116.311587,34.765807,0 -116.310622,34.766084,0 -116.309183,34.766563,0 -116.307225,34.767379,0 -116.305637,34.768285,0 -116.303682,34.769739,0 -116.300848,34.771545,0 -116.299675,34.772005,0 -116.298887,34.772519,0 -116.298050,34.773197,0 -116.297817,34.773640,0 -116.297301,34.774234,0 -116.296423,34.774594,0 -116.295573,34.774788,0 -116.294883,34.775016,0 -116.292568,34.775981,0 -116.291851,34.776254,0 -116.291189,34.776446,0 -116.290455,34.776476,0 -116.289610,34.776423,0 -116.289264,34.776354,0 -116.288769,34.776908,0 -116.288319,34.777570,0 -116.287907,34.777933,0 -116.287451,34.778440,0 -116.287278,34.778944,0 -116.287563,34.779832,0 -116.287416,34.780238,0 -116.287310,34.780687,0 -116.287347,34.781255,0 -116.287689,34.782413,0 -116.287619,34.783048,0 -116.287304,34.783541,0 -116.286980,34.784236,0 -116.286706,34.785548,0 -116.286848,34.785867,0 -116.287128,34.786257,0 -116.287354,34.786731,0 -116.287387,34.787216,0 -116.287498,34.787728,0 -116.287819,34.788089,0 -116.288456,34.788261,0 -116.290058,34.788518,0 -116.290403,34.788649,0 -116.290821,34.788760,0 -116.291264,34.789044,0 -116.291701,34.789225,0 -116.292107,34.789245,0 -116.292922,34.789133,0 -116.293635,34.789141,0 -116.294822,34.789077,0 -116.295316,34.789070,0 -116.296088,34.789117,0 -116.296591,34.789309,0 -116.296961,34.789585,0 -116.297177,34.789816,0 -116.297779,34.790065,0 -116.298469,34.790250,0 -116.299973,34.790891,0 -116.301233,34.791360,0 -116.301616,34.790382,0 -116.301829,34.790035,0 -116.302028,34.789897,0 -116.302377,34.789477,0 -116.302792,34.789080,0 -116.303113,34.788885,0 -116.303812,34.788562,0 -116.305146,34.788217,0 -116.305937,34.788133,0 -116.306382,34.788172,0 -116.307094,34.788406,0 -116.307531,34.788478,0 -116.308437,34.788513,0 -116.309499,34.788464,0 -116.309942,34.788409,0 -116.310641,34.788092,0 -116.310776,34.787869,0 -116.310903,34.786793,0 -116.311067,34.786352,0 -116.311429,34.785937,0 -116.312046,34.785491,0 -116.312096,34.785399,0 -116.312273,34.784775,0 -116.312313,34.784248,0 -116.312537,34.782921,0 -116.312673,34.782495,0 -116.312881,34.782104,0 -116.313532,34.781290,0 -116.313899,34.780930,0 -116.315875,34.779644,0 -116.317097,34.779081,0 -116.318142,34.778773,0 -116.321756,34.778267,0 -116.323012,34.778030,0 -116.324582,34.777603,0 -116.326090,34.777059,0 -116.327679,34.776655,0 -116.328282,34.776389,0 -116.328603,34.776194,0 -116.328969,34.775868,0 -116.329611,34.775114,0 -116.330932,34.774019,0 -116.331552,34.773666,0 -116.332889,34.773068,0 -116.333828,34.772740,0 -116.334299,34.772631,0 -116.335580,34.772444,0 -116.336346,34.772272,0 -116.336691,34.772137,0 -116.338290,34.771133,0 -116.338819,34.770706,0 -116.339660,34.770155,0 -116.340346,34.769639,0 -116.341084,34.768975,0 -116.341910,34.768110,0 -116.342378,34.767368,0 -116.342845,34.766840,0 -116.343774,34.766248,0 -116.344813,34.765377,0 -116.345663,34.764579,0 -116.346232,34.764153,0 -116.346880,34.763580,0 -116.348523,34.762445,0 -116.350064,34.761537,0 -116.352516,34.760323,0 -116.354546,34.759704,0 -116.355224,34.759413,0 -116.356148,34.759112,0 -116.357213,34.758639,0 -116.357890,34.758188,0 -116.359799,34.757048,0 -116.360309,34.756792,0 -116.361175,34.756451,0 -116.361871,34.755819,0 -116.363556,34.754095,0 -116.364482,34.753392,0 -116.364944,34.753145,0 -116.365748,34.752852,0 -116.366226,34.752748,0 -116.367109,34.752655,0 -116.367493,34.752561,0 -116.369156,34.751937,0 -116.369367,34.751816,0 -116.370267,34.751085,0 -116.371308,34.749994,0 -116.371586,34.749068,0 -116.372083,34.748390,0 -116.372597,34.747889,0 -116.373052,34.747333,0 -116.373880,34.746769,0 -116.374165,34.746431,0 -116.374023,34.746143,0 -116.372712,34.744786,0 -116.372184,34.744086,0 -116.372139,34.743981,0 -116.372158,34.743590,0 -116.372095,34.743369,0 -116.371350,34.742436,0 -116.371316,34.742095,0 -116.371371,34.741517,0 -116.371634,34.740948,0 -116.371817,34.740702,0 -116.372694,34.740001,0 -116.373710,34.739340,0 -116.374124,34.738871,0 -116.374602,34.738519,0 -116.376021,34.736976,0 -116.376063,34.736828,0 -116.376330,34.736478,0 -116.377274,34.735563,0 -116.378236,34.734763,0 -116.379186,34.733881,0 -116.379568,34.733395,0 -116.380002,34.732595,0 -116.380622,34.731890,0 -116.381333,34.730945,0 -116.381607,34.730496,0 -116.382269,34.729698,0 -116.382981,34.728295,0 -116.383378,34.727726,0 -116.384305,34.726600,0 -116.385592,34.724707,0 -116.386327,34.723525,0 -116.386800,34.722416,0 -116.387144,34.721802,0 -116.388970,34.719678,0 -116.390198,34.717713,0 -116.390710,34.716671,0 -116.391489,34.714843,0 -116.392014,34.712665,0 -116.392032,34.712389,0 -116.391854,34.711085,0 -116.391780,34.710759,0 -116.391604,34.710357,0 -116.391661,34.709908,0 -116.391843,34.709585,0 -116.392119,34.709288,0 -116.392402,34.708889,0 -116.392739,34.707679,0 -116.393138,34.707041,0 -116.393724,34.706422,0 -116.394310,34.705661,0 -116.394976,34.704068,0 -116.395495,34.703309,0 -116.396136,34.702464,0 -116.396589,34.701675,0 -116.396674,34.700963,0 -116.396707,34.700352,0 -116.397487,34.698645,0 -116.397609,34.697520,0 -116.397839,34.697120,0 -116.398010,34.696580,0 -116.397948,34.696167,0 -116.397764,34.695693,0 -116.397422,34.695179,0 -116.396480,34.694408,0 -116.396028,34.694201,0 -116.394697,34.693874,0 -116.394119,34.693596,0 -116.393676,34.693154,0 -116.393466,34.692673,0 -116.393400,34.691757,0 -116.393686,34.690988,0 -116.393798,34.690366,0 -116.393644,34.689727,0 -116.393550,34.688868,0 -116.393353,34.688391,0 -116.393004,34.688061,0 -116.392779,34.687755,0 -116.392742,34.687376,0 -116.393057,34.687057,0 -116.393499,34.686960,0 -116.393888,34.686683,0 -116.394145,34.686248,0 -116.394617,34.685690,0 -116.395160,34.684349,0 -116.395772,34.683673,0 -116.396471,34.683039,0 -116.396906,34.681979,0 -116.396960,34.681030,0 -116.397088,34.680001,0 -116.397616,34.679106,0 -116.397999,34.678695,0 -116.398391,34.678014,0 -116.398859,34.677054,0 -116.399554,34.676088,0 -116.400744,34.674772,0 -116.401083,34.674057,0 -116.401823,34.672266,0 -116.402104,34.671485,0 -116.402609,34.670821,0 -116.403051,34.670528,0 -116.403754,34.670150,0 -116.404610,34.669898,0 -116.405876,34.669870,0 -116.406499,34.669597,0 -116.406773,34.669369,0 -116.406644,34.668904,0 -116.406474,34.668545,0 -116.406424,34.668051,0 -116.406702,34.667579,0 -116.407406,34.666999,0 -116.407667,34.666724,0 -116.408203,34.666479,0 -116.408697,34.666344,0 -116.410192,34.666202,0 -116.410513,34.665979,0 -116.410997,34.665519,0 -116.411420,34.665223,0 -116.411995,34.665077,0 -116.412483,34.664831,0 -116.413098,34.664627,0 -116.413777,34.664624,0 -116.414683,34.664871,0 -116.415468,34.664986,0 -116.415857,34.664757,0 -116.416261,34.664153,0 -116.416564,34.663769,0 -116.416953,34.663435,0 -116.417708,34.663263,0 -116.418403,34.663014,0 -116.418607,34.662606,0 -116.418549,34.662255,0 -116.418285,34.661915,0 -116.418261,34.661620,0 -116.418689,34.661428,0 -116.418990,34.661238,0 -116.419567,34.660805,0 -116.419776,34.660414,0 -116.419793,34.659952,0 -116.419930,34.659513,0 -116.420167,34.659068,0 -116.420364,34.658600,0 -116.420408,34.658038,0 -116.420577,34.657715,0 -116.420979,34.657457,0 -116.421208,34.657179,0 -116.421398,34.656783,0 -116.421455,34.656342,0 -116.421549,34.656112,0 -116.422095,34.655413,0 -116.422498,34.655041,0 -116.422830,34.655198,0 -116.423140,34.655559,0 -116.423611,34.656018,0 -116.423962,34.656272,0 -116.424367,34.656395,0 -116.424714,34.656447,0 -116.425020,34.656543,0 -116.425353,34.656549,0 -116.425699,34.656596,0 -116.426052,34.656740,0 -116.426382,34.657079,0 -116.426659,34.657497,0 -116.426868,34.657918,0 -116.427232,34.658377,0 -116.427425,34.658493,0 -116.428256,34.658734,0 -116.428514,34.658886,0 -116.428612,34.659288,0 -116.428729,34.659552,0 -116.428929,34.659652,0 -116.429262,34.659693,0 -116.429495,34.659777,0 -116.430023,34.660374,0 -116.430335,34.660669,0 -116.430680,34.660874,0 -116.430992,34.661012,0 -116.431271,34.661224,0 -116.431652,34.661915,0 -116.432169,34.662238,0 -116.433293,34.662679,0 -116.433870,34.662979,0 -116.434719,34.663551,0 -116.435682,34.664012,0 -116.436162,34.664096,0 -116.436628,34.664109,0 -116.437069,34.664057,0 -116.437442,34.664066,0 -116.437788,34.664166,0 -116.438034,34.664360,0 -116.438736,34.664808,0 -116.439873,34.665305,0 -116.440430,34.665690,0 -116.441592,34.666301,0 -116.441837,34.666523,0 -116.442189,34.666743,0 -116.442756,34.666670,0 -116.443998,34.665442,0 -116.444920,34.664395,0 -116.446196,34.663035,0 -116.447203,34.662188,0 -116.448824,34.661072,0 -116.450986,34.659831,0 -116.452462,34.658604,0 -116.453354,34.657954,0 -116.454450,34.657552,0 -116.455685,34.657343,0 -116.457072,34.657222,0 -116.458691,34.657313,0 -116.459452,34.657208,0 -116.460013,34.657040,0 -116.461505,34.656325,0 -116.462541,34.655878,0 -116.463699,34.655202,0 -116.464194,34.655018,0 -116.464707,34.654986,0 -116.465007,34.654926,0 -116.465836,34.654644,0 -116.466849,34.654667,0 -116.467681,34.654846,0 -116.468503,34.654624,0 -116.469192,34.654248,0 -116.469722,34.653759,0 -116.470187,34.652974,0 -116.470442,34.652784,0 -116.471185,34.652368,0 -116.472141,34.652032,0 -116.472556,34.651792,0 -116.472830,34.651534,0 -116.473319,34.651387,0 -116.473997,34.651550,0 -116.474593,34.652015,0 -116.475122,34.652612,0 -116.475406,34.653094,0 -116.476088,34.653796,0 -116.476419,34.654075,0 -116.477471,34.654293,0 -116.477936,34.654566,0 -116.478440,34.654778,0 -116.478880,34.654863,0 -116.479354,34.654871,0 -116.479785,34.655088,0 -116.480123,34.655326,0 -116.480821,34.655459,0 -116.481304,34.655331,0 -116.481857,34.655290,0 -116.482314,34.655644,0 -116.482863,34.656204,0 -116.483080,34.656693,0 -116.483010,34.657135,0 -116.483007,34.657620,0 -116.483138,34.657994,0 -116.483416,34.658278,0 -116.484079,34.658831,0 -116.484199,34.659719,0 -116.484522,34.660199,0 -116.484847,34.660515,0 -116.485344,34.660842,0 -116.485951,34.660960,0 -116.486990,34.661021,0 -116.488853,34.661552,0 -116.489752,34.661711,0 -116.490292,34.661713,0 -116.490873,34.661546,0 -116.491609,34.661195,0 -116.492196,34.661121,0 -116.492569,34.661178,0 -116.493369,34.661149,0 -116.493769,34.661168,0 -116.496902,34.662085,0 -116.498187,34.662422,0 -116.500232,34.663035,0 -116.501519,34.663236,0 -116.502194,34.663474,0 -116.502923,34.663610,0 -116.504442,34.663753,0 -116.505971,34.663737,0 -116.507016,34.663635,0 -116.508320,34.663145,0 -116.509355,34.662463,0 -116.510340,34.662294,0 -116.512956,34.662087,0 -116.513592,34.661808,0 -116.513963,34.661490,0 -116.514218,34.661317,0 -116.514691,34.661328,0 -116.515280,34.661443,0 -116.515596,34.661584,0 -116.516951,34.662429,0 -116.518341,34.662781,0 -116.520105,34.662592,0 -116.521347,34.662667,0 -116.522418,34.662979,0 -116.525102,34.663435,0 -116.526513,34.663708,0 -116.528839,34.664574,0 -116.529765,34.665177,0 -116.530256,34.665632,0 -116.530789,34.666374,0 -116.531904,34.667304,0 -116.533161,34.668081,0 -116.535020,34.669420,0 -116.536433,34.669892,0 -116.537489,34.669948,0 -116.538149,34.669856,0 -116.539477,34.669487,0 -116.540024,34.669421,0 -116.540941,34.669465,0 -116.541535,34.669668,0 -116.541909,34.669927,0 -116.542512,34.670508,0 -116.542797,34.670557,0 -116.543082,34.670542,0 -116.543700,34.670604,0 -116.545201,34.670637,0 -116.547524,34.670818,0 -116.549432,34.670777,0 -116.551085,34.670556,0 -116.553860,34.670750,0 -116.555631,34.670913,0 -116.559738,34.670976,0 -116.561910,34.671049,0 -116.563945,34.671349,0 -116.565456,34.671659,0 -116.567348,34.671794,0 -116.570329,34.671583,0 -116.571944,34.671653,0 -116.572724,34.671831,0 -116.573443,34.672152,0 -116.574055,34.672586,0 -116.574782,34.673270,0 -116.575707,34.673632,0 -116.576853,34.673791,0 -116.580026,34.674090,0 -116.580984,34.674408,0 -116.581784,34.674273,0 -116.582231,34.673755,0 -116.582571,34.673299,0 -116.583035,34.672904,0 -116.583912,34.672550,0 -116.584651,34.672454,0 -116.585367,34.672560,0 -116.586008,34.672788,0 -116.586623,34.673047,0 -116.587723,34.673190,0 -116.588232,34.673431,0 -116.588614,34.673973,0 -116.588833,34.674524,0 -116.588848,34.675196,0 -116.588765,34.676233,0 -116.588875,34.676925,0 -116.589510,34.677548,0 -116.590163,34.677857,0 -116.590831,34.678001,0 -116.591882,34.677945,0 -116.594400,34.677632,0 -116.596615,34.677524,0 -116.600381,34.677723,0 -116.601911,34.677648,0 -116.603200,34.677278,0 -116.604781,34.676487,0 -116.606900,34.676130,0 -116.608409,34.676075,0 -116.609630,34.675759,0 -116.610709,34.675214,0 -116.611376,34.674684,0 -116.611672,34.674396,0 -116.612444,34.673474,0 -116.612960,34.672789,0 -116.613268,34.672199,0 -116.614063,34.671505,0 -116.614719,34.670765,0 -116.615111,34.669874,0 -116.615138,34.669425,0 -116.615127,34.668413,0 -116.615358,34.667674,0 -116.615966,34.667060,0 -116.616915,34.666247,0 -116.617351,34.665589,0 -116.617774,34.664461,0 -116.618241,34.663922,0 -116.619086,34.663366,0 -116.619667,34.663186,0 -116.620353,34.663059,0 -116.621012,34.663045,0 -116.621570,34.662996,0 -116.622193,34.662718,0 -116.622478,34.662401,0 -116.622987,34.662078,0 -116.623607,34.661920,0 -116.624182,34.661701,0 -116.625242,34.661097,0 -116.625723,34.660974,0 -116.625869,34.661058,0 -116.626380,34.661135,0 -116.626980,34.661055,0 -116.627664,34.660701,0 -116.628294,34.660065,0 -116.628635,34.659548,0 -116.629162,34.657141,0 -116.629255,34.656418,0 -116.629355,34.654166,0 -116.629255,34.652973,0 -116.629134,34.652319,0 -116.628759,34.651259,0 -116.628502,34.650410,0 -116.627982,34.649372,0 -116.627780,34.648769,0 -116.627475,34.648299,0 -116.626668,34.647268,0 -116.626381,34.646983,0 -116.626197,34.646486,0 -116.626339,34.645928,0 -116.626775,34.645341,0 -116.626907,34.644655,0 -116.627151,34.644043,0 -116.628134,34.643296,0 -116.629513,34.642006,0 -116.630166,34.641893,0 -116.631444,34.642194,0 -116.632444,34.642375,0 -116.633369,34.642310,0 -116.633994,34.642312,0 -116.634676,34.642502,0 -116.635280,34.642466,0 -116.635702,34.642326,0 -116.635865,34.642514,0 -116.635747,34.642805,0 -116.635513,34.643654,0 -116.635312,34.644151,0 -116.634888,34.644800,0 -116.634525,34.645444,0 -116.634443,34.645943,0 -116.634590,34.646307,0 -116.635121,34.647093,0 -116.635459,34.647505,0 -116.636057,34.647928,0 -116.636630,34.648231,0 -116.637130,34.648914,0 -116.637546,34.650622,0 -116.637749,34.651925,0 -116.638184,34.652914,0 -116.638602,34.653387,0 -116.639485,34.653854,0 -116.640032,34.654105,0 -116.640389,34.654356,0 -116.640663,34.654547,0 -116.640820,34.655055,0 -116.640420,34.655939,0 -116.640020,34.656660,0 -116.639825,34.657592,0 -116.640208,34.658503,0 -116.641181,34.659191,0 -116.642811,34.659874,0 -116.644762,34.660452,0 -116.646040,34.660747,0 -116.646913,34.660995,0 -116.648431,34.661645,0 -116.649973,34.662091,0 -116.651198,34.662401,0 -116.653497,34.663192,0 -116.654777,34.663822,0 -116.658002,34.666118,0 -116.659611,34.666888,0 -116.660816,34.667611,0 -116.662512,34.669131,0 -116.663483,34.669483,0 -116.664864,34.669638,0 -116.665982,34.670024,0 -116.666640,34.670409,0 -116.667271,34.670847,0 -116.668259,34.672560,0 -116.668518,34.672942,0 -116.668468,34.673611,0 -116.668507,34.674035,0 -116.668836,34.674622,0 -116.669329,34.675320,0 -116.670048,34.676075,0 -116.671039,34.676829,0 -116.671619,34.677152,0 -116.672194,34.677715,0 -116.673104,34.678983,0 -116.673473,34.679608,0 -116.673930,34.680092,0 -116.674372,34.680312,0 -116.675509,34.680660,0 -116.675717,34.680954,0 -116.675342,34.681949,0 -116.675470,34.682648,0 -116.675907,34.683148,0 -116.676469,34.683703,0 -116.676824,34.684383,0 -116.676785,34.685504,0 -116.676293,34.686289,0 -116.675742,34.687007,0 -116.675758,34.687645,0 -116.677003,34.688367,0 -116.678899,34.688731,0 -116.680504,34.688974,0 -116.681580,34.689042,0 -116.683360,34.689962,0 -116.684114,34.690230,0 -116.684653,34.690217,0 -116.685137,34.690312,0 -116.685590,34.690630,0 -116.685854,34.691215,0 -116.685851,34.691781,0 -116.685770,34.692248,0 -116.685554,34.692833,0 -116.685405,34.693381,0 -116.685729,34.693818,0 -116.686344,34.694123,0 -116.687077,34.694438,0 -116.687538,34.694719,0 -116.687993,34.694950,0 -116.689366,34.695194,0 -116.690558,34.695060,0 -116.691867,34.694790,0 -116.693196,34.694789,0 -116.694132,34.694535,0 -116.694871,34.694043,0 -116.695954,34.692991,0 -116.697134,34.692416,0 -116.698370,34.692079,0 -116.699613,34.692121,0 -116.700609,34.692598,0 -116.701438,34.692790,0 -116.702759,34.692881,0 -116.703585,34.693249,0 -116.704243,34.694057,0 -116.704459,34.694658,0 -116.704525,34.695104,0 -116.704788,34.695723,0 -116.705405,34.696186,0 -116.706143,34.696556,0 -116.706416,34.696971,0 -116.706627,34.697501,0 -116.706982,34.697795,0 -116.707601,34.697758,0 -116.708705,34.697787,0 -116.709564,34.697689,0 -116.710363,34.696378,0 -116.711633,34.695265,0 -116.712201,34.694707,0 -116.712730,34.694086,0 -116.713024,34.693875,0 -116.713042,34.693695,0 -116.712956,34.693222,0 -116.712924,34.692793,0 -116.712946,34.691849,0 -116.712808,34.691275,0 -116.712116,34.690552,0 -116.711877,34.690083,0 -116.711830,34.689337,0 -116.711859,34.688401,0 -116.711714,34.686714,0 -116.711935,34.685782,0 -116.712393,34.684173,0 -116.713267,34.682013,0 -116.714600,34.679814,0 -116.716022,34.677878,0 -116.717982,34.675885,0 -116.719682,34.674040,0 -116.720709,34.672663,0 -116.721003,34.672188,0 -116.721348,34.671736,0 -116.721807,34.671373,0 -116.722146,34.670982,0 -116.722569,34.670289,0 -116.723228,34.669828,0 -116.724971,34.669431,0 -116.725821,34.669067,0 -116.726867,34.668896,0 -116.728090,34.668928,0 -116.730066,34.668878,0 -116.732021,34.668432,0 -116.734141,34.668106,0 -116.736005,34.667922,0 -116.738136,34.667364,0 -116.740631,34.667280,0 -116.742938,34.667685,0 -116.744962,34.667898,0 -116.748295,34.667816,0 -116.749055,34.667659,0 -116.749758,34.667381,0 -116.750359,34.667188,0 -116.750681,34.667153,0 -116.751225,34.667533,0 -116.751970,34.667834,0 -116.752783,34.668453,0 -116.753196,34.669007,0 -116.754233,34.669131,0 -116.754850,34.668818,0 -116.755281,34.668420,0 -116.756707,34.666893,0 -116.757923,34.666863,0 -116.760276,34.666897,0 -116.761393,34.666999,0 -116.762257,34.667235,0 -116.763715,34.667781,0 -116.765241,34.669655,0 -116.765782,34.670501,0 -116.766469,34.671307,0 -116.768352,34.672024,0 -116.769250,34.672109,0 -116.771615,34.672116,0 -116.772752,34.672064,0 -116.774276,34.672418,0 -116.775386,34.672618,0 -116.778025,34.672757,0 -116.781178,34.673542,0 -116.782401,34.673792,0 -116.783671,34.674115,0 -116.785350,34.675155,0 -116.785889,34.675312,0 -116.786521,34.675382,0 -116.787159,34.675661,0 -116.788586,34.676917,0 -116.789311,34.677283,0 -116.790122,34.677440,0 -116.791480,34.677828,0 -116.792791,34.678545,0 -116.793898,34.679476,0 -116.794364,34.679704,0 -116.795109,34.679879,0 -116.796073,34.679833,0 -116.797282,34.679590,0 -116.800012,34.679116,0 -116.801728,34.679203,0 -116.802640,34.679508,0 -116.803333,34.679962,0 -116.803965,34.680306,0 -116.804676,34.680370,0 -116.805766,34.680314,0 -116.806656,34.680371,0 -116.807582,34.680562,0 -116.808308,34.680857,0 -116.810025,34.681720,0 -116.810584,34.681741,0 -116.812396,34.680941,0 -116.813872,34.680734,0 -116.815034,34.680727,0 -116.816192,34.680796,0 -116.816664,34.680928,0 -116.816831,34.681316,0 -116.816832,34.681733,0 -116.816622,34.682283,0 -116.816564,34.682921,0 -116.816796,34.683184,0 -116.816984,34.683397,0 -116.817663,34.683500,0 -116.818633,34.683431,0 -116.819616,34.683247,0 -116.821170,34.682557,0 -116.821447,34.682065,0 -116.821437,34.681005,0 -116.821660,34.680130,0 -116.822664,34.677920,0 -116.822953,34.677163,0 -116.823357,34.676638,0 -116.824047,34.676270,0 -116.825473,34.675151,0 -116.827166,34.674545,0 -116.828940,34.674304,0 -116.831730,34.673814,0 -116.834107,34.673238,0 -116.835430,34.673251,0 -116.836433,34.673041,0 -116.838105,34.672245,0 -116.839208,34.671874,0 -116.840150,34.671641,0 -116.840781,34.671267,0 -116.841264,34.670684,0 -116.841380,34.669963,0 -116.841532,34.669436,0 -116.841601,34.668185,0 -116.841883,34.667376,0 -116.842247,34.666745,0 -116.842836,34.665956,0 -116.843893,34.664258,0 -116.844488,34.663614,0 -116.845852,34.661967,0 -116.846316,34.661590,0 -116.847039,34.661218,0 -116.847961,34.660881,0 -116.848725,34.660555,0 -116.849728,34.660482,0 -116.850752,34.660612,0 -116.851298,34.660714,0 -116.852128,34.660721,0 -116.852885,34.660655,0 -116.854476,34.661020,0 -116.855533,34.661185,0 -116.856177,34.661076,0 -116.856962,34.661233,0 -116.857781,34.661806,0 -116.858908,34.662479,0 -116.860186,34.663042,0 -116.860957,34.663435,0 -116.861889,34.663687,0 -116.863543,34.663609,0 -116.864235,34.663398,0 -116.865832,34.662439,0 -116.867114,34.662216,0 -116.868190,34.662120,0 -116.868846,34.661767,0 -116.869290,34.661194,0 -116.869997,34.660122,0 -116.870521,34.659907,0 -116.871499,34.659998,0 -116.872310,34.660222,0 -116.872937,34.660515,0 -116.873650,34.660980,0 -116.874362,34.661500,0 -116.874881,34.661758,0 -116.875241,34.661879,0 -116.875641,34.661963,0 -116.876100,34.661682,0 -116.876453,34.661529,0 -116.877259,34.661236,0 -116.877852,34.661135,0 -116.879465,34.661223,0 -116.880123,34.661177,0 -116.880996,34.660929,0 -116.881912,34.660858,0 -116.883112,34.661227,0 -116.883811,34.661103,0 -116.884358,34.660838,0 -116.884957,34.660656,0 -116.885476,34.660571,0 -116.886755,34.660121,0 -116.887200,34.660053,0 -116.887511,34.660248,0 -116.888240,34.661256,0 -116.888655,34.661665,0 -116.890034,34.662809,0 -116.890295,34.662732,0 -116.890660,34.662548,0 -116.890922,34.662318,0 -116.891627,34.661324,0 -116.892228,34.661030,0 -116.893334,34.660636,0 -116.893833,34.660518,0 -116.894499,34.660243,0 -116.895923,34.659180,0 -116.896501,34.659149,0 -116.897382,34.659418,0 -116.898812,34.660019,0 -116.899835,34.660036,0 -116.900574,34.659869,0 -116.901058,34.659955,0 -116.901375,34.660215,0 -116.901698,34.660600,0 -116.902261,34.661552,0 -116.902754,34.662232,0 -116.903294,34.662816,0 -116.904021,34.663350,0 -116.904828,34.663712,0 -116.905353,34.663755,0 -116.906271,34.663501,0 -116.907469,34.663250,0 -116.908167,34.663156,0 -116.910579,34.663101,0 -116.911115,34.663247,0 -116.911851,34.663630,0 -116.912328,34.663803,0 -116.912898,34.663867,0 -116.913210,34.663851,0 -116.914367,34.663683,0 -116.914932,34.663751,0 -116.915428,34.663972,0 -116.916731,34.664765,0 -116.918023,34.665151,0 -116.919089,34.665700,0 -116.919959,34.665662,0 -116.920439,34.665443,0 -116.920924,34.665453,0 -116.921276,34.665564,0 -116.921840,34.665631,0 -116.922231,34.665722,0 -116.922961,34.665732,0 -116.923520,34.665680,0 -116.923840,34.665572,0 -116.924120,34.665369,0 -116.924857,34.664556,0 -116.925144,34.664382,0 -116.925597,34.664208,0 -116.926182,34.664261,0 -116.926678,34.664489,0 -116.927081,34.664756,0 -116.927458,34.664927,0 -116.927949,34.665056,0 -116.928473,34.665058,0 -116.928886,34.664950,0 -116.929168,34.664712,0 -116.929449,34.664333,0 -116.929832,34.663792,0 -116.930492,34.662730,0 -116.930859,34.662474,0 -116.931452,34.662274,0 -116.932083,34.662130,0 -116.932628,34.662132,0 -116.933121,34.662036,0 -116.933415,34.661823,0 -116.933918,34.661168,0 -116.934265,34.660895,0 -116.934918,34.660673,0 -116.935299,34.660400,0 -116.935708,34.659909,0 -116.936276,34.658594,0 -116.936557,34.658158,0 -116.936867,34.657770,0 -116.937123,34.657364,0 -116.937497,34.656915,0 -116.937811,34.656616,0 -116.938198,34.656443,0 -116.938778,34.656235,0 -116.939770,34.655995,0 -116.940208,34.656024,0 -116.940971,34.656164,0 -116.941377,34.656097,0 -116.941711,34.655851,0 -116.942394,34.655027,0 -116.942902,34.654666,0 -116.943828,34.654247,0 -116.944253,34.654168,0 -116.945449,34.654185,0 -116.946001,34.654133,0 -116.947013,34.653913,0 -116.947922,34.653972,0 -116.948533,34.654096,0 -116.949043,34.654143,0 -116.949348,34.654117,0 -116.949762,34.653932,0 -116.950157,34.653610,0 -116.950525,34.653244,0 -116.951025,34.652876,0 -116.951478,34.652713,0 -116.952076,34.652715,0 -116.952647,34.652783,0 -116.953621,34.652975,0 -116.955042,34.653209,0 -116.955379,34.653326,0 -116.956603,34.653989,0 -116.957616,34.654586,0 -116.958204,34.654864,0 -116.958667,34.655125,0 -116.959136,34.655565,0 -116.959427,34.655755,0 -116.959956,34.655949,0 -116.960201,34.656154,0 -116.960326,34.656308,0 -116.960529,34.656686,0 -116.960911,34.657194,0 -116.961610,34.657895,0 -116.962026,34.658219,0 -116.962522,34.658378,0 -116.963021,34.658419,0 -116.963480,34.658392,0 -116.964458,34.658078,0 -116.964884,34.658005,0 -116.965335,34.657996,0 -116.965866,34.658081,0 -116.966183,34.658230,0 -116.966938,34.658657,0 -116.967322,34.658790,0 -116.968144,34.659004,0 -116.969185,34.659464,0 -116.969562,34.659532,0 -116.969808,34.659676,0 -116.970096,34.660150,0 -116.970239,34.660495,0 -116.970529,34.660837,0 -116.971665,34.661825,0 -116.972080,34.662321,0 -116.972430,34.662604,0 -116.972788,34.662743,0 -116.973159,34.662788,0 -116.973459,34.662718,0 -116.974505,34.662310,0 -116.974839,34.662115,0 -116.975305,34.661910,0 -116.975771,34.661797,0 -116.976424,34.661569,0 -116.976937,34.661351,0 -116.977249,34.661360,0 -116.977739,34.661509,0 -116.978656,34.661547,0 -116.979027,34.661642,0 -116.979345,34.661753,0 -116.979802,34.661996,0 -116.980165,34.662140,0 -116.980803,34.662314,0 -116.981305,34.662576,0 -116.981683,34.662681,0 -116.982511,34.663020,0 -116.983148,34.663182,0 -116.983884,34.663323,0 -116.984122,34.663505,0 -116.984274,34.663692,0 -116.985292,34.664346,0 -116.985676,34.664529,0 -116.986239,34.664718,0 -116.987308,34.664864,0 -116.987666,34.665009,0 -116.988612,34.665476,0 -116.989036,34.665636,0 -116.989460,34.665864,0 -116.989843,34.666139,0 -116.990497,34.666791,0 -116.991571,34.667070,0 -116.992465,34.667381,0 -116.993541,34.667568,0 -116.994793,34.667947,0 -116.995755,34.668193,0 -116.996120,34.668234,0 -116.996438,34.668400,0 -116.996999,34.668885,0 -116.997456,34.669151,0 -116.998291,34.669455,0 -116.998476,34.669557,0 -116.999046,34.669751,0 -116.999457,34.669841,0 -117.000115,34.669931,0 -117.000386,34.670118,0 -117.000562,34.670484,0 -117.000707,34.670691,0 -117.001004,34.671011,0 -117.001315,34.671683,0 -117.001483,34.671899,0 -117.001622,34.672016,0 -117.001827,34.672096,0 -117.002105,34.672120,0 -117.002778,34.672068,0 -117.003139,34.672303,0 -117.003381,34.672582,0 -117.004041,34.673586,0 -117.004227,34.673944,0 -117.004404,34.674122,0 -117.004667,34.674265,0 -117.005210,34.674447,0 -117.005423,34.674442,0 -117.005677,34.674363,0 -117.006354,34.674059,0 -117.006887,34.674038,0 -117.007194,34.673987,0 -117.007492,34.674045,0 -117.007901,34.674214,0 -117.008471,34.674338,0 -117.008738,34.674363,0 -117.009353,34.674194,0 -117.009659,34.674144,0 -117.009958,34.674181,0 -117.010380,34.674449,0 -117.010696,34.674536,0 -117.012499,34.674559,0 -117.012877,34.674651,0 -117.013235,34.674699,0 -117.013667,34.674714,0 -117.014143,34.674556,0 -117.014907,34.674191,0 -117.016381,34.673683,0 -117.016906,34.673683,0 -117.017636,34.673776,0 -117.018201,34.673815,0 -117.019021,34.673721,0 -117.019785,34.673730,0 -117.020458,34.673667,0 -117.021610,34.673665,0 -117.022500,34.673373,0 -117.023336,34.673137,0 -117.023723,34.673047,0 -117.024236,34.673026,0 -117.024661,34.673087,0 -117.025870,34.673509,0 -117.026295,34.673586,0 -117.026739,34.673707,0 -117.027311,34.673718,0 -117.027885,34.673578,0 -117.028518,34.673501,0 -117.029195,34.673636,0 -117.029763,34.673848,0 -117.030192,34.674071,0 -117.030688,34.674243,0 -117.031312,34.674289,0 -117.031985,34.674264,0 -117.032755,34.674300,0 -117.034378,34.674722,0 -117.037005,34.674793,0 -117.037958,34.675090,0 -117.038549,34.675505,0 -117.039188,34.676233,0 -117.039926,34.676616,0 -117.040376,34.676807,0 -117.041099,34.677260,0 -117.041543,34.677366,0 -117.042222,34.677357,0 -117.042746,34.677417,0 -117.043539,34.677774,0 -117.044110,34.678138,0 -117.044657,34.678431,0 -117.045114,34.678611,0 -117.045587,34.678893,0 -117.046293,34.679610,0 -117.046569,34.679795,0 -117.047177,34.680060,0 -117.047559,34.680302,0 -117.048666,34.680871,0 -117.049718,34.681218,0 -117.050291,34.681583,0 -117.050703,34.681951,0 -117.051183,34.682627,0 -117.051749,34.683722,0 -117.052017,34.683999,0 -117.052471,34.684301,0 -117.053174,34.684860,0 -117.053453,34.685225,0 -117.053760,34.685554,0 -117.054069,34.685766,0 -117.055147,34.686160,0 -117.055828,34.686360,0 -117.056639,34.686414,0 -117.057955,34.686472,0 -117.058476,34.686413,0 -117.060179,34.686424,0 -117.061744,34.686398,0 -117.062310,34.686332,0 -117.062624,34.686248,0 -117.063063,34.686225,0 -117.063502,34.686282,0 -117.064062,34.686595,0 -117.064564,34.687156,0 -117.064867,34.687711,0 -117.065927,34.689113,0 -117.066182,34.689362,0 -117.066683,34.689651,0 -117.067073,34.689812,0 -117.067769,34.689932,0 -117.068956,34.690211,0 -117.069387,34.690258,0 -117.070296,34.690440,0 -117.070668,34.690466,0 -117.070970,34.690354,0 -117.071908,34.689575,0 -117.072927,34.688802,0 -117.073618,34.688085,0 -117.074026,34.687566,0 -117.074664,34.686853,0 -117.075581,34.686140,0 -117.075927,34.685759,0 -117.076211,34.685141,0 -117.076629,34.683673,0 -117.076926,34.683028,0 -117.077930,34.682276,0 -117.078956,34.681805,0 -117.080112,34.681538,0 -117.080932,34.681427,0 -117.082161,34.681511,0 -117.082887,34.681460,0 -117.083893,34.681044,0 -117.084297,34.680712,0 -117.084596,34.680399,0 -117.084972,34.679807,0 -117.085236,34.679602,0 -117.085759,34.679345,0 -117.087299,34.679121,0 -117.087556,34.678916,0 -117.087856,34.678462,0 -117.088208,34.677736,0 -117.088317,34.677265,0 -117.088440,34.676958,0 -117.088599,34.676708,0 -117.088809,34.676457,0 -117.088860,34.676227,0 -117.088722,34.674570,0 -117.088754,34.674219,0 -117.088866,34.673923,0 -117.088952,34.673547,0 -117.089017,34.672893,0 -117.089110,34.672541,0 -117.089302,34.672142,0 -117.089494,34.671849,0 -117.089694,34.671384,0 -117.089760,34.671066,0 -117.089657,34.670895,0 -117.088818,34.670517,0 -117.088219,34.670136,0 -117.087458,34.669559,0 -117.086359,34.668893,0 -117.085734,34.668380,0 -117.085380,34.668145,0 -117.083569,34.667481,0 -117.083253,34.667245,0 -117.082397,34.666740,0 -117.081909,34.666538,0 -117.081379,34.666399,0 -117.080277,34.666232,0 -117.079564,34.665944,0 -117.079209,34.665677,0 -117.078595,34.665064,0 -117.078201,34.664741,0 -117.077402,34.664000,0 -117.076822,34.663340,0 -117.076554,34.663083,0 -117.076391,34.662851,0 -117.076324,34.662553,0 -117.076490,34.661746,0 -117.076451,34.661295,0 -117.076260,34.660826,0 -117.076188,34.660396,0 -117.076313,34.658536,0 -117.076317,34.657947,0 -117.076258,34.657506,0 -117.076263,34.656419,0 -117.076017,34.655348,0 -117.075785,34.653737,0 -117.075699,34.652568,0 -117.075530,34.651947,0 -117.075282,34.651268,0 -117.075162,34.650540,0 -117.075158,34.649588,0 -117.075242,34.648234,0 -117.075204,34.647722,0 -117.074824,34.646651,0 -117.074639,34.646226,0 -117.074416,34.645948,0 -117.074088,34.645780,0 -117.073159,34.645615,0 -117.072697,34.645422,0 -117.072530,34.645106,0 -117.072502,34.644425,0 -117.072536,34.643931,0 -117.072445,34.643463,0 -117.072292,34.643086,0 -117.071987,34.642683,0 -117.071872,34.642390,0 -117.072044,34.642034,0 -117.072834,34.641790,0 -117.073704,34.641406,0 -117.074254,34.641225,0 -117.074975,34.641040,0 -117.075682,34.640929,0 -117.076656,34.640709,0 -117.076880,34.640486,0 -117.077087,34.640065,0 -117.077167,34.639621,0 -117.077257,34.638698,0 -117.077429,34.637943,0 -117.077568,34.637578,0 -117.077484,34.637449,0 -117.077387,34.636908,0 -117.077416,34.636388,0 -117.077346,34.635876,0 -117.077069,34.635332,0 -117.076644,34.634893,0 -117.076124,34.634619,0 -117.074863,34.633691,0 -117.074463,34.633341,0 -117.074292,34.632908,0 -117.074779,34.632058,0 -117.074864,34.631668,0 -117.074790,34.631025,0 -117.074589,34.630318,0 -117.074586,34.630084,0 -117.074462,34.629233,0 -117.074541,34.628884,0 -117.074673,34.628578,0 -117.075326,34.627310,0 -117.075422,34.626789,0 -117.075438,34.626208,0 -117.075257,34.625170,0 -117.075162,34.624900,0 -117.074815,34.624397,0 -117.073500,34.623415,0 -117.072871,34.623273,0 -117.069448,34.622926,0 -117.067113,34.622939,0 -117.065365,34.622877,0 -117.064314,34.622886,0 -117.063670,34.622767,0 -117.063245,34.622594,0 -117.062399,34.622113,0 -117.062103,34.621767,0 -117.061633,34.621476,0 -117.061170,34.621282,0 -117.059844,34.620882,0 -117.058524,34.620610,0 -117.058099,34.620459,0 -117.057623,34.620137,0 -117.057262,34.619699,0 -117.056624,34.619062,0 -117.056460,34.618669,0 -117.056225,34.617673,0 -117.055755,34.616801,0 -117.055111,34.616051,0 -117.054741,34.615695,0 -117.054331,34.615528,0 -117.053161,34.615415,0 -117.052617,34.615263,0 -117.052222,34.614936,0 -117.051974,34.614478,0 -117.051940,34.613906,0 -117.052024,34.613427,0 -117.051948,34.613015,0 -117.051688,34.612519,0 -117.051326,34.612158,0 -117.050525,34.611681,0 -117.049022,34.611015,0 -117.048466,34.610803,0 -117.046549,34.610294,0 -117.046105,34.610242,0 -117.045726,34.610141,0 -117.045289,34.609896,0 -117.044861,34.609546,0 -117.044585,34.609149,0 -117.044590,34.608637,0 -117.044814,34.608265,0 -117.045607,34.607406,0 -117.046597,34.606815,0 -117.047113,34.606450,0 -117.047402,34.606132,0 -117.047791,34.605834,0 -117.048351,34.605683,0 -117.049369,34.605685,0 -117.049883,34.605561,0 -117.050357,34.605274,0 -117.050781,34.604794,0 -117.051045,34.604350,0 -117.051757,34.603567,0 -117.052179,34.603269,0 -117.052801,34.602915,0 -117.053264,34.602538,0 -117.053522,34.602001,0 -117.053655,34.601393,0 -117.053660,34.600854,0 -117.053827,34.600123,0 -117.054348,34.599208,0 -117.054800,34.598563,0 -117.055075,34.598279,0 -117.055680,34.597760,0 -117.055923,34.597318,0 -117.056019,34.596332,0 -117.056197,34.595834,0 -117.056541,34.595374,0 -117.056989,34.595087,0 -117.057405,34.594711,0 -117.057675,34.594321,0 -117.057806,34.593854,0 -117.057545,34.593336,0 -117.056207,34.592276,0 -117.055686,34.591779,0 -117.055367,34.591116,0 -117.055293,34.590539,0 -117.055447,34.589736,0 -117.055506,34.589116,0 -117.055383,34.588280,0 -117.054921,34.587221,0 -117.054154,34.586132,0 -117.053034,34.585041,0 -117.051661,34.584048,0 -117.050282,34.583131,0 -117.049067,34.582276,0 -117.048016,34.581576,0 -117.047143,34.581114,0 -117.045283,34.580364,0 -117.044247,34.579647,0 -117.043615,34.579066,0 -117.043197,34.578228,0 -117.043210,34.577693,0 -117.043289,34.577078,0 -117.043236,34.576484,0 -117.043016,34.575802,0 -117.042698,34.575166,0 -117.042290,34.574641,0 -117.041526,34.573976,0 -117.040416,34.573336,0 -117.039111,34.572854,0 -117.038145,34.572374,0 -117.037425,34.571907,0 -117.036846,34.571322,0 -117.036264,34.570492,0 -117.035383,34.569550,0 -117.034820,34.568666,0 -117.034304,34.567740,0 -117.034189,34.567327,0 -117.034167,34.566885,0 -117.034312,34.566382,0 -117.034748,34.566045,0 -117.035228,34.565828,0 -117.035603,34.565517,0 -117.035841,34.565122,0 -117.036025,34.564509,0 -117.036332,34.563751,0 -117.036871,34.563101,0 -117.037534,34.562628,0 -117.038283,34.562220,0 -117.040022,34.561737,0 -117.040650,34.561462,0 -117.041019,34.561107,0 -117.041270,34.560645,0 -117.041102,34.560122,0 -117.040642,34.559619,0 -117.039573,34.558869,0 -117.039225,34.558439,0 -117.039197,34.557882,0 -117.039303,34.556673,0 -117.039290,34.555936,0 -117.039190,34.555420,0 -117.039016,34.554852,0 -117.038689,34.554266,0 -117.037546,34.552968,0 -117.037009,34.552192,0 -117.036018,34.550948,0 -117.035601,34.550216,0 -117.035450,34.549410,0 -117.035629,34.548780,0 -117.036180,34.547469,0 -117.036737,34.546407,0 -117.037063,34.545688,0 -117.037323,34.544926,0 -117.037711,34.543984,0 -117.037954,34.543061,0 -117.037928,34.542362,0 -117.037480,34.541348,0 -117.036469,34.540070,0 -117.035351,34.538964,0 -117.034691,34.537875,0 -117.034386,34.537126,0 -117.033817,34.536247,0 -117.033019,34.535670,0 -117.031861,34.535176,0 -117.031191,34.534503,0 -117.029918,34.532267,0 -117.029504,34.531202,0 -117.029386,34.530332,0 -117.029594,34.528882,0 -117.029901,34.527487,0 -117.029963,34.526687,0 -117.030099,34.525658,0 -117.030720,34.524696,0 -117.030944,34.523041,0 -117.031298,34.522132,0 -117.031783,34.521519,0 -117.032445,34.521030,0 -117.032995,34.520576,0 -117.033198,34.520254,0 -117.033512,34.519419,0 -117.033808,34.519070,0 -117.034287,34.518903,0 -117.034831,34.518977,0 -117.035409,34.518989,0 -117.036094,34.518900,0 -117.036634,34.518627,0 -117.036678,34.518248,0 -117.036458,34.517813,0 -117.036350,34.517241,0 -117.036745,34.516379,0 -117.037514,34.515241,0 -117.038307,34.513630,0 -117.038837,34.513139,0 -117.040360,34.512331,0 -117.041558,34.511362,0 -117.043210,34.510218,0 -117.044706,34.508892,0 -117.044937,34.508305,0 -117.045050,34.507690,0 -117.044955,34.507194,0 -117.044968,34.506594,0 -117.045332,34.506107,0 -117.047654,34.505070,0 -117.048302,34.504650,0 -117.049042,34.504332,0 -117.049761,34.504198,0 -117.050226,34.504257,0 -117.050776,34.504243,0 -117.051415,34.504170,0 -117.052574,34.504488,0 -117.053285,34.504515,0 -117.054042,34.504465,0 -117.055381,34.504744,0 -117.055844,34.504887,0 -117.056109,34.505077,0 -117.056700,34.505692,0 -117.056885,34.505791,0 -117.057225,34.506372,0 -117.057795,34.507200,0 -117.058189,34.507545,0 -117.058711,34.507802,0 -117.059506,34.508038,0 -117.060342,34.508190,0 -117.061118,34.508305,0 -117.062830,34.508478,0 -117.063582,34.508356,0 -117.064401,34.508092,0 -117.064980,34.507965,0 -117.065610,34.508051,0 -117.066830,34.508300,0 -117.067233,34.508496,0 -117.067451,34.508674,0 -117.067357,34.509443,0 -117.067677,34.509988,0 -117.068127,34.510124,0 -117.068932,34.510026,0 -117.069569,34.510057,0 -117.071784,34.510412,0 -117.072671,34.510765,0 -117.073324,34.511178,0 -117.074049,34.511714,0 -117.074796,34.512126,0 -117.075449,34.512680,0 -117.075943,34.513157,0 -117.076413,34.513266,0 -117.076805,34.513233,0 -117.077923,34.513044,0 -117.079740,34.512666,0 -117.080294,34.512411,0 -117.080768,34.512099,0 -117.081388,34.511874,0 -117.081959,34.511805,0 -117.082367,34.511655,0 -117.082875,34.511307,0 -117.083257,34.510980,0 -117.083803,34.510197,0 -117.083980,34.509676,0 -117.083838,34.509207,0 -117.082686,34.508258,0 -117.082245,34.507733,0 -117.082006,34.507067,0 -117.081897,34.506632,0 -117.081723,34.506224,0 -117.081269,34.505604,0 -117.081002,34.505162,0 -117.080848,34.504624,0 -117.080621,34.504094,0 -117.080039,34.503123,0 -117.080023,34.502710,0 -117.080280,34.502196,0 -117.080750,34.501060,0 -117.080979,34.500660,0 -117.081233,34.500426,0 -117.081382,34.500211,0 -117.081485,34.500053,0 -117.081552,34.499690,0 -117.081558,34.499370,0 -117.081470,34.499098,0 -117.081202,34.498809,0 -117.079641,34.497563,0 -117.079133,34.497027,0 -117.078828,34.496534,0 -117.078749,34.496179,0 -117.078918,34.495697,0 -117.079354,34.494862,0 -117.079313,34.494542,0 -117.078741,34.494200,0 -117.078558,34.493977,0 -117.078254,34.493157,0 -117.077808,34.492759,0 -117.076751,34.492359,0 -117.076291,34.492044,0 -117.075762,34.491497,0 -117.075452,34.490985,0 -117.075242,34.490514,0 -117.075200,34.489942,0 -117.074860,34.489202,0 -117.074620,34.488906,0 -117.074082,34.488477,0 -117.073999,34.488287,0 -117.074080,34.487908,0 -117.074705,34.486912,0 -117.075325,34.486138,0 -117.075383,34.485897,0 -117.075359,34.485134,0 -117.075402,34.484230,0 -117.075510,34.483858,0 -117.075906,34.483355,0 -117.076043,34.483109,0 -117.076163,34.482792,0 -117.076225,34.482334,0 -117.076221,34.481849,0 -117.076294,34.481502,0 -117.076467,34.481152,0 -117.076621,34.480728,0 -117.076723,34.480269,0 -117.076974,34.478650,0 -117.077079,34.478381,0 -117.077550,34.477792,0 -117.077883,34.477458,0 -117.078489,34.476723,0 -117.078964,34.476306,0 -117.079221,34.476121,0 -117.079458,34.475870,0 -117.079848,34.474971,0 -117.080275,34.474206,0 -117.080458,34.474059,0 -117.081001,34.473852,0 -117.081476,34.473718,0 -117.081893,34.473531,0 -117.082237,34.473249,0 -117.082532,34.472818,0 -117.082823,34.472204,0 -117.082842,34.471900,0 -117.082735,34.471580,0 -117.082561,34.471312,0 -117.082377,34.470879,0 -117.081820,34.469367,0 -117.081810,34.469119,0 -117.081624,34.468456,0 -117.081567,34.467976,0 -117.081621,34.467590,0 -117.081779,34.467294,0 -117.082025,34.466983,0 -117.082567,34.466498,0 -117.082778,34.466248,0 -117.082971,34.465898,0 -117.083018,34.465540,0 -117.083012,34.464442,0 -117.083098,34.463788,0 -117.083497,34.462757,0 -117.084154,34.461828,0 -117.085132,34.461140,0 -117.086189,34.460206,0 -117.087631,34.458207,0 -117.090667,34.454717,0 -117.091990,34.452983,0 -117.095941,34.447541,0 -117.097279,34.446143,0 -117.099388,34.444768,0 -117.104063,34.443181,0 -117.105811,34.442625,0 -117.107156,34.442239,0 -117.109045,34.441607,0 -117.110736,34.440835,0 -117.112755,34.439697,0 -117.115047,34.438090,0 -117.116062,34.437529,0 -117.117347,34.437187,0 -117.118007,34.436766,0 -117.118691,34.436107,0 -117.119682,34.435051,0 -117.120409,34.434635,0 -117.120998,34.434445,0 -117.121501,34.434220,0 -117.122108,34.433824,0 -117.122774,34.433072,0 -117.123259,34.432438,0 -117.123740,34.431904,0 -117.125218,34.430473,0 -117.125556,34.429859,0 -117.125730,34.429384,0 -117.126429,34.428727,0 -117.126911,34.428411,0 -117.127302,34.427810,0 -117.127486,34.426893,0 -117.127141,34.425378,0 -117.127017,34.424614,0 -117.127259,34.423856,0 -117.127985,34.423143,0 -117.129563,34.422086,0 -117.130596,34.421181,0 -117.130929,34.420513,0 -117.131325,34.419171,0 -117.131467,34.418308,0 -117.131479,34.417374,0 -117.131558,34.416425,0 -117.131736,34.415931,0 -117.132032,34.415577,0 -117.132525,34.415398,0 -117.134350,34.415364,0 -117.135271,34.415449,0 -117.135981,34.415413,0 -117.136627,34.415152,0 -117.137143,34.414818,0 -117.137507,34.414303,0 -117.137903,34.413906,0 -117.138654,34.413259,0 -117.139816,34.412679,0 -117.140759,34.412016,0 -117.141621,34.411480,0 -117.142519,34.410740,0 -117.143469,34.410079,0 -117.143837,34.409755,0 -117.144081,34.409367,0 -117.144233,34.408842,0 -117.144512,34.408283,0 -117.144896,34.407832,0 -117.145269,34.407597,0 -117.145651,34.407413,0 -117.145979,34.407119,0 -117.146222,34.406793,0 -117.147137,34.405728,0 -117.147751,34.405425,0 -117.148293,34.405527,0 -117.148893,34.405797,0 -117.149250,34.405910,0 -117.150501,34.406064,0 -117.150953,34.405991,0 -117.151207,34.405840,0 -117.151613,34.405677,0 -117.152984,34.405925,0 -117.153854,34.405767,0 -117.154127,34.405741,0 -117.154577,34.405757,0 -117.154878,34.405627,0 -117.155172,34.405366,0 -117.155619,34.405133,0 -117.156294,34.405283,0 -117.156622,34.405576,0 -117.157124,34.405751,0 -117.158406,34.406093,0 -117.158967,34.406393,0 -117.159413,34.406787,0 -117.159920,34.407098,0 -117.160559,34.407379,0 -117.161069,34.407497,0 -117.161438,34.407635,0 -117.161820,34.407851,0 -117.162189,34.408111,0 -117.162719,34.408145,0 -117.163510,34.407921,0 -117.164222,34.407823,0 -117.164639,34.407836,0 -117.165920,34.407775,0 -117.166748,34.407865,0 -117.167297,34.407956,0 -117.169810,34.408077,0 -117.170487,34.407941,0 -117.170794,34.407821,0 -117.171288,34.407523,0 -117.171524,34.407238,0 -117.171909,34.406633,0 -117.171971,34.406430,0 -117.171927,34.406259,0 -117.171718,34.405977,0 -117.171661,34.405761,0 -117.171823,34.405526,0 -117.172430,34.405262,0 -117.172829,34.405144,0 -117.173091,34.404900,0 -117.173442,34.404370,0 -117.174012,34.403796,0 -117.174468,34.403410,0 -117.175021,34.403134,0 -117.175731,34.403086,0 -117.176968,34.403348,0 -117.177619,34.403343,0 -117.178369,34.403218,0 -117.178835,34.403104,0 -117.179887,34.402755,0 -117.180524,34.402711,0 -117.181506,34.402752,0 -117.182137,34.402598,0 -117.182664,34.402284,0 -117.183343,34.401575,0 -117.184600,34.400721,0 -117.185370,34.400030,0 -117.185784,34.399786,0 -117.186187,34.399492,0 -117.186376,34.399196,0 -117.186388,34.398669,0 -117.186448,34.398125,0 -117.186745,34.397045,0 -117.186994,34.396763,0 -117.188902,34.395216,0 -117.189744,34.394635,0 -117.190173,34.394303,0 -117.190490,34.393872,0 -117.190646,34.393511,0 -117.190799,34.392960,0 -117.191033,34.392710,0 -117.192090,34.392005,0 -117.192520,34.391551,0 -117.192615,34.391294,0 -117.192713,34.390250,0 -117.192725,34.389279,0 -117.192800,34.388487,0 -117.193127,34.387825,0 -117.193258,34.387386,0 -117.193289,34.386995,0 -117.193260,34.386632,0 -117.193071,34.385790,0 -117.192895,34.385470,0 -117.192531,34.385419,0 -117.191232,34.385452,0 -117.191033,34.385344,0 -117.190952,34.384982,0 -117.191161,34.384146,0 -117.191131,34.383802,0 -117.191007,34.383647,0 -117.190533,34.383322,0 -117.190184,34.383168,0 -117.188388,34.382613,0 -117.187827,34.382278,0 -117.187490,34.381704,0 -117.187463,34.381107,0 -117.187387,34.380906,0 -117.187144,34.380663,0 -117.186745,34.380781,0 -117.186218,34.381030,0 -117.185578,34.381272,0 -117.184862,34.381332,0 -117.184498,34.381258,0 -117.183447,34.380475,0 -117.182749,34.380072,0 -117.182809,34.379440,0 -117.183025,34.378548,0 -117.182895,34.377803,0 -117.183013,34.377409,0 -117.183654,34.376964,0 -117.183843,34.376680,0 -117.183786,34.376421,0 -117.182964,34.375815,0 -117.182794,34.375461,0 -117.182840,34.375153,0 -117.182669,34.374803,0 -117.182286,34.374455,0 -117.181355,34.373939,0 -117.180369,34.372701,0 -117.180019,34.372056,0 -117.179971,34.371587,0 -117.180032,34.371209,0 -117.180198,34.370909,0 -117.180439,34.370573,0 -117.180522,34.370126,0 -117.180494,34.369637,0 -117.180552,34.369181,0 -117.180823,34.368674,0 -117.181260,34.368163,0 -117.181268,34.367789,0 -117.181214,34.367298,0 -117.180959,34.366820,0 -117.180688,34.366523,0 -117.180368,34.366248,0 -117.179984,34.365978,0 -117.179458,34.365443,0 -117.179174,34.365096,0 -117.178900,34.364905,0 -117.177889,34.364733,0 -117.177403,34.364769,0 -117.176221,34.365328,0 -117.175163,34.365712,0 -117.174349,34.365613,0 -117.173688,34.365496,0 -117.171834,34.365587,0 -117.169795,34.365339,0 -117.168486,34.364834,0 -117.167112,34.364531,0 -117.166481,34.364284,0 -117.165853,34.364167,0 -117.164198,34.363983,0 -117.163268,34.363741,0 -117.162658,34.363423,0 -117.161914,34.362024,0 -117.161105,34.361455,0 -117.160507,34.361241,0 -117.159915,34.360961,0 -117.158723,34.360319,0 -117.157727,34.359725,0 -117.156817,34.358676,0 -117.156368,34.358266,0 -117.156008,34.358051,0 -117.155608,34.357869,0 -117.155049,34.357666,0 -117.154697,34.357632,0 -117.152979,34.357583,0 -117.152584,34.357466,0 -117.151988,34.357149,0 -117.151495,34.356935,0 -117.150504,34.357017,0 -117.149721,34.357264,0 -117.148609,34.357708,0 -117.148031,34.358020,0 -117.146966,34.358672,0 -117.146419,34.359060,0 -117.145455,34.360002,0 -117.145048,34.360321,0 -117.144766,34.360745,0 -117.144514,34.361275,0 -117.144184,34.361737,0 -117.143723,34.361844,0 -117.143079,34.361840,0 -117.142610,34.361767,0 -117.141990,34.361332,0 -117.140863,34.360168,0 -117.140569,34.359981,0 -117.139271,34.359558,0 -117.137735,34.359147,0 -117.136909,34.358715,0 -117.136546,34.358380,0 -117.136187,34.358103,0 -117.135524,34.357822,0 -117.134838,34.357331,0 -117.134136,34.356714,0 -117.133494,34.356352,0 -117.132998,34.355985,0 -117.131688,34.354719,0 -117.131182,34.354513,0 -117.130416,34.354335,0 -117.129761,34.354027,0 -117.129057,34.353185,0 -117.128652,34.351296,0 -117.128286,34.350204,0 -117.128012,34.349770,0 -117.127160,34.349025,0 -117.126780,34.348820,0 -117.126020,34.348479,0 -117.125949,34.348404,0 -117.125813,34.348257,0 -117.124950,34.347690,0 -117.124593,34.347559,0 -117.124056,34.347456,0 -117.123552,34.347441,0 -117.122995,34.347365,0 -117.122390,34.347426,0 -117.121642,34.347806,0 -117.121350,34.347782,0 -117.120675,34.347655,0 -117.120018,34.347596,0 -117.119782,34.347925,0 -117.119570,34.348473,0 -117.119477,34.349718,0 -117.119110,34.350413,0 -117.118689,34.350739,0 -117.117589,34.351057,0 -117.116957,34.351118,0 -117.116434,34.351092,0 -117.115706,34.350920,0 -117.115000,34.350998,0 -117.113809,34.351330,0 -117.112697,34.351537,0 -117.112093,34.351553,0 -117.111464,34.351515,0 -117.110905,34.351527,0 -117.110353,34.351699,0 -117.109669,34.352306,0 -117.109128,34.352510,0 -117.108530,34.352601,0 -117.107781,34.352996,0 -117.107268,34.353194,0 -117.106411,34.353227,0 -117.105176,34.352677,0 -117.104326,34.352137,0 -117.103504,34.351464,0 -117.102021,34.350505,0 -117.100715,34.349723,0 -117.100259,34.349573,0 -117.099967,34.349625,0 -117.099164,34.350118,0 -117.098524,34.350280,0 -117.097340,34.349940,0 -117.096862,34.349967,0 -117.096242,34.350223,0 -117.094521,34.351536,0 -117.093828,34.352218,0 -117.093485,34.352728,0 -117.093226,34.353276,0 -117.092863,34.354782,0 -117.092553,34.355700,0 -117.092224,34.356660,0 -117.091762,34.357553,0 -117.091573,34.357783,0 -117.091159,34.357966,0 -117.090740,34.358075,0 -117.090368,34.358105,0 -117.089705,34.358017,0 -117.088990,34.357813,0 -117.088486,34.357763,0 -117.087865,34.357573,0 -117.087443,34.357243,0 -117.087077,34.356741,0 -117.086538,34.356295,0 -117.085720,34.355858,0 -117.085496,34.355709,0 -117.085287,34.355486,0 -117.085132,34.355033,0 -117.084944,34.354618,0 -117.084584,34.354265,0 -117.084210,34.353810,0 -117.083756,34.353469,0 -117.082887,34.353407,0 -117.082250,34.353403,0 -117.080217,34.353574,0 -117.079273,34.353556,0 -117.078248,34.353292,0 -117.077553,34.353156,0 -117.076311,34.353080,0 -117.075687,34.353206,0 -117.075177,34.353660,0 -117.074664,34.354339,0 -117.074293,34.354770,0 -117.073832,34.355036,0 -117.073146,34.355228,0 -117.072150,34.355243,0 -117.070969,34.355146,0 -117.070052,34.355259,0 -117.068597,34.355929,0 -117.067984,34.356083,0 -117.067287,34.356094,0 -117.065933,34.356001,0 -117.064781,34.355798,0 -117.063649,34.355466,0 -117.062503,34.355175,0 -117.061509,34.355090,0 -117.060180,34.355226,0 -117.059157,34.355235,0 -117.057505,34.355101,0 -117.055630,34.355366,0 -117.052789,34.356389,0 -117.050601,34.356762,0 -117.049626,34.357253,0 -117.048688,34.357328,0 -117.047782,34.357105,0 -117.046079,34.356822,0 -117.045244,34.356628,0 -117.044303,34.356504,0 -117.042867,34.356685,0 -117.041625,34.357303,0 -117.040897,34.357565,0 -117.039586,34.357809,0 -117.038211,34.357895,0 -117.037213,34.358081,0 -117.035145,34.359312,0 -117.032890,34.360334,0 -117.032308,34.360639,0 -117.031519,34.361110,0 -117.030604,34.362127,0 -117.030305,34.362603,0 -117.030258,34.363187,0 -117.030150,34.363917,0 -117.030075,34.364086,0 -117.028143,34.362914,0 -117.027474,34.362331,0 -117.026820,34.362067,0 -117.026310,34.361979,0 -117.025826,34.361860,0 -117.025245,34.361591,0 -117.024630,34.361382,0 -117.024173,34.361301,0 -117.023790,34.361109,0 -117.023482,34.360817,0 -117.023565,34.360545,0 -117.023748,34.360250,0 -117.023892,34.359795,0 -117.023706,34.359326,0 -117.022761,34.358436,0 -117.022521,34.358005,0 -117.022207,34.357629,0 -117.021865,34.357365,0 -117.021617,34.356999,0 -117.021628,34.356681,0 -117.021758,34.356341,0 -117.021815,34.356059,0 -117.021458,34.355874,0 -117.020751,34.355623,0 -117.020245,34.355255,0 -117.019881,34.354574,0 -117.019756,34.354044,0 -117.019562,34.353629,0 -117.019089,34.353119,0 -117.018158,34.352267,0 -117.017667,34.351729,0 -117.017043,34.351167,0 -117.016495,34.350910,0 -117.015946,34.350819,0 -117.015184,34.350613,0 -117.015001,34.350435,0 -117.014816,34.349779,0 -117.014763,34.349272,0 -117.014633,34.348548,0 -117.014711,34.348170,0 -117.015000,34.347269,0 -117.015046,34.346839,0 -117.014791,34.346512,0 -117.014396,34.346296,0 -117.014246,34.346012,0 -117.014158,34.345626,0 -117.014132,34.345081,0 -117.014415,34.344174,0 -117.014693,34.343710,0 -117.014832,34.343265,0 -117.014725,34.342763,0 -117.014157,34.342460,0 -117.012654,34.342226,0 -117.012033,34.341941,0 -117.011440,34.341607,0 -117.010865,34.341501,0 -117.010098,34.341181,0 -117.009454,34.340631,0 -117.008790,34.340189,0 -117.008382,34.339873,0 -117.007917,34.339362,0 -117.007142,34.338782,0 -117.005693,34.338313,0 -117.004528,34.338038,0 -117.003892,34.338050,0 -117.003511,34.338143,0 -117.003218,34.338252,0 -117.002155,34.339432,0 -117.001559,34.339769,0 -117.000714,34.339884,0 -117.000424,34.339616,0 -116.999726,34.339280,0 -116.998573,34.339096,0 -116.997946,34.338809,0 -116.996748,34.338013,0 -116.996359,34.337817,0 -116.995736,34.337767,0 -116.995046,34.337767,0 -116.993330,34.337576,0 -116.992730,34.337224,0 -116.992108,34.336559,0 -116.991746,34.336331,0 -116.990934,34.336027,0 -116.990251,34.335921,0 -116.989648,34.335912,0 -116.988907,34.335789,0 -116.988271,34.335625,0 -116.987655,34.335564,0 -116.986815,34.335331,0 -116.985851,34.334982,0 -116.985024,34.334826,0 -116.983702,34.334396,0 -116.983156,34.334012,0 -116.982131,34.333174,0 -116.981660,34.332573,0 -116.981283,34.331987,0 -116.980667,34.331395,0 -116.980067,34.331112,0 -116.979753,34.331254,0 -116.978547,34.332285,0 -116.978139,34.332551,0 -116.977566,34.332710,0 -116.977036,34.332630,0 -116.975928,34.332057,0 -116.975221,34.331858,0 -116.974579,34.331231,0 -116.974058,34.330466,0 -116.973586,34.329990,0 -116.973046,34.329639,0 -116.972409,34.329654,0 -116.971808,34.329925,0 -116.971334,34.330268,0 -116.970631,34.330696,0 -116.970111,34.330957,0 -116.969611,34.331041,0 -116.969341,34.331011,0 -116.968805,34.330835,0 -116.967896,34.329848,0 -116.967125,34.329328,0 -116.966076,34.328891,0 -116.965443,34.328566,0 -116.964800,34.328478,0 -116.963716,34.328782,0 -116.963136,34.328903,0 -116.962336,34.328736,0 -116.961763,34.328407,0 -116.961329,34.328092,0 -116.960790,34.327762,0 -116.960295,34.327493,0 -116.959829,34.327142,0 -116.959353,34.326950,0 -116.958903,34.326907,0 -116.957991,34.326582,0 -116.957587,34.326523,0 -116.957278,34.326777,0 -116.956577,34.328301,0 -116.956220,34.328651,0 -116.954983,34.329411,0 -116.954600,34.329809,0 -116.954027,34.330003,0 -116.953277,34.330079,0 -116.951738,34.330038,0 -116.949897,34.330269,0 -116.949257,34.330021,0 -116.948705,34.329577,0 -116.947581,34.328828,0 -116.947052,34.328642,0 -116.946344,34.328467,0 -116.945341,34.327999,0 -116.944760,34.327776,0 -116.944260,34.327500,0 -116.943695,34.327095,0 -116.942375,34.326032,0 -116.941157,34.325310,0 -116.940194,34.324851,0 -116.939569,34.324398,0 -116.938992,34.323889,0 -116.938364,34.323735,0 -116.936569,34.324065,0 -116.935786,34.324031,0 -116.934985,34.323875,0 -116.934214,34.323517,0 -116.933422,34.323216,0 -116.932832,34.323189,0 -116.932133,34.323348,0 -116.931519,34.323673,0 -116.930719,34.323913,0 -116.929848,34.324121,0 -116.928919,34.324613,0 -116.928076,34.324710,0 -116.927310,34.324378,0 -116.926372,34.324024,0 -116.924654,34.324090,0 -116.923984,34.324086,0 -116.923049,34.324010,0 -116.921758,34.323833,0 -116.921274,34.323802,0 -116.919175,34.323981,0 -116.918318,34.324111,0 -116.917684,34.324386,0 -116.917349,34.324631,0 -116.916694,34.324987,0 -116.915948,34.325239,0 -116.915430,34.325322,0 -116.914859,34.325328,0 -116.914212,34.325041,0 -116.913620,34.324673,0 -116.913172,34.324439,0 -116.912808,34.324413,0 -116.910850,34.325508,0 -116.910207,34.325920,0 -116.908888,34.326843,0 -116.908195,34.327656,0 -116.907527,34.328913,0 -116.907229,34.329403,0 -116.906940,34.329725,0 -116.906698,34.329949,0 -116.906270,34.330161,0 -116.905659,34.330236,0 -116.905005,34.330028,0 -116.904570,34.329764,0 -116.903802,34.329108,0 -116.902991,34.328782,0 -116.902621,34.328678,0 -116.902178,34.328500,0 -116.901640,34.328091,0 -116.901223,34.327566,0 -116.900617,34.327236,0 -116.900219,34.327165,0 -116.898963,34.326813,0 -116.898245,34.326465,0 -116.897106,34.325806,0 -116.896546,34.325542,0 -116.895897,34.324953,0 -116.895317,34.324188,0 -116.894654,34.323687,0 -116.893563,34.323361,0 -116.892896,34.323113,0 -116.891819,34.322296,0 -116.891384,34.322081,0 -116.891001,34.321940,0 -116.890351,34.321478,0 -116.890021,34.320908,0 -116.889531,34.320303,0 -116.889269,34.320075,0 -116.888873,34.319890,0 -116.888740,34.319896,0 -116.888587,34.319903,0 -116.888040,34.320202,0 -116.887221,34.320910,0 -116.886518,34.321409,0 -116.886117,34.321587,0 -116.885798,34.321638,0 -116.885270,34.321469,0 -116.884440,34.321004,0 -116.883372,34.320577,0 -116.882658,34.320339,0 -116.882203,34.320124,0 -116.881638,34.319752,0 -116.880972,34.318931,0 -116.880615,34.318405,0 -116.880155,34.318060,0 -116.879092,34.317680,0 -116.878110,34.317230,0 -116.877591,34.316862,0 -116.877198,34.316506,0 -116.876591,34.316270,0 -116.875946,34.316166,0 -116.875737,34.316165,0 -116.875548,34.316166,0 -116.874976,34.316262,0 -116.874862,34.316296,0 -116.873881,34.316991,0 -116.873168,34.317145,0 -116.872438,34.316896,0 -116.872125,34.316649,0 -116.871730,34.316125,0 -116.871274,34.315383,0 -116.869633,34.314850,0 -116.869269,34.314531,0 -116.868823,34.314274,0 -116.868284,34.314424,0 -116.867918,34.314816,0 -116.867581,34.315093,0 -116.866238,34.315657,0 -116.865240,34.315853,0 -116.864141,34.315750,0 -116.863230,34.315550,0 -116.862565,34.315317,0 -116.861799,34.314838,0 -116.860330,34.314050,0 -116.858732,34.313401,0 -116.857514,34.312642,0 -116.856813,34.311868,0 -116.856260,34.311004,0 -116.855892,34.310147,0 -116.855618,34.308965,0 -116.855670,34.308323,0 -116.855970,34.306841,0 -116.856225,34.306026,0 -116.856560,34.305469,0 -116.856616,34.304308,0 -116.856855,34.303966,0 -116.858137,34.303440,0 -116.858421,34.303178,0 -116.858602,34.302719,0 -116.858769,34.301962,0 -116.858944,34.300805,0 -116.858871,34.299796,0 -116.858570,34.298913,0 -116.857789,34.297819,0 -116.857299,34.296795,0 -116.857418,34.296136,0 -116.857830,34.295074,0 -116.857957,34.294294,0 -116.857882,34.293760,0 -116.856983,34.292639,0 -116.856742,34.292068,0 -116.856668,34.291793,0 -116.856705,34.291247,0 -116.856591,34.290636,0 -116.856340,34.290264,0 -116.855940,34.290011,0 -116.854986,34.289680,0 -116.853995,34.289490,0 -116.853100,34.289225,0 -116.852489,34.288908,0 -116.852045,34.288613,0 -116.851151,34.288242,0 -116.850170,34.288241,0 -116.849188,34.288337,0 -116.848147,34.288340,0 -116.846880,34.288433,0 -116.845825,34.288815,0 -116.844480,34.289445,0 -116.843467,34.289811,0 -116.842406,34.289868,0 -116.841465,34.289860,0 -116.840687,34.289971,0 -116.840106,34.290228,0 -116.839529,34.290581,0 -116.839095,34.291038,0 -116.838566,34.291707,0 -116.837730,34.292416,0 -116.837322,34.292928,0 -116.837127,34.293443,0 -116.836594,34.294250,0 -116.836344,34.294818,0 -116.835995,34.295375,0 -116.835467,34.295940,0 -116.834576,34.296768,0 -116.834074,34.297356,0 -116.833347,34.298556,0 -116.832714,34.299081,0 -116.832072,34.299747,0 -116.831954,34.300363,0 -116.832054,34.301303,0 -116.831989,34.301623,0 -116.831769,34.301982,0 -116.831119,34.302684,0 -116.830900,34.303038,0 -116.830609,34.303342,0 -116.830237,34.303661,0 -116.829714,34.304705,0 -116.829413,34.305795,0 -116.829004,34.306399,0 -116.828320,34.306836,0 -116.827671,34.307107,0 -116.827126,34.307516,0 -116.826852,34.307961,0 -116.826750,34.308420,0 -116.826620,34.309621,0 -116.825991,34.309569,0 -116.825397,34.309480,0 -116.824669,34.309100,0 -116.823616,34.308415,0 -116.822166,34.307665,0 -116.821105,34.306699,0 -116.820685,34.306461,0 -116.820367,34.306440,0 -116.819720,34.306674,0 -116.819341,34.306723,0 -116.818638,34.306422,0 -116.818043,34.305360,0 -116.817542,34.304874,0 -116.816792,34.304589,0 -116.816144,34.304525,0 -116.814196,34.304118,0 -116.813718,34.303874,0 -116.813729,34.303374,0 -116.813883,34.302255,0 -116.813649,34.301689,0 -116.813449,34.301430,0 -116.813058,34.301127,0 -116.812667,34.300736,0 -116.812087,34.300262,0 -116.810650,34.299845,0 -116.810091,34.299314,0 -116.809670,34.298533,0 -116.809320,34.298127,0 -116.808981,34.297820,0 -116.808525,34.297467,0 -116.808203,34.297298,0 -116.807901,34.297184,0 -116.807516,34.296871,0 -116.807324,34.296207,0 -116.807399,34.295444,0 -116.807289,34.294985,0 -116.807196,34.294656,0 -116.806966,34.294223,0 -116.806721,34.293571,0 -116.806526,34.293045,0 -116.806467,34.292682,0 -116.806264,34.292233,0 -116.805931,34.291971,0 -116.805150,34.291900,0 -116.803863,34.292024,0 -116.803394,34.291913,0 -116.802945,34.291484,0 -116.802731,34.290942,0 -116.802570,34.290394,0 -116.802494,34.289909,0 -116.802211,34.289162,0 -116.801665,34.288605,0 -116.800586,34.288233,0 -116.799447,34.288238,0 -116.799010,34.288206,0 -116.797758,34.287851,0 -116.797289,34.287764,0 -116.796792,34.287476,0 -116.796239,34.286578,0 -116.795648,34.285975,0 -116.795404,34.285647,0 -116.794940,34.285256,0 -116.794354,34.285100,0 -116.793501,34.285060,0 -116.792866,34.284947,0 -116.792289,34.284713,0 -116.791817,34.284410,0 -116.791702,34.284221,0 -116.791862,34.283541,0 -116.791889,34.283130,0 -116.791644,34.282784,0 -116.790487,34.282361,0 -116.788145,34.281838,0 -116.787487,34.281632,0 -116.786717,34.281346,0 -116.786090,34.280931,0 -116.785309,34.280210,0 -116.784836,34.279724,0 -116.784081,34.279049,0 -116.783258,34.278448,0 -116.782282,34.277934,0 -116.781905,34.277551,0 -116.781698,34.277003,0 -116.781562,34.275868,0 -116.781591,34.274466,0 -116.781562,34.273904,0 -116.781439,34.273462,0 -116.781211,34.272966,0 -116.780080,34.272240,0 -116.779740,34.271953,0 -116.779161,34.271797,0 -116.778580,34.271960,0 -116.777979,34.272236,0 -116.777492,34.272395,0 -116.776489,34.272211,0 -116.775955,34.271725,0 -116.775632,34.271324,0 -116.775123,34.270982,0 -116.774459,34.270681,0 -116.773661,34.270224,0 -116.772384,34.269831,0 -116.771441,34.269593,0 -116.770621,34.268868,0 -116.769621,34.268505,0 -116.769115,34.268026,0 -116.768832,34.267620,0 -116.768318,34.267195,0 -116.767359,34.266747,0 -116.766889,34.266383,0 -116.766671,34.265731,0 -116.766783,34.265145,0 -116.767079,34.264262,0 -116.767528,34.263697,0 -116.768185,34.263317,0 -116.768369,34.262740,0 -116.768624,34.262218,0 -116.768895,34.261957,0 -116.769107,34.261592,0 -116.769192,34.261324,0 -116.769328,34.261236,0 -116.769640,34.261142,0 -116.770223,34.261134,0 -116.770689,34.261058,0 -116.771338,34.260706,0 -116.771849,34.260332,0 -116.771975,34.260026,0 -116.771947,34.259739,0 -116.771488,34.259540,0 -116.770580,34.259236,0 -116.769688,34.258833,0 -116.768791,34.258304,0 -116.768471,34.257786,0 -116.768334,34.257307,0 -116.767745,34.256665,0 -116.767492,34.256085,0 -116.767122,34.255376,0 -116.766812,34.254997,0 -116.766118,34.254624,0 -116.765622,34.254226,0 -116.765279,34.253849,0 -116.765082,34.253407,0 -116.764140,34.252501,0 -116.763779,34.252040,0 -116.763610,34.251580,0 -116.763746,34.250795,0 -116.763718,34.250489,0 -116.763624,34.250245,0 -116.763478,34.249934,0 -116.763080,34.249333,0 -116.762767,34.248776,0 -116.762542,34.248020,0 -116.762169,34.247467,0 -116.761636,34.247139,0 -116.761121,34.246937,0 -116.760626,34.246681,0 -116.759894,34.246428,0 -116.759324,34.246352,0 -116.758111,34.246361,0 -116.757800,34.246259,0 -116.757325,34.245486,0 -116.756467,34.245029,0 -116.754803,34.244352,0 -116.754323,34.244036,0 -116.754101,34.243615,0 -116.754198,34.243185,0 -116.754368,34.242775,0 -116.754343,34.241260,0 -116.754761,34.240492,0 -116.755292,34.239776,0 -116.755548,34.239331,0 -116.755195,34.238872,0 -116.754483,34.238553,0 -116.753181,34.238038,0 -116.752722,34.237535,0 -116.752668,34.236996,0 -116.753031,34.236512,0 -116.753659,34.235972,0 -116.754129,34.235413,0 -116.754540,34.234772,0 -116.754723,34.234217,0 -116.754926,34.233828,0 -116.755069,34.233406,0 -116.755067,34.232976,0 -116.755004,34.232646,0 -116.755053,34.232371,0 -116.755309,34.231971,0 -116.755721,34.231153,0 -116.756429,34.229876,0 -116.757088,34.228889,0 -116.757598,34.228309,0 -116.758313,34.227593,0 -116.758810,34.226936,0 -116.759204,34.226042,0 -116.759445,34.225068,0 -116.759704,34.223536,0 -116.759885,34.222792,0 -116.760154,34.222233,0 -116.760820,34.221319,0 -116.761584,34.220421,0 -116.763243,34.218693,0 -116.763446,34.218391,0 -116.763523,34.217967,0 -116.763527,34.217615,0 -116.763470,34.217313,0 -116.763040,34.216485,0 -116.762895,34.215695,0 -116.762616,34.215116,0 -116.762270,34.214668,0 -116.762114,34.214282,0 -116.762060,34.213653,0 -116.762219,34.213023,0 -116.762895,34.212262,0 -116.764159,34.211141,0 -116.764645,34.210820,0 -116.765346,34.210284,0 -116.766664,34.208912,0 -116.767245,34.208498,0 -116.767873,34.207969,0 -116.770113,34.206508,0 -116.771204,34.206036,0 -116.772089,34.205707,0 -116.772690,34.205374,0 -116.771662,34.204592,0 -116.770606,34.203528,0 -116.770199,34.203029,0 -116.769655,34.202536,0 -116.769288,34.202037,0 -116.769127,34.201553,0 -116.768945,34.201155,0 -116.768579,34.200713,0 -116.768257,34.200408,0 -116.767756,34.200233,0 -116.767048,34.200123,0 -116.766326,34.200093,0 -116.765663,34.200171,0 -116.764395,34.200398,0 -116.763652,34.200482,0 -116.762685,34.200580,0 -116.761578,34.200611,0 -116.760769,34.200667,0 -116.760055,34.200610,0 -116.759006,34.200049,0 -116.758080,34.199922,0 -116.757607,34.200144,0 -116.757253,34.200515,0 -116.756024,34.202197,0 -116.755353,34.202996,0 -116.754701,34.203305,0 -116.753020,34.203201,0 -116.752273,34.203702,0 -116.751782,34.204436,0 -116.751286,34.204983,0 -116.751001,34.205044,0 -116.750368,34.204792,0 -116.749507,34.204166,0 -116.749060,34.203661,0 -116.748485,34.202730,0 -116.747705,34.201871,0 -116.746274,34.200543,0 -116.745243,34.199508,0 -116.744447,34.198838,0 -116.743662,34.198492,0 -116.742498,34.198390,0 -116.741360,34.198386,0 -116.740704,34.198287,0 -116.739860,34.198035,0 -116.738897,34.197533,0 -116.737663,34.196393,0 -116.736832,34.196047,0 -116.736158,34.195879,0 -116.735426,34.195509,0 -116.734379,34.194168,0 -116.733734,34.193680,0 -116.733033,34.193691,0 -116.732474,34.193959,0 -116.731409,34.194644,0 -116.730878,34.194922,0 -116.730340,34.195090,0 -116.729492,34.195050,0 -116.728291,34.194747,0 -116.727116,34.194339,0 -116.726430,34.194008,0 -116.724889,34.193053,0 -116.723938,34.192812,0 -116.723070,34.193064,0 -116.722381,34.193043,0 -116.721747,34.192925,0 -116.721157,34.192914,0 -116.720418,34.192630,0 -116.719488,34.192348,0 -116.718258,34.192204,0 -116.717205,34.192143,0 -116.716566,34.191880,0 -116.715342,34.191130,0 -116.714656,34.190822,0 -116.713831,34.190528,0 -116.713070,34.190471,0 -116.712586,34.190563,0 -116.712012,34.190995,0 -116.711664,34.191508,0 -116.711322,34.191923,0 -116.710850,34.192207,0 -116.710386,34.192343,0 -116.709896,34.192351,0 -116.709668,34.191870,0 -116.709462,34.191308,0 -116.709328,34.190774,0 -116.709113,34.190293,0 -116.708773,34.189774,0 -116.708461,34.189206,0 -116.708454,34.188585,0 -116.709086,34.187499,0 -116.709131,34.186972,0 -116.708634,34.186170,0 -116.708215,34.185646,0 -116.707817,34.185016,0 -116.707650,34.184519,0 -116.707597,34.183678,0 -116.707671,34.182880,0 -116.707952,34.181822,0 -116.708302,34.181179,0 -116.708870,34.180534,0 -116.709312,34.179969,0 -116.709389,34.179541,0 -116.708910,34.179136,0 -116.708576,34.178685,0 -116.708396,34.178071,0 -116.708340,34.177707,0 -116.708337,34.177302,0 -116.708273,34.177038,0 -116.708116,34.176855,0 -116.707733,34.176637,0 -116.707563,34.176439,0 -116.707361,34.176113,0 -116.707253,34.175710,0 -116.707310,34.175254,0 -116.707302,34.174677,0 -116.707048,34.174200,0 -116.706951,34.173905,0 -116.706591,34.173501,0 -116.705634,34.173093,0 -116.705156,34.172733,0 -116.704668,34.172278,0 -116.704078,34.171801,0 -116.702784,34.170671,0 -116.702238,34.170343,0 -116.700235,34.169433,0 -116.699623,34.169033,0 -116.699128,34.168788,0 -116.698907,34.168418,0 -116.698846,34.167886,0 -116.698725,34.167378,0 -116.698510,34.166935,0 -116.698023,34.166615,0 -116.697239,34.166202,0 -116.696839,34.165858,0 -116.696355,34.165251,0 -116.695955,34.164891,0 -116.695375,34.164601,0 -116.694889,34.164246,0 -116.694613,34.163963,0 -116.694405,34.163650,0 -116.694601,34.163138,0 -116.694909,34.162710,0 -116.694926,34.162337,0 -116.694613,34.161823,0 -116.694234,34.161309,0 -116.694267,34.160842,0 -116.694455,34.160342,0 -116.694718,34.159849,0 -116.695390,34.159451,0 -116.695893,34.159455,0 -116.696244,34.159332,0 -116.697389,34.159371,0 -116.698309,34.159324,0 -116.698900,34.159090,0 -116.700446,34.158582,0 -116.701514,34.158280,0 -116.702309,34.158138,0 -116.703836,34.158372,0 -116.704419,34.158265,0 -116.705375,34.157936,0 -116.706171,34.157733,0 -116.706965,34.157629,0 -116.707825,34.157710,0 -116.708480,34.157653,0 -116.709565,34.157010,0 -116.710248,34.156830,0 -116.710725,34.156765,0 -116.711098,34.156548,0 -116.711438,34.156188,0 -116.711780,34.155638,0 -116.711985,34.155057,0 -116.711912,34.154331,0 -116.711026,34.153452,0 -116.709841,34.152019,0 -116.709616,34.151302,0 -116.709688,34.150641,0 -116.709871,34.150275,0 -116.711927,34.148171,0 -116.712584,34.147212,0 -116.713343,34.145990,0 -116.713917,34.145439,0 -116.714534,34.145217,0 -116.715567,34.145084,0 -116.716605,34.145080,0 -116.717501,34.144854,0 -116.718681,34.144616,0 -116.719336,34.144532,0 -116.721104,34.144409,0 -116.721906,34.144266,0 -116.722904,34.144271,0 -116.724694,34.144728,0 -116.725520,34.144827,0 -116.726380,34.144778,0 -116.727215,34.144635,0 -116.728498,34.144685,0 -116.729515,34.144902,0 -116.730323,34.144756,0 -116.731250,34.144698,0 -116.732924,34.144690,0 -116.733965,34.145105,0 -116.734367,34.145370,0 -116.734837,34.145400,0 -116.736053,34.144638,0 -116.737468,34.143943,0 -116.738382,34.143919,0 -116.738718,34.143966,0 -116.738352,34.143590,0 -116.738031,34.143175,0 -116.737923,34.142625,0 -116.738107,34.141993,0 -116.738484,34.141275,0 -116.739808,34.138963,0 -116.740033,34.138244,0 -116.740117,34.137606,0 -116.740104,34.136686,0 -116.739972,34.136013,0 -116.739918,34.135288,0 -116.740137,34.134564,0 -116.740703,34.133988,0 -116.741380,34.133789,0 -116.742551,34.133765,0 -116.743160,34.133685,0 -116.743903,34.133531,0 -116.745001,34.133447,0 -116.745901,34.133526,0 -116.746721,34.133507,0 -116.747237,34.133362,0 -116.748244,34.133264,0 -116.748992,34.133363,0 -116.749520,34.133371,0 -116.749926,34.133011,0 -116.750348,34.132423,0 -116.750506,34.131826,0 -116.750981,34.130889,0 -116.751698,34.130634,0 -116.752242,34.130582,0 -116.753036,34.130555,0 -116.753678,34.130576,0 -116.754505,34.130554,0 -116.755424,34.130704,0 -116.756388,34.130921,0 -116.757095,34.131000,0 -116.757898,34.130935,0 -116.758579,34.130933,0 -116.759326,34.130994,0 -116.760114,34.130989,0 -116.760745,34.130877,0 -116.761374,34.130716,0 -116.761840,34.130433,0 -116.762348,34.130030,0 -116.763070,34.129231,0 -116.763503,34.128910,0 -116.764043,34.128626,0 -116.764686,34.128504,0 -116.765234,34.128584,0 -116.766111,34.128998,0 -116.766848,34.129417,0 -116.767289,34.129704,0 -116.767558,34.129833,0 -116.767851,34.129753,0 -116.768126,34.129392,0 -116.768203,34.128891,0 -116.768095,34.128434,0 -116.768117,34.128185,0 -116.768253,34.127846,0 -116.768323,34.127449,0 -116.767997,34.127028,0 -116.767319,34.126621,0 -116.767045,34.126137,0 -116.766854,34.125232,0 -116.766865,34.124903,0 -116.767090,34.124161,0 -116.767303,34.123746,0 -116.767398,34.123342,0 -116.767418,34.122749,0 -116.767191,34.122238,0 -116.766520,34.121155,0 -116.765835,34.118856,0 -116.765829,34.118206,0 -116.765912,34.117729,0 -116.766164,34.117093,0 -116.767469,34.115765,0 -116.767817,34.115270,0 -116.768532,34.114619,0 -116.769487,34.113925,0 -116.769852,34.113556,0 -116.770211,34.113166,0 -116.770381,34.112646,0 -116.770328,34.112066,0 -116.770147,34.111563,0 -116.770018,34.111072,0 -116.770046,34.110395,0 -116.770201,34.109936,0 -116.770217,34.109519,0 -116.769920,34.109143,0 -116.769072,34.108653,0 -116.768502,34.108061,0 -116.768343,34.107752,0 -116.768047,34.107376,0 -116.767464,34.106841,0 -116.766836,34.106182,0 -116.766770,34.105862,0 -116.766976,34.105497,0 -116.768592,34.103572,0 -116.769152,34.102708,0 -116.769419,34.102352,0 -116.769811,34.102215,0 -116.770574,34.102441,0 -116.771902,34.103159,0 -116.773316,34.103858,0 -116.774131,34.104421,0 -116.774666,34.105017,0 -116.775117,34.105298,0 -116.775617,34.105389,0 -116.776206,34.105381,0 -116.777195,34.105259,0 -116.778424,34.105338,0 -116.779587,34.105635,0 -116.780443,34.106133,0 -116.781182,34.106873,0 -116.781620,34.107415,0 -116.781940,34.107914,0 -116.782346,34.108432,0 -116.782651,34.108730,0 -116.783016,34.108960,0 -116.783458,34.109042,0 -116.784215,34.108917,0 -116.785327,34.108558,0 -116.786381,34.108443,0 -116.786758,34.108443,0 -116.787177,34.108613,0 -116.787749,34.109144,0 -116.788269,34.109847,0 -116.788902,34.110278,0 -116.789680,34.110707,0 -116.790167,34.111090,0 -116.790573,34.111587,0 -116.790886,34.112157,0 -116.791464,34.112997,0 -116.792101,34.113485,0 -116.792456,34.113594,0 -116.793138,34.113588,0 -116.794707,34.113210,0 -116.795205,34.113123,0 -116.796020,34.113086,0 -116.797256,34.113440,0 -116.798232,34.113911,0 -116.798687,34.114225,0 -116.799337,34.114781,0 -116.799847,34.115113,0 -116.800430,34.115429,0 -116.801191,34.115681,0 -116.802022,34.115761,0 -116.803138,34.115594,0 -116.804154,34.115104,0 -116.805059,34.114533,0 -116.805698,34.114317,0 -116.806353,34.114354,0 -116.808145,34.114666,0 -116.809383,34.114596,0 -116.810950,34.114366,0 -116.811266,34.114139,0 -116.811665,34.113727,0 -116.812101,34.113108,0 -116.812546,34.112722,0 -116.813310,34.112579,0 -116.813885,34.112594,0 -116.814677,34.112390,0 -116.816176,34.111571,0 -116.816957,34.111202,0 -116.817775,34.110994,0 -116.818545,34.110855,0 -116.819373,34.110825,0 -116.820305,34.110910,0 -116.821007,34.111139,0 -116.821900,34.111487,0 -116.822256,34.111521,0 -116.822742,34.111363,0 -116.823347,34.110937,0 -116.823911,34.110208,0 -116.824443,34.109440,0 -116.824917,34.108572,0 -116.825389,34.107835,0 -116.826146,34.106756,0 -116.826519,34.106340,0 -116.826984,34.105901,0 -116.827570,34.105412,0 -116.828029,34.104942,0 -116.829022,34.103349,0 -116.829581,34.102196,0 -116.830139,34.101802,0 -116.830920,34.101749,0 -116.831856,34.101895,0 -116.832663,34.101965,0 -116.833391,34.101888,0 -116.833878,34.101707,0 -116.834575,34.101251,0 -116.835900,34.100202,0 -116.836461,34.099946,0 -116.838038,34.099463,0 -116.838551,34.099311,0 -116.839009,34.098894,0 -116.839360,34.097974,0 -116.840051,34.095563,0 -116.840559,34.094332,0 -116.840676,34.093778,0 -116.840585,34.093401,0 -116.840092,34.092961,0 -116.839749,34.092586,0 -116.839602,34.092018,0 -116.839483,34.090735,0 -116.839351,34.090105,0 -116.839334,34.089637,0 -116.839226,34.089075,0 -116.839173,34.088457,0 -116.839336,34.087639,0 -116.839756,34.086815,0 -116.840775,34.085843,0 -116.841229,34.084950,0 -116.841657,34.084422,0 -116.843021,34.083693,0 -116.843355,34.083191,0 -116.843290,34.082492,0 -116.842888,34.081808,0 -116.842445,34.081185,0 -116.842265,34.080601,0 -116.842315,34.079760,0 -116.842402,34.079111,0 -116.842387,34.077262,0 -116.842441,34.076547,0 -116.842688,34.076122,0 -116.843430,34.075401,0 -116.843987,34.074705,0 -116.844449,34.074415,0 -116.844870,34.074244,0 -116.845343,34.073755,0 -116.845649,34.073302,0 -116.845794,34.072969,0 -116.845919,34.072437,0 -116.846124,34.071781,0 -116.846208,34.071195,0 -116.846568,34.071116,0 -116.847607,34.070723,0 -116.848132,34.070609,0 -116.848860,34.070538,0 -116.849778,34.070588,0 -116.850269,34.070523,0 -116.850834,34.070367,0 -116.851584,34.070241,0 -116.852939,34.069623,0 -116.853321,34.069395,0 -116.854088,34.069011,0 -116.854734,34.068811,0 -116.856030,34.068846,0 -116.856422,34.068748,0 -116.856881,34.068566,0 -116.857862,34.068458,0 -116.858827,34.068507,0 -116.859463,34.068365,0 -116.859859,34.068125,0 -116.860551,34.067634,0 -116.862464,34.067133,0 -116.863288,34.066967,0 -116.864322,34.066807,0 -116.865175,34.066808,0 -116.866005,34.066980,0 -116.866745,34.067016,0 -116.867288,34.066966,0 -116.868428,34.066541,0 -116.870174,34.066522,0 -116.871093,34.066160,0 -116.871772,34.065949,0 -116.872818,34.065562,0 -116.873993,34.065304,0 -116.874590,34.064910,0 -116.874937,34.064728,0 -116.875729,34.064503,0 -116.875994,34.064508,0 -116.876181,34.064429,0 -116.877162,34.063580,0 -116.877371,34.063332,0 -116.877717,34.063006,0 -116.878077,34.062744,0 -116.878648,34.062463,0 -116.879973,34.061660,0 -116.880730,34.061324,0 -116.881239,34.061311,0 -116.881846,34.061350,0 -116.882382,34.061249,0 -116.882955,34.061006,0 -116.884430,34.060799,0 -116.885233,34.060447,0 -116.885908,34.060384,0 -116.886778,34.060541,0 -116.887787,34.060806,0 -116.888651,34.060973,0 -116.889414,34.061269,0 -116.890123,34.061725,0 -116.890556,34.062121,0 -116.891217,34.062572,0 -116.892061,34.062803,0 -116.892814,34.062814,0 -116.893527,34.062901,0 -116.894726,34.063247,0 -116.896146,34.063391,0 -116.897388,34.063409,0 -116.900071,34.063353,0 -116.901256,34.063176,0 -116.902853,34.062857,0 -116.904279,34.062939,0 -116.905280,34.063229,0 -116.905860,34.063437,0 -116.905389,34.062959,0 -116.904943,34.060816,0 -116.904576,34.059916,0 -116.904322,34.059023,0 -116.904390,34.058750,0 -116.904330,34.058299,0 -116.903679,34.056747,0 -116.903541,34.056091,0 -116.903526,34.055559,0 -116.903779,34.054795,0 -116.904900,34.053308,0 -116.905064,34.052744,0 -116.905052,34.052084,0 -116.904880,34.051466,0 -116.904667,34.050913,0 -116.904528,34.050340,0 -116.904529,34.049621,0 -116.904754,34.049029,0 -116.904970,34.048580,0 -116.904981,34.048100,0 -116.904499,34.046870,0 -116.904129,34.046252,0 -116.903035,34.044840,0 -116.902920,34.044477,0 -116.902983,34.044208,0 -116.903240,34.043650,0 -116.903334,34.043466,0 -116.903574,34.043221,0 -116.903669,34.043003,0 -116.903744,34.041573,0 -116.903870,34.040976,0 -116.904114,34.040383,0 -116.904455,34.039977,0 -116.906149,34.039088,0 -116.906796,34.038627,0 -116.907371,34.037943,0 -116.907833,34.037320,0 -116.908424,34.037099,0 -116.909404,34.036980,0 -116.910219,34.036749,0 -116.910598,34.036438,0 -116.911015,34.035775,0 -116.911277,34.034788,0 -116.912028,34.033183,0 -116.912138,34.032083,0 -116.912426,34.031118,0 -116.912753,34.030234,0 -116.913062,34.029774,0 -116.913856,34.029016,0 -116.914190,34.028643,0 -116.914519,34.028145,0 -116.914688,34.027740,0 -116.914901,34.027070,0 -116.915168,34.026743,0 -116.915431,34.026349,0 -116.915561,34.025899,0 -116.915770,34.025454,0 -116.916031,34.025155,0 -116.916314,34.024650,0 -116.916459,34.024007,0 -116.916162,34.023412,0 -116.915711,34.022997,0 -116.915470,34.022658,0 -116.915350,34.022142,0 -116.915374,34.021771,0 -116.915644,34.021213,0 -116.915912,34.020818,0 -116.916267,34.020382,0 -116.916542,34.019960,0 -116.916679,34.019478,0 -116.916689,34.018492,0 -116.916861,34.017978,0 -116.917993,34.016500,0 -116.918360,34.016169,0 -116.918893,34.015777,0 -116.919155,34.015316,0 -116.918698,34.014807,0 -116.918082,34.014363,0 -116.917630,34.013957,0 -116.917412,34.013379,0 -116.917503,34.012906,0 -116.918155,34.011810,0 -116.918342,34.011064,0 -116.918253,34.010095,0 -116.918228,34.009364,0 -116.918369,34.008485,0 -116.918745,34.007865,0 -116.919551,34.007317,0 -116.921095,34.006805,0 -116.921744,34.006656,0 -116.923295,34.006034,0 -116.923921,34.005611,0 -116.924534,34.005105,0 -116.925145,34.004766,0 -116.925948,34.004481,0 -116.926862,34.004197,0 -116.928274,34.004295,0 -116.928790,34.004205,0 -116.929603,34.004136,0 -116.930838,34.004161,0 -116.931428,34.003907,0 -116.932633,34.003639,0 -116.933118,34.003353,0 -116.933230,34.002837,0 -116.932857,34.001838,0 -116.932640,34.001682,0 -116.932247,34.000740,0 -116.932079,34.000424,0 -116.931970,34.000322,0 -116.932190,33.999707,0 -116.932520,33.998947,0 -116.932610,33.998221,0 -116.932566,33.998045,0 -116.932199,33.997495,0 -116.931839,33.996798,0 -116.931603,33.996223,0 -116.931307,33.995708,0 -116.931053,33.995110,0 -116.930773,33.994815,0 -116.930425,33.994597,0 -116.930257,33.994371,0 -116.929962,33.993388,0 -116.930095,33.992921,0 -116.930619,33.992382,0 -116.930870,33.991894,0 -116.930960,33.991274,0 -116.930881,33.990819,0 -116.930513,33.989782,0 -116.930345,33.989146,0 -116.930286,33.988658,0 -116.930319,33.988206,0 -116.930491,33.987354,0 -116.930921,33.986044,0 -116.930854,33.985713,0 -116.930576,33.985330,0 -116.930430,33.984917,0 -116.930397,33.983979,0 -116.930427,33.983352,0 -116.930535,33.982809,0 -116.930865,33.981977,0 -116.930858,33.981596,0 -116.930805,33.981195,0 -116.930837,33.980831,0 -116.931007,33.980063,0 -116.931006,33.979280,0 -116.931157,33.978924,0 -116.931800,33.978374,0 -116.931949,33.978075,0 -116.932137,33.977410,0 -116.932477,33.976858,0 -116.932424,33.976449,0 -116.931807,33.976151,0 -116.931573,33.975890,0 -116.931412,33.975614,0 -116.931429,33.975416,0 -116.931482,33.975303,0 -116.932004,33.974997,0 -116.932492,33.974958,0 -116.933242,33.974778,0 -116.933809,33.974423,0 -116.934296,33.974130,0 -116.934665,33.973760,0 -116.935070,33.973236,0 -116.935538,33.972828,0 -116.936166,33.972361,0 -116.936846,33.971967,0 -116.937572,33.971611,0 -116.938454,33.971402,0 -116.939617,33.971303,0 -116.940170,33.971101,0 -116.940650,33.970803,0 -116.941204,33.970422,0 -116.941812,33.969944,0 -116.942490,33.969253,0 -116.943428,33.967959,0 -116.945053,33.964949,0 -116.946191,33.962727,0 -116.947278,33.960276,0 -116.947968,33.958335,0 -116.948295,33.955911,0 -116.948532,33.952915,0 -116.948680,33.950187,0 -116.948665,33.947644,0 -116.948554,33.944945,0 -116.948224,33.942758,0 -116.947648,33.940657,0 -116.946799,33.938806,0 -116.946156,33.937614,0 -116.946277,33.937381,0 -116.946173,33.936568,0 -116.945957,33.935728,0 -116.945682,33.933777,0 -116.945437,33.932519,0 -116.945087,33.931333,0 -116.944606,33.930313,0 -116.943984,33.928792,0 -116.943032,33.926097,0 -116.942511,33.924972,0 -116.942356,33.924352,0 -116.942232,33.923451,0 -116.942156,33.921747,0 -116.942127,33.919141,0 -116.941887,33.916481,0 -116.941749,33.915409,0 -116.940993,33.912339,0 -116.940888,33.910793,0 -116.941288,33.909652,0 -116.941773,33.907262,0 -116.941808,33.906685,0 -116.941769,33.906268,0 -116.941527,33.905614,0 -116.941698,33.905298,0 -116.941762,33.904967,0 -116.941609,33.904662,0 -116.940604,33.904321,0 -116.940009,33.903892,0 -116.939750,33.903631,0 -116.939721,33.903317,0 -116.939967,33.902839,0 -116.940023,33.902605,0 -116.939957,33.902179,0 -116.939536,33.901647,0 -116.939159,33.901268,0 -116.938799,33.901002,0 -116.938353,33.900841,0 -116.937866,33.900776,0 -116.936797,33.900748,0 -116.936315,33.900777,0 -116.935294,33.901052,0 -116.934865,33.901081,0 -116.934357,33.900970,0 -116.934183,33.900719,0 -116.934077,33.900356,0 -116.933859,33.899892,0 -116.933320,33.899341,0 -116.932693,33.898903,0 -116.932352,33.898707,0 -116.931296,33.898285,0 -116.930992,33.897977,0 -116.930753,33.897541,0 -116.930514,33.897247,0 -116.930196,33.896890,0 -116.929858,33.896595,0 -116.929332,33.896408,0 -116.928970,33.896333,0 -116.928425,33.896139,0 -116.928027,33.895854,0 -116.926932,33.894945,0 -116.926153,33.894128,0 -116.925566,33.893643,0 -116.924663,33.893176,0 -116.921472,33.892108,0 -116.920720,33.891604,0 -116.920186,33.891146,0 -116.919615,33.890508,0 -116.919263,33.890262,0 -116.918815,33.890169,0 -116.918268,33.890134,0 -116.917435,33.889823,0 -116.916128,33.888972,0 -116.915223,33.888572,0 -116.914857,33.888369,0 -116.914544,33.888145,0 -116.914161,33.888065,0 -116.913617,33.888318,0 -116.912544,33.889026,0 -116.912290,33.889161,0 -116.911993,33.889230,0 -116.911499,33.889127,0 -116.910796,33.888849,0 -116.910214,33.888573,0 -116.909638,33.888257,0 -116.909041,33.888054,0 -116.907506,33.887834,0 -116.906141,33.887759,0 -116.905208,33.887923,0 -116.904525,33.888136,0 -116.903923,33.888267,0 -116.903268,33.888315,0 -116.901507,33.888289,0 -116.900773,33.888338,0 -116.900180,33.888248,0 -116.899065,33.887838,0 -116.897572,33.887878,0 -116.896469,33.888003,0 -116.894332,33.888333,0 -116.893652,33.888348,0 -116.892874,33.888304,0 -116.892209,33.888128,0 -116.890536,33.887493,0 -116.889956,33.887436,0 -116.889084,33.887514,0 -116.887730,33.887973,0 -116.887001,33.888164,0 -116.885688,33.888584,0 -116.885139,33.888676,0 -116.884186,33.888759,0 -116.883180,33.888978,0 -116.882941,33.889136,0 -116.882758,33.889415,0 -116.882707,33.889679,0 -116.882738,33.890175,0 -116.882533,33.890656,0 -116.881674,33.891148,0 -116.881335,33.891682,0 -116.880988,33.891922,0 -116.880484,33.892069,0 -116.879723,33.892211,0 -116.878513,33.892279,0 -116.878138,33.892274,0 -116.876873,33.892580,0 -116.876364,33.892552,0 -116.875967,33.892457,0 -116.875078,33.892411,0 -116.874750,33.892359,0 -116.872953,33.892198,0 -116.871640,33.892244,0 -116.871211,33.892306,0 -116.870058,33.892652,0 -116.869023,33.892716,0 -116.868451,33.892608,0 -116.868050,33.892334,0 -116.867223,33.891868,0 -116.866004,33.891339,0 -116.864976,33.890948,0 -116.864460,33.890630,0 -116.863926,33.890224,0 -116.862982,33.889407,0 -116.862109,33.888709,0 -116.861956,33.888406,0 -116.862025,33.887753,0 -116.862224,33.887270,0 -116.862406,33.886073,0 -116.862886,33.885271,0 -116.863597,33.884465,0 -116.863779,33.884176,0 -116.863785,33.883798,0 -116.863421,33.883386,0 -116.862972,33.883045,0 -116.861913,33.881599,0 -116.861555,33.880886,0 -116.860329,33.879164,0 -116.859931,33.878386,0 -116.859557,33.877903,0 -116.859287,33.877407,0 -116.859065,33.876800,0 -116.858756,33.876362,0 -116.858333,33.876048,0 -116.857582,33.875569,0 -116.857446,33.875418,0 -116.857459,33.875107,0 -116.857689,33.874282,0 -116.857898,33.873790,0 -116.858048,33.873313,0 -116.858015,33.872752,0 -116.857672,33.871955,0 -116.856751,33.871345,0 -116.855826,33.871116,0 -116.854841,33.870946,0 -116.854373,33.870668,0 -116.853294,33.869758,0 -116.852605,33.869631,0 -116.851964,33.869667,0 -116.851244,33.869445,0 -116.850186,33.869030,0 -116.849445,33.868612,0 -116.848821,33.868211,0 -116.847928,33.867790,0 -116.847116,33.867565,0 -116.846502,33.867337,0 -116.845964,33.866937,0 -116.845617,33.866299,0 -116.845057,33.865745,0 -116.844374,33.865359,0 -116.843552,33.864707,0 -116.842846,33.863894,0 -116.841965,33.862971,0 -116.841358,33.862438,0 -116.840736,33.861756,0 -116.840364,33.861289,0 -116.840174,33.860988,0 -116.839788,33.860586,0 -116.839104,33.860212,0 -116.838432,33.859672,0 -116.838012,33.859055,0 -116.837729,33.858494,0 -116.837385,33.858010,0 -116.836570,33.857602,0 -116.835512,33.857172,0 -116.834758,33.856729,0 -116.831495,33.855123,0 -116.830851,33.854728,0 -116.829693,33.854131,0 -116.828950,33.853481,0 -116.828574,33.852969,0 -116.827322,33.851842,0 -116.826985,33.851347,0 -116.826568,33.850053,0 -116.826509,33.849464,0 -116.826611,33.848844,0 -116.826733,33.848389,0 -116.826804,33.847872,0 -116.826726,33.847350,0 -116.825968,33.846225,0 -116.825916,33.845630,0 -116.825956,33.845105,0 -116.825574,33.844267,0 -116.824914,33.843216,0 -116.824390,33.842525,0 -116.823857,33.842202,0 -116.823170,33.842020,0 -116.822504,33.841762,0 -116.822074,33.841266,0 -116.821853,33.840558,0 -116.821630,33.840005,0 -116.820795,33.839417,0 -116.819363,33.838910,0 -116.817933,33.838622,0 -116.816785,33.838426,0 -116.815090,33.838212,0 -116.813610,33.838054,0 -116.812295,33.837955,0 -116.809585,33.837177,0 -116.808126,33.837004,0 -116.806659,33.836368,0 -116.805110,33.835571,0 -116.803671,33.835389,0 -116.802093,33.835499,0 -116.800820,33.835300,0 -116.799354,33.834840,0 -116.798184,33.833957,0 -116.797042,33.833466,0 -116.796247,33.833408,0 -116.795400,33.833535,0 -116.794416,33.833585,0 -116.793160,33.833475,0 -116.791422,33.833437,0 -116.790752,33.833358,0 -116.790275,33.833179,0 -116.789822,33.832831,0 -116.789146,33.832186,0 -116.787895,33.831356,0 -116.787457,33.830888,0 -116.787182,33.830306,0 -116.787103,33.829765,0 -116.786945,33.829212,0 -116.786414,33.828555,0 -116.785969,33.828177,0 -116.785622,33.827798,0 -116.784903,33.826823,0 -116.784267,33.826405,0 -116.782964,33.826042,0 -116.782320,33.825706,0 -116.781776,33.825575,0 -116.781052,33.825553,0 -116.780588,33.825666,0 -116.779840,33.825558,0 -116.779087,33.825342,0 -116.778534,33.825312,0 -116.777307,33.825630,0 -116.776805,33.825694,0 -116.776176,33.825551,0 -116.775648,33.825048,0 -116.775379,33.824481,0 -116.775366,33.823397,0 -116.775191,33.823015,0 -116.774109,33.822551,0 -116.773125,33.822357,0 -116.772531,33.822122,0 -116.772047,33.821993,0 -116.771283,33.822194,0 -116.770707,33.822597,0 -116.770306,33.823101,0 -116.769935,33.823715,0 -116.769617,33.824349,0 -116.769152,33.825541,0 -116.768882,33.826332,0 -116.768550,33.826942,0 -116.768188,33.827449,0 -116.767742,33.827919,0 -116.767068,33.828495,0 -116.766781,33.828650,0 -116.766456,33.828726,0 -116.765360,33.828819,0 -116.764816,33.828912,0 -116.764405,33.829026,0 -116.763933,33.829206,0 -116.763374,33.829207,0 -116.762763,33.828876,0 -116.761248,33.827492,0 -116.760563,33.827188,0 -116.760078,33.827120,0 -116.758833,33.827072,0 -116.758154,33.827082,0 -116.757585,33.827187,0 -116.756034,33.827556,0 -116.755445,33.827629,0 -116.754593,33.827427,0 -116.753747,33.826994,0 -116.753283,33.826869,0 -116.752390,33.826991,0 -116.751184,33.826976,0 -116.750644,33.827180,0 -116.750097,33.827318,0 -116.749458,33.827367,0 -116.748983,33.827257,0 -116.746967,33.826401,0 -116.746399,33.826353,0 -116.745827,33.826664,0 -116.743187,33.829467,0 -116.743141,33.829719,0 -116.743379,33.830213,0 -116.744150,33.831065,0 -116.744586,33.831780,0 -116.745272,33.833205,0 -116.745299,33.833477,0 -116.745101,33.834023,0 -116.744700,33.834602,0 -116.744542,33.835250,0 -116.744755,33.836904,0 -116.744761,33.837499,0 -116.744563,33.837976,0 -116.743721,33.838661,0 -116.742806,33.838902,0 -116.741290,33.839046,0 -116.740599,33.839188,0 -116.740091,33.839358,0 -116.739926,33.839356,0 -116.739458,33.839348,0 -116.738746,33.839212,0 -116.737930,33.839120,0 -116.736717,33.838717,0 -116.735609,33.838296,0 -116.734832,33.837893,0 -116.733645,33.836795,0 -116.732913,33.836295,0 -116.731582,33.835767,0 -116.730560,33.835510,0 -116.729869,33.835372,0 -116.729216,33.835148,0 -116.728590,33.835042,0 -116.726646,33.834806,0 -116.725961,33.834802,0 -116.725078,33.834642,0 -116.723681,33.834319,0 -116.722824,33.834247,0 -116.722323,33.834249,0 -116.721519,33.834200,0 -116.720556,33.833917,0 -116.719219,33.833414,0 -116.717493,33.832682,0 -116.716294,33.832050,0 -116.715482,33.831519,0 -116.714936,33.831034,0 -116.714659,33.830659,0 -116.714158,33.830391,0 -116.713268,33.830134,0 -116.712240,33.829621,0 -116.711304,33.828741,0 -116.710809,33.827719,0 -116.710467,33.826878,0 -116.709762,33.825784,0 -116.709268,33.825321,0 -116.708305,33.824609,0 -116.707884,33.824218,0 -116.707013,33.822750,0 -116.705728,33.821079,0 -116.705247,33.820648,0 -116.704160,33.820024,0 -116.702441,33.819188,0 -116.702098,33.819117,0 -116.701788,33.819131,0 -116.701155,33.818941,0 -116.699099,33.817946,0 -116.697855,33.817472,0 -116.696524,33.817022,0 -116.695113,33.816279,0 -116.693994,33.815956,0 -116.693006,33.816006,0 -116.691945,33.816314,0 -116.691293,33.816610,0 -116.690226,33.817011,0 -116.689428,33.817216,0 -116.688382,33.817335,0 -116.687709,33.817501,0 -116.687044,33.817734,0 -116.686444,33.817876,0 -116.685457,33.817975,0 -116.684679,33.817964,0 -116.683664,33.817634,0 -116.682254,33.816677,0 -116.681260,33.815748,0 -116.680918,33.815510,0 -116.679784,33.815034,0 -116.679323,33.814686,0 -116.678723,33.814048,0 -116.678572,33.813599,0 -116.678546,33.813175,0 -116.678737,33.812664,0 -116.679126,33.812042,0 -116.679751,33.811212,0 -116.680285,33.810404,0 -116.680509,33.809595,0 -116.680384,33.808846,0 -116.679922,33.808033,0 -116.679211,33.806214,0 -116.679336,33.805448,0 -116.679481,33.805074,0 -116.679514,33.804584,0 -116.679481,33.803705,0 -116.679784,33.802731,0 -116.680292,33.802088,0 -116.680917,33.801463,0 -116.681700,33.800814,0 -116.682807,33.800038,0 -116.684678,33.798938,0 -116.685258,33.798416,0 -116.685672,33.797487,0 -116.685883,33.796892,0 -116.686384,33.796416,0 -116.686904,33.796073,0 -116.687107,33.795628,0 -116.687173,33.794798,0 -116.686765,33.793379,0 -116.686389,33.791310,0 -116.685784,33.790646,0 -116.685315,33.790278,0 -116.684808,33.789958,0 -116.684342,33.789821,0 -116.683293,33.789584,0 -116.682603,33.789355,0 -116.681666,33.789095,0 -116.680514,33.788871,0 -116.678940,33.788299,0 -116.678434,33.787842,0 -116.676399,33.785681,0 -116.675866,33.784830,0 -116.674931,33.783806,0 -116.674510,33.783196,0 -116.674305,33.782661,0 -116.673870,33.782085,0 -116.673534,33.781552,0 -116.673528,33.780898,0 -116.673765,33.779456,0 -116.674101,33.777961,0 -116.674153,33.777290,0 -116.674062,33.775916,0 -116.674141,33.775321,0 -116.674068,33.774584,0 -116.674160,33.773644,0 -116.674556,33.773137,0 -116.675129,33.772627,0 -116.675537,33.772105,0 -116.675570,33.771434,0 -116.674892,33.770235,0 -116.674602,33.769410,0 -116.674457,33.768871,0 -116.674220,33.767188,0 -116.673905,33.766315,0 -116.673055,33.764818,0 -116.672950,33.764060,0 -116.672963,33.763185,0 -116.673108,33.762566,0 -116.673008,33.762054,0 -116.672766,33.761663,0 -116.672501,33.761398,0 -116.672555,33.761035,0 -116.672549,33.760711,0 -116.672311,33.760408,0 -116.672212,33.760106,0 -116.672081,33.759589,0 -116.671864,33.758280,0 -116.671752,33.756702,0 -116.671798,33.756246,0 -116.672036,33.755988,0 -116.671449,33.755862,0 -116.670976,33.755575,0 -116.670291,33.755338,0 -116.669540,33.755454,0 -116.669119,33.755703,0 -116.668533,33.755960,0 -116.667381,33.756219,0 -116.664530,33.757032,0 -116.663299,33.757351,0 -116.662773,33.757554,0 -116.662351,33.757770,0 -116.661817,33.757944,0 -116.661338,33.758182,0 -116.660692,33.758555,0 -116.660330,33.758885,0 -116.659829,33.759254,0 -116.659356,33.759478,0 -116.657868,33.759593,0 -116.657097,33.759769,0 -116.656498,33.759869,0 -116.655886,33.759950,0 -116.655135,33.760005,0 -116.654187,33.759999,0 -116.653437,33.759770,0 -116.652746,33.759385,0 -116.651851,33.758350,0 -116.651449,33.758042,0 -116.650593,33.757636,0 -116.649961,33.757240,0 -116.649435,33.756606,0 -116.649244,33.755887,0 -116.649153,33.754644,0 -116.649055,33.753983,0 -116.649160,33.753422,0 -116.649108,33.753058,0 -116.648686,33.752379,0 -116.648469,33.751850,0 -116.648416,33.751255,0 -116.648529,33.750773,0 -116.648641,33.750553,0 -116.648547,33.750167,0 -116.648574,33.749727,0 -116.648525,33.748870,0 -116.648573,33.748424,0 -116.648779,33.747869,0 -116.649027,33.746885,0 -116.649048,33.746540,0 -116.649006,33.745313,0 -116.648701,33.744472,0 -116.648538,33.743898,0 -116.648407,33.743618,0 -116.647856,33.743220,0 -116.647653,33.743017,0 -116.647162,33.742201,0 -116.647012,33.741894,0 -116.647000,33.741515,0 -116.647208,33.740508,0 -116.647250,33.739926,0 -116.647251,33.739716,0 -116.647193,33.739464,0 -116.647043,33.739161,0 -116.646610,33.738488,0 -116.646440,33.738323,0 -116.646256,33.738203,0 -116.645667,33.737541,0 -116.644885,33.737220,0 -116.644596,33.737064,0 -116.644012,33.736541,0 -116.643450,33.735775,0 -116.643103,33.735091,0 -116.642644,33.734485,0 -116.642468,33.734172,0 -116.642096,33.733275,0 -116.642012,33.732961,0 -116.641858,33.731987,0 -116.641610,33.731378,0 -116.641502,33.730392,0 -116.641418,33.730156,0 -116.641149,33.730073,0 -116.639931,33.729883,0 -116.638873,33.729609,0 -116.638472,33.729450,0 -116.638072,33.729349,0 -116.637572,33.729271,0 -116.637085,33.729137,0 -116.635930,33.728475,0 -116.635424,33.728275,0 -116.634313,33.728013,0 -116.633017,33.727828,0 -116.632301,33.727650,0 -116.631051,33.727234,0 -116.629976,33.726594,0 -116.629733,33.726389,0 -116.629517,33.726114,0 -116.629302,33.725711,0 -116.628220,33.722899,0 -116.628169,33.722416,0 -116.628204,33.722118,0 -116.628490,33.721273,0 -116.628412,33.721025,0 -116.628078,33.720634,0 -116.627829,33.720419,0 -116.627442,33.719988,0 -116.626809,33.718773,0 -116.626555,33.718386,0 -116.626052,33.717478,0 -116.625663,33.717090,0 -116.625155,33.716966,0 -116.624723,33.716728,0 -116.624239,33.716341,0 -116.624081,33.716101,0 -116.623993,33.715630,0 -116.624057,33.714985,0 -116.623882,33.714484,0 -116.623846,33.713949,0 -116.623924,33.713178,0 -116.623796,33.712486,0 -116.623524,33.711894,0 -116.623198,33.711427,0 -116.622711,33.710537,0 -116.622384,33.709303,0 -116.622225,33.708472,0 -116.622188,33.708102,0 -116.622192,33.707487,0 -116.622310,33.705688,0 -116.622254,33.704152,0 -116.622324,33.703649,0 -116.622378,33.702484,0 -116.622172,33.701865,0 -116.621568,33.700569,0 -116.621307,33.700217,0 -116.620954,33.699994,0 -116.619737,33.699790,0 -116.618876,33.699578,0 -116.618174,33.699150,0 -116.617696,33.698800,0 -116.617045,33.698555,0 -116.616454,33.698409,0 -116.615790,33.698186,0 -116.615083,33.697765,0 -116.613615,33.696607,0 -116.612467,33.696090,0 -116.611903,33.695795,0 -116.611536,33.695443,0 -116.611100,33.694747,0 -116.610954,33.694101,0 -116.610972,33.693379,0 -116.611116,33.692523,0 -116.611204,33.691191,0 -116.611200,33.690939,0 -116.610998,33.690574,0 -116.610671,33.690253,0 -116.609004,33.689513,0 -116.608138,33.689073,0 -116.607608,33.688647,0 -116.607308,33.688283,0 -116.607030,33.687654,0 -116.606776,33.687175,0 -116.606397,33.686792,0 -116.605984,33.686482,0 -116.605250,33.686011,0 -116.604804,33.685842,0 -116.604120,33.685653,0 -116.604008,33.685664,0 -116.603053,33.684937,0 -116.602476,33.684560,0 -116.602116,33.684167,0 -116.601816,33.683765,0 -116.601555,33.683521,0 -116.601208,33.683260,0 -116.600866,33.683094,0 -116.600658,33.682904,0 -116.600580,33.682625,0 -116.600534,33.681738,0 -116.600321,33.681181,0 -116.599941,33.680771,0 -116.598960,33.680001,0 -116.598397,33.679499,0 -116.598149,33.679201,0 -116.597783,33.679011,0 -116.597019,33.679012,0 -116.596273,33.679136,0 -116.595622,33.679159,0 -116.595134,33.679212,0 -116.594502,33.679225,0 -116.593639,33.679184,0 -116.593135,33.678966,0 -116.592643,33.678644,0 -116.592044,33.677848,0 -116.591618,33.677603,0 -116.590960,33.677502,0 -116.590150,33.677608,0 -116.589412,33.677614,0 -116.587013,33.677223,0 -116.586441,33.677084,0 -116.586067,33.676888,0 -116.585681,33.676539,0 -116.585277,33.676042,0 -116.584771,33.675114,0 -116.584122,33.673768,0 -116.583522,33.672999,0 -116.583128,33.672722,0 -116.582591,33.672522,0 -116.582052,33.672372,0 -116.581009,33.671931,0 -116.580315,33.671433,0 -116.579765,33.670943,0 -116.578812,33.669987,0 -116.578198,33.669258,0 -116.577893,33.668646,0 -116.577607,33.668165,0 -116.577262,33.667690,0 -116.576752,33.667220,0 -116.575899,33.666797,0 -116.574191,33.666420,0 -116.573312,33.666057,0 -116.572783,33.665503,0 -116.572583,33.665051,0 -116.572076,33.664097,0 -116.571740,33.663301,0 -116.571448,33.662746,0 -116.571160,33.662429,0 -116.571038,33.662142,0 -116.570992,33.661240,0 -116.571051,33.660289,0 -116.571134,33.659721,0 -116.571291,33.659063,0 -116.571702,33.657754,0 -116.571845,33.657105,0 -116.571938,33.656039,0 -116.572148,33.655364,0 -116.572489,33.654521,0 -116.572572,33.654203,0 -116.572607,33.653868,0 -116.572604,33.653440,0 -116.572565,33.653184,0 -116.572390,33.652959,0 -116.572022,33.652858,0 -116.570779,33.652779,0 -116.569780,33.652559,0 -116.568882,33.652175,0 -116.567191,33.651235,0 -116.566810,33.651146,0 -116.566173,33.650927,0 -116.565898,33.650735,0 -116.565692,33.650132,0 -116.565823,33.649463,0 -116.566824,33.648504,0 -116.567162,33.648087,0 -116.567395,33.647676,0 -116.567458,33.647226,0 -116.567311,33.646659,0 -116.567250,33.646041,0 -116.567298,33.644930,0 -116.567590,33.644540,0 -116.568079,33.644267,0 -116.568837,33.644069,0 -116.569536,33.643808,0 -116.569959,33.643579,0 -116.570429,33.643186,0 -116.571758,33.641586,0 -116.571938,33.641277,0 -116.571901,33.640925,0 -116.571376,33.639811,0 -116.571281,33.639342,0 -116.571088,33.637795,0 -116.570892,33.636775,0 -116.570541,33.635311,0 -116.570426,33.634989,0 -116.570061,33.634531,0 -116.569623,33.634090,0 -116.568498,33.633270,0 -116.568216,33.633030,0 -116.567564,33.632245,0 -116.567173,33.631907,0 -116.565285,33.630940,0 -116.564945,33.630614,0 -116.564574,33.630072,0 -116.563992,33.628858,0 -116.563741,33.628103,0 -116.563726,33.627289,0 -116.563830,33.626644,0 -116.564216,33.625200,0 -116.564346,33.624969,0 -116.564449,33.624617,0 -116.564417,33.624024,0 -116.564229,33.623358,0 -116.563737,33.622184,0 -116.563613,33.621683,0 -116.563691,33.621193,0 -116.564079,33.620103,0 -116.564123,33.619747,0 -116.564134,33.618830,0 -116.564035,33.618421,0 -116.563791,33.618024,0 -116.563401,33.617603,0 -116.562478,33.616370,0 -116.561996,33.616108,0 -116.561401,33.615877,0 -116.560862,33.615415,0 -116.559844,33.614353,0 -116.559555,33.613898,0 -116.559421,33.613464,0 -116.559441,33.612987,0 -116.559612,33.612505,0 -116.560050,33.611552,0 -116.560148,33.611086,0 -116.560140,33.610650,0 -116.559960,33.609353,0 -116.559791,33.607610,0 -116.559759,33.607067,0 -116.559865,33.606497,0 -116.560134,33.605916,0 -116.560554,33.605484,0 -116.560978,33.605143,0 -116.561866,33.604535,0 -116.562201,33.604044,0 -116.562326,33.603490,0 -116.562240,33.602906,0 -116.561440,33.600286,0 -116.561262,33.599299,0 -116.561225,33.598641,0 -116.561352,33.597433,0 -116.561221,33.596860,0 -116.560875,33.596182,0 -116.559772,33.595188,0 -116.559369,33.594343,0 -116.559342,33.593344,0 -116.559493,33.592339,0 -116.559658,33.591697,0 -116.559857,33.591073,0 -116.560030,33.590840,0 -116.560646,33.590399,0 -116.561439,33.590037,0 -116.563093,33.589581,0 -116.563739,33.589295,0 -116.564389,33.588762,0 -116.567039,33.586384,0 -116.567770,33.585534,0 -116.569354,33.583905,0 -116.569571,33.583335,0 -116.569383,33.583091,0 -116.568758,33.582789,0 -116.568182,33.582021,0 -116.568006,33.580960,0 -116.568083,33.580092,0 -116.568144,33.578291,0 -116.568437,33.577446,0 -116.568911,33.576841,0 -116.569155,33.576239,0 -116.569295,33.575510,0 -116.569567,33.574792,0 -116.569613,33.574264,0 -116.569434,33.573890,0 -116.569117,33.573514,0 -116.568682,33.573104,0 -116.568379,33.572677,0 -116.568421,33.571931,0 -116.568877,33.571215,0 -116.569331,33.570626,0 -116.569863,33.569455,0 -116.570290,33.568864,0 -116.570770,33.568342,0 -116.571105,33.567789,0 -116.571149,33.566894,0 -116.571026,33.565716,0 -116.570611,33.564214,0 -116.570471,33.563333,0 -116.570392,33.562382,0 -116.570332,33.561365,0 -116.570417,33.560392,0 -116.570596,33.559642,0 -116.570889,33.558767,0 -116.571636,33.557366,0 -116.572299,33.556334,0 -116.572678,33.555343,0 -116.572906,33.555010,0 -116.573271,33.554582,0 -116.573831,33.554001,0 -116.574102,33.553289,0 -116.573633,33.552983,0 -116.573248,33.552842,0 -116.572560,33.552781,0 -116.571954,33.552952,0 -116.571276,33.553067,0 -116.569870,33.553191,0 -116.569437,33.553160,0 -116.569145,33.552920,0 -116.568942,33.552430,0 -116.568995,33.551963,0 -116.569022,33.551718,0 -116.569497,33.551084,0 -116.570322,33.550647,0 -116.571069,33.550185,0 -116.571801,33.549462,0 -116.572583,33.548777,0 -116.573708,33.548043,0 -116.575004,33.546737,0 -116.576106,33.545747,0 -116.576896,33.545522,0 -116.577638,33.545452,0 -116.578138,33.545281,0 -116.578568,33.545076,0 -116.578900,33.544821,0 -116.579106,33.544537,0 -116.579183,33.544201,0 -116.579048,33.543387,0 -116.579176,33.542560,0 -116.579357,33.542286,0 -116.579700,33.542090,0 -116.579920,33.541834,0 -116.580022,33.541582,0 -116.580062,33.540962,0 -116.580146,33.540572,0 -116.580124,33.540211,0 -116.579971,33.539863,0 -116.579745,33.539493,0 -116.579880,33.539241,0 -116.580177,33.539062,0 -116.580625,33.538962,0 -116.581177,33.538900,0 -116.581519,33.538823,0 -116.582080,33.538567,0 -116.582721,33.538189,0 -116.583693,33.537071,0 -116.584338,33.536856,0 -116.584960,33.536983,0 -116.585650,33.537429,0 -116.587867,33.538573,0 -116.588653,33.539147,0 -116.589381,33.539746,0 -116.590229,33.540133,0 -116.590893,33.540055,0 -116.591525,33.539880,0 -116.592201,33.539882,0 -116.593070,33.540163,0 -116.593604,33.540509,0 -116.594184,33.540811,0 -116.594780,33.540869,0 -116.595263,33.540533,0 -116.595802,33.539923,0 -116.596435,33.539593,0 -116.596715,33.539277,0 -116.596533,33.538566,0 -116.596146,33.538030,0 -116.595969,33.537560,0 -116.596004,33.536809,0 -116.596263,33.534594,0 -116.596709,33.534969,0 -116.597767,33.535268,0 -116.598790,33.535394,0 -116.600293,33.535328,0 -116.601218,33.535415,0 -116.601802,33.535913,0 -116.602248,33.536501,0 -116.602876,33.537116,0 -116.603684,33.537606,0 -116.605891,33.538405,0 -116.607496,33.538736,0 -116.608205,33.539118,0 -116.608869,33.539550,0 -116.609759,33.539772,0 -116.610511,33.539905,0 -116.612909,33.541349,0 -116.613542,33.541678,0 -116.614174,33.541957,0 -116.615011,33.542240,0 -116.616124,33.542540,0 -116.616714,33.542495,0 -116.617680,33.541806,0 -116.618026,33.541408,0 -116.618466,33.540823,0 -116.618978,33.540274,0 -116.619360,33.539563,0 -116.619908,33.538852,0 -116.620498,33.538186,0 -116.620807,33.537680,0 -116.621030,33.537060,0 -116.621460,33.536223,0 -116.622145,33.535520,0 -116.623027,33.535181,0 -116.623929,33.534974,0 -116.624593,33.534871,0 -116.625484,33.534296,0 -116.625519,33.533774,0 -116.625620,33.533438,0 -116.626148,33.532279,0 -116.626768,33.531191,0 -116.628524,33.528840,0 -116.629217,33.527773,0 -116.629892,33.526932,0 -116.630288,33.526522,0 -116.632379,33.524835,0 -116.633810,33.523427,0 -116.634742,33.522640,0 -116.635289,33.522234,0 -116.636614,33.521383,0 -116.639433,33.519701,0 -116.641038,33.518633,0 -116.642692,33.517257,0 -116.643882,33.516110,0 -116.644840,33.515382,0 -116.645265,33.515197,0 -116.645862,33.515100,0 -116.649399,33.514986,0 -116.650553,33.514868,0 -116.653518,33.513928,0 -116.655389,33.513281,0 -116.656554,33.512970,0 -116.658159,33.512634,0 -116.658770,33.512646,0 -116.659155,33.512729,0 -116.660528,33.512248,0 -116.662124,33.511485,0 -116.664652,33.510124,0 -116.665500,33.509592,0 -116.666446,33.508746,0 -116.667137,33.507930,0 -116.668427,33.506104,0 -116.669071,33.505758,0 -116.669471,33.505584,0 -116.669794,33.505326,0 -116.670734,33.504212,0 -116.671319,33.503613,0 -116.671982,33.503223,0 -116.672659,33.502916,0 -116.673120,33.501866,0 -116.673437,33.500965,0 -116.673687,33.500504,0 -116.674187,33.500317,0 -116.674436,33.500316,0 -116.674541,33.500168,0 -116.674798,33.499947,0 -116.675115,33.499768,0 -116.675496,33.499476,0 -116.675879,33.498877,0 -116.676223,33.498159,0 -116.676389,33.497250,0 -116.676361,33.495462,0 -116.676400,33.493730,0 -116.676289,33.493218,0 -116.675936,33.492559,0 -116.675629,33.491897,0 -116.675422,33.491220,0 -116.674761,33.489911,0 -116.674220,33.488901,0 -116.673841,33.488269,0 -116.673737,33.487734,0 -116.673995,33.487203,0 -116.674508,33.486510,0 -116.674641,33.486086,0 -116.674505,33.485668,0 -116.674138,33.485182,0 -116.673700,33.484715,0 -116.673131,33.483965,0 -116.672818,33.483294,0 -116.672649,33.482639,0 -116.672559,33.481941,0 -116.672509,33.481032,0 -116.672353,33.480522,0 -116.672039,33.479997,0 -116.671504,33.479248,0 -116.671353,33.478803,0 -116.671244,33.478307,0 -116.671193,33.477767,0 -116.671300,33.476889,0 -116.671249,33.476442,0 -116.671087,33.475948,0 -116.670702,33.475056,0 -116.670683,33.474686,0 -116.671052,33.474236,0 -116.671788,33.473898,0 -116.672485,33.473518,0 -116.672828,33.473114,0 -116.672548,33.472220,0 -116.672299,33.471725,0 -116.671907,33.471406,0 -116.671520,33.471151,0 -116.670930,33.470837,0 -116.670341,33.470424,0 -116.669942,33.470219,0 -116.669430,33.469878,0 -116.669156,33.469622,0 -116.668999,33.469132,0 -116.669126,33.468417,0 -116.669726,33.467364,0 -116.669869,33.466988,0 -116.669885,33.466868,0 -116.669453,33.466511,0 -116.668602,33.465921,0 -116.667382,33.465351,0 -116.666983,33.465120,0 -116.666741,33.464756,0 -116.666527,33.464011,0 -116.666298,33.463456,0 -116.665782,33.462977,0 -116.664148,33.462869,0 -116.663156,33.462888,0 -116.662620,33.462668,0 -116.662350,33.462519,0 -116.661262,33.462115,0 -116.660922,33.461807,0 -116.660541,33.461711,0 -116.660312,33.461591,0 -116.660320,33.461129,0 -116.660268,33.460876,0 -116.660151,33.460628,0 -116.660086,33.460375,0 -116.660178,33.460100,0 -116.660823,33.459732,0 -116.660988,33.459502,0 -116.660910,33.459227,0 -116.660603,33.459032,0 -116.659513,33.459041,0 -116.659120,33.458855,0 -116.658018,33.458484,0 -116.657362,33.458383,0 -116.656759,33.458206,0 -116.656274,33.457918,0 -116.656079,33.457532,0 -116.655659,33.455370,0 -116.655497,33.454720,0 -116.655039,33.454367,0 -116.654534,33.454118,0 -116.654265,33.453914,0 -116.654267,33.453520,0 -116.654532,33.452734,0 -116.654527,33.452268,0 -116.654910,33.451215,0 -116.655010,33.450732,0 -116.655012,33.450309,0 -116.654658,33.449906,0 -116.654174,33.449530,0 -116.653874,33.449073,0 -116.653947,33.448574,0 -116.654212,33.448001,0 -116.654337,33.447364,0 -116.654254,33.446886,0 -116.653803,33.446345,0 -116.653182,33.445683,0 -116.652705,33.445050,0 -116.652346,33.444366,0 -116.651980,33.443905,0 -116.651391,33.443326,0 -116.650854,33.443191,0 -116.650013,33.443234,0 -116.649207,33.443358,0 -116.648701,33.443238,0 -116.648237,33.442957,0 -116.647732,33.442497,0 -116.647210,33.441919,0 -116.646557,33.440812,0 -116.646086,33.440282,0 -116.645359,33.439979,0 -116.644704,33.439758,0 -116.643556,33.439583,0 -116.643091,33.439286,0 -116.642750,33.439010,0 -116.642004,33.438645,0 -116.641206,33.438066,0 -116.640217,33.437447,0 -116.639595,33.437013,0 -116.639019,33.436682,0 -116.637538,33.436005,0 -116.636367,33.435129,0 -116.636047,33.434528,0 -116.635284,33.433360,0 -116.634550,33.432853,0 -116.633883,33.432542,0 -116.633357,33.432455,0 -116.632006,33.432566,0 -116.631363,33.432399,0 -116.630866,33.432095,0 -116.630625,33.431380,0 -116.630477,33.430737,0 -116.630189,33.430274,0 -116.629790,33.429899,0 -116.629476,33.429541,0 -116.629340,33.428926,0 -116.629441,33.428170,0 -116.629764,33.427804,0 -116.630435,33.427298,0 -116.630936,33.426677,0 -116.631292,33.426046,0 -116.631832,33.425431,0 -116.632300,33.424965,0 -116.632669,33.424333,0 -116.633618,33.423010,0 -116.634378,33.421548,0 -116.634570,33.420796,0 -116.634566,33.420052,0 -116.634620,33.419497,0 -116.634622,33.418924,0 -116.634533,33.418248,0 -116.634409,33.417952,0 -116.634214,33.417275,0 -116.633887,33.416961,0 -116.633626,33.416823,0 -116.633365,33.416413,0 -116.633242,33.415919,0 -116.632901,33.415643,0 -116.631609,33.415551,0 -116.631118,33.415335,0 -116.630614,33.415192,0 -116.630095,33.415317,0 -116.629616,33.415371,0 -116.629163,33.415276,0 -116.628523,33.414735,0 -116.628136,33.414592,0 -116.627762,33.414570,0 -116.626850,33.414682,0 -116.626437,33.414703,0 -116.626110,33.414543,0 -116.625591,33.413330,0 -116.625625,33.413071,0 -116.625379,33.412642,0 -116.625073,33.412332,0 -116.624623,33.412001,0 -116.623316,33.411258,0 -116.623036,33.411066,0 -116.622894,33.410878,0 -116.622842,33.410614,0 -116.622910,33.410274,0 -116.623256,33.409494,0 -116.623271,33.409142,0 -116.623006,33.408695,0 -116.622812,33.408287,0 -116.622665,33.407781,0 -116.622627,33.407406,0 -116.622550,33.407111,0 -116.622264,33.406844,0 -116.621800,33.406629,0 -116.621361,33.406528,0 -116.621218,33.406469,0 -116.620722,33.406222,0 -116.620409,33.406153,0 -116.620347,33.406236,0 -116.620125,33.406231,0 -116.619986,33.406384,0 -116.619797,33.406338,0 -116.619461,33.406562,0 -116.618869,33.406768,0 -116.618319,33.406816,0 -116.617415,33.406642,0 -116.616750,33.406198,0 -116.616399,33.405822,0 -116.615975,33.405562,0 -116.615627,33.405500,0 -116.615332,33.405499,0 -116.615005,33.405448,0 -116.614620,33.405150,0 -116.614400,33.404779,0 -116.614336,33.404477,0 -116.614031,33.404069,0 -116.613614,33.403748,0 -116.612694,33.403189,0 -116.612329,33.402798,0 -116.611911,33.402602,0 -116.611381,33.402589,0 -116.610904,33.402340,0 -116.610176,33.401456,0 -116.609811,33.401169,0 -116.609353,33.400849,0 -116.608883,33.400581,0 -116.608347,33.400338,0 -116.608108,33.400039,0 -116.607902,33.399417,0 -116.607675,33.399053,0 -116.607349,33.398773,0 -116.607149,33.398420,0 -116.607241,33.397270,0 -116.607247,33.396398,0 -116.607023,33.395686,0 -116.605995,33.394610,0 -116.605736,33.394125,0 -116.605733,33.393565,0 -116.605817,33.392812,0 -116.605788,33.392262,0 -116.605316,33.391298,0 -116.605437,33.390881,0 -116.605493,33.390259,0 -116.605314,33.389600,0 -116.604634,33.388464,0 -116.604007,33.387246,0 -116.603827,33.386750,0 -116.603606,33.386447,0 -116.603136,33.386251,0 -116.602085,33.386542,0 -116.601384,33.386525,0 -116.600907,33.386318,0 -116.600502,33.386052,0 -116.600184,33.385731,0 -116.599902,33.384790,0 -116.599859,33.384285,0 -116.599849,33.383823,0 -116.599910,33.382471,0 -116.599586,33.382145,0 -116.599257,33.382193,0 -116.598627,33.382356,0 -116.597978,33.382462,0 -116.597415,33.382449,0 -116.596623,33.382279,0 -116.595708,33.381951,0 -116.594807,33.381418,0 -116.594377,33.381032,0 -116.593865,33.380298,0 -116.593507,33.379940,0 -116.593023,33.379717,0 -116.592094,33.379524,0 -116.591709,33.379304,0 -116.591332,33.378938,0 -116.591144,33.378570,0 -116.590945,33.378003,0 -116.590529,33.377522,0 -116.589140,33.376674,0 -116.588573,33.376183,0 -116.588287,33.375834,0 -116.587936,33.374981,0 -116.587832,33.374604,0 -116.587809,33.374411,0 -116.587857,33.373995,0 -116.587774,33.373851,0 -116.587682,33.373526,0 -116.587338,33.373371,0 -116.586677,33.373301,0 -116.585921,33.373423,0 -116.584946,33.373992,0 -116.583819,33.375265,0 -116.583700,33.375345,0 -116.582702,33.375336,0 -116.582328,33.375472,0 -116.581224,33.375975,0 -116.580002,33.376392,0 -116.579778,33.376506,0 -116.579449,33.376754,0 -116.578988,33.377032,0 -116.578373,33.377001,0 -116.577812,33.376701,0 -116.577500,33.376333,0 -116.577134,33.376126,0 -116.575934,33.376263,0 -116.575305,33.376419,0 -116.574891,33.376598,0 -116.574330,33.377090,0 -116.574099,33.377326,0 -116.573635,33.378055,0 -116.573385,33.378339,0 -116.572956,33.378606,0 -116.572536,33.378803,0 -116.572018,33.378931,0 -116.571059,33.379131,0 -116.570029,33.379285,0 -116.569572,33.379239,0 -116.569198,33.379105,0 -116.568544,33.378965,0 -116.568281,33.379061,0 -116.567606,33.379151,0 -116.566939,33.379004,0 -116.566396,33.378964,0 -116.565615,33.379053,0 -116.565086,33.378831,0 -116.564684,33.378328,0 -116.564548,33.378107,0 -116.564222,33.377827,0 -116.564059,33.377632,0 -116.563892,33.377318,0 -116.563887,33.377027,0 -116.563693,33.376675,0 -116.563472,33.376365,0 -116.563227,33.375847,0 -116.563157,33.375523,0 -116.562806,33.375041,0 -116.562672,33.374673,0 -116.562490,33.373924,0 -116.562215,33.373524,0 -116.561407,33.373286,0 -116.560968,33.373303,0 -116.560693,33.373277,0 -116.559705,33.372903,0 -116.559461,33.372605,0 -116.559418,33.372147,0 -116.559702,33.371431,0 -116.559763,33.370958,0 -116.559649,33.370450,0 -116.559285,33.370016,0 -116.558651,33.369547,0 -116.558511,33.369021,0 -116.558471,33.368406,0 -116.558225,33.367960,0 -116.557818,33.367663,0 -116.557483,33.367351,0 -116.557207,33.366748,0 -116.556710,33.366047,0 -116.556468,33.365379,0 -116.556199,33.364417,0 -116.555652,33.363597,0 -116.554970,33.362970,0 -116.554394,33.362631,0 -116.554090,33.362337,0 -116.554022,33.361895,0 -116.554322,33.360311,0 -116.554214,33.359825,0 -116.553899,33.359512,0 -116.553221,33.359344,0 -116.552503,33.359211,0 -116.552043,33.358964,0 -116.551041,33.357943,0 -116.550339,33.357647,0 -116.549685,33.357550,0 -116.548465,33.357625,0 -116.547924,33.357519,0 -116.547296,33.357108,0 -116.547009,33.356708,0 -116.546838,33.356090,0 -116.547038,33.355586,0 -116.547504,33.355246,0 -116.548091,33.355023,0 -116.548695,33.355001,0 -116.549517,33.354868,0 -116.549987,33.354638,0 -116.550390,33.354172,0 -116.550562,33.353122,0 -116.550727,33.352708,0 -116.550806,33.352092,0 -116.550500,33.351302,0 -116.550555,33.350576,0 -116.550783,33.350003,0 -116.550811,33.349524,0 -116.550666,33.348928,0 -116.550473,33.348447,0 -116.549692,33.347243,0 -116.549410,33.346876,0 -116.548525,33.346594,0 -116.548036,33.346191,0 -116.547778,33.345641,0 -116.547323,33.345108,0 -116.546354,33.344802,0 -116.546058,33.344164,0 -116.546352,33.343224,0 -116.546957,33.342484,0 -116.548536,33.341209,0 -116.550007,33.339437,0 -116.550652,33.338957,0 -116.551141,33.338431,0 -116.551346,33.337747,0 -116.551430,33.337120,0 -116.552034,33.336755,0 -116.553096,33.336724,0 -116.554022,33.336585,0 -116.554842,33.336596,0 -116.556322,33.336925,0 -116.559577,33.337001,0 -116.560242,33.336834,0 -116.561462,33.336767,0 -116.561688,33.336293,0 -116.561933,33.335558,0 -116.562259,33.334953,0 -116.562405,33.334241,0 -116.562355,33.333404,0 -116.562376,33.332403,0 -116.562563,33.331575,0 -116.562663,33.330824,0 -116.562598,33.330497,0 -116.562427,33.330198,0 -116.562183,33.329936,0 -116.561494,33.329694,0 -116.560796,33.329525,0 -116.559605,33.329151,0 -116.559176,33.328942,0 -116.558787,33.328106,0 -116.557961,33.327120,0 -116.557504,33.326437,0 -116.557118,33.326069,0 -116.556430,33.325746,0 -116.555891,33.325232,0 -116.555372,33.324637,0 -116.554819,33.324140,0 -116.554328,33.323449,0 -116.553766,33.322374,0 -116.553536,33.321476,0 -116.553646,33.320563,0 -116.553777,33.319944,0 -116.553846,33.319384,0 -116.553757,33.318674,0 -116.553680,33.318572,0 -116.553861,33.318322,0 -116.554166,33.318207,0 -116.554474,33.318151,0 -116.555057,33.318119,0 -116.555467,33.317956,0 -116.556437,33.317315,0 -116.556792,33.316924,0 -116.557265,33.316221,0 -116.557671,33.315919,0 -116.559090,33.315356,0 -116.559529,33.315033,0 -116.559837,33.314706,0 -116.560034,33.314301,0 -116.560064,33.313857,0 -116.559727,33.313347,0 -116.559175,33.312745,0 -116.559008,33.312314,0 -116.558722,33.311880,0 -116.558071,33.310341,0 -116.557647,33.309643,0 -116.557046,33.308919,0 -116.556686,33.308551,0 -116.556419,33.308146,0 -116.555479,33.307691,0 -116.555157,33.307406,0 -116.554922,33.307029,0 -116.554806,33.306605,0 -116.554620,33.305447,0 -116.554475,33.305165,0 -116.553890,33.304980,0 -116.553231,33.304838,0 -116.552725,33.304556,0 -116.552331,33.304282,0 -116.551828,33.304224,0 -116.551361,33.304333,0 -116.550593,33.304691,0 -116.549933,33.304659,0 -116.549648,33.304480,0 -116.549503,33.303907,0 -116.549439,33.303480,0 -116.549238,33.303026,0 -116.548973,33.302611,0 -116.548685,33.302267,0 -116.548264,33.302051,0 -116.547998,33.301601,0 -116.547391,33.300162,0 -116.546793,33.298945,0 -116.546533,33.298518,0 -116.546212,33.298225,0 -116.545654,33.297975,0 -116.545074,33.297802,0 -116.544341,33.297445,0 -116.543233,33.296573,0 -116.542704,33.296484,0 -116.542294,33.296680,0 -116.541098,33.297904,0 -116.540718,33.298158,0 -116.540247,33.298191,0 -116.539724,33.298150,0 -116.539002,33.298140,0 -116.538306,33.297964,0 -116.537652,33.297596,0 -116.536906,33.296953,0 -116.536611,33.296614,0 -116.536083,33.296206,0 -116.535517,33.295976,0 -116.535017,33.295809,0 -116.534547,33.295715,0 -116.533752,33.295496,0 -116.532952,33.295225,0 -116.532394,33.294963,0 -116.532045,33.294716,0 -116.531662,33.294541,0 -116.531311,33.294447,0 -116.530874,33.294029,0 -116.530325,33.293338,0 -116.530059,33.292911,0 -116.529641,33.291835,0 -116.529575,33.291327,0 -116.529914,33.290737,0 -116.530333,33.290403,0 -116.531295,33.289779,0 -116.531754,33.289416,0 -116.532076,33.289040,0 -116.532264,33.288511,0 -116.531683,33.288078,0 -116.530731,33.287565,0 -116.530368,33.287086,0 -116.529872,33.286671,0 -116.529075,33.286291,0 -116.528450,33.285767,0 -116.527956,33.285282,0 -116.527804,33.284684,0 -116.527598,33.284230,0 -116.527182,33.283723,0 -116.527028,33.282919,0 -116.526963,33.282297,0 -116.526829,33.281783,0 -116.526564,33.281274,0 -116.526330,33.280862,0 -116.526035,33.280595,0 -116.525276,33.280297,0 -116.525012,33.280062,0 -116.524771,33.279675,0 -116.524933,33.279132,0 -116.525132,33.278974,0 -116.525650,33.278674,0 -116.526160,33.278654,0 -116.526866,33.278731,0 -116.527457,33.278646,0 -116.528146,33.278585,0 -116.528771,33.278428,0 -116.529220,33.278215,0 -116.529633,33.277851,0 -116.530023,33.277054,0 -116.530477,33.276016,0 -116.530792,33.275637,0 -116.530944,33.275292,0 -116.531193,33.274026,0 -116.531758,33.272619,0 -116.532200,33.271852,0 -116.532533,33.271580,0 -116.532810,33.271414,0 -116.533112,33.271092,0 -116.533362,33.270701,0 -116.533739,33.270256,0 -116.534946,33.269465,0 -116.535414,33.268993,0 -116.535651,33.268606,0 -116.535819,33.268074,0 -116.536095,33.267386,0 -116.536542,33.266968,0 -116.537289,33.266567,0 -116.538197,33.265749,0 -116.538552,33.265392,0 -116.538960,33.264908,0 -116.539252,33.264385,0 -116.539279,33.264056,0 -116.539242,33.263575,0 -116.539332,33.263047,0 -116.539612,33.262767,0 -116.539812,33.262319,0 -116.540144,33.261752,0 -116.541101,33.260759,0 -116.541228,33.260269,0 -116.540812,33.259793,0 -116.540413,33.259496,0 -116.540205,33.259112,0 -116.540177,33.258512,0 -116.540557,33.257875,0 -116.540960,33.256735,0 -116.541187,33.256206,0 -116.541613,33.255850,0 -116.541931,33.255677,0 -116.542352,33.255282,0 -116.542727,33.254205,0 -116.542992,33.253700,0 -116.542923,33.253233,0 -116.542602,33.252910,0 -116.541588,33.251581,0 -116.541065,33.251243,0 -116.540422,33.251015,0 -116.539905,33.251002,0 -116.539249,33.251051,0 -116.538559,33.250877,0 -116.538033,33.250652,0 -116.537723,33.250281,0 -116.537776,33.250146,0 -116.537742,33.249981,0 -116.537421,33.249674,0 -116.537264,33.249450,0 -116.537021,33.248785,0 -116.536739,33.248597,0 -116.536529,33.248641,0 -116.536144,33.248604,0 -116.535600,33.248335,0 -116.535044,33.248106,0 -116.534580,33.247969,0 -116.533513,33.247507,0 -116.532878,33.247448,0 -116.532413,33.247499,0 -116.532086,33.247626,0 -116.531597,33.247944,0 -116.531446,33.247982,0 -116.531335,33.248050,0 -116.531002,33.248335,0 -116.530779,33.248451,0 -116.530499,33.248908,0 -116.530212,33.249204,0 -116.529814,33.249480,0 -116.529407,33.249611,0 -116.528871,33.249707,0 -116.528518,33.249811,0 -116.528099,33.249789,0 -116.527661,33.249648,0 -116.527262,33.249434,0 -116.526777,33.249103,0 -116.526495,33.248863,0 -116.526286,33.248754,0 -116.526024,33.248703,0 -116.524879,33.248672,0 -116.524599,33.248766,0 -116.523977,33.249166,0 -116.523683,33.249096,0 -116.522689,33.248729,0 -116.522073,33.248549,0 -116.521726,33.248484,0 -116.521347,33.248582,0 -116.520725,33.248891,0 -116.520354,33.248968,0 -116.519333,33.249037,0 -116.518941,33.249091,0 -116.518581,33.249306,0 -116.518412,33.249558,0 -116.518412,33.249856,0 -116.518557,33.250125,0 -116.518307,33.250480,0 -116.517875,33.250819,0 -116.517441,33.250968,0 -116.516452,33.251206,0 -116.515964,33.251154,0 -116.515412,33.250915,0 -116.514988,33.250553,0 -116.514500,33.250386,0 -116.514118,33.250484,0 -116.513536,33.250734,0 -116.512910,33.250919,0 -116.512427,33.250937,0 -116.511984,33.250778,0 -116.511371,33.250692,0 -116.510781,33.250744,0 -116.510030,33.250930,0 -116.509164,33.251023,0 -116.508468,33.251145,0 -116.507820,33.251449,0 -116.507149,33.251616,0 -116.506081,33.251676,0 -116.504498,33.252247,0 -116.504137,33.252279,0 -116.503627,33.251998,0 -116.502878,33.251452,0 -116.502579,33.251036,0 -116.502439,33.251283,0 -116.502229,33.251470,0 -116.501513,33.252263,0 -116.500842,33.252871,0 -116.500600,33.253167,0 -116.499938,33.253386,0 -116.499097,33.253940,0 -116.498744,33.253954,0 -116.498345,33.253783,0 -116.498014,33.253370,0 -116.497763,33.252389,0 -116.497518,33.251647,0 -116.497173,33.250887,0 -116.497023,33.250630,0 -116.497005,33.250465,0 -116.497071,33.250218,0 -116.497566,33.249207,0 -116.497653,33.248799,0 -116.497655,33.248367,0 -116.497800,33.247844,0 -116.497888,33.247377,0 -116.497844,33.246953,0 -116.497579,33.245931,0 -116.497487,33.244413,0 -116.497338,33.244056,0 -116.497216,33.243642,0 -116.496936,33.243175,0 -116.496513,33.242864,0 -116.496160,33.242533,0 -116.495926,33.242104,0 -116.495745,33.241681,0 -116.495446,33.241218,0 -116.495316,33.240844,0 -116.495371,33.240387,0 -116.495353,33.239734,0 -116.495276,33.239452,0 -116.495114,33.239156,0 -116.494605,33.238896,0 -116.494238,33.238835,0 -116.493893,33.238635,0 -116.493560,33.238387,0 -116.492710,33.238285,0 -116.491807,33.238337,0 -116.491277,33.238303,0 -116.490721,33.238065,0 -116.490356,33.237783,0 -116.490221,33.237388,0 -116.490039,33.236991,0 -116.489792,33.236733,0 -116.489603,33.236452,0 -116.489545,33.236088,0 -116.489267,33.235335,0 -116.489128,33.234389,0 -116.489176,33.233859,0 -116.489933,33.232497,0 -116.490413,33.231957,0 -116.490796,33.231374,0 -116.490654,33.230819,0 -116.490224,33.230305,0 -116.490010,33.229631,0 -116.490432,33.228895,0 -116.490944,33.228461,0 -116.491365,33.227994,0 -116.491556,33.227535,0 -116.491566,33.226989,0 -116.491509,33.226412,0 -116.491532,33.225642,0 -116.491508,33.225016,0 -116.490726,33.224359,0 -116.490113,33.224007,0 -116.489859,33.223373,0 -116.490118,33.222317,0 -116.490468,33.221780,0 -116.490778,33.221177,0 -116.490944,33.220567,0 -116.490959,33.219978,0 -116.491087,33.219043,0 -116.491614,33.218200,0 -116.492021,33.217876,0 -116.492500,33.217355,0 -116.493092,33.216778,0 -116.493687,33.216505,0 -116.494382,33.216256,0 -116.494822,33.215816,0 -116.494996,33.214959,0 -116.494569,33.213848,0 -116.494439,33.213275,0 -116.494784,33.212616,0 -116.495596,33.212052,0 -116.496273,33.211460,0 -116.496759,33.210709,0 -116.496802,33.209929,0 -116.496761,33.208839,0 -116.496876,33.207648,0 -116.497195,33.206510,0 -116.497774,33.205683,0 -116.498410,33.205116,0 -116.498916,33.204408,0 -116.499476,33.203799,0 -116.500111,33.203329,0 -116.500668,33.203033,0 -116.501269,33.202815,0 -116.501336,33.202668,0 -116.501397,33.201696,0 -116.501314,33.200905,0 -116.501315,33.200285,0 -116.501748,33.199581,0 -116.502626,33.199034,0 -116.503705,33.198741,0 -116.505261,33.198221,0 -116.506534,33.198856,0 -116.507160,33.199103,0 -116.508374,33.199455,0 -116.509301,33.199365,0 -116.510178,33.199159,0 -116.511093,33.199065,0 -116.512046,33.199331,0 -116.513384,33.199751,0 -116.514586,33.199819,0 -116.515455,33.199590,0 -116.516057,33.199547,0 -116.518383,33.199556,0 -116.519442,33.199305,0 -116.519965,33.199231,0 -116.520906,33.199193,0 -116.521984,33.199245,0 -116.522813,33.199152,0 -116.523755,33.198852,0 -116.524586,33.198387,0 -116.526267,33.197103,0 -116.527326,33.197084,0 -116.530173,33.197380,0 -116.531192,33.197244,0 -116.531840,33.196942,0 -116.532279,33.196641,0 -116.533109,33.196495,0 -116.534422,33.196531,0 -116.538009,33.196438,0 -116.538708,33.196657,0 -116.539289,33.196949,0 -116.539804,33.197017,0 -116.540530,33.196975,0 -116.541156,33.196760,0 -116.541694,33.196458,0 -116.542125,33.196154,0 -116.542845,33.195912,0 -116.543460,33.195617,0 -116.544160,33.194744,0 -116.544637,33.194272,0 -116.545176,33.193503,0 -116.545523,33.192687,0 -116.545825,33.192247,0 -116.546393,33.192024,0 -116.546740,33.191541,0 -116.546710,33.190710,0 -116.546489,33.190105,0 -116.546470,33.189909,0 -116.546575,33.189715,0 -116.546765,33.189563,0 -116.547065,33.189476,0 -116.547679,33.189483,0 -116.548569,33.189358,0 -116.549706,33.189039,0 -116.550581,33.188404,0 -116.551171,33.188239,0 -116.551621,33.187961,0 -116.552387,33.187633,0 -116.552831,33.187353,0 -116.553492,33.186288,0 -116.553860,33.185827,0 -116.554918,33.184972,0 -116.554966,33.185065,0 -116.555514,33.185204,0 -116.556024,33.185222,0 -116.556794,33.185298,0 -116.557284,33.185443,0 -116.557858,33.185850,0 -116.558633,33.186483,0 -116.559371,33.187278,0 -116.560029,33.187759,0 -116.560231,33.188171,0 -116.560282,33.188622,0 -116.560137,33.189192,0 -116.560136,33.189692,0 -116.560619,33.189836,0 -116.561017,33.190022,0 -116.561396,33.190145,0 -116.561559,33.190144,0 -116.562795,33.189598,0 -116.563618,33.190037,0 -116.564284,33.190259,0 -116.564858,33.190516,0 -116.565203,33.190808,0 -116.566064,33.191358,0 -116.566344,33.191985,0 -116.566331,33.192326,0 -116.566204,33.193266,0 -116.566255,33.193777,0 -116.566451,33.194085,0 -116.567155,33.194925,0 -116.567295,33.194216,0 -116.567431,33.193971,0 -116.568060,33.193267,0 -116.568472,33.193010,0 -116.569544,33.192524,0 -116.570153,33.192210,0 -116.570721,33.192051,0 -116.571616,33.191888,0 -116.572342,33.191547,0 -116.573015,33.191335,0 -116.573427,33.191396,0 -116.573877,33.191990,0 -116.574059,33.192297,0 -116.574228,33.192467,0 -116.574698,33.192771,0 -116.575135,33.192931,0 -116.575834,33.193052,0 -116.576317,33.193213,0 -116.576467,33.193630,0 -116.576506,33.194173,0 -116.576372,33.195535,0 -116.576424,33.195772,0 -116.576593,33.196086,0 -116.577017,33.196422,0 -116.577428,33.196607,0 -116.577787,33.196707,0 -116.578238,33.196924,0 -116.578544,33.197251,0 -116.578863,33.198044,0 -116.579195,33.198588,0 -116.579782,33.198974,0 -116.580612,33.199194,0 -116.580991,33.199482,0 -116.581153,33.199755,0 -116.581185,33.200210,0 -116.581387,33.200459,0 -116.581818,33.200614,0 -116.582517,33.200744,0 -116.583268,33.201092,0 -116.583660,33.201208,0 -116.584274,33.201487,0 -116.584527,33.201779,0 -116.584775,33.202154,0 -116.585225,33.202527,0 -116.585669,33.202967,0 -116.586270,33.203254,0 -116.586805,33.203277,0 -116.587249,33.203200,0 -116.587857,33.203203,0 -116.588426,33.203168,0 -116.588955,33.203028,0 -116.589543,33.202802,0 -116.590629,33.202293,0 -116.591381,33.202122,0 -116.592250,33.202130,0 -116.593949,33.202092,0 -116.594738,33.202314,0 -116.596096,33.202952,0 -116.596711,33.203135,0 -116.597389,33.203261,0 -116.597938,33.203400,0 -116.598669,33.203708,0 -116.599361,33.204043,0 -116.600132,33.204489,0 -116.601607,33.204936,0 -116.602456,33.205085,0 -116.603319,33.205124,0 -116.603763,33.204977,0 -116.604222,33.204597,0 -116.604764,33.204285,0 -116.605607,33.203895,0 -116.606803,33.203525,0 -116.607333,33.203426,0 -116.607934,33.203619,0 -116.609344,33.204378,0 -116.609873,33.204367,0 -116.610526,33.204710,0 -116.611042,33.205148,0 -116.611642,33.205418,0 -116.612120,33.205512,0 -116.613348,33.205568,0 -116.614341,33.205691,0 -116.615333,33.206120,0 -116.616288,33.206038,0 -116.616744,33.206100,0 -116.617018,33.206106,0 -116.617358,33.205985,0 -116.618320,33.205243,0 -116.618712,33.205019,0 -116.619235,33.204861,0 -116.619685,33.205015,0 -116.620097,33.205266,0 -116.620586,33.205601,0 -116.620998,33.205978,0 -116.621390,33.206274,0 -116.621788,33.206379,0 -116.622246,33.206390,0 -116.622728,33.206468,0 -116.623186,33.206418,0 -116.623591,33.206335,0 -116.624362,33.206327,0 -116.625022,33.206651,0 -116.625387,33.206546,0 -116.625735,33.206382,0 -116.626018,33.206166,0 -116.626269,33.205682,0 -116.626440,33.205437,0 -116.626585,33.205059,0 -116.626546,33.203936,0 -116.626489,33.203496,0 -116.626334,33.202925,0 -116.626258,33.202386,0 -116.626526,33.201225,0 -116.626724,33.200670,0 -116.627073,33.200210,0 -116.627803,33.199416,0 -116.628061,33.198912,0 -116.628194,33.198319,0 -116.628359,33.197884,0 -116.628675,33.197655,0 -116.629590,33.197504,0 -116.629920,33.197059,0 -116.629969,33.196547,0 -116.629958,33.196042,0 -116.630038,33.195614,0 -116.630001,33.195236,0 -116.629656,33.194986,0 -116.629197,33.194923,0 -116.628767,33.194960,0 -116.628263,33.194887,0 -116.627689,33.194715,0 -116.627259,33.194417,0 -116.627037,33.194153,0 -116.627033,33.193824,0 -116.627192,33.193262,0 -116.627091,33.192597,0 -116.626786,33.192123,0 -116.626691,33.191479,0 -116.626931,33.190674,0 -116.627770,33.188772,0 -116.628479,33.188016,0 -116.628747,33.186940,0 -116.628559,33.186521,0 -116.626961,33.185826,0 -116.626681,33.185603,0 -116.626460,33.185305,0 -116.626109,33.184714,0 -116.625973,33.184588,0 -116.625579,33.184377,0 -116.624875,33.183691,0 -116.624646,33.183373,0 -116.624489,33.183014,0 -116.624399,33.182554,0 -116.624125,33.182334,0 -116.623688,33.182092,0 -116.623420,33.181823,0 -116.623369,33.181383,0 -116.623369,33.180889,0 -116.623161,33.180471,0 -116.622619,33.180075,0 -116.622077,33.179823,0 -116.621502,33.179630,0 -116.621026,33.179333,0 -116.620746,33.179102,0 -116.620700,33.178481,0 -116.621054,33.178113,0 -116.621453,33.177762,0 -116.621885,33.177240,0 -116.622244,33.176901,0 -116.622382,33.176505,0 -116.622186,33.176152,0 -116.621997,33.175902,0 -116.621776,33.175328,0 -116.621541,33.174913,0 -116.621404,33.174457,0 -116.621535,33.173971,0 -116.622000,33.173457,0 -116.622438,33.173028,0 -116.622890,33.172375,0 -116.623402,33.170672,0 -116.623259,33.170123,0 -116.622776,33.169654,0 -116.622359,33.169083,0 -116.622359,33.168540,0 -116.622510,33.168034,0 -116.622485,33.167496,0 -116.622321,33.167227,0 -116.621480,33.166667,0 -116.620984,33.166204,0 -116.620743,33.165732,0 -116.620756,33.165304,0 -116.620515,33.164969,0 -116.619752,33.164594,0 -116.619244,33.164381,0 -116.618205,33.163960,0 -116.617833,33.163748,0 -116.616717,33.163284,0 -116.615986,33.162822,0 -116.615582,33.162360,0 -116.615211,33.161640,0 -116.615257,33.160871,0 -116.615383,33.160240,0 -116.615416,33.159680,0 -116.615377,33.159115,0 -116.615188,33.158610,0 -116.614393,33.158235,0 -116.613904,33.157865,0 -116.613453,33.157224,0 -116.613206,33.156344,0 -116.612921,33.155523,0 -116.612902,33.154581,0 -116.613610,33.153124,0 -116.613649,33.152814,0 -116.613500,33.152439,0 -116.613083,33.151698,0 -116.612979,33.150790,0 -116.613130,33.150203,0 -116.613641,33.148792,0 -116.613747,33.148216,0 -116.612885,33.148099,0 -116.611859,33.148934,0 -116.610989,33.149799,0 -116.610042,33.150441,0 -116.609068,33.150826,0 -116.608186,33.151010,0 -116.606906,33.150989,0 -116.606332,33.151071,0 -116.605522,33.151338,0 -116.604972,33.151409,0 -116.604393,33.151161,0 -116.603610,33.150721,0 -116.603440,33.150166,0 -116.603624,33.149496,0 -116.603625,33.148842,0 -116.603436,33.148501,0 -116.602143,33.148159,0 -116.601211,33.147566,0 -116.600735,33.146951,0 -116.600187,33.146669,0 -116.598373,33.146507,0 -116.597569,33.146370,0 -116.596518,33.146418,0 -116.595487,33.146196,0 -116.594919,33.146384,0 -116.594710,33.146807,0 -116.594193,33.147112,0 -116.593482,33.146904,0 -116.592522,33.146315,0 -116.592113,33.145747,0 -116.591983,33.144897,0 -116.591626,33.143912,0 -116.591027,33.142991,0 -116.590564,33.142489,0 -116.589807,33.142181,0 -116.589096,33.142037,0 -116.588274,33.141718,0 -116.587308,33.140953,0 -116.586760,33.140767,0 -116.586206,33.140519,0 -116.585645,33.140161,0 -116.584758,33.139457,0 -116.584244,33.138742,0 -116.584121,33.137670,0 -116.584020,33.135639,0 -116.583702,33.134600,0 -116.583606,33.133726,0 -116.583763,33.132918,0 -116.583947,33.132402,0 -116.584065,33.131890,0 -116.583949,33.131376,0 -116.583591,33.130709,0 -116.583482,33.130055,0 -116.583417,33.129359,0 -116.582701,33.128233,0 -116.582512,33.127728,0 -116.582389,33.127254,0 -116.582156,33.126693,0 -116.581908,33.126233,0 -116.581681,33.125501,0 -116.581603,33.124934,0 -116.581309,33.124688,0 -116.581026,33.124263,0 -116.580965,33.123915,0 -116.581081,33.123445,0 -116.581521,33.122738,0 -116.582232,33.122127,0 -116.583047,33.121271,0 -116.584014,33.120537,0 -116.585029,33.119263,0 -116.585083,33.119245,0 -116.585169,33.118517,0 -116.585130,33.118011,0 -116.584828,33.117172,0 -116.584091,33.116130,0 -116.583742,33.115346,0 -116.583643,33.114910,0 -116.583502,33.113759,0 -116.582996,33.112533,0 -116.582759,33.112156,0 -116.582168,33.111468,0 -116.581078,33.110446,0 -116.580873,33.110141,0 -116.580728,33.109755,0 -116.580732,33.109425,0 -116.580802,33.109128,0 -116.581500,33.108194,0 -116.582023,33.107186,0 -116.582145,33.106356,0 -116.582275,33.105928,0 -116.582266,33.105631,0 -116.582190,33.105449,0 -116.581837,33.104956,0 -116.581647,33.104558,0 -116.581618,33.104282,0 -116.581771,33.104102,0 -116.582198,33.103875,0 -116.582703,33.103731,0 -116.584023,33.103655,0 -116.585145,33.103803,0 -116.585508,33.103960,0 -116.586019,33.104323,0 -116.586559,33.104487,0 -116.586794,33.104495,0 -116.587261,33.104290,0 -116.587874,33.103855,0 -116.588071,33.103796,0 -116.588482,33.103773,0 -116.589034,33.104014,0 -116.589652,33.104191,0 -116.591296,33.104371,0 -116.591946,33.104558,0 -116.593469,33.105497,0 -116.594302,33.106164,0 -116.594742,33.106460,0 -116.595287,33.106729,0 -116.595626,33.106826,0 -116.596317,33.106915,0 -116.597115,33.106801,0 -116.598044,33.107156,0 -116.598780,33.107317,0 -116.599165,33.107342,0 -116.600276,33.107303,0 -116.601074,33.107194,0 -116.603049,33.107025,0 -116.603865,33.106822,0 -116.603755,33.106618,0 -116.603627,33.105825,0 -116.603753,33.105035,0 -116.604418,33.103979,0 -116.604763,33.103493,0 -116.604945,33.102992,0 -116.604932,33.102443,0 -116.604484,33.101620,0 -116.604266,33.101141,0 -116.604122,33.100600,0 -116.604162,33.100029,0 -116.604110,33.099403,0 -116.603925,33.098834,0 -116.603972,33.098324,0 -116.604210,33.097969,0 -116.604883,33.097384,0 -116.605056,33.097112,0 -116.605059,33.096803,0 -116.604846,33.096566,0 -116.604469,33.096424,0 -116.603993,33.096356,0 -116.603648,33.096249,0 -116.603284,33.096058,0 -116.603008,33.095687,0 -116.602964,33.094907,0 -116.602869,33.094587,0 -116.602328,33.093974,0 -116.602222,33.093522,0 -116.602259,33.093038,0 -116.602552,33.092562,0 -116.603258,33.091906,0 -116.603624,33.091367,0 -116.603693,33.090954,0 -116.603632,33.089964,0 -116.603667,33.089206,0 -116.603646,33.088739,0 -116.603093,33.087854,0 -116.602981,33.087408,0 -116.602966,33.086986,0 -116.602865,33.086671,0 -116.602070,33.085873,0 -116.601788,33.085465,0 -116.601577,33.085028,0 -116.601470,33.084657,0 -116.601385,33.084168,0 -116.601172,33.083876,0 -116.600872,33.083789,0 -116.600369,33.083858,0 -116.599984,33.083767,0 -116.599360,33.083494,0 -116.599052,33.083089,0 -116.598610,33.080513,0 -116.598398,33.080219,0 -116.598081,33.079947,0 -116.597934,33.079561,0 -116.598013,33.079051,0 -116.598522,33.078346,0 -116.598886,33.077997,0 -116.599758,33.076968,0 -116.600876,33.075780,0 -116.600833,33.075550,0 -116.600521,33.075343,0 -116.600066,33.075225,0 -116.598971,33.075029,0 -116.598392,33.074858,0 -116.597918,33.074591,0 -116.597038,33.073842,0 -116.596253,33.073363,0 -116.595414,33.073066,0 -116.594446,33.072625,0 -116.593688,33.072094,0 -116.593328,33.071585,0 -116.592770,33.071291,0 -116.592108,33.070889,0 -116.591612,33.070354,0 -116.591041,33.069926,0 -116.590505,33.069471,0 -116.589420,33.068378,0 -116.588910,33.067803,0 -116.588625,33.067619,0 -116.588131,33.067455,0 -116.587061,33.067375,0 -116.586442,33.067188,0 -116.585709,33.066765,0 -116.585029,33.066243,0 -116.584446,33.065848,0 -116.583493,33.065345,0 -116.581613,33.064584,0 -116.580894,33.064186,0 -116.580427,33.063853,0 -116.580097,33.063575,0 -116.579623,33.063341,0 -116.579155,33.063204,0 -116.578902,33.063005,0 -116.578970,33.062731,0 -116.579978,33.062057,0 -116.580500,33.061495,0 -116.580691,33.060776,0 -116.580487,33.059163,0 -116.580484,33.058841,0 -116.580682,33.058600,0 -116.581051,33.058328,0 -116.581549,33.058183,0 -116.581881,33.058143,0 -116.581524,33.058058,0 -116.581050,33.057809,0 -116.580716,33.057362,0 -116.580579,33.056789,0 -116.580701,33.055802,0 -116.580569,33.055321,0 -116.580346,33.054906,0 -116.580144,33.054208,0 -116.579761,33.052368,0 -116.579594,33.052031,0 -116.579063,33.051665,0 -116.578478,33.051455,0 -116.577687,33.050946,0 -116.576986,33.050597,0 -116.575427,33.050525,0 -116.574809,33.050315,0 -116.574454,33.050005,0 -116.574195,33.049201,0 -116.574155,33.048629,0 -116.573928,33.048483,0 -116.572995,33.048532,0 -116.571665,33.048917,0 -116.570829,33.049002,0 -116.570091,33.049002,0 -116.569439,33.048883,0 -116.569212,33.048765,0 -116.568765,33.048463,0 -116.567809,33.047594,0 -116.567329,33.047277,0 -116.565751,33.046516,0 -116.565245,33.046325,0 -116.564896,33.045976,0 -116.564534,33.045702,0 -116.564190,33.045491,0 -116.563436,33.044699,0 -116.562796,33.044133,0 -116.561932,33.043124,0 -116.561416,33.042604,0 -116.561043,33.042167,0 -116.560382,33.041200,0 -116.559803,33.040963,0 -116.559047,33.040913,0 -116.557483,33.041210,0 -116.556445,33.041256,0 -116.555444,33.040907,0 -116.554749,33.040587,0 -116.554187,33.040089,0 -116.553977,33.039558,0 -116.553986,33.038861,0 -116.554415,33.037874,0 -116.554520,33.037271,0 -116.554539,33.036726,0 -116.554689,33.036182,0 -116.554942,33.035750,0 -116.555830,33.035185,0 -116.556232,33.034864,0 -116.556325,33.034168,0 -116.556297,33.033728,0 -116.556451,33.033323,0 -116.556841,33.033022,0 -116.557283,33.032536,0 -116.557670,33.031859,0 -116.557865,33.031332,0 -116.558189,33.030900,0 -116.558350,33.030578,0 -116.558217,33.030180,0 -116.557482,33.029921,0 -116.556923,33.029795,0 -116.556364,33.029599,0 -116.555663,33.029296,0 -116.555067,33.028945,0 -116.554737,33.028608,0 -116.553702,33.026092,0 -116.553482,33.025027,0 -116.553141,33.025052,0 -116.552702,33.025147,0 -116.551004,33.025786,0 -116.549968,33.026112,0 -116.549595,33.026185,0 -116.549015,33.026152,0 -116.548600,33.025983,0 -116.548304,33.025694,0 -116.548004,33.025169,0 -116.547560,33.023370,0 -116.546820,33.021674,0 -116.546514,33.021131,0 -116.545681,33.020034,0 -116.545592,33.019851,0 -116.545520,33.019432,0 -116.545556,33.018690,0 -116.545295,33.016403,0 -116.544905,33.015321,0 -116.544467,33.014469,0 -116.544183,33.013795,0 -116.544053,33.013304,0 -116.543877,33.012345,0 -116.543839,33.011288,0 -116.543873,33.009824,0 -116.543991,33.008840,0 -116.543960,33.007783,0 -116.543743,33.006477,0 -116.543338,33.004618,0 -116.543148,33.003317,0 -116.542648,33.001271,0 -116.542471,33.000840,0 -116.542246,33.000667,0 -116.542018,33.000588,0 -116.541185,33.000475,0 -116.540149,33.000432,0 -116.537102,33.000447,0 -116.536886,33.000500,0 -116.535923,33.001278,0 -116.535647,33.001407,0 -116.535419,33.001427,0 -116.535226,33.001233,0 -116.535041,33.000901,0 -116.534774,32.999979,0 -116.534085,32.998812,0 -116.533514,32.998275,0 -116.533124,32.998164,0 -116.532823,32.998079,0 -116.532118,32.998032,0 -116.531474,32.997798,0 -116.531272,32.997621,0 -116.531247,32.997461,0 -116.531389,32.996679,0 -116.531412,32.996046,0 -116.531308,32.994922,0 -116.531092,32.993804,0 -116.531192,32.993441,0 -116.531180,32.993330,0 -116.530818,32.992762,0 -116.530477,32.991940,0 -116.530185,32.991597,0 -116.530115,32.991321,0 -116.530160,32.990292,0 -116.530052,32.989796,0 -116.529762,32.989155,0 -116.529552,32.988307,0 -116.529079,32.987792,0 -116.528976,32.987516,0 -116.528952,32.987136,0 -116.529073,32.986570,0 -116.529129,32.985865,0 -116.529262,32.985453,0 -116.529651,32.984761,0 -116.529738,32.984464,0 -116.529761,32.983808,0 -116.529652,32.982338,0 -116.529726,32.981991,0 -116.530102,32.981222,0 -116.530759,32.980410,0 -116.530830,32.979984,0 -116.530662,32.979981,0 -116.530147,32.980050,0 -116.529592,32.979999,0 -116.528396,32.979188,0 -116.527658,32.978921,0 -116.526560,32.978868,0 -116.526050,32.978672,0 -116.525514,32.978209,0 -116.525003,32.977700,0 -116.524890,32.977287,0 -116.524850,32.976665,0 -116.524770,32.976186,0 -116.524449,32.975836,0 -116.523724,32.975737,0 -116.522902,32.975757,0 -116.522165,32.975621,0 -116.521425,32.975214,0 -116.521274,32.974946,0 -116.521233,32.974555,0 -116.521434,32.974114,0 -116.521662,32.973811,0 -116.521720,32.973475,0 -116.521542,32.973095,0 -116.520980,32.972679,0 -116.520476,32.972246,0 -116.520214,32.971907,0 -116.520002,32.970740,0 -116.519824,32.970300,0 -116.519365,32.969911,0 -116.518941,32.969872,0 -116.518315,32.969984,0 -116.517943,32.970112,0 -116.517337,32.970494,0 -116.516699,32.970828,0 -116.516033,32.971018,0 -116.515348,32.971092,0 -116.514852,32.971047,0 -116.514226,32.970912,0 -116.513526,32.970466,0 -116.513264,32.970238,0 -116.513046,32.969588,0 -116.512788,32.968031,0 -116.512609,32.967163,0 -116.512207,32.966103,0 -116.511820,32.965320,0 -116.511583,32.964382,0 -116.511539,32.962818,0 -116.511156,32.961632,0 -116.510579,32.960614,0 -116.510212,32.959873,0 -116.510255,32.959224,0 -116.510372,32.958789,0 -116.510272,32.958254,0 -116.510015,32.957496,0 -116.509881,32.956099,0 -116.509879,32.955526,0 -116.509773,32.955016,0 -116.509431,32.954268,0 -116.509313,32.953652,0 -116.509017,32.952909,0 -116.508662,32.952283,0 -116.508463,32.951217,0 -116.508228,32.950832,0 -116.507990,32.950337,0 -116.507716,32.950040,0 -116.506612,32.949724,0 -116.506115,32.949240,0 -116.505904,32.948492,0 -116.505777,32.947746,0 -116.505580,32.947107,0 -116.505167,32.946640,0 -116.504482,32.946585,0 -116.504025,32.946792,0 -116.503519,32.947166,0 -116.502913,32.947739,0 -116.502516,32.948021,0 -116.502111,32.948056,0 -116.501504,32.947852,0 -116.501320,32.947737,0 -116.500677,32.947209,0 -116.500468,32.947147,0 -116.500322,32.947026,0 -116.500221,32.946815,0 -116.500056,32.946641,0 -116.499689,32.946505,0 -116.499062,32.946429,0 -116.498214,32.946432,0 -116.497555,32.946329,0 -116.496624,32.945955,0 -116.495855,32.945532,0 -116.495486,32.945290,0 -116.494444,32.944866,0 -116.494056,32.944638,0 -116.493505,32.944444,0 -116.492821,32.944446,0 -116.492252,32.944308,0 -116.491697,32.944250,0 -116.491260,32.944253,0 -116.490777,32.944208,0 -116.490502,32.944139,0 -116.490312,32.944048,0 -116.490081,32.943842,0 -116.489702,32.943291,0 -116.489437,32.942992,0 -116.488126,32.942008,0 -116.487119,32.940865,0 -116.486441,32.940408,0 -116.486247,32.940088,0 -116.486212,32.939449,0 -116.486121,32.938885,0 -116.485768,32.938414,0 -116.485191,32.938261,0 -116.484846,32.938248,0 -116.484610,32.938179,0 -116.484491,32.937999,0 -116.484342,32.937642,0 -116.484252,32.937303,0 -116.484207,32.936809,0 -116.484350,32.936273,0 -116.484675,32.935803,0 -116.484799,32.935274,0 -116.484117,32.934458,0 -116.483932,32.933865,0 -116.483883,32.933117,0 -116.483542,32.932522,0 -116.483169,32.932036,0 -116.482922,32.931554,0 -116.482912,32.930868,0 -116.483386,32.930275,0 -116.484262,32.929905,0 -116.485346,32.929607,0 -116.485942,32.929316,0 -116.487072,32.928556,0 -116.487328,32.928246,0 -116.487269,32.927779,0 -116.486728,32.927267,0 -116.486300,32.926954,0 -116.485454,32.925680,0 -116.484666,32.925249,0 -116.483340,32.925013,0 -116.482698,32.924790,0 -116.481326,32.924561,0 -116.480671,32.924381,0 -116.479767,32.924440,0 -116.478998,32.924453,0 -116.478374,32.924151,0 -116.477795,32.923805,0 -116.477400,32.923474,0 -116.476565,32.922503,0 -116.476463,32.922191,0 -116.476310,32.921467,0 -116.475931,32.921370,0 -116.475433,32.921673,0 -116.474258,32.922876,0 -116.474003,32.923397,0 -116.473866,32.923860,0 -116.473501,32.924325,0 -116.472964,32.924617,0 -116.471796,32.924536,0 -116.471205,32.924677,0 -116.470738,32.924857,0 -116.470219,32.925010,0 -116.469760,32.925303,0 -116.469394,32.925779,0 -116.469110,32.925906,0 -116.468448,32.925689,0 -116.467534,32.925527,0 -116.467067,32.925746,0 -116.466358,32.926236,0 -116.465765,32.926780,0 -116.465220,32.926979,0 -116.464408,32.926738,0 -116.463602,32.926432,0 -116.463029,32.926405,0 -116.462560,32.926444,0 -116.462103,32.926365,0 -116.461368,32.925992,0 -116.460248,32.925170,0 -116.459817,32.925113,0 -116.459970,32.924897,0 -116.460249,32.924321,0 -116.460371,32.923634,0 -116.460408,32.922980,0 -116.460300,32.922265,0 -116.460033,32.921744,0 -116.459379,32.920718,0 -116.459088,32.920442,0 -116.458962,32.920177,0 -116.458685,32.919049,0 -116.458360,32.918616,0 -116.458012,32.918416,0 -116.457513,32.918060,0 -116.456951,32.917521,0 -116.456470,32.917185,0 -116.455978,32.916904,0 -116.455338,32.916811,0 -116.454880,32.916633,0 -116.454628,32.916388,0 -116.454387,32.915406,0 -116.454264,32.915044,0 -116.453811,32.914361,0 -116.453497,32.913733,0 -116.453313,32.913103,0 -116.453269,32.912740,0 -116.453399,32.912306,0 -116.453826,32.911967,0 -116.454597,32.911727,0 -116.455037,32.911454,0 -116.455403,32.911103,0 -116.455711,32.910672,0 -116.455895,32.910257,0 -116.455999,32.909838,0 -116.456002,32.909486,0 -116.455843,32.908884,0 -116.455676,32.908572,0 -116.455264,32.908004,0 -116.455228,32.907702,0 -116.455812,32.906141,0 -116.456289,32.905658,0 -116.456875,32.905246,0 -116.457356,32.904637,0 -116.457762,32.903859,0 -116.458328,32.903291,0 -116.458990,32.903020,0 -116.459542,32.902922,0 -116.460148,32.902949,0 -116.461506,32.903155,0 -116.462197,32.903154,0 -116.463217,32.902877,0 -116.464404,32.902424,0 -116.465761,32.901708,0 -116.465523,32.901414,0 -116.465011,32.901177,0 -116.464083,32.900530,0 -116.463207,32.900265,0 -116.462366,32.899752,0 -116.461454,32.898799,0 -116.460896,32.897984,0 -116.460527,32.897250,0 -116.460055,32.896540,0 -116.459574,32.896134,0 -116.458811,32.895657,0 -116.458327,32.895046,0 -116.457701,32.894518,0 -116.456845,32.894379,0 -116.455924,32.894672,0 -116.455224,32.894965,0 -116.454367,32.895090,0 -116.453169,32.894710,0 -116.452075,32.893880,0 -116.451207,32.893272,0 -116.450312,32.893051,0 -116.449627,32.892992,0 -116.449031,32.892809,0 -116.447833,32.892364,0 -116.447341,32.892095,0 -116.446905,32.891681,0 -116.446100,32.890397,0 -116.445465,32.889282,0 -116.445141,32.888883,0 -116.444630,32.888697,0 -116.443508,32.888982,0 -116.442738,32.888907,0 -116.440730,32.888393,0 -116.440128,32.888674,0 -116.439668,32.889376,0 -116.439775,32.890513,0 -116.440105,32.891367,0 -116.440112,32.891906,0 -116.439865,32.892404,0 -116.439367,32.892655,0 -116.437794,32.892505,0 -116.437212,32.892357,0 -116.436509,32.892325,0 -116.435710,32.892513,0 -116.434858,32.892665,0 -116.434011,32.893123,0 -116.433238,32.893801,0 -116.432587,32.894307,0 -116.431940,32.894726,0 -116.431329,32.895283,0 -116.430791,32.895573,0 -116.430373,32.895966,0 -116.429931,32.896472,0 -116.429547,32.896591,0 -116.429098,32.896562,0 -116.428437,32.896316,0 -116.427852,32.896006,0 -116.426713,32.895129,0 -116.426123,32.894808,0 -116.424854,32.894029,0 -116.423622,32.893441,0 -116.422315,32.892601,0 -116.421623,32.892460,0 -116.421075,32.892460,0 -116.420468,32.892348,0 -116.420079,32.892112,0 -116.419932,32.891744,0 -116.419885,32.891189,0 -116.419627,32.890341,0 -116.418986,32.889175,0 -116.418580,32.888535,0 -116.418285,32.887949,0 -116.417997,32.887265,0 -116.417947,32.886515,0 -116.418034,32.885633,0 -116.417979,32.884973,0 -116.417569,32.883031,0 -116.417302,32.882032,0 -116.417141,32.881656,0 -116.416790,32.881230,0 -116.416315,32.880755,0 -116.415989,32.880266,0 -116.415866,32.879843,0 -116.416108,32.879357,0 -116.416430,32.879122,0 -116.416699,32.878751,0 -116.416444,32.878139,0 -116.416041,32.877713,0 -116.415405,32.876916,0 -116.414984,32.876629,0 -116.414743,32.876164,0 -116.414748,32.875066,0 -116.414288,32.874330,0 -116.414051,32.873543,0 -116.414303,32.872754,0 -116.414814,32.872121,0 -116.415452,32.871664,0 -116.416378,32.871129,0 -116.416794,32.870759,0 -116.417087,32.870285,0 -116.417062,32.869689,0 -116.416501,32.868728,0 -116.416077,32.867872,0 -116.415448,32.867138,0 -116.414903,32.866957,0 -116.414256,32.866670,0 -116.413754,32.866221,0 -116.413100,32.864922,0 -116.412800,32.864516,0 -116.411859,32.863644,0 -116.411496,32.863135,0 -116.411406,32.862508,0 -116.410817,32.861792,0 -116.409454,32.860921,0 -116.409048,32.860544,0 -116.408485,32.860256,0 -116.407825,32.860431,0 -116.407203,32.860657,0 -116.406512,32.861129,0 -116.405958,32.861629,0 -116.405712,32.861962,0 -116.404948,32.863456,0 -116.404605,32.863810,0 -116.404198,32.864017,0 -116.403572,32.864030,0 -116.402872,32.863766,0 -116.402200,32.863397,0 -116.401601,32.863363,0 -116.401124,32.863435,0 -116.400402,32.863269,0 -116.399518,32.863238,0 -116.398557,32.863404,0 -116.397890,32.863553,0 -116.397236,32.863743,0 -116.395827,32.864296,0 -116.395299,32.864341,0 -116.394688,32.864263,0 -116.392739,32.863802,0 -116.391893,32.863713,0 -116.391258,32.863471,0 -116.390505,32.863233,0 -116.389978,32.863209,0 -116.389429,32.863332,0 -116.388855,32.863370,0 -116.388478,32.863261,0 -116.387629,32.862917,0 -116.387096,32.862835,0 -116.386971,32.862891,0 -116.387018,32.862368,0 -116.387088,32.862017,0 -116.387183,32.861726,0 -116.387338,32.861418,0 -116.387336,32.861055,0 -116.387099,32.860813,0 -116.386712,32.860495,0 -116.386458,32.860046,0 -116.386315,32.859572,0 -116.385966,32.859267,0 -116.385496,32.858949,0 -116.385530,32.858384,0 -116.385945,32.857979,0 -116.386252,32.857558,0 -116.386362,32.856576,0 -116.386472,32.856137,0 -116.386505,32.855702,0 -116.386512,32.855212,0 -116.386387,32.854815,0 -116.385836,32.854595,0 -116.385225,32.854464,0 -116.384902,32.854300,0 -116.384555,32.853928,0 -116.384129,32.853649,0 -116.383668,32.853579,0 -116.383143,32.853303,0 -116.382014,32.852078,0 -116.381090,32.851129,0 -116.380566,32.850865,0 -116.380229,32.850657,0 -116.379459,32.849808,0 -116.378967,32.849188,0 -116.377874,32.848082,0 -116.377526,32.847870,0 -116.376588,32.846914,0 -116.376225,32.846741,0 -116.375990,32.846686,0 -116.375848,32.846570,0 -116.375742,32.846146,0 -116.375351,32.845701,0 -116.374641,32.845001,0 -116.374237,32.844672,0 -116.373911,32.844183,0 -116.373174,32.842588,0 -116.372894,32.842169,0 -116.372621,32.841489,0 -116.372503,32.840712,0 -116.372523,32.840002,0 -116.372867,32.839600,0 -116.373304,32.839309,0 -116.373578,32.839067,0 -116.373871,32.838599,0 -116.374190,32.838297,0 -116.374281,32.838033,0 -116.374190,32.837688,0 -116.373714,32.837072,0 -116.373440,32.836631,0 -116.372952,32.835438,0 -116.372475,32.834888,0 -116.371506,32.833996,0 -116.370750,32.832915,0 -116.370268,32.832655,0 -116.369936,32.832419,0 -116.369583,32.831578,0 -116.369271,32.831232,0 -116.368769,32.830949,0 -116.368280,32.830784,0 -116.367766,32.830646,0 -116.367336,32.830681,0 -116.366449,32.830896,0 -116.365512,32.830994,0 -116.364586,32.831276,0 -116.363955,32.831308,0 -116.363330,32.831413,0 -116.362834,32.831445,0 -116.362306,32.831534,0 -116.361043,32.832320,0 -116.360652,32.832447,0 -116.360235,32.832492,0 -116.359876,32.832463,0 -116.359570,32.832398,0 -116.359173,32.832408,0 -116.358671,32.832529,0 -116.358417,32.832431,0 -116.358314,32.832177,0 -116.358222,32.831428,0 -116.358300,32.830973,0 -116.358613,32.830323,0 -116.358853,32.829560,0 -116.358958,32.828961,0 -116.358932,32.828388,0 -116.358984,32.827711,0 -116.359127,32.827139,0 -116.359375,32.826590,0 -116.359759,32.825099,0 -116.359936,32.824547,0 -116.360006,32.823978,0 -116.360027,32.822750,0 -116.360104,32.822404,0 -116.360254,32.822080,0 -116.360783,32.821424,0 -116.361440,32.820451,0 -116.361779,32.820098,0 -116.362319,32.820028,0 -116.363276,32.820000,0 -116.364443,32.819889,0 -116.364820,32.819769,0 -116.365153,32.819505,0 -116.365211,32.819000,0 -116.364925,32.817641,0 -116.365133,32.817139,0 -116.365459,32.816590,0 -116.365706,32.815932,0 -116.365920,32.815523,0 -116.366781,32.815187,0 -116.367334,32.815039,0 -116.367888,32.814762,0 -116.368195,32.814389,0 -116.368402,32.813768,0 -116.368109,32.813334,0 -116.367380,32.813267,0 -116.366689,32.812993,0 -116.366266,32.812564,0 -116.366005,32.811986,0 -116.365804,32.811155,0 -116.365420,32.810562,0 -116.364670,32.810128,0 -116.364162,32.809753,0 -116.363680,32.809230,0 -116.363225,32.808961,0 -116.362814,32.808648,0 -116.362626,32.808264,0 -116.362359,32.806151,0 -116.362137,32.805354,0 -116.361804,32.804610,0 -116.361570,32.803875,0 -116.361426,32.803044,0 -116.361316,32.801751,0 -116.361414,32.801037,0 -116.361654,32.800454,0 -116.362065,32.799897,0 -116.362227,32.799584,0 -116.362273,32.799336,0 -116.362274,32.799050,0 -116.361811,32.798224,0 -116.361622,32.797779,0 -116.361433,32.797097,0 -116.361345,32.796573,0 -116.361973,32.795476,0 -116.362553,32.794304,0 -116.362813,32.793935,0 -116.363288,32.793856,0 -116.363803,32.794200,0 -116.364350,32.794733,0 -116.364975,32.795056,0 -116.365542,32.795266,0 -116.365952,32.795304,0 -116.366381,32.795289,0 -116.366824,32.795167,0 -116.367248,32.794759,0 -116.367418,32.794060,0 -116.368037,32.793213,0 -116.368126,32.792456,0 -116.368036,32.791229,0 -116.368009,32.790232,0 -116.367612,32.789127,0 -116.367332,32.788127,0 -116.367175,32.787686,0 -116.366831,32.787308,0 -116.366408,32.787247,0 -116.365867,32.787070,0 -116.365463,32.786620,0 -116.365209,32.784993,0 -116.364891,32.784023,0 -116.364427,32.783088,0 -116.364265,32.782413,0 -116.364324,32.781813,0 -116.364838,32.781207,0 -116.365020,32.780883,0 -116.365026,32.780398,0 -116.364629,32.779683,0 -116.364160,32.778329,0 -116.363757,32.777374,0 -116.363639,32.776682,0 -116.363483,32.776142,0 -116.363119,32.775541,0 -116.362858,32.774794,0 -116.362709,32.774212,0 -116.362611,32.772847,0 -116.362461,32.771901,0 -116.362311,32.771208,0 -116.361960,32.770532,0 -116.361406,32.770126,0 -116.360801,32.769857,0 -116.360404,32.769453,0 -116.360222,32.768706,0 -116.360131,32.768028,0 -116.360098,32.767324,0 -116.360613,32.766171,0 -116.360670,32.765588,0 -116.360553,32.765065,0 -116.360495,32.764548,0 -116.360014,32.763894,0 -116.359343,32.763580,0 -116.358678,32.763321,0 -116.357859,32.763196,0 -116.357013,32.762871,0 -116.356497,32.762034,0 -116.355919,32.761001,0 -116.355326,32.760132,0 -116.354838,32.759217,0 -116.354617,32.758211,0 -116.354265,32.757617,0 -116.353556,32.757364,0 -116.352612,32.757122,0 -116.351799,32.756457,0 -116.351174,32.755439,0 -116.350745,32.754638,0 -116.350113,32.753905,0 -116.349625,32.753216,0 -116.348206,32.752195,0 -116.347829,32.751534,0 -116.347412,32.751187,0 -116.346820,32.750796,0 -116.346647,32.750205,0 -116.346649,32.749842,0 -116.346378,32.749405,0 -116.345913,32.748837,0 -116.345500,32.748252,0 -116.345393,32.747735,0 -116.345496,32.746971,0 -116.345690,32.745944,0 -116.345160,32.744561,0 -116.344612,32.742781,0 -116.344298,32.741934,0 -116.343538,32.740649,0 -116.343438,32.740087,0 -116.343735,32.739440,0 -116.344188,32.738684,0 -116.344467,32.737860,0 -116.344569,32.737161,0 -116.344916,32.735547,0 -116.344999,32.734974,0 -116.345001,32.734694,0 -116.344900,32.734178,0 -116.344975,32.733605,0 -116.345135,32.733067,0 -116.345263,32.732338,0 -116.345320,32.731496,0 -116.345455,32.730742,0 -116.346227,32.728050,0 -116.346492,32.727304,0 -116.346798,32.726085,0 -116.347062,32.725639,0 -116.347744,32.725318,0 -116.347525,32.725301,0 -116.346821,32.724644,0 -116.345874,32.723227,0 -116.344928,32.722409,0 -116.344054,32.721811,0 -116.342979,32.721146,0 -116.342500,32.719813,0 -116.342114,32.719108,0 -116.341546,32.718329,0 -116.340718,32.717473,0 -116.340105,32.716722,0 -116.339260,32.715579,0 -116.338549,32.714878,0 -116.338059,32.714243,0 -116.337595,32.713489,0 -116.336332,32.712630,0 -116.335577,32.711713,0 -116.334307,32.709970,0 -116.333117,32.708926,0 -116.331970,32.708156,0 -116.330584,32.707433,0 -116.329969,32.706952,0 -116.329829,32.706441,0 -116.329741,32.705814,0 -116.329142,32.705030,0 -116.328496,32.704355,0 -116.327987,32.703678,0 -116.327523,32.702893,0 -116.327027,32.702266,0 -116.326185,32.701753,0 -116.325396,32.701069,0 -116.325004,32.700348,0 -116.324787,32.699658,0 -116.324433,32.699025,0 -116.323690,32.698371,0 -116.322662,32.697383,0 -116.322211,32.696749,0 -116.322045,32.696251,0 -116.321966,32.695499,0 -116.321927,32.694630,0 -116.322088,32.693724,0 -116.322240,32.693273,0 -116.322329,32.692636,0 -116.322237,32.691821,0 -116.321964,32.690934,0 -116.322020,32.690175,0 -116.322441,32.689591,0 -116.323263,32.689060,0 -116.323951,32.688231,0 -116.324095,32.687204,0 -116.324824,32.686004,0 -116.324672,32.685421,0 -116.324428,32.684907,0 -116.324477,32.684391,0 -116.324398,32.683638,0 -116.323835,32.683096,0 -116.323176,32.682542,0 -116.322706,32.681892,0 -116.322196,32.681290,0 -116.321516,32.680754,0 -116.320172,32.679498,0 -116.319518,32.679065,0 -116.318630,32.678672,0 -116.317828,32.678084,0 -116.316566,32.677066,0 -116.316194,32.676471,0 -116.315795,32.675710,0 -116.315507,32.675043,0 -116.315419,32.674587,0 -116.315182,32.674004,0 -116.314568,32.673439,0 -116.314182,32.672886,0 -116.314153,32.672392,0 -116.314295,32.671408,0 -116.314715,32.669926,0 -116.315178,32.668851,0 -116.315310,32.668450,0 -116.315934,32.667549,0 -116.316106,32.667128,0 -116.316274,32.666277,0 -116.316254,32.665199,0 -116.316157,32.664179,0 -116.316190,32.663294,0 -116.316735,32.661482,0 -116.316734,32.660569,0 -116.316279,32.659539,0 -116.315098,32.657411,0 -116.314592,32.656077,0 -116.314445,32.654703,0 -116.314527,32.654478,0 -116.314890,32.653468,0 -116.315559,32.652700,0 -116.316312,32.651748,0 -116.316694,32.650989,0 -116.316841,32.650302,0 -116.316891,32.649610,0 -116.316739,32.648972,0 -116.316873,32.648400,0 -116.317349,32.647335,0 -116.317516,32.646667,0 -116.317481,32.646432,0 -116.317397,32.645878,0 -116.316363,32.645016,0 -116.315257,32.644246,0 -116.314326,32.643517,0 -116.313753,32.642600,0 -116.313286,32.641439,0 -116.312885,32.640270,0 -116.312402,32.639508,0 -116.311938,32.638890,0 -116.311814,32.638027,0 -116.312088,32.636910,0 -116.312126,32.636069,0 -116.311688,32.635397,0 -116.309251,32.633444,0 -116.308707,32.633288,0 -116.307467,32.632995,0 -116.306649,32.632897,0 -116.305993,32.632726,0 -116.305224,32.632166,0 -116.304643,32.631558,0 -116.304191,32.631193,0 -116.303420,32.630826,0 -116.302890,32.630390,0 -116.302762,32.629128,0 -116.302385,32.628253,0 -116.301819,32.627292,0 -116.301129,32.626542,0 -116.300372,32.626075,0 -116.298549,32.625620,0 -116.298029,32.625548,0 -116.296827,32.625481,0 -116.296347,32.625385,0 -116.295979,32.625175,0 -116.295890,32.625051,0 -116.296100,32.624716,0 -116.296188,32.624425,0 -116.296186,32.624205,0 -116.295662,32.623584,0 -116.295396,32.623163,0 -116.295273,32.622700,0 -116.295253,32.622213,0 -116.295287,32.621685,0 -116.295229,32.621189,0 -116.295372,32.620768,0 -116.295774,32.620310,0 -116.296379,32.619382,0 -116.296774,32.619035,0 -116.297173,32.618752,0 -116.297390,32.618175,0 -116.297170,32.617661,0 -116.297054,32.617191,0 -116.297180,32.616051,0 -116.296954,32.615466,0 -116.296593,32.614908,0 -116.295977,32.614396,0 -116.294725,32.613947,0 -116.294180,32.613436,0 -116.292956,32.611854,0 -116.292095,32.610448,0 -116.291108,32.609092,0 -116.290845,32.608892,0 -116.290502,32.608716,0 -116.290077,32.608538,0 -116.289638,32.608396,0 -116.288994,32.608031,0 -116.288708,32.607621,0 -116.288388,32.606806,0 -116.288377,32.606251,0 -116.288586,32.605264,0 -116.288688,32.604533,0 -116.288667,32.604121,0 -116.288622,32.603992,0 -116.126060,32.616849,0 -116.089639,32.619669,0 -116.083368,32.620154,0 -116.001388,32.626479,0 -115.992323,32.627332,0 -115.957630,32.630020,0 -115.912007,32.633578,0 -115.906248,32.634095,0 -115.905885,32.634039,0 -115.876418,32.636346,0 -115.875667,32.636374,0 -115.864891,32.637210,0 -115.861048,32.637540,0 -115.841200,32.639007,0 -115.815902,32.640943,0 -115.803005,32.641889,0 -115.777290,32.643864,0 -115.756783,32.645388,0 -115.001098,32.699785,0 -114.973838,32.701656,0 -114.970498,32.701906,0 -114.960384,32.702576,0 -114.955892,32.702940,0 -114.952571,32.703114,0 -114.946773,32.703513,0 -114.943022,32.703736,0 -114.936250,32.704208,0 -114.928203,32.704699,0 -114.912264,32.705790,0 -114.890392,32.707228,0 -114.878094,32.708051,0 -114.875410,32.708318,0 -114.873895,32.708428,0 -114.872303,32.708500,0 -114.869269,32.708728,0 -114.852042,32.709887,0 -114.826012,32.711601,0 -114.801548,32.713304,0 -114.796409,32.713617,0 -114.760875,32.716018,0 -114.750629,32.716654,0 -114.747643,32.716919,0 -114.736089,32.717716,0 -114.726146,32.718334,0 -114.719476,32.718794,0 -114.718808,32.719679,0 -114.717589,32.721459,0 -114.717384,32.721902,0 -114.717309,32.722285,0 -114.716763,32.723921,0 -114.716101,32.726198,0 -114.715712,32.727329,0 -114.715131,32.728917,0 -114.714859,32.729463,0 -114.714551,32.729948,0 -114.713388,32.731573,0 -114.712945,32.732123,0 -114.712436,32.732595,0 -114.711932,32.732997,0 -114.711358,32.733420,0 -114.710390,32.734029,0 -114.709694,32.734579,0 -114.709225,32.735054,0 -114.708948,32.735482,0 -114.707652,32.738141,0 -114.707074,32.739239,0 -114.704956,32.742352,0 -114.704323,32.743097,0 -114.703586,32.743835,0 -114.703283,32.744219,0 -114.702528,32.745013,0 -114.702010,32.745396,0 -114.701494,32.745546,0 -114.700954,32.745599,0 -114.700009,32.745424,0 -114.697626,32.744176,0 -114.697209,32.743855,0 -114.696690,32.743353,0 -114.696136,32.742756,0 -114.695311,32.742231,0 -114.692556,32.740591,0 -114.692014,32.740216,0 -114.691350,32.739645,0 -114.690232,32.738580,0 -114.689571,32.738070,0 -114.688585,32.737591,0 -114.687736,32.737486,0 -114.686264,32.737569,0 -114.685301,32.737574,0 -114.683908,32.737476,0 -114.681677,32.737195,0 -114.678636,32.736679,0 -114.677076,32.736376,0 -114.674501,32.735507,0 -114.673227,32.735236,0 -114.672013,32.735025,0 -114.670144,32.734612,0 -114.669368,32.734476,0 -114.667001,32.734175,0 -114.661574,32.733956,0 -114.658886,32.733803,0 -114.655795,32.733689,0 -114.654578,32.733609,0 -114.652911,32.733461,0 -114.651515,32.733297,0 -114.648492,32.732664,0 -114.646703,32.732336,0 -114.645346,32.732156,0 -114.642507,32.731904,0 -114.638315,32.731671,0 -114.637332,32.731592,0 -114.635657,32.731390,0 -114.633433,32.731063,0 -114.631424,32.730486,0 -114.629843,32.730116,0 -114.628735,32.729973,0 -114.625994,32.729387,0 -114.624773,32.729398,0 -114.624416,32.729360,0 -114.624059,32.729245,0 -114.623637,32.729195,0 -114.622268,32.729105,0 -114.621742,32.729116,0 -114.621016,32.728968,0 -114.619886,32.728662,0 -114.619328,32.728570,0 -114.618901,32.728438,0 -114.618238,32.728374,0 -114.617655,32.728363,0 -114.617006,32.728398,0 -114.616545,32.728463,0 -114.616104,32.728595,0 -114.615884,32.728618,0 -114.615838,32.728723,0 -114.615800,32.728941,0 -114.615696,32.729200,0 -114.615458,32.730237,0 -114.615427,32.731003,0 -114.615267,32.732008,0 -114.614859,32.733132,0 -114.614795,32.733444,0 -114.614758,32.733824,0 -114.614790,32.734152,0 -114.614869,32.734437,0 -114.615090,32.734617,0 -114.608660,32.734709,0 -114.596432,32.734973,0 -114.581595,32.735208,0 -114.581701,32.742485,0 -114.564448,32.742471,0 -114.564470,32.749683,0 -114.562938,32.749727,0 -114.552570,32.749823,0 -114.544790,32.749860,0 -114.538948,32.749968,0 -114.539053,32.757002,0 -114.526810,32.757193,0 -114.526812,32.757577,0 -114.526902,32.758511,0 -114.527126,32.760104,0 -114.527123,32.761056,0 -114.527447,32.763024,0 -114.527746,32.764092,0 -114.528654,32.767062,0 -114.529037,32.768046,0 -114.529367,32.768831,0 -114.531071,32.772223,0 -114.531877,32.774234,0 -114.532195,32.775408,0 -114.532563,32.777311,0 -114.532621,32.778388,0 -114.532553,32.779131,0 -114.532268,32.780326,0 -114.532122,32.781257,0 -114.531996,32.781834,0 -114.531652,32.783238,0 -114.531513,32.784086,0 -114.531471,32.784817,0 -114.531654,32.787307,0 -114.531717,32.789143,0 -114.531709,32.790239,0 -114.531597,32.791240,0 -114.531401,32.792103,0 -114.531002,32.793266,0 -114.530643,32.794105,0 -114.530146,32.794938,0 -114.529680,32.795521,0 -114.529045,32.796139,0 -114.528449,32.796630,0 -114.527216,32.797510,0 -114.525361,32.798776,0 -114.524622,32.799341,0 -114.523273,32.800462,0 -114.522572,32.801136,0 -114.522009,32.801750,0 -114.521493,32.802515,0 -114.519279,32.806215,0 -114.517611,32.808668,0 -114.516330,32.810258,0 -114.514439,32.812286,0 -114.513933,32.812746,0 -114.512858,32.813841,0 -114.511997,32.814853,0 -114.511226,32.815671,0 -114.510941,32.816017,0 -114.500640,32.820357,0 -114.498258,32.821598,0 -114.494304,32.823382,0 -114.479478,32.835920,0 -114.469182,32.844557,0 -114.465535,32.875420,0 -114.465266,32.876867,0 -114.465189,32.878225,0 -114.465065,32.879437,0 -114.464793,32.882902,0 -114.464474,32.886143,0 -114.464353,32.888390,0 -114.464221,32.889630,0 -114.463973,32.892943,0 -114.463502,32.896986,0 -114.463257,32.899727,0 -114.463156,32.900543,0 -114.463063,32.903222,0 -114.462975,32.904259,0 -114.462848,32.907205,0 -114.463027,32.909440,0 -114.463137,32.909900,0 -114.463344,32.910450,0 -114.463637,32.911434,0 -114.464080,32.912147,0 -114.464728,32.912989,0 -114.465613,32.913986,0 -114.466465,32.914806,0 -114.467229,32.915478,0 -114.468856,32.916784,0 -114.471814,32.919235,0 -114.473491,32.920561,0 -114.475327,32.922127,0 -114.476924,32.923840,0 -114.477961,32.925221,0 -114.478217,32.925649,0 -114.478782,32.926919,0 -114.479068,32.927932,0 -114.480326,32.931273,0 -114.480586,32.932242,0 -114.481009,32.934367,0 -114.481097,32.935007,0 -114.481097,32.935452,0 -114.480888,32.936667,0 -114.480764,32.937118,0 -114.480489,32.937877,0 -114.480081,32.938721,0 -114.479389,32.939670,0 -114.478796,32.940368,0 -114.476994,32.942308,0 -114.474792,32.944548,0 -114.473216,32.946353,0 -114.472721,32.947015,0 -114.471730,32.948403,0 -114.471254,32.949153,0 -114.470868,32.949859,0 -114.470000,32.951290,0 -114.469268,32.952722,0 -114.468557,32.954402,0 -114.467783,32.956896,0 -114.467527,32.957891,0 -114.467368,32.958679,0 -114.467275,32.959437,0 -114.467319,32.961616,0 -114.467118,32.964622,0 -114.467351,32.966799,0 -114.467657,32.968914,0 -114.467962,32.969920,0 -114.468841,32.971890,0 -114.469271,32.972640,0 -114.469710,32.973265,0 -114.470034,32.973562,0 -114.470541,32.973893,0 -114.471185,32.974197,0 -114.472121,32.974556,0 -114.473099,32.974861,0 -114.474228,32.975066,0 -114.475289,32.975175,0 -114.475994,32.975160,0 -114.476728,32.975059,0 -114.477964,32.974714,0 -114.478551,32.974494,0 -114.479545,32.974216,0 -114.480062,32.973936,0 -114.480402,32.973623,0 -114.480682,32.973216,0 -114.481210,32.972291,0 -114.481449,32.972094,0 -114.481826,32.971947,0 -114.482509,32.971783,0 -114.483885,32.971559,0 -114.484741,32.971316,0 -114.486249,32.970825,0 -114.487422,32.970401,0 -114.487997,32.970135,0 -114.488800,32.969872,0 -114.489486,32.969857,0 -114.490149,32.969938,0 -114.491094,32.970198,0 -114.491672,32.970543,0 -114.492234,32.970989,0 -114.492769,32.971516,0 -114.493503,32.972533,0 -114.493938,32.973587,0 -114.494194,32.974493,0 -114.494756,32.975907,0 -114.495021,32.976722,0 -114.495332,32.977936,0 -114.495661,32.979504,0 -114.496074,32.982095,0 -114.496335,32.984232,0 -114.496383,32.985069,0 -114.496693,32.988276,0 -114.496941,32.989981,0 -114.497307,32.991853,0 -114.497544,32.992732,0 -114.497998,32.995469,0 -114.498183,32.996336,0 -114.498525,32.997668,0 -114.498753,32.998164,0 -114.498963,32.998822,0 -114.499231,32.999966,0 -114.499339,33.000298,0 -114.500473,33.006048,0 -114.500783,33.006916,0 -114.501138,33.007624,0 -114.501622,33.008713,0 -114.501925,33.009686,0 -114.502208,33.010362,0 -114.502801,33.011523,0 -114.503220,33.012264,0 -114.503774,33.013069,0 -114.504198,33.014289,0 -114.504627,33.015160,0 -114.505208,33.015992,0 -114.506089,33.017486,0 -114.506951,33.018675,0 -114.508237,33.020577,0 -114.509053,33.021430,0 -114.510454,33.022787,0 -114.510727,33.023191,0 -114.511516,33.023988,0 -114.512270,33.024609,0 -114.513638,33.025626,0 -114.516364,33.027782,0 -114.517228,33.028409,0 -114.518081,33.028958,0 -114.519149,33.029521,0 -114.522058,33.030523,0 -114.523711,33.030867,0 -114.527322,33.031703,0 -114.528351,33.031851,0 -114.529899,33.032223,0 -114.531946,33.032435,0 -114.535783,33.033001,0 -114.539889,33.033495,0 -114.540710,33.033626,0 -114.542167,33.033667,0 -114.544685,33.033838,0 -114.548531,33.033873,0 -114.549845,33.033822,0 -114.551352,33.033883,0 -114.552265,33.033965,0 -114.555275,33.034424,0 -114.556605,33.034539,0 -114.557524,33.034687,0 -114.558650,33.034919,0 -114.559744,33.035087,0 -114.560853,33.035203,0 -114.562582,33.035228,0 -114.564138,33.035213,0 -114.564718,33.035248,0 -114.565251,33.035344,0 -114.568901,33.036215,0 -114.570387,33.036508,0 -114.571220,33.036627,0 -114.572506,33.036669,0 -114.573971,33.036620,0 -114.575457,33.036363,0 -114.576533,33.036050,0 -114.577637,33.035605,0 -114.578184,33.035332,0 -114.579280,33.034607,0 -114.579624,33.034298,0 -114.580489,33.033362,0 -114.582543,33.030727,0 -114.582984,33.030029,0 -114.584233,33.028371,0 -114.584986,33.027825,0 -114.585731,33.027386,0 -114.588159,33.026644,0 -114.588796,33.026491,0 -114.591425,33.026151,0 -114.595787,33.025816,0 -114.596899,33.025660,0 -114.598241,33.025537,0 -114.599378,33.025473,0 -114.601017,33.025447,0 -114.602465,33.025585,0 -114.603183,33.025610,0 -114.604806,33.025819,0 -114.606627,33.025902,0 -114.607806,33.026046,0 -114.608778,33.026119,0 -114.611276,33.026403,0 -114.613236,33.026691,0 -114.614123,33.026778,0 -114.615406,33.026963,0 -114.616285,33.027180,0 -114.616982,33.027265,0 -114.618173,33.027566,0 -114.620993,33.028108,0 -114.622059,33.028349,0 -114.623009,33.028609,0 -114.623716,33.028852,0 -114.624578,33.029275,0 -114.625450,33.029580,0 -114.626102,33.029890,0 -114.626475,33.030082,0 -114.626962,33.030438,0 -114.628016,33.031116,0 -114.628552,33.031560,0 -114.629029,33.032119,0 -114.631489,33.035489,0 -114.632093,33.036413,0 -114.632649,33.037147,0 -114.633555,33.038490,0 -114.634465,33.039715,0 -114.635573,33.041077,0 -114.635926,33.041582,0 -114.636698,33.042532,0 -114.637348,33.043203,0 -114.638604,33.044386,0 -114.639036,33.044838,0 -114.639481,33.045370,0 -114.639967,33.046026,0 -114.640393,33.046430,0 -114.640907,33.046819,0 -114.642466,33.047649,0 -114.643949,33.048368,0 -114.644753,33.048843,0 -114.645174,33.048982,0 -114.645637,33.048980,0 -114.645946,33.048932,0 -114.646818,33.048480,0 -114.647211,33.048228,0 -114.647644,33.047851,0 -114.648681,33.046858,0 -114.650185,33.044916,0 -114.650612,33.044263,0 -114.651230,33.043060,0 -114.651407,33.042533,0 -114.652501,33.041064,0 -114.653047,33.039856,0 -114.654330,33.037841,0 -114.654947,33.036959,0 -114.655928,33.035824,0 -114.656431,33.035303,0 -114.657574,33.034214,0 -114.658087,33.033816,0 -114.658769,33.033366,0 -114.659197,33.033027,0 -114.659837,33.032725,0 -114.660584,33.032629,0 -114.661824,33.032848,0 -114.662338,33.032989,0 -114.663734,33.033513,0 -114.664399,33.033805,0 -114.666164,33.034767,0 -114.667684,33.035859,0 -114.668528,33.036572,0 -114.669483,33.037270,0 -114.670552,33.037863,0 -114.671156,33.038537,0 -114.671637,33.039189,0 -114.671992,33.039833,0 -114.672776,33.040919,0 -114.673631,33.042490,0 -114.674084,33.043473,0 -114.674372,33.044209,0 -114.674672,33.045303,0 -114.674966,33.046837,0 -114.674984,33.047727,0 -114.674767,33.050677,0 -114.674640,33.051867,0 -114.674079,33.055799,0 -114.674047,33.056563,0 -114.674215,33.057188,0 -114.674470,33.057670,0 -114.674870,33.058150,0 -114.675368,33.058605,0 -114.675997,33.059034,0 -114.676305,33.059303,0 -114.677205,33.060127,0 -114.677656,33.060614,0 -114.678029,33.061080,0 -114.678737,33.062072,0 -114.679522,33.062795,0 -114.680006,33.063304,0 -114.680769,33.064428,0 -114.681495,33.065172,0 -114.682770,33.066689,0 -114.683482,33.067449,0 -114.684039,33.068181,0 -114.685899,33.070077,0 -114.686612,33.071084,0 -114.687617,33.072717,0 -114.687972,33.073454,0 -114.688688,33.075149,0 -114.688909,33.075928,0 -114.689109,33.077155,0 -114.689205,33.078029,0 -114.689150,33.080530,0 -114.689085,33.081057,0 -114.688975,33.081494,0 -114.688611,33.082529,0 -114.688478,33.083135,0 -114.688577,33.083643,0 -114.688809,33.084027,0 -114.689141,33.084351,0 -114.690855,33.085321,0 -114.692289,33.085941,0 -114.693009,33.086144,0 -114.693419,33.086225,0 -114.693972,33.086289,0 -114.695218,33.086382,0 -114.696707,33.086380,0 -114.698400,33.086337,0 -114.699863,33.086353,0 -114.700718,33.086405,0 -114.703338,33.086857,0 -114.704122,33.087130,0 -114.704812,33.087208,0 -114.705382,33.087411,0 -114.705831,33.087760,0 -114.706252,33.088206,0 -114.706573,33.088650,0 -114.706945,33.089245,0 -114.707254,33.089954,0 -114.707712,33.091498,0 -114.707814,33.092158,0 -114.707968,33.094189,0 -114.707954,33.094762,0 -114.707668,33.097634,0 -114.707151,33.100631,0 -114.706690,33.102921,0 -114.706516,33.103595,0 -114.706192,33.104583,0 -114.705417,33.107720,0 -114.704120,33.111844,0 -114.703938,33.112369,0 -114.703705,33.112811,0 -114.703336,33.114015,0 -114.702773,33.115621,0 -114.700664,33.120650,0 -114.700145,33.122141,0 -114.699862,33.122717,0 -114.699513,33.123910,0 -114.699190,33.124829,0 -114.699103,33.125178,0 -114.699049,33.125618,0 -114.698816,33.126177,0 -114.697742,33.128458,0 -114.696657,33.131130,0 -114.696159,33.132034,0 -114.695629,33.132734,0 -114.695299,33.133046,0 -114.693580,33.134464,0 -114.693006,33.134994,0 -114.691962,33.136081,0 -114.690809,33.137097,0 -114.688874,33.139250,0 -114.688324,33.139990,0 -114.687541,33.141162,0 -114.686504,33.143124,0 -114.685983,33.144204,0 -114.685279,33.145410,0 -114.684998,33.146029,0 -114.684688,33.147029,0 -114.684234,33.148779,0 -114.683354,33.151298,0 -114.683012,33.152182,0 -114.682518,33.154499,0 -114.682350,33.154993,0 -114.681579,33.156450,0 -114.680751,33.157485,0 -114.680029,33.158471,0 -114.679790,33.158847,0 -114.679002,33.160503,0 -114.678815,33.160976,0 -114.678536,33.162816,0 -114.678555,33.163553,0 -114.678648,33.164087,0 -114.679370,33.166468,0 -114.679521,33.167216,0 -114.679629,33.168164,0 -114.679627,33.169087,0 -114.679558,33.170270,0 -114.679435,33.171451,0 -114.679227,33.172617,0 -114.679136,33.173865,0 -114.679048,33.174298,0 -114.678833,33.174884,0 -114.678197,33.176360,0 -114.677450,33.177956,0 -114.676819,33.179619,0 -114.676523,33.180436,0 -114.676017,33.182104,0 -114.675790,33.183308,0 -114.675514,33.186029,0 -114.675430,33.188058,0 -114.675436,33.188800,0 -114.675783,33.191529,0 -114.676061,33.192526,0 -114.676097,33.192862,0 -114.676645,33.194364,0 -114.676796,33.195013,0 -114.677222,33.196324,0 -114.677509,33.197015,0 -114.678158,33.198954,0 -114.678259,33.199368,0 -114.678457,33.201239,0 -114.678492,33.202317,0 -114.678476,33.204078,0 -114.678381,33.205038,0 -114.678285,33.205456,0 -114.678145,33.206434,0 -114.677185,33.208303,0 -114.676689,33.209560,0 -114.676468,33.210037,0 -114.676200,33.211431,0 -114.676092,33.211700,0 -114.675253,33.214599,0 -114.674865,33.216165,0 -114.674670,33.216696,0 -114.674098,33.217837,0 -114.673789,33.218588,0 -114.673505,33.219494,0 -114.673347,33.220250,0 -114.673046,33.222344,0 -114.673096,33.223254,0 -114.673176,33.223802,0 -114.673461,33.224784,0 -114.674350,33.226332,0 -114.674936,33.227181,0 -114.675377,33.227658,0 -114.675819,33.227996,0 -114.676019,33.228249,0 -114.676661,33.228897,0 -114.678725,33.231386,0 -114.680052,33.232854,0 -114.682180,33.235413,0 -114.682735,33.236272,0 -114.683111,33.236757,0 -114.684911,33.238765,0 -114.685856,33.239893,0 -114.686943,33.241122,0 -114.687338,33.241670,0 -114.687439,33.242006,0 -114.687819,33.242757,0 -114.688445,33.243657,0 -114.688939,33.244606,0 -114.689265,33.245417,0 -114.689411,33.245902,0 -114.689474,33.246320,0 -114.689392,33.246693,0 -114.689205,33.247017,0 -114.688914,33.247302,0 -114.688611,33.247481,0 -114.687006,33.248366,0 -114.686118,33.248767,0 -114.684633,33.249490,0 -114.684159,33.249749,0 -114.683692,33.249943,0 -114.682838,33.250236,0 -114.682181,33.250776,0 -114.680896,33.251753,0 -114.679402,33.253253,0 -114.678478,33.254062,0 -114.677156,33.254686,0 -114.676570,33.255044,0 -114.675880,33.255348,0 -114.673688,33.255907,0 -114.673206,33.256231,0 -114.672736,33.256894,0 -114.672490,33.257311,0 -114.672188,33.258078,0 -114.672224,33.259779,0 -114.672735,33.261783,0 -114.673210,33.262709,0 -114.673758,33.263545,0 -114.674493,33.264760,0 -114.674884,33.265593,0 -114.675251,33.266228,0 -114.675664,33.266836,0 -114.675978,33.267502,0 -114.676326,33.268803,0 -114.676602,33.269504,0 -114.677286,33.270482,0 -114.678069,33.271416,0 -114.678833,33.272240,0 -114.679723,33.272989,0 -114.680770,33.273744,0 -114.681798,33.274378,0 -114.682565,33.274918,0 -114.683518,33.275391,0 -114.685062,33.276071,0 -114.686502,33.276840,0 -114.687114,33.277223,0 -114.689194,33.278150,0 -114.689853,33.278369,0 -114.690820,33.278636,0 -114.695108,33.279939,0 -114.697010,33.280407,0 -114.697566,33.280510,0 -114.698239,33.280708,0 -114.699367,33.281100,0 -114.700439,33.281361,0 -114.701752,33.281737,0 -114.706047,33.282441,0 -114.707361,33.282605,0 -114.710550,33.283218,0 -114.711878,33.283425,0 -114.713661,33.283855,0 -114.714205,33.283957,0 -114.714687,33.284138,0 -114.717196,33.284793,0 -114.719363,33.285565,0 -114.720581,33.286155,0 -114.722146,33.287050,0 -114.722353,33.287207,0 -114.722743,33.287554,0 -114.723521,33.288380,0 -114.724122,33.289318,0 -114.725256,33.291345,0 -114.725875,33.292354,0 -114.726923,33.294615,0 -114.727214,33.295014,0 -114.727568,33.295708,0 -114.728055,33.296822,0 -114.728706,33.297959,0 -114.728981,33.298622,0 -114.729227,33.299019,0 -114.730010,33.300108,0 -114.730715,33.301068,0 -114.731204,33.301959,0 -114.731391,33.302388,0 -114.731450,33.302966,0 -114.731427,33.303428,0 -114.731344,33.303992,0 -114.731195,33.304404,0 -114.730791,33.304990,0 -114.730256,33.305544,0 -114.728962,33.306606,0 -114.727135,33.308047,0 -114.724940,33.309418,0 -114.724499,33.309773,0 -114.723993,33.310627,0 -114.723649,33.311698,0 -114.723324,33.312175,0 -114.722842,33.312633,0 -114.722380,33.312987,0 -114.718828,33.315252,0 -114.717378,33.316299,0 -114.716282,33.317229,0 -114.715083,33.317934,0 -114.711966,33.319291,0 -114.711301,33.319654,0 -114.710681,33.320138,0 -114.708590,33.322478,0 -114.708151,33.323115,0 -114.707556,33.323810,0 -114.706492,33.325436,0 -114.705238,33.327771,0 -114.704486,33.329035,0 -114.703965,33.330155,0 -114.703657,33.330839,0 -114.703287,33.331864,0 -114.702952,33.332676,0 -114.702697,33.333235,0 -114.702158,33.334240,0 -114.701580,33.335631,0 -114.701007,33.336727,0 -114.700305,33.338989,0 -114.699889,33.340604,0 -114.699653,33.341340,0 -114.699483,33.342091,0 -114.699417,33.342728,0 -114.699455,33.343657,0 -114.699429,33.344279,0 -114.699268,33.345307,0 -114.699182,33.346220,0 -114.699156,33.346900,0 -114.699091,33.347379,0 -114.699074,33.347956,0 -114.698929,33.349353,0 -114.698469,33.350954,0 -114.698271,33.351766,0 -114.698167,33.352305,0 -114.698075,33.353140,0 -114.698086,33.353961,0 -114.698399,33.356234,0 -114.698675,33.357628,0 -114.698683,33.358160,0 -114.698818,33.359746,0 -114.698995,33.361126,0 -114.699203,33.361922,0 -114.700014,33.363472,0 -114.700451,33.364469,0 -114.701168,33.365657,0 -114.701399,33.366141,0 -114.702120,33.367462,0 -114.702637,33.368290,0 -114.703636,33.370139,0 -114.704972,33.372352,0 -114.705307,33.373010,0 -114.706062,33.374296,0 -114.706372,33.374733,0 -114.706785,33.375136,0 -114.707063,33.375739,0 -114.707307,33.376478,0 -114.707430,33.376874,0 -114.707512,33.377399,0 -114.707483,33.378393,0 -114.707108,33.379966,0 -114.707027,33.380476,0 -114.706999,33.380995,0 -114.707166,33.382259,0 -114.707403,33.382984,0 -114.707894,33.383743,0 -114.708640,33.384570,0 -114.709098,33.384955,0 -114.710056,33.385632,0 -114.710807,33.386218,0 -114.711511,33.386788,0 -114.712246,33.387446,0 -114.712716,33.387984,0 -114.714886,33.390177,0 -114.716452,33.391703,0 -114.718514,33.394085,0 -114.719409,33.395003,0 -114.721895,33.397937,0 -114.723508,33.399758,0 -114.724235,33.400635,0 -114.724943,33.401722,0 -114.725407,33.402606,0 -114.725552,33.403658,0 -114.725582,33.404571,0 -114.725549,33.404983,0 -114.725383,33.405422,0 -114.725129,33.405857,0 -114.724732,33.406336,0 -114.724220,33.406791,0 -114.722853,33.407738,0 -114.722081,33.408075,0 -114.721016,33.408260,0 -114.719725,33.408289,0 -114.719083,33.408225,0 -114.716792,33.407631,0 -114.715775,33.407416,0 -114.713543,33.407168,0 -114.712403,33.407156,0 -114.709548,33.407355,0 -114.707130,33.407750,0 -114.705908,33.407889,0 -114.704059,33.407959,0 -114.702947,33.408128,0 -114.702440,33.408274,0 -114.701833,33.408542,0 -114.701030,33.409032,0 -114.700064,33.409560,0 -114.698441,33.410623,0 -114.697796,33.411114,0 -114.697348,33.411631,0 -114.697089,33.412140,0 -114.696736,33.413263,0 -114.696312,33.414240,0 -114.696009,33.414714,0 -114.695522,33.415154,0 -114.694965,33.415554,0 -114.694409,33.415861,0 -114.693127,33.416421,0 -114.692343,33.416698,0 -114.690959,33.417089,0 -114.690115,33.417368,0 -114.689177,33.417754,0 -114.687743,33.418059,0 -114.686784,33.418181,0 -114.685253,33.418036,0 -114.682796,33.417899,0 -114.681095,33.417768,0 -114.680322,33.417742,0 -114.679653,33.417751,0 -114.678767,33.417806,0 -114.678084,33.417890,0 -114.677146,33.417933,0 -114.676336,33.418110,0 -114.675561,33.418195,0 -114.674094,33.418083,0 -114.672495,33.417772,0 -114.670849,33.417382,0 -114.669624,33.416972,0 -114.668061,33.416401,0 -114.667233,33.416133,0 -114.665198,33.415563,0 -114.664756,33.415410,0 -114.664275,33.415171,0 -114.662086,33.414397,0 -114.660647,33.413852,0 -114.659577,33.413568,0 -114.658712,33.413206,0 -114.657831,33.412992,0 -114.655743,33.412844,0 -114.654290,33.412692,0 -114.654015,33.412689,0 -114.652577,33.412820,0 -114.651268,33.413045,0 -114.650058,33.413331,0 -114.648732,33.413777,0 -114.647193,33.414456,0 -114.646075,33.414964,0 -114.644804,33.415679,0 -114.643146,33.416762,0 -114.641581,33.417726,0 -114.640320,33.418568,0 -114.636578,33.421368,0 -114.635640,33.422141,0 -114.633094,33.424791,0 -114.632714,33.425145,0 -114.631612,33.425887,0 -114.630492,33.426930,0 -114.630097,33.427369,0 -114.629358,33.428355,0 -114.628309,33.430116,0 -114.627669,33.431405,0 -114.627449,33.431980,0 -114.623249,33.435669,0 -114.622925,33.436300,0 -114.621852,33.438768,0 -114.621363,33.440080,0 -114.621151,33.440849,0 -114.620302,33.443037,0 -114.619552,33.445464,0 -114.619326,33.446893,0 -114.619435,33.448469,0 -114.619716,33.449777,0 -114.619929,33.451088,0 -114.620006,33.453008,0 -114.619916,33.454706,0 -114.619644,33.455922,0 -114.618969,33.457601,0 -114.617990,33.459306,0 -114.617037,33.460592,0 -114.615945,33.461843,0 -114.612837,33.465843,0 -114.610781,33.468209,0 -114.609647,33.469332,0 -114.608265,33.470592,0 -114.607617,33.471236,0 -114.606638,33.472366,0 -114.605746,33.473235,0 -114.604160,33.475123,0 -114.603667,33.475789,0 -114.603022,33.476792,0 -114.601554,33.478629,0 -114.600155,33.479921,0 -114.599498,33.480708,0 -114.598675,33.481588,0 -114.597116,33.483072,0 -114.596612,33.483824,0 -114.596180,33.484674,0 -114.595836,33.486108,0 -114.595546,33.487626,0 -114.594805,33.489938,0 -114.594272,33.491079,0 -114.593574,33.492356,0 -114.592249,33.494045,0 -114.591385,33.495989,0 -114.587902,33.501555,0 -114.587337,33.502139,0 -114.587175,33.502604,0 -114.584457,33.504769,0 -114.582381,33.505858,0 -114.581375,33.506314,0 -114.580284,33.506667,0 -114.579417,33.506903,0 -114.578385,33.507117,0 -114.577545,33.507256,0 -114.575846,33.507383,0 -114.574225,33.507622,0 -114.573817,33.507712,0 -114.573226,33.507894,0 -114.572029,33.508329,0 -114.570161,33.509065,0 -114.569232,33.509565,0 -114.567636,33.510704,0 -114.566778,33.511413,0 -114.566170,33.511976,0 -114.565674,33.512550,0 -114.564788,33.513423,0 -114.563548,33.514460,0 -114.562933,33.514935,0 -114.562380,33.515309,0 -114.561931,33.515670,0 -114.561515,33.516086,0 -114.561090,33.516632,0 -114.560912,33.516917,0 -114.560415,33.518255,0 -114.560325,33.518797,0 -114.560333,33.519561,0 -114.560283,33.519973,0 -114.560313,33.520374,0 -114.560420,33.520859,0 -114.560673,33.524452,0 -114.560610,33.525720,0 -114.560030,33.526980,0 -114.559756,33.528456,0 -114.559659,33.529924,0 -114.559576,33.530357,0 -114.559161,33.531358,0 -114.558888,33.531847,0 -114.558424,33.532343,0 -114.557349,33.533221,0 -114.556657,33.533674,0 -114.556262,33.533907,0 -114.554483,33.534825,0 -114.553989,33.535113,0 -114.553276,33.535589,0 -114.550904,33.536925,0 -114.549605,33.537797,0 -114.548505,33.538487,0 -114.547771,33.539061,0 -114.546070,33.540177,0 -114.544634,33.540965,0 -114.543038,33.541960,0 -114.541430,33.542819,0 -114.540547,33.543324,0 -114.538032,33.544442,0 -114.536075,33.545418,0 -114.533492,33.546809,0 -114.532088,33.547619,0 -114.531382,33.548187,0 -114.530903,33.548875,0 -114.530537,33.549576,0 -114.529914,33.550326,0 -114.529267,33.550678,0 -114.528104,33.551024,0 -114.526093,33.551516,0 -114.525579,33.551668,0 -114.524810,33.551966,0 -114.524346,33.552293,0 -114.524114,33.552725,0 -114.524058,33.553031,0 -114.524062,33.553432,0 -114.524221,33.553972,0 -114.524505,33.554474,0 -114.524960,33.555058,0 -114.525935,33.556145,0 -114.526304,33.556675,0 -114.528395,33.559203,0 -114.529456,33.560259,0 -114.530387,33.561082,0 -114.531167,33.561896,0 -114.531655,33.562359,0 -114.532071,33.562895,0 -114.532590,33.564386,0 -114.532863,33.565430,0 -114.533256,33.566218,0 -114.533866,33.567046,0 -114.535542,33.569138,0 -114.535840,33.569551,0 -114.536635,33.570879,0 -114.536890,33.571904,0 -114.536976,33.572487,0 -114.536971,33.573183,0 -114.537011,33.573899,0 -114.537241,33.574608,0 -114.537290,33.574999,0 -114.537496,33.575483,0 -114.537749,33.575851,0 -114.538959,33.577183,0 -114.539223,33.577635,0 -114.539875,33.579710,0 -114.540167,33.580888,0 -114.540361,33.582107,0 -114.540345,33.583238,0 -114.540405,33.583888,0 -114.540352,33.585501,0 -114.540221,33.586380,0 -114.540023,33.587253,0 -114.539972,33.587779,0 -114.540100,33.588927,0 -114.540432,33.590094,0 -114.540493,33.590582,0 -114.540464,33.590951,0 -114.540317,33.591368,0 -114.539910,33.592036,0 -114.539273,33.592862,0 -114.538809,33.593396,0 -114.537346,33.594949,0 -114.537233,33.595129,0 -114.536858,33.595995,0 -114.536652,33.596355,0 -114.536127,33.596935,0 -114.534477,33.599693,0 -114.533280,33.601538,0 -114.532800,33.602403,0 -114.532402,33.602954,0 -114.531336,33.604103,0 -114.529429,33.605908,0 -114.528925,33.606566,0 -114.528261,33.607341,0 -114.527718,33.607898,0 -114.527032,33.608338,0 -114.526715,33.608600,0 -114.526147,33.608976,0 -114.524513,33.609730,0 -114.523762,33.610017,0 -114.523215,33.610265,0 -114.522787,33.610482,0 -114.522390,33.610738,0 -114.522132,33.611043,0 -114.521872,33.611428,0 -114.521704,33.611778,0 -114.521718,33.612586,0 -114.521819,33.613091,0 -114.522103,33.613664,0 -114.522402,33.614022,0 -114.522641,33.614381,0 -114.523063,33.614862,0 -114.523840,33.615443,0 -114.524709,33.615954,0 -114.526112,33.616968,0 -114.526848,33.617576,0 -114.527089,33.617819,0 -114.527374,33.618199,0 -114.527770,33.618806,0 -114.528146,33.619296,0 -114.528314,33.619649,0 -114.528550,33.620558,0 -114.528792,33.621300,0 -114.529161,33.621979,0 -114.530369,33.623495,0 -114.530635,33.623899,0 -114.531187,33.624918,0 -114.530997,33.626611,0 -114.531017,33.627811,0 -114.530898,33.628426,0 -114.530620,33.629036,0 -114.530314,33.629375,0 -114.529753,33.629535,0 -114.529056,33.629602,0 -114.527788,33.629994,0 -114.526948,33.630338,0 -114.526028,33.630811,0 -114.525531,33.631137,0 -114.524871,33.631808,0 -114.524020,33.633162,0 -114.523797,33.633770,0 -114.523672,33.634943,0 -114.523662,33.635783,0 -114.523710,33.636699,0 -114.523871,33.637696,0 -114.524345,33.639345,0 -114.524853,33.640473,0 -114.525430,33.641260,0 -114.526288,33.642228,0 -114.527193,33.643013,0 -114.528101,33.643685,0 -114.528872,33.644133,0 -114.529514,33.644449,0 -114.530062,33.644828,0 -114.530622,33.645286,0 -114.531170,33.645856,0 -114.532149,33.647036,0 -114.533399,33.648900,0 -114.533627,33.649700,0 -114.533649,33.650143,0 -114.533522,33.650828,0 -114.533285,33.651461,0 -114.533023,33.651992,0 -114.532499,33.652912,0 -114.531831,33.653745,0 -114.531241,33.654147,0 -114.529210,33.655061,0 -114.528013,33.655476,0 -114.526891,33.655823,0 -114.525861,33.656037,0 -114.525130,33.656081,0 -114.524202,33.656028,0 -114.523242,33.656054,0 -114.521906,33.655951,0 -114.520690,33.655814,0 -114.519352,33.655940,0 -114.517986,33.656298,0 -114.516863,33.656690,0 -114.516028,33.657102,0 -114.515399,33.657494,0 -114.514854,33.657953,0 -114.514399,33.658532,0 -114.514144,33.658982,0 -114.513967,33.659508,0 -114.514011,33.660192,0 -114.514215,33.660782,0 -114.514520,33.661269,0 -114.514863,33.661722,0 -114.515188,33.662072,0 -114.515704,33.662440,0 -114.516234,33.662725,0 -114.517271,33.662992,0 -114.518579,33.663124,0 -114.519251,33.663090,0 -114.520096,33.663003,0 -114.520688,33.662903,0 -114.521690,33.662835,0 -114.522794,33.662882,0 -114.523690,33.662992,0 -114.525001,33.663437,0 -114.525938,33.663831,0 -114.526887,33.664327,0 -114.529591,33.666228,0 -114.530300,33.666916,0 -114.530878,33.667658,0 -114.531305,33.668300,0 -114.531651,33.669134,0 -114.531820,33.669955,0 -114.531903,33.670715,0 -114.531932,33.671707,0 -114.531897,33.672405,0 -114.531699,33.673735,0 -114.531232,33.675421,0 -114.530712,33.677701,0 -114.529802,33.680160,0 -114.529217,33.681230,0 -114.528421,33.682341,0 -114.527735,33.683028,0 -114.525906,33.684659,0 -114.524294,33.685725,0 -114.523629,33.686271,0 -114.522886,33.686707,0 -114.521927,33.687145,0 -114.521203,33.687633,0 -114.520845,33.687923,0 -114.520149,33.688340,0 -114.516767,33.689877,0 -114.515464,33.690355,0 -114.514900,33.690644,0 -114.514206,33.690934,0 -114.513037,33.691224,0 -114.511576,33.691734,0 -114.510157,33.691986,0 -114.509043,33.692126,0 -114.507928,33.692322,0 -114.506072,33.692781,0 -114.505331,33.692993,0 -114.503981,33.693573,0 -114.503345,33.693925,0 -114.502062,33.694526,0 -114.501054,33.695058,0 -114.500517,33.695386,0 -114.500033,33.695586,0 -114.498316,33.695998,0 -114.497741,33.696208,0 -114.497271,33.696468,0 -114.496945,33.696734,0 -114.496744,33.696965,0 -114.496605,33.697189,0 -114.496547,33.697524,0 -114.496484,33.698954,0 -114.496412,33.699532,0 -114.496268,33.700020,0 -114.495451,33.701676,0 -114.495288,33.702656,0 -114.495174,33.702868,0 -114.494932,33.703902,0 -114.494878,33.704550,0 -114.494740,33.705077,0 -114.494585,33.705957,0 -114.494454,33.706435,0 -114.494381,33.707008,0 -114.494176,33.707771,0 -114.494142,33.709456,0 -114.494180,33.710164,0 -114.494372,33.711734,0 -114.494593,33.712546,0 -114.494737,33.713230,0 -114.494833,33.714029,0 -114.495191,33.715529,0 -114.495383,33.716488,0 -114.495682,33.717367,0 -114.495892,33.718144,0 -114.496211,33.718951,0 -114.496542,33.719426,0 -114.496925,33.719838,0 -114.497401,33.720238,0 -114.497991,33.720621,0 -114.498939,33.721136,0 -114.500120,33.722091,0 -114.501594,33.723358,0 -114.502159,33.724041,0 -114.502483,33.724583,0 -114.502784,33.725262,0 -114.503287,33.726704,0 -114.503640,33.727531,0 -114.504340,33.728567,0 -114.504905,33.729254,0 -114.505439,33.729781,0 -114.506221,33.730449,0 -114.508505,33.731881,0 -114.509585,33.732412,0 -114.511166,33.733036,0 -114.511565,33.733281,0 -114.511935,33.733674,0 -114.512135,33.734122,0 -114.512248,33.734565,0 -114.512213,33.734789,0 -114.511881,33.735603,0 -114.511571,33.736236,0 -114.510564,33.737825,0 -114.509767,33.739433,0 -114.509525,33.739849,0 -114.508983,33.740643,0 -114.507888,33.742433,0 -114.507227,33.743704,0 -114.506670,33.744646,0 -114.506243,33.745602,0 -114.505214,33.749155,0 -114.504768,33.750518,0 -114.504533,33.751131,0 -114.504462,33.751404,0 -114.504423,33.752524,0 -114.504258,33.753977,0 -114.504235,33.756793,0 -114.504372,33.758357,0 -114.504626,33.759632,0 -114.505006,33.761922,0 -114.505458,33.763855,0 -114.506302,33.766336,0 -114.506694,33.767230,0 -114.507370,33.769089,0 -114.507710,33.769912,0 -114.509363,33.773179,0 -114.510340,33.775519,0 -114.511144,33.777625,0 -114.511632,33.778708,0 -114.512153,33.779731,0 -114.513817,33.782701,0 -114.515083,33.784757,0 -114.515611,33.785780,0 -114.516769,33.788375,0 -114.517262,33.789870,0 -114.517604,33.791368,0 -114.517831,33.793353,0 -114.517938,33.794018,0 -114.518274,33.795484,0 -114.518513,33.796112,0 -114.519062,33.797372,0 -114.519437,33.798530,0 -114.519809,33.799396,0 -114.520345,33.800384,0 -114.521144,33.801719,0 -114.521519,33.802437,0 -114.523379,33.806667,0 -114.524810,33.809446,0 -114.526319,33.811621,0 -114.527352,33.813051,0 -114.527809,33.813623,0 -114.528039,33.814009,0 -114.528139,33.814271,0 -114.528135,33.814543,0 -114.528085,33.814813,0 -114.527837,33.815425,0 -114.527634,33.815723,0 -114.527312,33.816105,0 -114.526024,33.816786,0 -114.524123,33.817884,0 -114.523442,33.818418,0 -114.522780,33.819031,0 -114.522196,33.819628,0 -114.521799,33.820200,0 -114.521128,33.821288,0 -114.520411,33.822786,0 -114.520226,33.823535,0 -114.520017,33.824976,0 -114.519978,33.825388,0 -114.520001,33.825862,0 -114.520171,33.827028,0 -114.520423,33.828056,0 -114.521133,33.829641,0 -114.521840,33.831710,0 -114.522161,33.832505,0 -114.524126,33.836818,0 -114.524441,33.837178,0 -114.525154,33.837808,0 -114.525754,33.838527,0 -114.526714,33.840792,0 -114.527097,33.841888,0 -114.527474,33.842804,0 -114.528104,33.844109,0 -114.528816,33.845854,0 -114.529355,33.847352,0 -114.529805,33.848782,0 -114.529914,33.849327,0 -114.529987,33.851127,0 -114.530098,33.851997,0 -114.530225,33.852596,0 -114.530355,33.853471,0 -114.530399,33.854306,0 -114.530388,33.855307,0 -114.530283,33.856430,0 -114.530121,33.857010,0 -114.529515,33.857767,0 -114.529066,33.858206,0 -114.528647,33.858497,0 -114.527935,33.858916,0 -114.527338,33.859207,0 -114.526165,33.859669,0 -114.525595,33.859861,0 -114.524769,33.860058,0 -114.523730,33.860058,0 -114.523185,33.859956,0 -114.522726,33.859830,0 -114.521935,33.859497,0 -114.521503,33.859359,0 -114.518961,33.858698,0 -114.518431,33.858508,0 -114.517836,33.858348,0 -114.517061,33.858224,0 -114.516450,33.858167,0 -114.515883,33.858164,0 -114.515334,33.858311,0 -114.514098,33.859048,0 -114.513697,33.859378,0 -114.513147,33.859926,0 -114.512728,33.860228,0 -114.511084,33.861547,0 -114.510838,33.861727,0 -114.510398,33.861979,0 -114.509608,33.862387,0 -114.508919,33.862642,0 -114.508423,33.862751,0 -114.506008,33.863117,0 -114.505330,33.863414,0 -114.504892,33.863696,0 -114.504498,33.864004,0 -114.504189,33.864341,0 -114.503910,33.864799,0 -114.503698,33.865280,0 -114.503279,33.866668,0 -114.502931,33.868081,0 -114.502976,33.868511,0 -114.503289,33.869360,0 -114.503693,33.870797,0 -114.503812,33.871474,0 -114.503796,33.872374,0 -114.503741,33.872858,0 -114.503555,33.873695,0 -114.503194,33.874983,0 -114.503320,33.875250,0 -114.503919,33.876173,0 -114.504549,33.876909,0 -114.504980,33.877323,0 -114.505654,33.877896,0 -114.506199,33.878302,0 -114.506875,33.878748,0 -114.507459,33.879198,0 -114.507782,33.879495,0 -114.508372,33.879890,0 -114.509596,33.880629,0 -114.511046,33.881583,0 -114.511531,33.882016,0 -114.512562,33.883067,0 -114.514676,33.884994,0 -114.517299,33.887204,0 -114.519067,33.888908,0 -114.520944,33.890532,0 -114.521776,33.891345,0 -114.523146,33.892907,0 -114.523760,33.893748,0 -114.524231,33.894516,0 -114.524660,33.895354,0 -114.525401,33.897000,0 -114.525644,33.897670,0 -114.525807,33.898284,0 -114.525860,33.898830,0 -114.525811,33.899842,0 -114.525863,33.900443,0 -114.525807,33.900888,0 -114.525608,33.901238,0 -114.525252,33.901517,0 -114.524906,33.901604,0 -114.524462,33.901643,0 -114.523948,33.901590,0 -114.523229,33.901325,0 -114.522693,33.901057,0 -114.521463,33.900361,0 -114.520581,33.899939,0 -114.519845,33.899515,0 -114.518889,33.898873,0 -114.518270,33.898509,0 -114.517599,33.898169,0 -114.516394,33.897721,0 -114.515750,33.897615,0 -114.515082,33.897683,0 -114.513619,33.898161,0 -114.511867,33.898853,0 -114.510798,33.899425,0 -114.510240,33.899774,0 -114.509505,33.900180,0 -114.509035,33.900529,0 -114.508588,33.901019,0 -114.508301,33.901448,0 -114.508120,33.902127,0 -114.508058,33.902572,0 -114.508039,33.903057,0 -114.508119,33.904149,0 -114.508330,33.905341,0 -114.508682,33.906314,0 -114.509086,33.907175,0 -114.509529,33.908002,0 -114.510316,33.909346,0 -114.510580,33.909912,0 -114.511161,33.910753,0 -114.512136,33.911991,0 -114.512516,33.912399,0 -114.513233,33.913077,0 -114.515543,33.915084,0 -114.516783,33.916299,0 -114.517702,33.917084,0 -114.519571,33.918517,0 -114.520279,33.919014,0 -114.521810,33.920179,0 -114.522688,33.920741,0 -114.524037,33.921485,0 -114.524865,33.921982,0 -114.527033,33.923002,0 -114.527720,33.923295,0 -114.529913,33.924121,0 -114.531106,33.924499,0 -114.532665,33.924806,0 -114.533769,33.924999,0 -114.534484,33.925202,0 -114.534904,33.925600,0 -114.535204,33.926085,0 -114.535953,33.927660,0 -114.535982,33.928084,0 -114.535872,33.929170,0 -114.535741,33.933182,0 -114.535456,33.934618,0 -114.535291,33.935172,0 -114.534793,33.936469,0 -114.534544,33.937544,0 -114.534352,33.938086,0 -114.534091,33.938561,0 -114.533427,33.939606,0 -114.533107,33.939987,0 -114.532729,33.940323,0 -114.532320,33.940623,0 -114.531989,33.940944,0 -114.531710,33.941312,0 -114.531432,33.941876,0 -114.530627,33.943299,0 -114.529886,33.944797,0 -114.529738,33.945201,0 -114.529127,33.946447,0 -114.528585,33.947362,0 -114.527038,33.949705,0 -114.526697,33.950129,0 -114.525668,33.951306,0 -114.523738,33.953312,0 -114.523111,33.953886,0 -114.522614,33.954267,0 -114.522271,33.954493,0 -114.519997,33.955745,0 -114.518852,33.956667,0 -114.518295,33.957061,0 -114.517840,33.957311,0 -114.516740,33.957751,0 -114.516108,33.957939,0 -114.515313,33.958024,0 -114.514633,33.957977,0 -114.514207,33.957842,0 -114.512947,33.957222,0 -114.511830,33.956974,0 -114.510720,33.956949,0 -114.510010,33.957081,0 -114.509194,33.957287,0 -114.508495,33.957524,0 -114.507719,33.957958,0 -114.506628,33.958507,0 -114.504198,33.959611,0 -114.502948,33.960246,0 -114.501226,33.961271,0 -114.500761,33.961638,0 -114.500572,33.961667,0 -114.499913,33.962042,0 -114.499420,33.962422,0 -114.499146,33.962680,0 -114.497942,33.964081,0 -114.495283,33.966726,0 -114.494589,33.967350,0 -114.493381,33.968354,0 -114.492427,33.969298,0 -114.491362,33.970034,0 -114.490676,33.970464,0 -114.490343,33.970755,0 -114.490022,33.971077,0 -114.488589,33.972807,0 -114.488134,33.973227,0 -114.487395,33.973745,0 -114.486894,33.974142,0 -114.486527,33.974515,0 -114.485420,33.975437,0 -114.485059,33.975786,0 -114.484291,33.976606,0 -114.483430,33.977862,0 -114.482879,33.978700,0 -114.481936,33.980379,0 -114.481601,33.980832,0 -114.480919,33.981510,0 -114.480464,33.981920,0 -114.479265,33.982796,0 -114.478780,33.983053,0 -114.478255,33.983274,0 -114.477571,33.983650,0 -114.476029,33.984369,0 -114.475736,33.984543,0 -114.474969,33.985127,0 -114.473697,33.986027,0 -114.473056,33.986534,0 -114.472002,33.987485,0 -114.471654,33.987840,0 -114.470265,33.989601,0 -114.469410,33.991022,0 -114.468291,33.992484,0 -114.467849,33.992987,0 -114.467354,33.993422,0 -114.466909,33.993684,0 -114.466046,33.993937,0 -114.465688,33.993956,0 -114.464922,33.993918,0 -114.463549,33.993702,0 -114.462810,33.993619,0 -114.461719,33.993682,0 -114.460977,33.993798,0 -114.460438,33.994019,0 -114.459926,33.994290,0 -114.459393,33.994624,0 -114.458840,33.995154,0 -114.458542,33.995680,0 -114.458415,33.996411,0 -114.458187,33.997318,0 -114.458120,33.997907,0 -114.458174,33.998535,0 -114.458370,33.999146,0 -114.458610,33.999657,0 -114.459082,34.000155,0 -114.459451,34.000346,0 -114.460310,34.000921,0 -114.461134,34.001343,0 -114.462453,34.002093,0 -114.463009,34.002372,0 -114.463637,34.002616,0 -114.464819,34.003008,0 -114.465317,34.003207,0 -114.465708,34.003455,0 -114.465954,34.003694,0 -114.466205,34.004005,0 -114.466544,34.004500,0 -114.466935,34.005117,0 -114.467251,34.005864,0 -114.467283,34.006877,0 -114.467259,34.007400,0 -114.467182,34.007932,0 -114.467066,34.008403,0 -114.466743,34.009365,0 -114.466284,34.010197,0 -114.466053,34.010533,0 -114.465848,34.010790,0 -114.465170,34.011427,0 -114.464900,34.011660,0 -114.464384,34.011963,0 -114.463899,34.012142,0 -114.462966,34.012245,0 -114.461929,34.012214,0 -114.459817,34.011821,0 -114.459237,34.011762,0 -114.458145,34.011501,0 -114.456970,34.011170,0 -114.456350,34.011128,0 -114.455603,34.011173,0 -114.454993,34.011230,0 -114.454251,34.011361,0 -114.452951,34.011646,0 -114.451448,34.012126,0 -114.449637,34.012769,0 -114.448238,34.013394,0 -114.446222,34.014459,0 -114.445577,34.014946,0 -114.444252,34.015824,0 -114.443600,34.016343,0 -114.441262,34.018521,0 -114.439859,34.019952,0 -114.439488,34.020287,0 -114.438591,34.021467,0 -114.437862,34.022564,0 -114.437572,34.023209,0 -114.436674,34.025741,0 -114.436535,34.026050,0 -114.436192,34.026637,0 -114.436034,34.027274,0 -114.435977,34.029087,0 -114.435872,34.030330,0 -114.435547,34.031619,0 -114.435133,34.034378,0 -114.434941,34.035304,0 -114.434781,34.037026,0 -114.434814,34.037971,0 -114.435022,34.040355,0 -114.435183,34.041190,0 -114.435373,34.042524,0 -114.436071,34.044600,0 -114.436472,34.045959,0 -114.436691,34.046547,0 -114.437437,34.048152,0 -114.438292,34.049628,0 -114.438492,34.050187,0 -114.438973,34.051865,0 -114.439237,34.053452,0 -114.439502,34.054673,0 -114.439524,34.055250,0 -114.439284,34.057248,0 -114.439211,34.058201,0 -114.439026,34.059464,0 -114.438666,34.062460,0 -114.438522,34.064033,0 -114.438421,34.064421,0 -114.438381,34.064790,0 -114.438282,34.066037,0 -114.438257,34.066944,0 -114.438195,34.067371,0 -114.437993,34.068199,0 -114.437669,34.070741,0 -114.437418,34.071987,0 -114.437103,34.073143,0 -114.436523,34.074675,0 -114.435619,34.076806,0 -114.435397,34.077624,0 -114.435349,34.077979,0 -114.435340,34.078755,0 -114.435270,34.079580,0 -114.434773,34.081585,0 -114.434685,34.082284,0 -114.434644,34.083288,0 -114.434396,34.085106,0 -114.434275,34.086727,0 -114.434176,34.087094,0 -114.433955,34.087516,0 -114.433595,34.087993,0 -114.433215,34.088395,0 -114.432899,34.088665,0 -114.431569,34.089643,0 -114.430325,34.090692,0 -114.429139,34.091422,0 -114.428448,34.092198,0 -114.428102,34.092618,0 -114.427669,34.093447,0 -114.427543,34.093754,0 -114.427287,34.094647,0 -114.427098,34.095139,0 -114.426843,34.095641,0 -114.426253,34.096633,0 -114.425921,34.097046,0 -114.425637,34.097313,0 -114.424222,34.098270,0 -114.423818,34.098588,0 -114.423508,34.098920,0 -114.422830,34.099752,0 -114.421062,34.102344,0 -114.420525,34.103040,0 -114.419707,34.103887,0 -114.418932,34.104573,0 -114.417483,34.106231,0 -114.417051,34.106621,0 -114.416236,34.107292,0 -114.415552,34.107787,0 -114.414921,34.108185,0 -114.414233,34.108550,0 -114.413271,34.108987,0 -114.412716,34.109280,0 -114.411952,34.109771,0 -114.410894,34.110343,0 -114.409673,34.110875,0 -114.409015,34.111091,0 -114.406962,34.111457,0 -114.404162,34.111626,0 -114.402064,34.111714,0 -114.400815,34.111647,0 -114.399846,34.111523,0 -114.397402,34.111101,0 -114.395549,34.110828,0 -114.393668,34.110635,0 -114.391198,34.110185,0 -114.390630,34.110178,0 -114.390165,34.110225,0 -114.388972,34.110697,0 -114.387540,34.111463,0 -114.385963,34.112198,0 -114.385421,34.112526,0 -114.384158,34.113468,0 -114.381269,34.115306,0 -114.380646,34.115600,0 -114.380160,34.115781,0 -114.379608,34.115939,0 -114.377886,34.116314,0 -114.376420,34.116522,0 -114.375927,34.116639,0 -114.375527,34.116572,0 -114.374060,34.116717,0 -114.370932,34.117144,0 -114.370204,34.117267,0 -114.368766,34.117631,0 -114.366164,34.118673,0 -114.365630,34.119009,0 -114.364781,34.119718,0 -114.364052,34.120280,0 -114.362452,34.121805,0 -114.361689,34.122451,0 -114.361341,34.122813,0 -114.360284,34.123731,0 -114.359509,34.124748,0 -114.359289,34.125465,0 -114.359103,34.125849,0 -114.358465,34.126935,0 -114.357887,34.128247,0 -114.357542,34.128768,0 -114.356673,34.129936,0 -114.356222,34.130472,0 -114.355274,34.131382,0 -114.354599,34.131958,0 -114.353917,34.132439,0 -114.353031,34.132862,0 -114.351780,34.133259,0 -114.350948,34.133478,0 -114.348000,34.134070,0 -114.346928,34.134238,0 -114.345674,34.134351,0 -114.344359,34.134336,0 -114.343837,34.134268,0 -114.342345,34.133975,0 -114.341183,34.133850,0 -114.340094,34.133833,0 -114.337999,34.133982,0 -114.336486,34.134131,0 -114.335290,34.134284,0 -114.334318,34.134456,0 -114.332977,34.134589,0 -114.329348,34.135110,0 -114.328358,34.135277,0 -114.327728,34.135419,0 -114.326916,34.135701,0 -114.325466,34.136281,0 -114.324322,34.136673,0 -114.323581,34.137056,0 -114.322688,34.137566,0 -114.321642,34.138217,0 -114.320615,34.138956,0 -114.319901,34.139404,0 -114.316795,34.141561,0 -114.313734,34.143777,0 -114.312283,34.144899,0 -114.311918,34.145349,0 -114.311361,34.146144,0 -114.310830,34.146912,0 -114.310351,34.147679,0 -114.310138,34.147943,0 -114.309741,34.148311,0 -114.308613,34.149559,0 -114.308148,34.150180,0 -114.306674,34.151982,0 -114.305507,34.153167,0 -114.304746,34.153785,0 -114.302026,34.156613,0 -114.301766,34.156941,0 -114.301017,34.157686,0 -114.299731,34.158890,0 -114.298743,34.159750,0 -114.297835,34.160731,0 -114.297050,34.161822,0 -114.293387,34.166251,0 -114.292921,34.166705,0 -114.290694,34.168353,0 -114.287084,34.170765,0 -114.285662,34.170872,0 -114.284849,34.170980,0 -114.282515,34.171325,0 -114.280584,34.171649,0 -114.278739,34.171879,0 -114.277067,34.172132,0 -114.275698,34.172256,0 -114.275288,34.172264,0 -114.274424,34.172072,0 -114.271004,34.171010,0 -114.268516,34.170335,0 -114.267828,34.170530,0 -114.266180,34.170817,0 -114.264970,34.171192,0 -114.263852,34.171480,0 -114.262310,34.171834,0 -114.260459,34.172295,0 -114.259737,34.172510,0 -114.258005,34.172895,0 -114.257190,34.173114,0 -114.256483,34.173349,0 -114.254888,34.173788,0 -114.254265,34.174023,0 -114.253796,34.174143,0 -114.253360,34.174322,0 -114.252723,34.174655,0 -114.251253,34.175496,0 -114.250875,34.175770,0 -114.250341,34.176272,0 -114.249927,34.176542,0 -114.249407,34.176800,0 -114.247972,34.177597,0 -114.246247,34.178363,0 -114.245186,34.178977,0 -114.244523,34.179465,0 -114.243404,34.180409,0 -114.242711,34.181114,0 -114.241989,34.181970,0 -114.241563,34.182563,0 -114.240892,34.183156,0 -114.240156,34.183708,0 -114.239662,34.183983,0 -114.238965,34.184161,0 -114.237707,34.184241,0 -114.236943,34.184429,0 -114.234517,34.185226,0 -114.232745,34.185646,0 -114.231142,34.186193,0 -114.229523,34.186921,0 -114.228449,34.187556,0 -114.227445,34.188205,0 -114.226613,34.188910,0 -114.226053,34.189596,0 -114.225591,34.190327,0 -114.225294,34.191120,0 -114.225063,34.191865,0 -114.224831,34.194341,0 -114.224781,34.195312,0 -114.224875,34.196039,0 -114.225011,34.196671,0 -114.225464,34.198052,0 -114.226008,34.200228,0 -114.225988,34.201487,0 -114.225906,34.202425,0 -114.225543,34.203157,0 -114.225151,34.203670,0 -114.224856,34.203964,0 -114.224200,34.204460,0 -114.223364,34.204989,0 -114.222055,34.205710,0 -114.217609,34.207808,0 -114.214439,34.209474,0 -114.213082,34.210338,0 -114.212003,34.211107,0 -114.211246,34.211756,0 -114.209739,34.213244,0 -114.208523,34.214703,0 -114.207776,34.215517,0 -114.205659,34.217488,0 -114.203296,34.219554,0 -114.201724,34.220975,0 -114.199416,34.222883,0 -114.199267,34.223063,0 -114.196375,34.225512,0 -114.193342,34.228429,0 -114.192629,34.229030,0 -114.192047,34.229467,0 -114.191430,34.229994,0 -114.188087,34.232399,0 -114.184203,34.235506,0 -114.182943,34.236458,0 -114.181578,34.237321,0 -114.179469,34.238753,0 -114.176956,34.240630,0 -114.176693,34.240878,0 -114.176355,34.241303,0 -114.175933,34.242041,0 -114.175844,34.242567,0 -114.175770,34.243791,0 -114.175796,34.245374,0 -114.175612,34.246063,0 -114.175355,34.246380,0 -114.174332,34.247380,0 -114.173958,34.247578,0 -114.172708,34.247887,0 -114.171131,34.248446,0 -114.168858,34.249022,0 -114.167311,34.249345,0 -114.166358,34.249702,0 -114.166089,34.249961,0 -114.165915,34.250209,0 -114.165695,34.250412,0 -114.164656,34.251265,0 -114.164263,34.251715,0 -114.163833,34.252473,0 -114.163598,34.253088,0 -114.163421,34.253672,0 -114.163385,34.254187,0 -114.163537,34.255191,0 -114.163784,34.255995,0 -114.164229,34.256938,0 -114.164853,34.257938,0 -114.165199,34.258633,0 -114.165326,34.259404,0 -114.164967,34.259671,0 -114.164173,34.259664,0 -114.162820,34.259592,0 -114.160998,34.259408,0 -114.155748,34.258200,0 -114.154477,34.258019,0 -114.153457,34.257997,0 -114.152606,34.258143,0 -114.151564,34.258505,0 -114.150574,34.258722,0 -114.149439,34.259058,0 -114.147826,34.259381,0 -114.146260,34.259568,0 -114.144675,34.259664,0 -114.143655,34.259545,0 -114.139908,34.258730,0 -114.139294,34.258571,0 -114.138056,34.258121,0 -114.136593,34.257832,0 -114.135519,34.257762,0 -114.134683,34.257884,0 -114.132970,34.258367,0 -114.132303,34.258839,0 -114.131836,34.259390,0 -114.131252,34.260544,0 -114.131135,34.260984,0 -114.130922,34.261323,0 -114.130780,34.261626,0 -114.130771,34.261924,0 -114.130880,34.262552,0 -114.131323,34.263616,0 -114.131638,34.264146,0 -114.132177,34.264929,0 -114.133253,34.266356,0 -114.133496,34.266938,0 -114.133711,34.267606,0 -114.134129,34.268324,0 -114.134457,34.268809,0 -114.134923,34.269677,0 -114.135902,34.271975,0 -114.136195,34.272760,0 -114.136818,34.274722,0 -114.136931,34.275801,0 -114.136939,34.276435,0 -114.136862,34.277303,0 -114.136638,34.278019,0 -114.135873,34.279293,0 -114.135635,34.280071,0 -114.135625,34.280754,0 -114.135780,34.281316,0 -114.136367,34.282723,0 -114.137013,34.285383,0 -114.137481,34.286801,0 -114.138017,34.288907,0 -114.138693,34.292046,0 -114.138774,34.292778,0 -114.138966,34.293750,0 -114.139180,34.294460,0 -114.139368,34.296461,0 -114.139168,34.297279,0 -114.138938,34.298030,0 -114.138587,34.298976,0 -114.138122,34.300020,0 -114.137944,34.300762,0 -114.137944,34.301985,0 -114.137979,34.302502,0 -114.138418,34.303423,0 -114.138963,34.304080,0 -114.140486,34.305513,0 -114.141808,34.306245,0 -114.142303,34.306622,0 -114.142560,34.306887,0 -114.143108,34.307353,0 -114.145287,34.308767,0 -114.147133,34.310509,0 -114.147839,34.311118,0 -114.148433,34.311515,0 -114.149432,34.311989,0 -114.151143,34.312971,0 -114.152700,34.314353,0 -114.153552,34.315017,0 -114.154225,34.315468,0 -114.156550,34.317178,0 -114.157070,34.317621,0 -114.157484,34.318212,0 -114.157761,34.319466,0 -114.158207,34.320334,0 -114.158436,34.320890,0 -114.159338,34.322739,0 -114.159747,34.323389,0 -114.160886,34.325608,0 -114.161241,34.326236,0 -114.161986,34.326919,0 -114.162480,34.327502,0 -114.163898,34.329843,0 -114.164931,34.331245,0 -114.165522,34.332179,0 -114.165968,34.333084,0 -114.166726,34.334832,0 -114.167007,34.335637,0 -114.168159,34.338041,0 -114.168885,34.339739,0 -114.169245,34.340446,0 -114.170818,34.342510,0 -114.171128,34.342860,0 -114.171450,34.343345,0 -114.172024,34.344015,0 -114.173952,34.346444,0 -114.175024,34.347947,0 -114.175545,34.348565,0 -114.176238,34.349052,0 -114.176801,34.349340,0 -114.177370,34.349723,0 -114.177507,34.349861,0 -114.179366,34.350981,0 -114.180522,34.351855,0 -114.180859,34.352054,0 -114.181791,34.352466,0 -114.184227,34.353732,0 -114.186218,34.354666,0 -114.186476,34.354825,0 -114.187834,34.355332,0 -114.189179,34.355751,0 -114.189841,34.355904,0 -114.191240,34.356084,0 -114.191586,34.356203,0 -114.193386,34.357012,0 -114.193742,34.357212,0 -114.194562,34.357788,0 -114.194958,34.358137,0 -114.195929,34.358901,0 -114.196246,34.359172,0 -114.196807,34.359829,0 -114.197428,34.360393,0 -114.198049,34.360793,0 -114.198505,34.361013,0 -114.199585,34.361425,0 -114.200147,34.361521,0 -114.200592,34.361540,0 -114.200998,34.361617,0 -114.201541,34.361675,0 -114.202615,34.361735,0 -114.204169,34.361906,0 -114.206684,34.361999,0 -114.207806,34.362014,0 -114.208548,34.362094,0 -114.212503,34.362243,0 -114.213378,34.362339,0 -114.213758,34.362330,0 -114.215886,34.362504,0 -114.216702,34.362618,0 -114.217778,34.362698,0 -114.219510,34.362925,0 -114.220285,34.363062,0 -114.221226,34.363325,0 -114.222213,34.363471,0 -114.224441,34.363952,0 -114.226514,34.364671,0 -114.227044,34.364949,0 -114.227859,34.365447,0 -114.228202,34.365718,0 -114.228512,34.365994,0 -114.229205,34.366789,0 -114.229612,34.367436,0 -114.230555,34.368788,0 -114.233060,34.372971,0 -114.233323,34.373351,0 -114.234099,34.374698,0 -114.234932,34.376445,0 -114.235294,34.377080,0 -114.235827,34.377729,0 -114.236323,34.378196,0 -114.236680,34.378454,0 -114.237883,34.379451,0 -114.238458,34.379837,0 -114.238895,34.380193,0 -114.239886,34.381082,0 -114.240441,34.381491,0 -114.241281,34.382029,0 -114.241632,34.382317,0 -114.241962,34.382641,0 -114.242530,34.383085,0 -114.244053,34.384120,0 -114.244865,34.384866,0 -114.245374,34.385254,0 -114.246730,34.386184,0 -114.247285,34.386692,0 -114.247840,34.387097,0 -114.249255,34.387960,0 -114.250309,34.388502,0 -114.250869,34.388920,0 -114.252157,34.389813,0 -114.253510,34.390666,0 -114.254258,34.391228,0 -114.254902,34.391778,0 -114.255733,34.392518,0 -114.258016,34.394745,0 -114.258937,34.395732,0 -114.260355,34.397366,0 -114.261512,34.398956,0 -114.262567,34.399883,0 -114.263703,34.400768,0 -114.264576,34.401310,0 -114.265425,34.401784,0 -114.266256,34.402095,0 -114.266911,34.402266,0 -114.268996,34.402556,0 -114.270117,34.402648,0 -114.271334,34.402809,0 -114.275318,34.402956,0 -114.279091,34.403007,0 -114.280125,34.403072,0 -114.281084,34.403262,0 -114.281864,34.403451,0 -114.282787,34.403718,0 -114.284273,34.404221,0 -114.286048,34.404957,0 -114.288078,34.405899,0 -114.288860,34.406419,0 -114.289645,34.407167,0 -114.290260,34.407931,0 -114.290849,34.408911,0 -114.291266,34.409964,0 -114.291801,34.412123,0 -114.291849,34.412992,0 -114.291868,34.414549,0 -114.291975,34.415996,0 -114.292146,34.416949,0 -114.292409,34.417714,0 -114.292750,34.418466,0 -114.293158,34.419288,0 -114.293541,34.419824,0 -114.294188,34.420616,0 -114.295792,34.422193,0 -114.296609,34.423070,0 -114.298529,34.424819,0 -114.299291,34.425431,0 -114.300704,34.426467,0 -114.301795,34.427123,0 -114.302625,34.427539,0 -114.303543,34.427954,0 -114.304900,34.428676,0 -114.306073,34.429231,0 -114.307023,34.429624,0 -114.308038,34.430099,0 -114.308684,34.430447,0 -114.309519,34.430977,0 -114.310762,34.431890,0 -114.311235,34.432175,0 -114.311849,34.432405,0 -114.314044,34.433542,0 -114.314596,34.433888,0 -114.315659,34.434337,0 -114.316290,34.434720,0 -114.316606,34.434879,0 -114.317075,34.435080,0 -114.317373,34.435170,0 -114.320116,34.435889,0 -114.321133,34.436237,0 -114.322463,34.436596,0 -114.324382,34.436956,0 -114.325243,34.437044,0 -114.325726,34.437138,0 -114.326339,34.437395,0 -114.326641,34.437656,0 -114.326936,34.438006,0 -114.327196,34.438381,0 -114.327486,34.439054,0 -114.327883,34.440113,0 -114.328926,34.442074,0 -114.329104,34.442664,0 -114.330156,34.444445,0 -114.331530,34.446485,0 -114.332978,34.447893,0 -114.334540,34.449233,0 -114.335096,34.449754,0 -114.336063,34.450373,0 -114.336777,34.450643,0 -114.339026,34.451296,0 -114.339960,34.451413,0 -114.340954,34.451489,0 -114.341643,34.451490,0 -114.343585,34.451226,0 -114.344688,34.451110,0 -114.345592,34.450952,0 -114.346903,34.450689,0 -114.349393,34.450051,0 -114.349978,34.449952,0 -114.350901,34.449944,0 -114.353188,34.450085,0 -114.354223,34.450051,0 -114.356180,34.449649,0 -114.358024,34.449175,0 -114.359308,34.448890,0 -114.361222,34.448241,0 -114.362646,34.447929,0 -114.363909,34.447715,0 -114.366123,34.447394,0 -114.368010,34.447222,0 -114.371159,34.446875,0 -114.372346,34.446865,0 -114.374084,34.446979,0 -114.375174,34.447401,0 -114.375562,34.447624,0 -114.375772,34.447833,0 -114.375899,34.448069,0 -114.376375,34.448475,0 -114.377576,34.449603,0 -114.378008,34.449912,0 -114.379406,34.451153,0 -114.380853,34.452348,0 -114.382161,34.453501,0 -114.384647,34.455921,0 -114.385847,34.457195,0 -114.386168,34.457626,0 -114.386707,34.458680,0 -114.387062,34.459682,0 -114.387191,34.460704,0 -114.387172,34.461436,0 -114.387027,34.462230,0 -114.386469,34.463835,0 -114.386279,34.464268,0 -114.385659,34.465467,0 -114.385355,34.466195,0 -114.384157,34.468684,0 -114.383771,34.469548,0 -114.383606,34.470059,0 -114.383238,34.470939,0 -114.382726,34.472025,0 -114.382459,34.472939,0 -114.382148,34.473683,0 -114.381982,34.474216,0 -114.381553,34.476537,0 -114.381532,34.477952,0 -114.381670,34.480200,0 -114.381833,34.481424,0 -114.382130,34.483153,0 -114.382225,34.483910,0 -114.382369,34.484540,0 -114.382729,34.486952,0 -114.382881,34.488352,0 -114.382930,34.489620,0 -114.382891,34.491512,0 -114.382800,34.492536,0 -114.382190,34.496264,0 -114.381979,34.496981,0 -114.381911,34.497624,0 -114.381851,34.497877,0 -114.381510,34.498790,0 -114.381370,34.499305,0 -114.381180,34.499770,0 -114.381034,34.500269,0 -114.380969,34.500705,0 -114.380415,34.501554,0 -114.379586,34.503066,0 -114.379167,34.503977,0 -114.378468,34.505826,0 -114.378297,34.506545,0 -114.378170,34.507359,0 -114.377967,34.507875,0 -114.378001,34.508639,0 -114.377890,34.510140,0 -114.377937,34.510925,0 -114.377864,34.511668,0 -114.377926,34.512246,0 -114.378214,34.512824,0 -114.378243,34.513380,0 -114.378209,34.514387,0 -114.378336,34.515052,0 -114.378378,34.515668,0 -114.378636,34.516589,0 -114.378791,34.518064,0 -114.378810,34.519031,0 -114.378941,34.520048,0 -114.379379,34.522564,0 -114.379614,34.523192,0 -114.379767,34.523978,0 -114.380148,34.526324,0 -114.380226,34.526543,0 -114.380318,34.526676,0 -114.380224,34.526719,0 -114.380302,34.527050,0 -114.380350,34.527572,0 -114.380638,34.528162,0 -114.380870,34.529116,0 -114.381170,34.529755,0 -114.381502,34.530630,0 -114.381980,34.531600,0 -114.383372,34.533642,0 -114.383852,34.534272,0 -114.384338,34.535099,0 -114.385717,34.537209,0 -114.386243,34.537880,0 -114.387127,34.538744,0 -114.387697,34.539714,0 -114.389095,34.541879,0 -114.389485,34.542232,0 -114.389987,34.543405,0 -114.390328,34.544066,0 -114.390873,34.544954,0 -114.390970,34.545231,0 -114.391252,34.545716,0 -114.392008,34.546825,0 -114.392244,34.547282,0 -114.393202,34.548822,0 -114.393410,34.549433,0 -114.393882,34.550288,0 -114.394624,34.551464,0 -114.396037,34.553532,0 -114.396264,34.554283,0 -114.396645,34.554884,0 -114.397457,34.556361,0 -114.398405,34.557642,0 -114.399413,34.559656,0 -114.399829,34.560866,0 -114.400713,34.562565,0 -114.400923,34.563055,0 -114.401495,34.563872,0 -114.402034,34.564512,0 -114.402701,34.565159,0 -114.403815,34.566348,0 -114.404112,34.566690,0 -114.404519,34.567285,0 -114.404780,34.567965,0 -114.405078,34.569032,0 -114.405439,34.569632,0 -114.406107,34.570913,0 -114.406811,34.571829,0 -114.411783,34.574676,0 -114.412836,34.575176,0 -114.414334,34.575794,0 -114.415850,34.576637,0 -114.417168,34.577260,0 -114.418525,34.578004,0 -114.419447,34.578410,0 -114.420201,34.578825,0 -114.421160,34.579555,0 -114.421774,34.580066,0 -114.422348,34.580705,0 -114.422731,34.581053,0 -114.423324,34.581733,0 -114.424361,34.582652,0 -114.426054,34.583975,0 -114.427005,34.584925,0 -114.428404,34.586213,0 -114.428834,34.586535,0 -114.429223,34.586876,0 -114.430514,34.587697,0 -114.431545,34.588582,0 -114.434659,34.591913,0 -114.435146,34.592548,0 -114.435461,34.593204,0 -114.436139,34.594148,0 -114.436277,34.594467,0 -114.436239,34.594962,0 -114.436057,34.595391,0 -114.435802,34.595719,0 -114.435554,34.595967,0 -114.435293,34.596184,0 -114.434665,34.596588,0 -114.434278,34.596777,0 -114.433026,34.597211,0 -114.431959,34.597471,0 -114.430734,34.597652,0 -114.428994,34.598192,0 -114.428236,34.598347,0 -114.427835,34.598479,0 -114.426981,34.598853,0 -114.424586,34.600941,0 -114.424389,34.601282,0 -114.424334,34.601651,0 -114.424197,34.602154,0 -114.423995,34.603403,0 -114.423922,34.604375,0 -114.423946,34.605552,0 -114.424242,34.606951,0 -114.424512,34.609130,0 -114.425028,34.610315,0 -114.425178,34.610809,0 -114.425432,34.611421,0 -114.425655,34.611863,0 -114.426090,34.612436,0 -114.426381,34.612692,0 -114.427326,34.613426,0 -114.427782,34.613837,0 -114.429324,34.614926,0 -114.429550,34.615043,0 -114.430126,34.615265,0 -114.430782,34.615645,0 -114.433382,34.616618,0 -114.434244,34.617112,0 -114.434548,34.617329,0 -114.435661,34.617884,0 -114.435919,34.618045,0 -114.436937,34.618837,0 -114.437189,34.619086,0 -114.438137,34.620438,0 -114.438627,34.621572,0 -114.438745,34.621958,0 -114.438871,34.622849,0 -114.438988,34.623257,0 -114.439278,34.624869,0 -114.439554,34.625502,0 -114.439757,34.626289,0 -114.440255,34.627243,0 -114.440438,34.627926,0 -114.441172,34.629408,0 -114.441395,34.630068,0 -114.441650,34.630639,0 -114.441688,34.631497,0 -114.441387,34.632538,0 -114.441077,34.633165,0 -114.440871,34.634409,0 -114.440550,34.636870,0 -114.440522,34.637823,0 -114.440739,34.638713,0 -114.440729,34.639363,0 -114.440819,34.639900,0 -114.441161,34.640527,0 -114.441337,34.641023,0 -114.441419,34.641396,0 -114.441694,34.641851,0 -114.441843,34.642351,0 -114.442105,34.642889,0 -114.442475,34.643476,0 -114.443295,34.645048,0 -114.443765,34.645723,0 -114.444606,34.646281,0 -114.445348,34.646928,0 -114.446237,34.647645,0 -114.446745,34.648127,0 -114.447308,34.648587,0 -114.448124,34.649496,0 -114.448599,34.649937,0 -114.449109,34.650687,0 -114.449531,34.651144,0 -114.450213,34.651603,0 -114.451503,34.652572,0 -114.453037,34.653309,0 -114.453952,34.653878,0 -114.454688,34.654448,0 -114.455971,34.655318,0 -114.457662,34.656527,0 -114.458373,34.657412,0 -114.458595,34.658043,0 -114.458590,34.658417,0 -114.458260,34.658919,0 -114.457618,34.659709,0 -114.456359,34.660757,0 -114.456060,34.660945,0 -114.455496,34.661163,0 -114.454838,34.661535,0 -114.454454,34.661833,0 -114.454011,34.662268,0 -114.453585,34.662518,0 -114.450868,34.665129,0 -114.450678,34.665725,0 -114.450689,34.666406,0 -114.450757,34.666829,0 -114.450853,34.667186,0 -114.451047,34.667538,0 -114.451316,34.667873,0 -114.451603,34.668196,0 -114.451918,34.668482,0 -114.452620,34.669045,0 -114.452882,34.669325,0 -114.453371,34.669996,0 -114.453840,34.670454,0 -114.454388,34.670882,0 -114.454696,34.671349,0 -114.454840,34.672103,0 -114.455104,34.672915,0 -114.455190,34.673856,0 -114.455186,34.674295,0 -114.455094,34.674758,0 -114.455144,34.675380,0 -114.455233,34.675820,0 -114.455462,34.676215,0 -114.455449,34.676347,0 -114.455532,34.676805,0 -114.455888,34.677545,0 -114.456037,34.678008,0 -114.456680,34.678753,0 -114.457283,34.679387,0 -114.458201,34.680475,0 -114.458457,34.681073,0 -114.459404,34.682560,0 -114.460128,34.683335,0 -114.460664,34.683992,0 -114.461186,34.684441,0 -114.462044,34.685545,0 -114.462566,34.686031,0 -114.462902,34.686513,0 -114.463370,34.687030,0 -114.463706,34.687513,0 -114.465776,34.692088,0 -114.465877,34.692497,0 -114.466195,34.693204,0 -114.466293,34.694017,0 -114.466450,34.694782,0 -114.466660,34.695382,0 -114.466953,34.696695,0 -114.467101,34.697178,0 -114.467284,34.697497,0 -114.467413,34.698046,0 -114.467737,34.698816,0 -114.467930,34.699634,0 -114.468073,34.700471,0 -114.468048,34.700939,0 -114.468114,34.702015,0 -114.468216,34.702461,0 -114.468153,34.703062,0 -114.468167,34.704321,0 -114.468333,34.705603,0 -114.468484,34.706400,0 -114.468641,34.707059,0 -114.468885,34.707740,0 -114.469014,34.708366,0 -114.469216,34.708745,0 -114.469499,34.709504,0 -114.469964,34.710316,0 -114.470161,34.710811,0 -114.471107,34.712172,0 -114.471777,34.712934,0 -114.472372,34.713329,0 -114.472801,34.713568,0 -114.473687,34.713693,0 -114.476488,34.714233,0 -114.477888,34.714408,0 -114.479375,34.714446,0 -114.480241,34.714536,0 -114.481020,34.714511,0 -114.482799,34.714543,0 -114.484354,34.714824,0 -114.484681,34.714959,0 -114.486405,34.715783,0 -114.487086,34.716145,0 -114.487667,34.716403,0 -114.488051,34.717136,0 -114.488463,34.718147,0 -114.488706,34.718603,0 -114.489071,34.719632,0 -114.489834,34.721428,0 -114.490112,34.722252,0 -114.492158,34.725852,0 -114.492506,34.726098,0 -114.492921,34.726300,0 -114.493555,34.726573,0 -114.494830,34.727014,0 -114.495947,34.727682,0 -114.497069,34.728259,0 -114.497879,34.728778,0 -114.498915,34.729293,0 -114.499858,34.729810,0 -114.500112,34.729980,0 -114.500813,34.730258,0 -114.501531,34.730602,0 -114.504570,34.731600,0 -114.505263,34.731877,0 -114.506157,34.732180,0 -114.508358,34.732881,0 -114.510298,34.733455,0 -114.511044,34.733736,0 -114.511961,34.734165,0 -114.514026,34.735246,0 -114.515602,34.736124,0 -114.516171,34.736495,0 -114.516592,34.736806,0 -114.517472,34.737577,0 -114.518491,34.738578,0 -114.519064,34.739331,0 -114.520008,34.740252,0 -114.520894,34.741218,0 -114.521796,34.742351,0 -114.522196,34.742794,0 -114.522561,34.743259,0 -114.523129,34.744072,0 -114.523411,34.744368,0 -114.524229,34.745535,0 -114.525178,34.746429,0 -114.525493,34.746764,0 -114.525859,34.747229,0 -114.526678,34.747971,0 -114.527460,34.748570,0 -114.528636,34.749948,0 -114.529515,34.750796,0 -114.530112,34.751214,0 -114.531173,34.751820,0 -114.532144,34.752279,0 -114.533506,34.753027,0 -114.536063,34.754605,0 -114.536729,34.755160,0 -114.537326,34.755512,0 -114.538647,34.756190,0 -114.539795,34.756905,0 -114.541613,34.757913,0 -114.542854,34.758643,0 -114.544598,34.760080,0 -114.545289,34.760541,0 -114.545793,34.760928,0 -114.548591,34.763506,0 -114.550848,34.765117,0 -114.552237,34.766383,0 -114.552913,34.767057,0 -114.553386,34.767652,0 -114.553778,34.768061,0 -114.554117,34.768564,0 -114.554747,34.769395,0 -114.555649,34.770202,0 -114.556150,34.770823,0 -114.557284,34.772051,0 -114.559297,34.774694,0 -114.559997,34.775822,0 -114.560509,34.776734,0 -114.562132,34.779195,0 -114.562959,34.780822,0 -114.563857,34.782209,0 -114.564339,34.783046,0 -114.564520,34.783535,0 -114.564576,34.783797,0 -114.564580,34.784138,0 -114.564827,34.785197,0 -114.564844,34.785461,0 -114.565077,34.786036,0 -114.565799,34.787218,0 -114.566347,34.787839,0 -114.566886,34.788312,0 -114.567225,34.788772,0 -114.567732,34.789312,0 -114.568023,34.789710,0 -114.568432,34.790394,0 -114.569609,34.791779,0 -114.570364,34.792973,0 -114.571355,34.794881,0 -114.572251,34.797194,0 -114.572672,34.798867,0 -114.574295,34.802812,0 -114.574485,34.803558,0 -114.574531,34.804030,0 -114.574593,34.804239,0 -114.574612,34.804628,0 -114.574575,34.805394,0 -114.574501,34.805922,0 -114.574523,34.806580,0 -114.574696,34.807575,0 -114.575327,34.810022,0 -114.575576,34.811745,0 -114.575680,34.812092,0 -114.575986,34.813605,0 -114.576052,34.814143,0 -114.576220,34.814719,0 -114.576503,34.815474,0 -114.576717,34.816041,0 -114.577046,34.816730,0 -114.577453,34.817892,0 -114.577952,34.818795,0 -114.578302,34.819629,0 -114.579496,34.822755,0 -114.580181,34.824085,0 -114.580705,34.824945,0 -114.580999,34.825535,0 -114.581191,34.825943,0 -114.581653,34.827146,0 -114.581778,34.827570,0 -114.582179,34.828186,0 -114.582464,34.828557,0 -114.583271,34.829508,0 -114.584008,34.830865,0 -114.584325,34.831713,0 -114.584503,34.832037,0 -114.584733,34.832348,0 -114.586634,34.835526,0 -114.586912,34.835875,0 -114.587668,34.836562,0 -114.588508,34.837548,0 -114.589123,34.838160,0 -114.589866,34.838972,0 -114.590689,34.839689,0 -114.591425,34.840405,0 -114.592779,34.841480,0 -114.593972,34.842497,0 -114.594902,34.843179,0 -114.595288,34.843580,0 -114.596852,34.844941,0 -114.598394,34.846033,0 -114.598790,34.846293,0 -114.600018,34.846881,0 -114.600455,34.847124,0 -114.601585,34.847856,0 -114.601975,34.848073,0 -114.603481,34.849073,0 -114.604401,34.849542,0 -114.605830,34.850205,0 -114.606185,34.850323,0 -114.607003,34.850690,0 -114.607795,34.850996,0 -114.610359,34.852225,0 -114.610649,34.852405,0 -114.611191,34.852654,0 -114.612649,34.853460,0 -114.613736,34.854000,0 -114.614910,34.854422,0 -114.616131,34.854989,0 -114.616708,34.855161,0 -114.617478,34.855456,0 -114.618343,34.855828,0 -114.618766,34.856055,0 -114.619828,34.856678,0 -114.620112,34.856937,0 -114.620879,34.857453,0 -114.623815,34.859550,0 -114.624523,34.860103,0 -114.624946,34.860325,0 -114.625627,34.860847,0 -114.625907,34.861318,0 -114.626689,34.861975,0 -114.627370,34.862603,0 -114.628007,34.863085,0 -114.628611,34.863654,0 -114.629605,34.865059,0 -114.630274,34.866176,0 -114.631644,34.867934,0 -114.632113,34.868617,0 -114.632387,34.869094,0 -114.633028,34.870618,0 -114.633445,34.871485,0 -114.634015,34.872485,0 -114.634376,34.873250,0 -114.634542,34.873707,0 -114.634867,34.874291,0 -114.635315,34.875369,0 -114.635644,34.876413,0 -114.635746,34.877417,0 -114.635940,34.878391,0 -114.636031,34.879122,0 -114.636222,34.879893,0 -114.636564,34.882208,0 -114.636563,34.885354,0 -114.636765,34.887190,0 -114.636755,34.887469,0 -114.636683,34.887971,0 -114.636648,34.889251,0 -114.636560,34.889966,0 -114.636408,34.890972,0 -114.636270,34.891560,0 -114.636203,34.892406,0 -114.636036,34.893275,0 -114.635721,34.894443,0 -114.635541,34.894967,0 -114.635036,34.895937,0 -114.634899,34.896100,0 -114.634575,34.897134,0 -114.634279,34.897906,0 -114.634148,34.898521,0 -114.633720,34.899246,0 -114.632804,34.901303,0 -114.632221,34.902435,0 -114.632017,34.903030,0 -114.631265,34.904514,0 -114.631060,34.905054,0 -114.630719,34.906354,0 -114.630358,34.908048,0 -114.630347,34.908629,0 -114.630139,34.910812,0 -114.630259,34.911677,0 -114.630309,34.912786,0 -114.630468,34.913646,0 -114.630616,34.914233,0 -114.630776,34.915093,0 -114.630965,34.915727,0 -114.631759,34.917509,0 -114.631975,34.918107,0 -114.632094,34.918627,0 -114.632372,34.919349,0 -114.632785,34.920268,0 -114.632916,34.920519,0 -114.633114,34.921296,0 -114.633044,34.921916,0 -114.633168,34.923523,0 -114.633279,34.924264,0 -114.633275,34.925369,0 -114.633126,34.926179,0 -114.633048,34.927115,0 -114.632665,34.928733,0 -114.632554,34.929344,0 -114.631935,34.931146,0 -114.631591,34.932298,0 -114.630912,34.933659,0 -114.630592,34.934509,0 -114.630477,34.934922,0 -114.630169,34.935693,0 -114.629974,34.936481,0 -114.629826,34.937361,0 -114.629661,34.937872,0 -114.629504,34.938523,0 -114.629392,34.939095,0 -114.629397,34.940314,0 -114.629350,34.940719,0 -114.629357,34.943448,0 -114.629481,34.944601,0 -114.629610,34.945241,0 -114.629806,34.945810,0 -114.630029,34.946917,0 -114.630262,34.947827,0 -114.630632,34.948905,0 -114.630713,34.949436,0 -114.630912,34.949862,0 -114.631164,34.950261,0 -114.631312,34.950759,0 -114.631874,34.951704,0 -114.632240,34.952644,0 -114.632982,34.954053,0 -114.633240,34.954423,0 -114.633863,34.955943,0 -114.634146,34.957038,0 -114.634250,34.958164,0 -114.634631,34.959542,0 -114.634966,34.960572,0 -114.635045,34.960933,0 -114.634984,34.962598,0 -114.635068,34.963898,0 -114.635134,34.964176,0 -114.635112,34.964572,0 -114.634848,34.966037,0 -114.634571,34.967181,0 -114.634472,34.968592,0 -114.634276,34.969280,0 -114.633738,34.970795,0 -114.633631,34.971230,0 -114.633194,34.972393,0 -114.633001,34.972829,0 -114.632721,34.973327,0 -114.632526,34.973602,0 -114.632117,34.974385,0 -114.631766,34.975438,0 -114.631275,34.976508,0 -114.630623,34.977558,0 -114.630406,34.978181,0 -114.630040,34.979668,0 -114.629318,34.982239,0 -114.629115,34.983371,0 -114.629107,34.983738,0 -114.628768,34.986927,0 -114.628726,34.989101,0 -114.628792,34.989968,0 -114.628793,34.990457,0 -114.628885,34.990867,0 -114.629348,34.992351,0 -114.629505,34.993089,0 -114.629636,34.994241,0 -114.629729,34.994653,0 -114.629945,34.995282,0 -114.630089,34.995988,0 -114.630395,34.996849,0 -114.630871,34.997903,0 -114.630969,34.998248,0 -114.631657,34.999131,0 -114.631864,34.999600,0 -114.632108,35.000285,0 -114.632203,35.000409,0 -114.632392,35.001413,0 -114.632543,35.001833,0 -114.671173,35.032799,0 -114.704207,35.059440,0 -114.727897,35.078617,0 -114.750658,35.096651,0 -114.759000,35.103383,0 -114.764514,35.107771,0 -114.771206,35.113158,0 -114.774445,35.115808,0 -114.776374,35.117385,0 -114.782026,35.121822,0 -114.786863,35.125524,0 -114.941237,35.249611,0 -114.943180,35.251221,0 -114.947780,35.254885,0 -114.953817,35.259617,0 -114.972958,35.274938,0 -114.977507,35.278545,0 -114.982312,35.282252,0 -114.987280,35.286304,0 -114.992657,35.290574,0 -114.997167,35.294109,0 -115.137086,35.406035,0</coordinates></LinearRing></outerBoundaryIs></Polygon></Placemark></Folder></Document></kml>